
> patternly@0.1.0 qa:static
> npm run recovery:check && npm run typecheck && npm test && npm run validate:content-boundary && npm run validate:runtime-privacy-boundary


> patternly@0.1.0 recovery:check
> node scripts/checkRecoveryBaseline.mjs

RECOVERY_INVENTORY_CHECK=passed
RECOVERY_ACTIVE_SOURCE_FILES=325
RECOVERY_ACTIVE_TESTS=141
RECOVERY_TEST_CASES=709
RECOVERY_STAGE_1_BOUNDARIES=passed

> patternly@0.1.0 typecheck
> tsc --noEmit


> patternly@0.1.0 test
> node --import tsx --test 'src/**/*.test.ts' 'src/**/*.test.mjs' 'scripts/**/*.test.ts' 'scripts/**/*.test.mjs'

TAP version 13
# Subtest: learning kernel and registry boundaries exclude family content and platform owners
ok 1 - learning kernel and registry boundaries exclude family content and platform owners
  ---
  duration_ms: 21.861917
  type: 'test'
  ...
# Subtest: families do not import one another and source contains no replacement bridge
ok 2 - families do not import one another and source contains no replacement bridge
  ---
  duration_ms: 298.530042
  type: 'test'
  ...
# Subtest: application mutations depend on repositories rather than raw storage internals
ok 3 - application mutations depend on repositories rather than raw storage internals
  ---
  duration_ms: 1.446417
  type: 'test'
  ...
# Subtest: canonical lifecycle use cases have no React, storage implementation, or family-scoring dependency
ok 4 - canonical lifecycle use cases have no React, storage implementation, or family-scoring dependency
  ---
  duration_ms: 1.472
  type: 'test'
  ...
# Subtest: the public storage barrel does not expose raw keys or codec
ok 5 - the public storage barrel does not expose raw keys or codec
  ---
  duration_ms: 0.957083
  type: 'test'
  ...
# Subtest: Expo and npm expose one canonical Patternly identity
ok 6 - Expo and npm expose one canonical Patternly identity
  ---
  duration_ms: 54.617791
  type: 'test'
  ...
# Subtest: RC runners, runtime-audit URLs, and every Maestro flow share the Patternly identity
ok 7 - RC runners, runtime-audit URLs, and every Maestro flow share the Patternly identity
  ---
  duration_ms: 112.07675
  type: 'test'
  ...
# Subtest: build identity cutover leaves canonical learning-data keys unchanged
ok 8 - build identity cutover leaves canonical learning-data keys unchanged
  ---
  duration_ms: 1.274584
  type: 'test'
  ...
# Subtest: runtime mode is explicit and persists in public Expo config
ok 9 - runtime mode is explicit and persists in public Expo config
  ---
  duration_ms: 2.3905
  type: 'test'
  ...
# Subtest: sandbox and release reject mode/configuration mismatches
ok 10 - sandbox and release reject mode/configuration mismatches
  ---
  duration_ms: 2.239917
  type: 'test'
  ...
# Subtest: smoke is the explicit local default and permits debug App Check
ok 11 - smoke is the explicit local default and permits debug App Check
  ---
  duration_ms: 7.654
  type: 'test'
  ...
# Subtest: remote artifacts require their public Firebase configuration before prebuild
ok 12 - remote artifacts require their public Firebase configuration before prebuild
  ---
  duration_ms: 2.264792
  type: 'test'
  ...
# Subtest: remote artifacts require production App Check providers before prebuild
ok 13 - remote artifacts require production App Check providers before prebuild
  ---
  duration_ms: 0.713125
  type: 'test'
  ...
# Subtest: sandbox uses the one tracked native Firebase registration while release requires production file variables
ok 14 - sandbox uses the one tracked native Firebase registration while release requires production file variables
  ---
  duration_ms: 0.868125
  type: 'test'
  ...
# Subtest: QA installs the frontend lock before native and root verification
ok 15 - QA installs the frontend lock before native and root verification
  ---
  duration_ms: 1.450875
  type: 'test'
  ...
# Subtest: EAS release configuration has explicit version, runtime, and channel policy
ok 16 - EAS release configuration has explicit version, runtime, and channel policy
  ---
  duration_ms: 6.1095
  type: 'test'
  ...
# Subtest: EAS source archives exclude generated native output, artifacts, and credentials
ok 17 - EAS source archives exclude generated native output, artifacts, and credentials
  ---
  duration_ms: 0.990792
  type: 'test'
  ...
# Subtest: launch readiness CI is an explicit exact-SHA enforced gate
ok 18 - launch readiness CI is an explicit exact-SHA enforced gate
  ---
  duration_ms: 1.962417
  type: 'test'
  ...
# Subtest: one journal contract, materializer, verifier, and coordinator remain
ok 19 - one journal contract, materializer, verifier, and coordinator remain
  ---
  duration_ms: 13.899792
  type: 'test'
  ...
# Subtest: mutation failure has one boundary owner and presentation cannot recreate durable state
ok 20 - mutation failure has one boundary owner and presentation cannot recreate durable state
  ---
  duration_ms: 456.817667
  type: 'test'
  ...
# Subtest: features and track semantics cannot import storage or repository implementations
ok 21 - features and track semantics cannot import storage or repository implementations
  ---
  duration_ms: 364.255083
  type: 'test'
  ...
# Subtest: Algorithms runtime composition has no persistence binding
ok 22 - Algorithms runtime composition has no persistence binding
  ---
  duration_ms: 1.195458
  type: 'test'
  ...
# Subtest: Coding Interview read projections do not create a barrel cycle through the session facade
ok 23 - Coding Interview read projections do not create a barrel cycle through the session facade
  ---
  duration_ms: 9.917375
  type: 'test'
  ...
# Subtest: one family-neutral foreground timer is bound only in application composition, never in presentation
ok 24 - one family-neutral foreground timer is bound only in application composition, never in presentation
  ---
  duration_ms: 15.465291
  type: 'test'
  ...
# Subtest: training-session identity has one lifecycle authority and no obsolete runtime port
ok 25 - training-session identity has one lifecycle authority and no obsolete runtime port
  ---
  duration_ms: 6.915291
  type: 'test'
  ...
# Subtest: old active exam persistence owner and feature services are deleted
ok 26 - old active exam persistence owner and feature services are deleted
  ---
  duration_ms: 100.908416
  type: 'test'
  ...
# Subtest: Certification answers cannot recreate the deleted selector or competing writer
ok 27 - Certification answers cannot recreate the deleted selector or competing writer
  ---
  duration_ms: 230.565208
  type: 'test'
  ...
# Subtest: Certification presentation reads materialized feedback without owning family scoring
ok 28 - Certification presentation reads materialized feedback without owning family scoring
  ---
  duration_ms: 56.057083
  type: 'test'
  ...
# Subtest: Certification durable Practice state has one exact projection, recovery command, and shared notice mapper
ok 29 - Certification durable Practice state has one exact projection, recovery command, and shared notice mapper
  ---
  duration_ms: 3.146792
  type: 'test'
  ...
# Subtest: Certification route handoffs use exact resume intent and cannot hide failures behind start fallbacks
not ok 30 - Certification route handoffs use exact resume intent and cannot hide failures behind start fallbacks
  ---
  duration_ms: 21.895542
  type: 'test'
  location: '/Users/lukaszkurczab/Desktop/Projects/Patternly/patternly/scripts/mutationArchitecture.test.ts:2:21840'
  failureType: 'testCodeFailure'
  error: |-
    The input did not match the regular expression /if \(expectedSessionId\)[\s\S]*?resumeExpectedCertificationExam\(expectedSessionId\)[\s\S]*?return;[\s\S]*?startCertificationExam\(\)/. Input:
    
    'import type { NativeStackScreenProps } from "@react-navigation/native-stack";\n' +
      'import { useTranslation } from "react-i18next";\n' +
      'import { useEffect, useRef, useState } from "react";\n' +
      'import { Pressable, StyleSheet, Text, useWindowDimensions, View } from "react-native";\n' +
      'import { CertificationExamExpiredError, finalizeCertificationExam, getCertificationExamProjection, navigateCertificationExamTo, resumeExpectedCertificationExam, saveCertificationExamResponse, startCertificationExam, toggleCertificationExamFlag, type CertificationExamProjection } from "../../application/certification";\n' +
      'import { describeOperationalFailure } from "../../application/operationalDiagnostics";\n' +
      'import { Button, Card, EmptyState, Screen, SettingsDialog, SkeletonShape, useSkeletonGlassMotion } from "../../components";\n' +
      'import { ROUTES } from "../../constants";\n' +
      'import type { RootStackParamList } from "../../navigation";\n' +
      'import { useThemedStyles } from "../../preferences";\n' +
      'import { radius, spacing, typography, type AppColors } from "../../theme";\n' +
      'import { runtimeSelectors } from "../../testing/runtimeSelectors";\n' +
      'import { SimulationQuestionNavigator } from "../simulation/navigator/SimulationQuestionNavigator";\n' +
      'import { createExamReadOwner, type ExamReadOwner, type ExamReadOwnerOutcome, type ExamReadOwnerToken } from "./examReadOwner";\n' +
      '\n' +
      'type Props = NativeStackScreenProps<RootStackParamList, typeof ROUTES.EXAM>;\n' +
      '\n' +
      'type ExamReadState =\n' +
      '  | Readonly<{ kind: "pending"; requestKey: string }>\n' +
      '  | Readonly<{ kind: "ready"; requestKey: string; projection: CertificationExamProjection }>\n' +
      '  | Readonly<{ kind: "error"; requestKey: string; reason: string }>;\n' +
      '\n' +
      'export function ExamLoadingSkeleton() {\n' +
      '  const styles = useThemedStyles(createStyles);\n' +
      '  const { t } = useTranslation("common");\n' +
      '  const { fontScale } = useWindowDimensions();\n' +
      '  const textScale = Math.min(fontScale, 2);\n' +
      '  const largeLayout = fontScale >= 1.8;\n' +
      '  const motion = useSkeletonGlassMotion();\n' +
      '\n' +
      '  return (\n' +
      '    <Screen style={styles.loadingScreen}>\n' +
      '      <View\n' +
      '        accessibilityLabel={t("Preparing exam simulation…")}\n' +
      '        accessibilityLiveRegion="polite"\n' +
      '        accessibilityRole="progressbar"\n' +
      '        accessibilityState={{ busy: true }}\n' +
      '        accessible\n' +
      '        style={styles.loadingRoot}\n' +
      '        testID="exam-loading-skeleton"\n' +
      '      >\n' +
      '        <View accessible={false} accessibilityElementsHidden importantForAccessibility="no-hide-descendants" pointerEvents="none" style={styles.loadingShapes}>\n' +
      '          <View style={styles.loadingContext} testID="exam-loading-context">\n' +
      '            <SkeletonShape motion={motion} style={[styles.loadingLine, styles.loadingContextLine, { height: 15 * textScale }]} />\n' +
      '            <SkeletonShape motion={motion} style={[styles.loadingLine, styles.loadingContextLineShort, { height: 13 * textScale }]} />\n' +
      '          </View>\n' +
      '          <SkeletonShape motion={motion} style={[styles.loadingLine, styles.loadingHeading, { height: 21 * textScale }]} />\n' +
      '          <View style={[styles.loadingQuestion, largeLayout ? styles.loadingQuestionLarge : null]} testID="exam-loading-question">\n' +
      '            <SkeletonShape motion={motion} style={[styles.loadingLine, styles.loadingQuestionTitle, { height: 22 * textScale }]} />\n' +
      '            <SkeletonShape motion={motion} style={[styles.loadingLine, styles.loadingQuestionLine, { height: 17 * textScale }]} />\n' +
      '            <SkeletonShape motion={motion} style={[styles.loadingLine, styles.loadingQuestionLineShort, { height: 17 * textScale }]} />\n' +
      '          </View>\n' +
      '          <View style={styles.loadingResponse} testID="exam-loading-response">\n' +
      '            {[0, 1, 2].map((row) => <SkeletonShape key={row} motion={motion} style={[styles.loadingResponseRow, { minHeight: 48 * textScale }]} />)}\n' +
      '          </View>\n' +
      '          <View style={styles.loadingActions} testID="exam-loading-actions">\n' +
      '            <SkeletonShape motion={motion} style={[styles.loadingAction, { minHeight: 48 * textScale }]} />\n' +
      '            <SkeletonShape motion={motion} style={[styles.loadingAction, { minHeight: 48 * textScale }]} />\n' +
      '          </View>\n' +
      '        </View>\n' +
      '      </View>\n' +
      '    </Screen>\n' +
      '  );\n' +
      '}\n' +
      '\n' +
      '/** Canonical Cloud exam runner; navigation and responses are durably persisted through the shared lifecycle. */\n' +
      'export function ExamScreen({ navigation, route }: Props) {\n' +
      '  const styles = useThemedStyles(createStyles);\n' +
      '  const { t } = useTranslation("common");\n' +
      '  const requestKey = route.params?.expectedSessionId ?? "new-exam";\n' +
      '  const [readState, setReadState] = useState<ExamReadState>({ kind: "pending", requestKey });\n' +
      '  const [operationError, setOperationError] = useState<string | null>(null);\n' +
      '  const [navigatorVisible, setNavigatorVisible] = useState(false);\n' +
      '  const [finishVisible, setFinishVisible] = useState(false);\n' +
      '  const readOwnerRef = useRef<ExamReadOwner<CertificationExamProjection> | null>(null);\n' +
      '  if (!readOwnerRef.current) {\n' +
      '    readOwnerRef.current = createExamReadOwner<CertificationExamProjection>({\n' +
      '      expiredSessionId: (cause) => cause instanceof CertificationExamExpiredError ? cause.sessionId : null,\n' +
      '      getProjection: getCertificationExamProjection,\n' +
      '      resumeExpected: resumeExpectedCertificationExam,\n' +
      '      start: startCertificationExam,\n' +
      '    });\n' +
      '  }\n' +
      '  const readOwner = readOwnerRef.current;\n' +
      '  const activeTokenRef = useRef<ExamReadOwnerToken | null>(null);\n' +
      '\n' +
      '  function publishReadOutcome(token: ExamReadOwnerToken, outcome: ExamReadOwnerOutcome<CertificationExamProjection>): void {\n' +
      '    if (!readOwner.isCurrent(token)) return;\n' +
      '    if (outcome.kind === "stale") return;\n' +
      '    if (outcome.kind === "ready") {\n' +
      '      setOperationError(null);\n' +
      '      setReadState({ kind: "ready", projection: outcome.projection, requestKey: token.requestKey });\n' +
      '      return;\n' +
      '    }\n' +
      '    if (outcome.kind === "active_session_conflict") {\n' +
      '      setReadState({ kind: "error", reason: "The expected Cloud exam is no longer the active session.", requestKey: token.requestKey });\n' +
      '      return;\n' +
      '    }\n' +
      '    if (outcome.kind === "expired") {\n' +
      '      readOwner.invalidate(token);\n' +
      '      navigation.replace(ROUTES.RESULT, { sessionId: outcome.sessionId });\n' +
      '      return;\n' +
      '    }\n' +
      '    const fallback = outcome.source === "expected"\n' +
      '      ? "The expected Cloud exam is unavailable."\n' +
      '      : outcome.source === "interval"\n' +
      '        ? "Exam refresh failed."\n' +
      '        : "Exam is unavailable.";\n' +
      '    const reason = describeOperationalFailure(outcome.cause, fallback);\n' +
      '    if (outcome.source === "interval") setOperationError(reason);\n' +
      '    else setReadState({ kind: "error", reason, requestKey: token.requestKey });\n' +
      '  }\n' +
      '\n' +
      '  useEffect(() => {\n' +
      '    setReadState({ kind: "pending", requestKey });\n' +
      '    setOperationError(null);\n' +
      '    setNavigatorVisible(false);\n' +
      '    setFinishVisible(false);\n' +
      '    const token = readOwner.begin(requestKey);\n' +
      '    activeTokenRef.current = token;\n' +
      '    void readOwner.load(token, route.params?.expectedSessionId).then((outcome) => publishReadOutcome(token, outcome));\n' +
      '    return () => {\n' +
      '      readOwner.invalidate(token);\n' +
      '      if (activeTokenRef.current?.generation === token.generation) activeTokenRef.current = null;\n' +
      '    };\n' +
      '  }, [readOwner, requestKey, route.params?.expectedSessionId]);\n' +
      '\n' +
      '  useEffect(() => {\n' +
      '    if (readState.requestKey !== requestKey || readState.kind !== "ready") return;\n' +
      '    const token = activeTokenRef.current;\n' +
      '    if (!token || !readOwner.isCurrent(token)) return;\n' +
      '    const interval = setInterval(() => {\n' +
      '      if (!readOwner.isCurrent(token)) return;\n' +
      '      void readOwner.refresh(token, "interval").then((outcome) => publishReadOutcome(token, outcome));\n' +
      '    }, 1_000);\n' +
      '    return () => clearInterval(interval);\n' +
      '  }, [readOwner, readState.kind, readState.requestKey, requestKey]);\n' +
      '\n' +
      '  if (readState.requestKey !== requestKey || readState.kind === "pending") return <ExamLoadingSkeleton />;\n' +
      '  if (readState.kind === "error" || operationError) {\n' +
      '    const reason = readState.kind === "error" ? readState.reason : operationError ?? "Exam is unavailable.";\n' +
      '    return <Screen><EmptyState title={t("Exam unavailable")} description={t(reason)} actionLabel={t("Back to practice")} onActionPress={() => navigation.navigate(ROUTES.PRACTICE_HUB)} /></Screen>;\n' +
      '  }\n' +
      '  const { projection } = readState;\n' +
      '  const deadline = projection.session.configurationSnapshot.timerDeadlineAt;\n' +
      '  if (typeof deadline !== "string") return <Screen><EmptyState title={t("Exam unavailable")} description={t("The immutable exam deadline is unavailable.")} actionLabel={t("Back to practice")} onActionPress={() => navigation.navigate(ROUTES.PRACTICE_HUB)} /></Screen>;\n' +
      '  const remainingMs = Math.max(0, Date.parse(deadline) - Date.parse(projection.now)); const remainingMinutes = Math.floor(remainingMs / 60_000); const remainingSeconds = Math.floor((remainingMs % 60_000) / 1_000);\n' +
      '  const selected = new Set(projection.response?.selectedOptionIds ?? []); const multiple = projection.question.type === "multiple";\n' +
      '  const currentToken = () => {\n' +
      '    const token = activeTokenRef.current;\n' +
      '    return token && readOwner.isCurrent(token) ? token : null;\n' +
      '  };\n' +
      '  const select = async (id: string) => {\n' +
      '    const token = currentToken();\n' +
      '    if (!token) return;\n' +
      '    const ids = multiple ? (selected.has(id) ? [...selected].filter((value) => value !== id) : [...selected, id]) : [id];\n' +
      '    if (!ids.length) return;\n' +
      '    try {\n' +
      '      await saveCertificationExamResponse({ occurrenceId: projection.occurrenceId, response: { kind: "option_selection", selectedOptionIds: ids } });\n' +
      '      if (!readOwner.isCurrent(token)) return;\n' +
      '      publishReadOutcome(token, await readOwner.refresh(token, "interval"));\n' +
      '    } catch (cause) {\n' +
      '      if (readOwner.isCurrent(token)) setOperationError(describeOperationalFailure(cause, "Answer could not be saved."));\n' +
      '    }\n' +
      '  };\n' +
      '  const go = async (index: number): Promise<"navigated" | "incomplete_response" | "save_failed"> => {\n' +
      '    const token = currentToken();\n' +
      '    if (!token) return "save_failed";\n' +
      '    try {\n' +
      '      await navigateCertificationExamTo(index);\n' +
      '      if (!readOwner.isCurrent(token)) return "save_failed";\n' +
      '      const outcome = await readOwner.refresh(token, "interval");\n' +
      '     '... 6894 more characters
    
  code: 'ERR_ASSERTION'
  name: 'AssertionError'
  expected:
  actual: |-
    import type { NativeStackScreenProps } from "@react-navigation/native-stack";
    import { useTranslation } from "react-i18next";
    import { useEffect, useRef, useState } from "react";
    import { Pressable, StyleSheet, Text, useWindowDimensions, View } from "react-native";
    import { CertificationExamExpiredError, finalizeCertificationExam, getCertificationExamProjection, navigateCertificationExamTo, resumeExpectedCertificationExam, saveCertificationExamResponse, startCertificationExam, toggleCertificationExamFlag, type CertificationExamProjection } from "../../application/certification";
    import { describeOperationalFailure } from "../../application/operationalDiagnostics";
    import { Button, Card, EmptyState, Screen, SettingsDialog, SkeletonShape, useSkeletonGlassMotion } from "../../components";
    import { ROUTES } from "../../constants";
    import type { RootStackParamList } from "../../navigation";
    import { useThemedStyles } from "../../preferences";
    import { radius, spacing, typography, type AppColors } from "../../theme";
    import { runtimeSelectors } from "../../testing/runtimeSelectors";
    import { SimulationQuestionNavigator } from "../simulation/navigator/SimulationQuestionNavigator";
    import { createExamReadOwner, type ExamReadOwner, type ExamReadOwnerOutcome, type ExamReadOwnerToken } from "./examReadOwner";
    
    type Props = NativeStackScreenProps<RootStackParamList, typeof ROUTES.EXAM>;
    
    type ExamReadState =
      | Readonly<{ kind: "pending"; requestKey: string }>
      | Readonly<{ kind: "ready"; requestKey: string; projection: CertificationExamProjection }>
      | Readonly<{ kind: "error"; requestKey: string; reason: string }>;
    
    export function ExamLoadingSkeleton() {
      const styles = useThemedStyles(createStyles);
      const { t } = useTranslation("common");
      const { fontScale } = useWindowDimensions();
      const textScale = Math.min(fontScale, 2);
      const largeLayout = fontScale >= 1.8;
      const motion = useSkeletonGlassMotion();
    
      return (
        <Screen style={styles.loadingScreen}>
          <View
            accessibilityLabel={t("Preparing exam simulation…")}
            accessibilityLiveRegion="polite"
            accessibilityRole="progressbar"
            accessibilityState={{ busy: true }}
            accessible
            style={styles.loadingRoot}
            testID="exam-loading-skeleton"
          >
            <View accessible={false} accessibilityElementsHidden importantForAccessibility="no-hide-descendants" pointerEvents="none" style={styles.loadingShapes}>
              <View style={styles.loadingContext} testID="exam-loading-context">
                <SkeletonShape motion={motion} style={[styles.loadingLine, styles.loadingContextLine, { height: 15 * textScale }]} />
                <SkeletonShape motion={motion} style={[styles.loadingLine, styles.loadingContextLineShort, { height: 13 * textScale }]} />
              </View>
              <SkeletonShape motion={motion} style={[styles.loadingLine, styles.loadingHeading, { height: 21 * textScale }]} />
              <View style={[styles.loadingQuestion, largeLayout ? styles.loadingQuestionLarge : null]} testID="exam-loading-question">
                <SkeletonShape motion={motion} style={[styles.loadingLine, styles.loadingQuestionTitle, { height: 22 * textScale }]} />
                <SkeletonShape motion={motion} style={[styles.loadingLine, styles.loadingQuestionLine, { height: 17 * textScale }]} />
                <SkeletonShape motion={motion} style={[styles.loadingLine, styles.loadingQuestionLineShort, { height: 17 * textScale }]} />
              </View>
              <View style={styles.loadingResponse} testID="exam-loading-response">
                {[0, 1, 2].map((row) => <SkeletonShape key={row} motion={motion} style={[styles.loadingResponseRow, { minHeight: 48 * textScale }]} />)}
              </View>
              <View style={styles.loadingActions} testID="exam-loading-actions">
                <SkeletonShape motion={motion} style={[styles.loadingAction, { minHeight: 48 * textScale }]} />
                <SkeletonShape motion={motion} style={[styles.loadingAction, { minHeight: 48 * textScale }]} />
              </View>
            </View>
          </View>
        </Screen>
      );
    }
    
    /** Canonical Cloud exam runner; navigation and responses are durably persisted through the shared lifecycle. */
    export function ExamScreen({ navigation, route }: Props) {
      const styles = useThemedStyles(createStyles);
      const { t } = useTranslation("common");
      const requestKey = route.params?.expectedSessionId ?? "new-exam";
      const [readState, setReadState] = useState<ExamReadState>({ kind: "pending", requestKey });
      const [operationError, setOperationError] = useState<string | null>(null);
      const [navigatorVisible, setNavigatorVisible] = useState(false);
      const [finishVisible, setFinishVisible] = useState(false);
      const readOwnerRef = useRef<ExamReadOwner<CertificationExamProjection> | null>(null);
      if (!readOwnerRef.current) {
        readOwnerRef.current = createExamReadOwner<CertificationExamProjection>({
          expiredSessionId: (cause) => cause instanceof CertificationExamExpiredError ? cause.sessionId : null,
          getProjection: getCertificationExamProjection,
          resumeExpected: resumeExpectedCertificationExam,
          start: startCertificationExam,
        });
      }
      const readOwner = readOwnerRef.current;
      const activeTokenRef = useRef<ExamReadOwnerToken | null>(null);
    
      function publishReadOutcome(token: ExamReadOwnerToken, outcome: ExamReadOwnerOutcome<CertificationExamProjection>): void {
        if (!readOwner.isCurrent(token)) return;
        if (outcome.kind === "stale") return;
        if (outcome.kind === "ready") {
          setOperationError(null);
          setReadState({ kind: "ready", projection: outcome.projection, requestKey: token.requestKey });
          return;
        }
        if (outcome.kind === "active_session_conflict") {
          setReadState({ kind: "error", reason: "The expected Cloud exam is no longer the active session.", requestKey: token.requestKey });
          return;
        }
        if (outcome.kind === "expired") {
          readOwner.invalidate(token);
          navigation.replace(ROUTES.RESULT, { sessionId: outcome.sessionId });
          return;
        }
        const fallback = outcome.source === "expected"
          ? "The expected Cloud exam is unavailable."
          : outcome.source === "interval"
            ? "Exam refresh failed."
            : "Exam is unavailable.";
        const reason = describeOperationalFailure(outcome.cause, fallback);
        if (outcome.source === "interval") setOperationError(reason);
        else setReadState({ kind: "error", reason, requestKey: token.requestKey });
      }
    
      useEffect(() => {
        setReadState({ kind: "pending", requestKey });
        setOperationError(null);
        setNavigatorVisible(false);
        setFinishVisible(false);
        const token = readOwner.begin(requestKey);
        activeTokenRef.current = token;
        void readOwner.load(token, route.params?.expectedSessionId).then((outcome) => publishReadOutcome(token, outcome));
        return () => {
          readOwner.invalidate(token);
          if (activeTokenRef.current?.generation === token.generation) activeTokenRef.current = null;
        };
      }, [readOwner, requestKey, route.params?.expectedSessionId]);
    
      useEffect(() => {
        if (readState.requestKey !== requestKey || readState.kind !== "ready") return;
        const token = activeTokenRef.current;
        if (!token || !readOwner.isCurrent(token)) return;
        const interval = setInterval(() => {
          if (!readOwner.isCurrent(token)) return;
          void readOwner.refresh(token, "interval").then((outcome) => publishReadOutcome(token, outcome));
        }, 1_000);
        return () => clearInterval(interval);
      }, [readOwner, readState.kind, readState.requestKey, requestKey]);
    
      if (readState.requestKey !== requestKey || readState.kind === "pending") return <ExamLoadingSkeleton />;
      if (readState.kind === "error" || operationError) {
        const reason = readState.kind === "error" ? readState.reason : operationError ?? "Exam is unavailable.";
        return <Screen><EmptyState title={t("Exam unavailable")} description={t(reason)} actionLabel={t("Back to practice")} onActionPress={() => navigation.navigate(ROUTES.PRACTICE_HUB)} /></Screen>;
      }
      const { projection } = readState;
      const deadline = projection.session.configurationSnapshot.timerDeadlineAt;
      if (typeof deadline !== "string") return <Screen><EmptyState title={t("Exam unavailable")} description={t("The immutable exam deadline is unavailable.")} actionLabel={t("Back to practice")} onActionPress={() => navigation.navigate(ROUTES.PRACTICE_HUB)} /></Screen>;
      const remainingMs = Math.max(0, Date.parse(deadline) - Date.parse(projection.now)); const remainingMinutes = Math.floor(remainingMs / 60_000); const remainingSeconds = Math.floor((remainingMs % 60_000) / 1_000);
      const selected = new Set(projection.response?.selectedOptionIds ?? []); const multiple = projection.question.type === "multiple";
      const currentToken = () => {
        const token = activeTokenRef.current;
        return token && readOwner.isCurrent(token) ? token : null;
      };
      const select = async (id: string) => {
        const token = currentToken();
        if (!token) return;
        const ids = multiple ? (selected.has(id) ? [...selected].filter((value) => value !== id) : [...selected, id]) : [id];
        if (!ids.length) return;
        try {
          await saveCertificationExamResponse({ occurrenceId: projection.occurrenceId, response: { kind: "option_selection", selectedOptionIds: ids } });
          if (!readOwner.isCurrent(token)) return;
          publishReadOutcome(token, await readOwner.refresh(token, "interval"));
        } catch (cause) {
          if (readOwner.isCurrent(token)) setOperationError(describeOperationalFailure(cause, "Answer could not be saved."));
        }
      };
      const go = async (index: number): Promise<"navigated" | "incomplete_response" | "save_failed"> => {
        const token = currentToken();
        if (!token) return "save_failed";
        try {
          await navigateCertificationExamTo(index);
          if (!readOwner.isCurrent(token)) return "save_failed";
          const outcome = await readOwner.refresh(token, "interval");
          if (outcome.kind === "stale") return "save_failed";
          publishReadOutcome(token, outcome);
          return outcome.kind === "ready" ? "navigated" : "save_failed";
        } catch (cause) {
          if (readOwner.isCurrent(token)) setOperationError(describeOperationalFailure(cause, "Exam navigation failed."));
          return "save_failed";
        }
      };
      const toggleFlag = async () => {
        const token = currentToken();
        if (!token) return;
        try {
          await toggleCertificationExamFlag(projection.occurrenceId);
          if (!readOwner.isCurrent(token)) return;
          publishReadOutcome(token, await readOwner.refresh(token, "interval"));
        } catch (cause) {
          if (readOwner.isCurrent(token)) setOperationError(describeOperationalFailure(cause, "Question flag could not be saved."));
        }
      };
      const finish = async () => {
        const token = currentToken();
        if (!token) return;
        try {
          const sessionId = await finalizeCertificationExam();
          if (!readOwner.isCurrent(token)) return;
          navigation.replace(ROUTES.RESULT, { sessionId });
          readOwner.invalidate(token);
        } catch (cause) {
          if (readOwner.isCurrent(token)) setOperationError(describeOperationalFailure(cause, "Exam finalization failed."));
        }
      };
      return <Screen style={styles.screen}><View testID={runtimeSelectors.simulation.root(projection.session.id)}>
        <Text maxFontSizeMultiplier={2} style={styles.progress} testID={runtimeSelectors.session.counter(projection.session.id, projection.ordinal, projection.total)}>{t("Question")} {projection.ordinal} {t("of")} {projection.total}</Text><Text maxFontSizeMultiplier={2} style={styles.progress} testID={runtimeSelectors.session.timer(projection.session.id)}>{t("Time remaining")}: {remainingMinutes}:{String(remainingSeconds).padStart(2, "0")}</Text><Text maxFontSizeMultiplier={2} style={styles.domain}>{t(projection.question.domain.replaceAll("_", " "))}</Text>
        <Card style={styles.card}><Text maxFontSizeMultiplier={2} style={styles.question} testID={runtimeSelectors.simulation.question(projection.question.id)}>{projection.question.question}</Text><View style={styles.options}>{projection.question.options.map((option) => <Pressable key={option.id} accessibilityRole={multiple ? "checkbox" : "radio"} accessibilityState={{ checked: selected.has(option.id) }} onPress={() => void select(option.id)} style={[styles.option, selected.has(option.id) && styles.selected]} testID={runtimeSelectors.simulation.option(projection.question.id, option.id)}><Text maxFontSizeMultiplier={2} style={styles.optionText}>{option.text}</Text></Pressable>)}</View></Card>
        <View style={styles.navigationActions}><Button onPress={() => void go(Math.max(0, projection.ordinal - 2))} disabled={projection.ordinal === 1} testID={runtimeSelectors.simulation.action(projection.session.id, "previous")} variant="secondary">{t("Previous")}</Button><Button onPress={() => void go(Math.min(projection.total - 1, projection.ordinal))} disabled={projection.ordinal === projection.total} testID={runtimeSelectors.simulation.action(projection.session.id, "next")} variant="secondary">{t("Next")}</Button></View>
        <View style={styles.examActions}><Button onPress={() => setNavigatorVisible(true)} testID={runtimeSelectors.simulation.action(projection.session.id, "navigator")} variant="secondary">{t("Question navigator")}</Button><Button onPress={() => void toggleFlag()} testID={runtimeSelectors.simulation.action(projection.session.id, "flag")} variant="secondary">{t(projection.flaggedOccurrenceIds.includes(projection.occurrenceId) ? "Remove flag" : "Flag question")}</Button></View>
        <Button onPress={() => setFinishVisible(true)} testID={runtimeSelectors.simulation.action(projection.session.id, "finish")}>{t("Finish exam")}</Button>
      </View>
      <SimulationQuestionNavigator onDismiss={() => setNavigatorVisible(false)} onOccurrencePress={(occurrenceId) => go(projection.session.itemOrder.findIndex((occurrence) => occurrence.occurrenceId === occurrenceId))} positions={projection.session.itemOrder.map((occurrence, index) => ({ occurrenceId: occurrence.occurrenceId, state: index === projection.session.currentItemIndex ? "current" : projection.draft.responsesByOccurrenceId[occurrence.occurrenceId] ? "answered" : "unanswered", flagged: projection.flaggedOccurrenceIds.includes(occurrence.occurrenceId) }))} visible={navigatorVisible} />
      <SettingsDialog closeLabel={t("Continue simulation")} message={`${projection.total - Object.keys(projection.draft.responsesByOccurrenceId).length} ${t("unanswered")}. ${t("Unanswered questions receive zero points.")}`} onClose={() => setFinishVisible(false)} onPrimaryAction={() => { setFinishVisible(false); void finish(); }} primaryActionLabel={t("Finish exam")} secondaryActionLabel={t("Continue simulation")} title={t("Finish with unanswered questions?")} visible={finishVisible} />
      </Screen>;
    }
    const createStyles = (palette: AppColors) => StyleSheet.create({
      screen: { gap: spacing.md },
      progress: { ...typography.small, color: palette.textMuted },
      domain: { ...typography.caption, color: palette.primary, textTransform: "uppercase" },
      card: { gap: spacing.md },
      question: { ...typography.bodyStrong, color: palette.textPrimary },
      options: { gap: spacing.sm },
      option: { borderColor: palette.border, borderRadius: 12, borderWidth: 1, padding: spacing.md },
      selected: { backgroundColor: palette.primarySoft, borderColor: palette.primary },
      optionText: { ...typography.body, color: palette.textPrimary },
      navigationActions: { flexDirection: "row", gap: spacing.sm },
      examActions: { gap: spacing.sm },
      loadingAction: { backgroundColor: palette.progress.loadingTrack, borderColor: palette.border, borderRadius: radius.md, borderWidth: 1, flex: 1 },
      loadingActions: { flexDirection: "row", gap: spacing.sm },
      loadingContext: { backgroundColor: palette.surface, borderColor: palette.border, borderRadius: radius.lg, borderWidth: 1, gap: spacing.sm, padding: spacing.lg },
      loadingContextLine: { width: "58%" },
      loadingContextLineShort: { width: "36%" },
      loadingHeading: { width: "54%" },
      loadingLine: { backgroundColor: palette.progress.loadingTrack, borderColor: palette.border, borderRadius: radius.md, borderWidth: 1 },
      loadingQuestion: { backgroundColor: palette.surface, borderColor: palette.border, borderRadius: radius.lg, borderWidth: 1, gap: spacing.sm, padding: spacing.lg },
      loadingQuestionLarge: { gap: spacing.md },
      loadingQuestionLine: { width: "92%" },
      loadingQuestionLineShort: { width: "66%" },
      loadingQuestionTitle: { width: "34%" },
      loadingResponse: { gap: spacing.sm },
      loadingResponseRow: { backgroundColor: palette.surfaceInput, borderColor: palette.border, borderRadius: radius.md, borderWidth: 1, width: "100%" },
      loadingRoot: { gap: spacing.xl },
      loadingScreen: { gap: spacing.md },
      loadingShapes: { gap: spacing.xl },
    });
    
  operator: 'match'
  stack: |-
    TestContext.<anonymous> (/Users/lukaszkurczab/Desktop/Projects/Patternly/patternly/scripts/mutationArchitecture.test.ts:255:10)
    Test.runInAsyncScope (node:async_hooks:214:14)
    Test.run (node:internal/test_runner/test:1047:25)
    Test.processPendingSubtests (node:internal/test_runner/test:744:18)
    Test.postRun (node:internal/test_runner/test:1173:19)
    Test.run (node:internal/test_runner/test:1101:12)
    async Test.processPendingSubtests (node:internal/test_runner/test:744:7)
  ...
# Subtest: presentation routes use application ports without persistence internals
ok 31 - presentation routes use application ports without persistence internals
  ---
  duration_ms: 73.304333
  type: 'test'
  ...
# Subtest: startup recovery uses canonical bootstrap recovery
ok 32 - startup recovery uses canonical bootstrap recovery
  ---
  duration_ms: 0.556916
  type: 'test'
  ...
# Subtest: release-native configuration excludes canonical learning storage from backup and unneeded ingress
ok 33 - release-native configuration excludes canonical learning storage from backup and unneeded ingress
  ---
  duration_ms: 2.323709
  type: 'test'
  ...
# Subtest: Android privacy transforms are reproducible without generated native projects
ok 34 - Android privacy transforms are reproducible without generated native projects
  ---
  duration_ms: 4.635833
  type: 'test'
  ...
# Subtest: iOS backup transform is reproducible without a generated AppDelegate
ok 35 - iOS backup transform is reproducible without a generated AppDelegate
  ---
  duration_ms: 0.417042
  type: 'test'
  ...
# Subtest: Expo platform configuration declares the supported phone-only native matrix
ok 36 - Expo platform configuration declares the supported phone-only native matrix
  ---
  duration_ms: 4.898875
  type: 'test'
  ...
# Subtest: launch readiness report is deterministic and exposes the unresolved release blockers
ok 37 - launch readiness report is deterministic and exposes the unresolved release blockers
  ---
  duration_ms: 1845.657708
  type: 'test'
  ...
# Subtest: launch readiness reports a missing editorial approval from a clean content checkout
ok 38 - launch readiness reports a missing editorial approval from a clean content checkout
  ---
  duration_ms: 662.146792
  type: 'test'
  ...
# Subtest: release gate fails while the readiness report contains blockers
ok 39 - release gate fails while the readiness report contains blockers
  ---
  duration_ms: 549.531125
  type: 'test'
  ...
# Subtest: launch readiness fails closed when the content evidence checkout is dirty
ok 40 - launch readiness fails closed when the content evidence checkout is dirty
  ---
  duration_ms: 615.141208
  type: 'test'
  ...
# Subtest: launch readiness fails closed when the application release lock provenance is invalid
ok 41 - launch readiness fails closed when the application release lock provenance is invalid
  ---
  duration_ms: 463.360167
  type: 'test'
  ...
# Subtest: launch readiness fails closed when the application evidence checkout is dirty
ok 42 - launch readiness fails closed when the application evidence checkout is dirty
  ---
  duration_ms: 621.777375
  type: 'test'
  ...
# Subtest: launch readiness admits external evidence only when its envelope is bound and self-integral
ok 43 - launch readiness admits external evidence only when its envelope is bound and self-integral
  ---
  duration_ms: 2327.349292
  type: 'test'
  ...
# Subtest: physical-device evidence is reported and validated as optional external evidence
ok 44 - physical-device evidence is reported and validated as optional external evidence
  ---
  duration_ms: 946.627333
  type: 'test'
  ...
# Subtest: public environment and Firebase client configuration fail closed
ok 45 - public environment and Firebase client configuration fail closed
  ---
  duration_ms: 6.630833
  type: 'test'
  ...
# Subtest: only the explicit local smoke runtime finalizes every password-identity command without verification side effects
ok 46 - only the explicit local smoke runtime finalizes every password-identity command without verification side effects
  ---
  duration_ms: 1.885375
  type: 'test'
  ...
# Subtest: account entry copy makes the destructive choice and code acknowledgement explicit
ok 47 - account entry copy makes the destructive choice and code acknowledgement explicit
  ---
  duration_ms: 1.209916
  type: 'test'
  ...
# Subtest: account entry owns one terminal choice and keeps synced account controls separate
ok 48 - account entry owns one terminal choice and keeps synced account controls separate
  ---
  duration_ms: 5.242083
  type: 'test'
  ...
# Subtest: account recovery owns one status message, a truthful retry, and a sign-out exit
ok 49 - account recovery owns one status message, a truthful retry, and a sign-out exit
  ---
  duration_ms: 11.168583
  type: 'test'
  ...
# Subtest: sign-in keeps guest access visible and uses the approved Google logo asset
ok 50 - sign-in keeps guest access visible and uses the approved Google logo asset
  ---
  duration_ms: 6.65675
  type: 'test'
  ...
# Subtest: a guest transition resets navigation into the application session
ok 51 - a guest transition resets navigation into the application session
  ---
  duration_ms: 1.027958
  type: 'test'
  ...
# Subtest: secure auth persistence stores only a Firebase refresh-token-shaped record
ok 52 - secure auth persistence stores only a Firebase refresh-token-shaped record
  ---
  duration_ms: 1.572583
  type: 'test'
  ...
# Subtest: secure auth persistence isolates Firebase metadata from the saved auth user
ok 53 - secure auth persistence isolates Firebase metadata from the saved auth user
  ---
  duration_ms: 2.707917
  type: 'test'
  ...
# Subtest: startup waits for persisted auth resolution before choosing the entry screen or Home
ok 54 - startup waits for persisted auth resolution before choosing the entry screen or Home
  ---
  duration_ms: 1.729083
  type: 'test'
  ...
# Subtest: account finalization coordinator shares one in-flight and completed result per generation
ok 55 - account finalization coordinator shares one in-flight and completed result per generation
  ---
  duration_ms: 0.789792
  type: 'test'
  ...
# Subtest: account finalization coordinator drops late results after invalidation and disposal
ok 56 - account finalization coordinator drops late results after invalidation and disposal
  ---
  duration_ms: 1.315834
  type: 'test'
  ...
# Subtest: account restore has a bounded initialization recovery path
ok 57 - account restore has a bounded initialization recovery path
  ---
  duration_ms: 28.1455
  type: 'test'
  ...
# Subtest: App Check has an explicit unavailable state and never fabricates a token
ok 58 - App Check has an explicit unavailable state and never fabricates a token
  ---
  duration_ms: 4.056333
  type: 'test'
  ...
# Subtest: account failures expose explicit provider, network, expiry, and revoked-session states
ok 59 - account failures expose explicit provider, network, expiry, and revoked-session states
  ---
  duration_ms: 3.090166
  type: 'test'
  ...
# Subtest: account sync preserves known validation failures without persisting arbitrary error messages
ok 60 - account sync preserves known validation failures without persisting arbitrary error messages
  ---
  duration_ms: 22.687917
  type: 'test'
  ...
# Subtest: sign-out keeps the account bound and exposes a durable pending state when revocation fails
ok 61 - sign-out keeps the account bound and exposes a durable pending state when revocation fails
  ---
  duration_ms: 4.393458
  type: 'test'
  ...
# Subtest: deletion retries after a revoked or stale session and leaves a verified local tombstone
ok 62 - deletion retries after a revoked or stale session and leaves a verified local tombstone
  ---
  duration_ms: 3.690875
  type: 'test'
  ...
# Subtest: a durable terminal learning commit uploads once when Home retries pending data
ok 63 - a durable terminal learning commit uploads once when Home retries pending data
  ---
  duration_ms: 133.872708
  type: 'test'
  ...
# Subtest: concurrent Home retries share one offline attempt and preserve durable pending state
ok 64 - concurrent Home retries share one offline attempt and preserve durable pending state
  ---
  duration_ms: 46.908541
  type: 'test'
  ...
# Subtest: a concurrent local session start during upload keeps the interrupted Home sync retryable
ok 65 - a concurrent local session start during upload keeps the interrupted Home sync retryable
  ---
  duration_ms: 55.185041
  type: 'test'
  ...
# Subtest: a concurrent local session start during download keeps the interrupted Home sync retryable
ok 66 - a concurrent local session start during download keeps the interrupted Home sync retryable
  ---
  duration_ms: 62.567083
  type: 'test'
  ...
# Subtest: Home pending retry honors binding, state, and durable recovery guards without remote calls
ok 67 - Home pending retry honors binding, state, and durable recovery guards without remote calls
  ---
  duration_ms: 10.208792
  type: 'test'
  ...
# Subtest: bound restart exposes a projection for a locally saved session without remote reads or writes
ok 68 - bound restart exposes a projection for a locally saved session without remote reads or writes
  ---
  duration_ms: 5.2775
  type: 'test'
  ...
# Subtest: resume requires matching installation and account-state bindings
ok 69 - resume requires matching installation and account-state bindings
  ---
  duration_ms: 2.048125
  type: 'test'
  ...
# Subtest: a pending learning journal blocks bound account sync without clearing the journal
ok 70 - a pending learning journal blocks bound account sync without clearing the journal
  ---
  duration_ms: 2.634416
  type: 'test'
  ...
# Subtest: a deferred upload state resumes locally and syncs idempotently after finalization
ok 71 - a deferred upload state resumes locally and syncs idempotently after finalization
  ---
  duration_ms: 8.204291
  type: 'test'
  ...
# Subtest: discard deletes guest records and goals but preserves device preferences and performs no remote writes
ok 72 - discard deletes guest records and goals but preserves device preferences and performs no remote writes
  ---
  duration_ms: 2.642708
  type: 'test'
  ...
# Subtest: discard restores existing account records unchanged without uploading guest data
ok 73 - discard restores existing account records unchanged without uploading guest data
  ---
  duration_ms: 2.252333
  type: 'test'
  ...
# Subtest: failed account fetch keeps guest data and releases the operation lane for retry
ok 74 - failed account fetch keeps guest data and releases the operation lane for retry
  ---
  duration_ms: 1.718542
  type: 'test'
  ...
# Subtest: discard resumes after partial-index failure without reconstructing a guest upload
ok 75 - discard resumes after partial-index failure without reconstructing a guest upload
  ---
  duration_ms: 7.470167
  type: 'test'
  ...
# Subtest: discard resumes after binding failure without reconstructing a guest upload
ok 76 - discard resumes after binding failure without reconstructing a guest upload
  ---
  duration_ms: 2.033958
  type: 'test'
  ...
# Subtest: discard resumes after finish failure without reconstructing a guest upload
ok 77 - discard resumes after finish failure without reconstructing a guest upload
  ---
  duration_ms: 1.813792
  type: 'test'
  ...
# Subtest: discard rejects another account and pending adoption without changing guest data
ok 78 - discard rejects another account and pending adoption without changing guest data
  ---
  duration_ms: 0.703459
  type: 'test'
  ...
# Subtest: discard blocks an active guest session before fetching or deleting data
ok 79 - discard blocks an active guest session before fetching or deleting data
  ---
  duration_ms: 0.648458
  type: 'test'
  ...
# Subtest: concurrent discard calls make one transition and keep the guest outbox empty before fetching
ok 80 - concurrent discard calls make one transition and keep the guest outbox empty before fetching
  ---
  duration_ms: 0.9055
  type: 'test'
  ...
# Subtest: malformed remote records are rejected before the guest dataset or marker changes
ok 81 - malformed remote records are rejected before the guest dataset or marker changes
  ---
  duration_ms: 0.921792
  type: 'test'
  ...
# Subtest: pending materialization blocks lifecycle revoke and deletion without losing the marker
ok 82 - pending materialization blocks lifecycle revoke and deletion without losing the marker
  ---
  duration_ms: 0.419834
  type: 'test'
  ...
# Subtest: signout queued with discard runs after materialization and cannot be followed by a stale bind
ok 83 - signout queued with discard runs after materialization and cannot be followed by a stale bind
  ---
  duration_ms: 2.04625
  type: 'test'
  ...
# Subtest: unreadable mutation journal blocks discard before deleting guest data
ok 84 - unreadable mutation journal blocks discard before deleting guest data
  ---
  duration_ms: 13.116959
  type: 'test'
  ...
# Subtest: sign-out discovers locally committed answers before clearing account data even when the outbox has not been built
ok 85 - sign-out discovers locally committed answers before clearing account data even when the outbox has not been built
  ---
  duration_ms: 53.183958
  type: 'test'
  ...
# Subtest: Certification practice max points follows every occurrence's exact option set
ok 86 - Certification practice max points follows every occurrence's exact option set
  ---
  duration_ms: 748.3255
  type: 'test'
  ...
# Subtest: Certification simulation keeps unanswered occurrences in the exact max and exposes no answers
ok 87 - Certification simulation keeps unanswered occurrences in the exact max and exposes no answers
  ---
  duration_ms: 265.189084
  type: 'test'
  ...
# Subtest: Algorithms Interview Simulation saves one response durably across lifecycle reload
ok 88 - Algorithms Interview Simulation saves one response durably across lifecycle reload
  ---
  duration_ms: 1233.029958
  type: 'test'
  ...
# Subtest: Algorithms save-and-continue is one application command for the active non-final occurrence
ok 89 - Algorithms save-and-continue is one application command for the active non-final occurrence
  ---
  duration_ms: 433.249875
  type: 'test'
  ...
# Subtest: two concurrent Algorithms save-and-continue commands share one durable save and one advance
ok 90 - two concurrent Algorithms save-and-continue commands share one durable save and one advance
  ---
  duration_ms: 457.800167
  type: 'test'
  ...
# Subtest: concurrent timer checkpoint and save-and-continue retain the draft revision and next position
ok 91 - concurrent timer checkpoint and save-and-continue retain the draft revision and next position
  ---
  duration_ms: 816.204916
  type: 'test'
  ...
# Subtest: Algorithms save-and-continue verifies its durable response revision before publishing occurrence two
ok 92 - Algorithms save-and-continue verifies its durable response revision before publishing occurrence two
  ---
  duration_ms: 734.824208
  type: 'test'
  ...
# Subtest: Algorithms save-and-jump durably saves a changed response before publishing the requested occurrence
ok 93 - Algorithms save-and-jump durably saves a changed response before publishing the requested occurrence
  ---
  duration_ms: 565.956291
  type: 'test'
  ...
# Subtest: a non-durable simulation save failure can explicitly resume local editing without a durable write
ok 94 - a non-durable simulation save failure can explicitly resume local editing without a durable write
  ---
  duration_ms: 402.270417
  type: 'test'
  ...
# Subtest: Algorithms simulation relaunch after its first answer preserves draft, position, timer checkpoint, and one active session
ok 95 - Algorithms simulation relaunch after its first answer preserves draft, position, timer checkpoint, and one active session
  ---
  duration_ms: 382.928583
  type: 'test'
  ...
# Subtest: Algorithms Interview Simulation finalizes its complete immutable forty-occurrence plan
ok 96 - Algorithms Interview Simulation finalizes its complete immutable forty-occurrence plan
  ---
  duration_ms: 6055.387916
  type: 'test'
  ...
# Subtest: Algorithms save-and-continue recovery advances a durable response without a second draft revision
ok 97 - Algorithms save-and-continue recovery advances a durable response without a second draft revision
  ---
  duration_ms: 338.854792
  type: 'test'
  ...
# Subtest: A before journal persistence leaves no durable outcome
ok 98 - A before journal persistence leaves no durable outcome
  ---
  duration_ms: 18.08975
  type: 'test'
  ...
# Subtest: B after journal persistence recovers complete
ok 99 - B after journal persistence recovers complete
  ---
  duration_ms: 35.599542
  type: 'test'
  ...
# Subtest: C after attempt write does not duplicate
ok 100 - C after attempt write does not duplicate
  ---
  duration_ms: 25.920667
  type: 'test'
  ...
# Subtest: D after review writes no duplicate evidence
ok 101 - D after review writes no duplicate evidence
  ---
  duration_ms: 15.928417
  type: 'test'
  ...
# Subtest: E after session no twice advance
ok 102 - E after session no twice advance
  ---
  duration_ms: 9.191625
  type: 'test'
  ...
# Subtest: F all writes before verification
ok 103 - F all writes before verification
  ---
  duration_ms: 6.670334
  type: 'test'
  ...
# Subtest: G verification before clear safely replays
ok 104 - G verification before clear safely replays
  ---
  duration_ms: 12.272625
  type: 'test'
  ...
# Subtest: resolved review deletion is physical and safely replays after force-close
ok 105 - resolved review deletion is physical and safely replays after force-close
  ---
  duration_ms: 12.011709
  type: 'test'
  ...
# Subtest: resolved review deletion recovers when its index update fails
ok 106 - resolved review deletion recovers when its index update fails
  ---
  duration_ms: 7.485042
  type: 'test'
  ...
# Subtest: manual review removal recovers after index switch but before physical deletion
ok 107 - manual review removal recovers after index switch but before physical deletion
  ---
  duration_ms: 7.171625
  type: 'test'
  ...
# Subtest: session abandonment persists abandoned session before clearing active pointer
ok 108 - session abandonment persists abandoned session before clearing active pointer
  ---
  duration_ms: 32.543208
  type: 'test'
  ...
# Subtest: session abandonment replay is idempotent
ok 109 - session abandonment replay is idempotent
  ---
  duration_ms: 28.679334
  type: 'test'
  ...
# Subtest: abandonment recovers identically after every durable write boundary
ok 110 - abandonment recovers identically after every durable write boundary
  ---
  duration_ms: 37.842
  type: 'test'
  ...
# Subtest: abandonment does not navigate before durability
ok 111 - abandonment does not navigate before durability
  ---
  duration_ms: 1.920083
  type: 'test'
  ...
# Subtest: local answer commit defers snapshot and outbox construction until account synchronization
ok 112 - local answer commit defers snapshot and outbox construction until account synchronization
  ---
  duration_ms: 43.575792
  type: 'test'
  ...
# Subtest: failed pending-sync write retains the verified journal and recovers without duplicating the answer
ok 113 - failed pending-sync write retains the verified journal and recovers without duplicating the answer
  ---
  duration_ms: 20.902375
  type: 'test'
  ...
# Subtest: clear local history is one journaled learning-state mutation
ok 114 - clear local history is one journaled learning-state mutation
  ---
  duration_ms: 37.682583
  type: 'test'
  ...
# Subtest: clear local history copy covers progress and review data
ok 115 - clear local history copy covers progress and review data
  ---
  duration_ms: 0.52925
  type: 'test'
  ...
# Subtest: clear local history preserves the one guest installation and local dataset identity
ok 116 - clear local history preserves the one guest installation and local dataset identity
  ---
  duration_ms: 17.12
  type: 'test'
  ...
# Subtest: reset recovers a pending command before deleting its fully materialized learning state
ok 117 - reset recovers a pending command before deleting its fully materialized learning state
  ---
  duration_ms: 61.075875
  type: 'test'
  ...
# Subtest: reset failure remains explicit and recovery is identical after every deletion boundary
ok 118 - reset failure remains explicit and recovery is identical after every deletion boundary
  ---
  duration_ms: 47.645542
  type: 'test'
  ...
# Subtest: journal durability precedes idempotent materialization and recovery
ok 119 - journal durability precedes idempotent materialization and recovery
  ---
  duration_ms: 63.36525
  type: 'test'
  ...
# Subtest: journal phase advances only one immutable step at a time
ok 120 - journal phase advances only one immutable step at a time
  ---
  duration_ms: 46.424333
  type: 'test'
  ...
# Subtest: journaled command rejects a conflicting pending command
ok 121 - journaled command rejects a conflicting pending command
  ---
  duration_ms: 4.872208
  type: 'test'
  ...
# Subtest: journal has a versioned SHA-256 command identity and rejects stale expected revisions
ok 122 - journal has a versioned SHA-256 command identity and rejects stale expected revisions
  ---
  duration_ms: 18.636333
  type: 'test'
  ...
# Subtest: journal construction rejects writes that cross exact content package pins
ok 123 - journal construction rejects writes that cross exact content package pins
  ---
  duration_ms: 3.991125
  type: 'test'
  ...
# Subtest: practice submission recovers identically after every durable write boundary
ok 124 - practice submission recovers identically after every durable write boundary
  ---
  duration_ms: 131.2965
  type: 'test'
  ...
# Subtest: concurrent conflicting journal persists use one CAS winner and ownership-checked clear
ok 125 - concurrent conflicting journal persists use one CAS winner and ownership-checked clear
  ---
  duration_ms: 6.177375
  type: 'test'
  ...
# Subtest: materializes one attempt
ok 126 - materializes one attempt
  ---
  duration_ms: 20.845833
  type: 'test'
  ...
# Subtest: materializes one review entry
ok 127 - materializes one review entry
  ---
  duration_ms: 21.166041
  type: 'test'
  ...
# Subtest: rejects an unsupported write kind instead of silently materializing it
ok 128 - rejects an unsupported write kind instead of silently materializing it
  ---
  duration_ms: 3.959625
  type: 'test'
  ...
# Subtest: materializes one session
ok 129 - materializes one session
  ---
  duration_ms: 36.8185
  type: 'test'
  ...
# Subtest: clears active session pointer
ok 130 - clears active session pointer
  ---
  duration_ms: 3.041209
  type: 'test'
  ...
# Subtest: materializes a complete training outcome in canonical order
ok 131 - materializes a complete training outcome in canonical order
  ---
  duration_ms: 23.790709
  type: 'test'
  ...
# Subtest: replays a fully materialized journal without duplicate effects
ok 132 - replays a fully materialized journal without duplicate effects
  ---
  duration_ms: 29.075625
  type: 'test'
  ...
# Subtest: resumes after only attempt write completed
ok 133 - resumes after only attempt write completed
  ---
  duration_ms: 26.959375
  type: 'test'
  ...
# Subtest: resumes after attempt and review writes completed
ok 134 - resumes after attempt and review writes completed
  ---
  duration_ms: 4.859667
  type: 'test'
  ...
# Subtest: resumes after session write completed
ok 135 - resumes after session write completed
  ---
  duration_ms: 6.010125
  type: 'test'
  ...
# Subtest: rejects conflicting immutable attempt
ok 136 - rejects conflicting immutable attempt
  ---
  duration_ms: 1.448
  type: 'test'
  ...
# Subtest: rejects conflicting session record
ok 137 - rejects conflicting session record
  ---
  duration_ms: 2.327125
  type: 'test'
  ...
# Subtest: rejects conflicting review record
ok 138 - rejects conflicting review record
  ---
  duration_ms: 2.152833
  type: 'test'
  ...
# Subtest: preserves active journal after write failure
ok 139 - preserves active journal after write failure
  ---
  duration_ms: 43.798542
  type: 'test'
  ...
# Subtest: does nothing when no journal exists
ok 140 - does nothing when no journal exists
  ---
  duration_ms: 3.061709
  type: 'test'
  ...
# Subtest: recovers a journal before any writes
ok 141 - recovers a journal before any writes
  ---
  duration_ms: 59.570166
  type: 'test'
  ...
# Subtest: recovers partially materialized
ok 142 - recovers partially materialized
  ---
  duration_ms: 48.669541
  type: 'test'
  ...
# Subtest: fully materialized unverified
ok 143 - fully materialized unverified
  ---
  duration_ms: 6.783042
  type: 'test'
  ...
# Subtest: verified journal whose clear failed
ok 144 - verified journal whose clear failed
  ---
  duration_ms: 16.237833
  type: 'test'
  ...
# Subtest: accepts ident immutable attempt
ok 145 - accepts ident immutable attempt
  ---
  duration_ms: 7.272416
  type: 'test'
  ...
# Subtest: rejects conflicting immutable attempt
ok 146 - rejects conflicting immutable attempt
  ---
  duration_ms: 4.278667
  type: 'test'
  ...
# Subtest: rejects conflicting active journal
ok 147 - rejects conflicting active journal
  ---
  duration_ms: 22.402625
  type: 'test'
  ...
# Subtest: blocks corrupt journal
ok 148 - blocks corrupt journal
  ---
  duration_ms: 1.04225
  type: 'test'
  ...
# Subtest: blocks journal read failure
ok 149 - blocks journal read failure
  ---
  duration_ms: 3.885833
  type: 'test'
  ...
# Subtest: preserves journal after materialization failure
ok 150 - preserves journal after materialization failure
  ---
  duration_ms: 11.706334
  type: 'test'
  ...
# Subtest: preserves journal after verification failure
ok 151 - preserves journal after verification failure
  ---
  duration_ms: 7.590583
  type: 'test'
  ...
# Subtest: preserves journal after journal clear failure
ok 152 - preserves journal after journal clear failure
  ---
  duration_ms: 22.878917
  type: 'test'
  ...
# Subtest: rejects a semantically malformed persisted journal and retains it
ok 153 - rejects a semantically malformed persisted journal and retains it
  ---
  duration_ms: 1.270042
  type: 'test'
  ...
# Subtest: rejects an unknown persisted write and retains its journal
ok 154 - rejects an unknown persisted write and retains its journal
  ---
  duration_ms: 1.063791
  type: 'test'
  ...
# Subtest: rejects an old persisted journal without an exact package pin
ok 155 - rejects an old persisted journal without an exact package pin
  ---
  duration_ms: 1.553166
  type: 'test'
  ...
# Subtest: rejects incomplete operation plans before persistence
ok 156 - rejects incomplete operation plans before persistence
  ---
  duration_ms: 1.288333
  type: 'test'
  ...
# Subtest: rejects duplicate write targets before persistence
ok 157 - rejects duplicate write targets before persistence
  ---
  duration_ms: 5.743875
  type: 'test'
  ...
# Subtest: rejects destructive writes that do not belong to the operation
ok 158 - rejects destructive writes that do not belong to the operation
  ---
  duration_ms: 2.656042
  type: 'test'
  ...
# Subtest: rejects attempts and reviews that conflict with the durable session plan
ok 159 - rejects attempts and reviews that conflict with the durable session plan
  ---
  duration_ms: 5.234084
  type: 'test'
  ...
# Subtest: rejects an immediate submit for a planned but non-current occurrence
ok 160 - rejects an immediate submit for a planned but non-current occurrence
  ---
  duration_ms: 7.577958
  type: 'test'
  ...
# Subtest: rejects contradictory review actions and duplicate terminal item outcomes
ok 161 - rejects contradictory review actions and duplicate terminal item outcomes
  ---
  duration_ms: 2.289875
  type: 'test'
  ...
# Subtest: accepts a review update that retains its original durable source identity
ok 162 - accepts a review update that retains its original durable source identity
  ---
  duration_ms: 7.288583
  type: 'test'
  ...
# Subtest: rejects a fabricated historical source on a nonexistent review identity
ok 163 - rejects a fabricated historical source on a nonexistent review identity
  ---
  duration_ms: 2.15475
  type: 'test'
  ...
# Subtest: rejects an explicit review update when its durable identity does not exist
ok 164 - rejects an explicit review update when its durable identity does not exist
  ---
  duration_ms: 1.467583
  type: 'test'
  ...
# Subtest: rejects a persisted plan with a corrupt fingerprint and retains it
ok 165 - rejects a persisted plan with a corrupt fingerprint and retains it
  ---
  duration_ms: 0.835
  type: 'test'
  ...
# Subtest: idempotent repeated recovery
ok 166 - idempotent repeated recovery
  ---
  duration_ms: 4.690291
  type: 'test'
  ...
# Subtest: does not require remote content
ok 167 - does not require remote content
  ---
  duration_ms: 9.426625
  type: 'test'
  ...
# Subtest: does not recalc scoring
ok 168 - does not recalc scoring
  ---
  duration_ms: 6.943375
  type: 'test'
  ...
# Subtest: does not generate IDs
ok 169 - does not generate IDs
  ---
  duration_ms: 8.373167
  type: 'test'
  ...
# Subtest: verifies a complete materialized mutation
ok 170 - verifies a complete materialized mutation
  ---
  duration_ms: 30.196166
  type: 'test'
  ...
# Subtest: rejects missing attempt
ok 171 - rejects missing attempt
  ---
  duration_ms: 3.688541
  type: 'test'
  ...
# Subtest: rejects conflicting attempt
ok 172 - rejects conflicting attempt
  ---
  duration_ms: 11.575625
  type: 'test'
  ...
# Subtest: rejects missing review entry
ok 173 - rejects missing review entry
  ---
  duration_ms: 2.292667
  type: 'test'
  ...
# Subtest: rejects conflicting review entry
ok 174 - rejects conflicting review entry
  ---
  duration_ms: 2.626208
  type: 'test'
  ...
# Subtest: rejects missing session
ok 175 - rejects missing session
  ---
  duration_ms: 2.771709
  type: 'test'
  ...
# Subtest: rejects conflicting session
ok 176 - rejects conflicting session
  ---
  duration_ms: 4.6095
  type: 'test'
  ...
# Subtest: rejects active session pointer that should be cleared
ok 177 - rejects active session pointer that should be cleared
  ---
  duration_ms: 2.269542
  type: 'test'
  ...
# Subtest: propagates storage read failure
ok 178 - propagates storage read failure
  ---
  duration_ms: 2.01775
  type: 'test'
  ...
# Subtest: preserves active journal after verification failure
ok 179 - preserves active journal after verification failure
  ---
  duration_ms: 10.971625
  type: 'test'
  ...
# Subtest: an occurrence-keyed draft persists, edits, and resumes without learning side effects
ok 180 - an occurrence-keyed draft persists, edits, and resumes without learning side effects
  ---
  duration_ms: 13.74125
  type: 'test'
  ...
# Subtest: draft persistence rejects unknown occurrences and mismatched session scope
ok 181 - draft persistence rejects unknown occurrences and mismatched session scope
  ---
  duration_ms: 5.224542
  type: 'test'
  ...
# Subtest: immediate-feedback sessions cannot persist draft responses
ok 182 - immediate-feedback sessions cannot persist draft responses
  ---
  duration_ms: 1.178666
  type: 'test'
  ...
# Subtest: clear local history removes the resumable draft
ok 183 - clear local history removes the resumable draft
  ---
  duration_ms: 14.960291
  type: 'test'
  ...
# Subtest: Algorithms finalization commits exactly answered occurrences and deletes the matching draft
ok 184 - Algorithms finalization commits exactly answered occurrences and deletes the matching draft
  ---
  duration_ms: 70.966833
  type: 'test'
  ...
# Subtest: Algorithms finalization rejects attempts that do not correspond exactly to answered draft occurrences
ok 185 - Algorithms finalization rejects attempts that do not correspond exactly to answered draft occurrences
  ---
  duration_ms: 7.748459
  type: 'test'
  ...
# Subtest: Algorithms finalization rejects a stale cleanup draft before journal persistence or outcome writes
ok 186 - Algorithms finalization rejects a stale cleanup draft before journal persistence or outcome writes
  ---
  duration_ms: 1.835333
  type: 'test'
  ...
# Subtest: force-close replay completes an Algorithms finalization idempotently at the draft-delete boundary
ok 187 - force-close replay completes an Algorithms finalization idempotently at the draft-delete boundary
  ---
  duration_ms: 45.258375
  type: 'test'
  ...
# Subtest: duplicate content occurrences keep distinct attempts and consolidate review to the latest planned transition
ok 188 - duplicate content occurrences keep distinct attempts and consolidate review to the latest planned transition
  ---
  duration_ms: 27.093542
  type: 'test'
  ...
# Subtest: finalization can resolve a review through an exact transition attempt
ok 189 - finalization can resolve a review through an exact transition attempt
  ---
  duration_ms: 13.767041
  type: 'test'
  ...
# Subtest: journaled transition delete rejects a same-id review conflict before outcome writes and replays exact or absent identity
ok 190 - journaled transition delete rejects a same-id review conflict before outcome writes and replays exact or absent identity
  ---
  duration_ms: 70.989584
  type: 'test'
  ...
# Subtest: Algorithms finalization recovers idempotently across every canonical write boundary
ok 191 - Algorithms finalization recovers idempotently across every canonical write boundary
  ---
  duration_ms: 323.971875
  type: 'test'
  ...
# Subtest: persisted finalization journal preflights a stale durable draft before replaying any outcome write
ok 192 - persisted finalization journal preflights a stale durable draft before replaying any outcome write
  ---
  duration_ms: 10.588458
  type: 'test'
  ...
# Subtest: draft saves are locked as soon as a finalization journal is pending
ok 193 - draft saves are locked as soon as a finalization journal is pending
  ---
  duration_ms: 9.445583
  type: 'test'
  ...
# Subtest: a draft save started before journal persistence rechecks immediately before writing
ok 194 - a draft save started before journal persistence rechecks immediately before writing
  ---
  duration_ms: 5.776792
  type: 'test'
  ...
# Subtest: operational diagnostics retain a bounded category without exposing an injected learner payload
ok 195 - operational diagnostics retain a bounded category without exposing an injected learner payload
  ---
  duration_ms: 2.494791
  type: 'test'
  ...
# Subtest: foreground timer checkpoints monotonic segments with an explicit drift bound and never counts closed-app wall time
ok 196 - foreground timer checkpoints monotonic segments with an explicit drift bound and never counts closed-app wall time
  ---
  duration_ms: 17.6415
  type: 'test'
  ...
# Subtest: foreground timer rejects stale checkpoints and retains the previous durable checkpoint
ok 197 - foreground timer rejects stale checkpoints and retains the previous durable checkpoint
  ---
  duration_ms: 22.670083
  type: 'test'
  ...
# Subtest: foreground enter and leave checkpoint authoritative time outside the UI
ok 198 - foreground enter and leave checkpoint authoritative time outside the UI
  ---
  duration_ms: 13.757958
  type: 'test'
  ...
# Subtest: ordinary practice publishes a live elapsed timer without a countdown
ok 199 - ordinary practice publishes a live elapsed timer without a countdown
  ---
  duration_ms: 2.208209
  type: 'test'
  ...
# Subtest: one family-neutral timer initializes and restores ordinary Certification foreground time
ok 200 - one family-neutral timer initializes and restores ordinary Certification foreground time
  ---
  duration_ms: 2.19975
  type: 'test'
  ...
# Subtest: absolute-deadline Certification Exam remains outside the foreground timer owner
ok 201 - absolute-deadline Certification Exam remains outside the foreground timer owner
  ---
  duration_ms: 1.028375
  type: 'test'
  ...
# Subtest: a durable foreground timer from another family is rejected instead of reused
ok 202 - a durable foreground timer from another family is rejected instead of reused
  ---
  duration_ms: 0.85
  type: 'test'
  ...
# Subtest: AppState foreground transitions and force-close recovery never count background or closed-app time
ok 203 - AppState foreground transitions and force-close recovery never count background or closed-app time
  ---
  duration_ms: 1.951792
  type: 'test'
  ...
# Subtest: periodic checkpoint publishes a live projection refresh
ok 204 - periodic checkpoint publishes a live projection refresh
  ---
  duration_ms: 5.594292
  type: 'test'
  ...
# Subtest: controlled timer refreshes consecutive visible labels without a durable write each second
ok 205 - controlled timer refreshes consecutive visible labels without a durable write each second
  ---
  duration_ms: 4.380458
  type: 'test'
  ...
# Subtest: periodic checkpoint uses the declared durable interval with an exact write count
ok 206 - periodic checkpoint uses the declared durable interval with an exact write count
  ---
  duration_ms: 2.334792
  type: 'test'
  ...
# Subtest: force-close immediately before and after the checkpoint boundary resumes within the declared drift
ok 207 - force-close immediately before and after the checkpoint boundary resumes within the declared drift
  ---
  duration_ms: 2.822833
  type: 'test'
  ...
# Subtest: expiry clamps to zero, checkpoints first, and finalizes exactly once
ok 208 - expiry clamps to zero, checkpoints first, and finalizes exactly once
  ---
  duration_ms: 5.3135
  type: 'test'
  ...
# Subtest: manual and expiry use the same injected finalization operation
ok 209 - manual and expiry use the same injected finalization operation
  ---
  duration_ms: 2.859208
  type: 'test'
  ...
# Subtest: manual finalization checkpoints the active foreground segment before it freezes the result
ok 210 - manual finalization checkpoints the active foreground segment before it freezes the result
  ---
  duration_ms: 2.959125
  type: 'test'
  ...
# Subtest: practice completion checkpoint freezes the captured tick until verified release
ok 211 - practice completion checkpoint freezes the captured tick until verified release
  ---
  duration_ms: 1.409666
  type: 'test'
  ...
# Subtest: a completed timer checkpoint is not released before completion is verified
ok 212 - a completed timer checkpoint is not released before completion is verified
  ---
  duration_ms: 1.023125
  type: 'test'
  ...
# Subtest: concurrent Finish handoffs share one timer checkpoint and one completion result
ok 213 - concurrent Finish handoffs share one timer checkpoint and one completion result
  ---
  duration_ms: 1.25075
  type: 'test'
  ...
# Subtest: missing persisted timer on resume is a typed application recovery failure
ok 214 - missing persisted timer on resume is a typed application recovery failure
  ---
  duration_ms: 0.472833
  type: 'test'
  ...
# Subtest: resume repairs a durable timer checkpoint that precedes the session aggregate
ok 215 - resume repairs a durable timer checkpoint that precedes the session aggregate
  ---
  duration_ms: 0.697833
  type: 'test'
  ...
# Subtest: repeated resume of a repaired timer does not write another session checkpoint
ok 216 - repeated resume of a repaired timer does not write another session checkpoint
  ---
  duration_ms: 0.648833
  type: 'test'
  ...
# Subtest: resume rejects a durable timer checkpoint that is behind the session aggregate
ok 217 - resume rejects a durable timer checkpoint that is behind the session aggregate
  ---
  duration_ms: 0.721083
  type: 'test'
  ...
# Subtest: a failed durable timer repair remains a blocking recovery error
ok 218 - a failed durable timer repair remains a blocking recovery error
  ---
  duration_ms: 3.282375
  type: 'test'
  ...
# Subtest: injected audit clock drives normal scheduling and both due retention outcomes without storage mutation
ok 219 - injected audit clock drives normal scheduling and both due retention outcomes without storage mutation
  ---
  duration_ms: 7.763458
  type: 'test'
  ...
# Subtest: injected audit clock rejects an advance outside the ISO date range without changing its offset
ok 220 - injected audit clock rejects an advance outside the ISO date range without changing its offset
  ---
  duration_ms: 1.345125
  type: 'test'
  ...
# Subtest: passive runtime selectors are attached to visible content rather than containers with interactive descendants
ok 221 - passive runtime selectors are attached to visible content rather than containers with interactive descendants
  ---
  duration_ms: 5.862667
  type: 'test'
  ...
# Subtest: active-session resume uses the single recommendation card and a separate continue control
ok 222 - active-session resume uses the single recommendation card and a separate continue control
  ---
  duration_ms: 7.898875
  type: 'test'
  ...
# Subtest: Home uses the approved compact presentation without changing recommendation ownership
ok 223 - Home uses the approved compact presentation without changing recommendation ownership
  ---
  duration_ms: 1.896542
  type: 'test'
  ...
# Subtest: progress, simulation, and simulation summary selectors use canonical identities
ok 224 - progress, simulation, and simulation summary selectors use canonical identities
  ---
  duration_ms: 34.727542
  type: 'test'
  ...
# Subtest: configuration snapshot is validated, frozen, and preserved for deterministic resume
ok 225 - configuration snapshot is validated, frozen, and preserved for deterministic resume
  ---
  duration_ms: 8.450167
  type: 'test'
  ...
# Subtest: resume rejects a different mode or durable item and option plan
ok 226 - resume rejects a different mode or durable item and option plan
  ---
  duration_ms: 2.265958
  type: 'test'
  ...
# Subtest: content validation rejects missing, duplicate, and unknown durable option IDs
ok 227 - content validation rejects missing, duplicate, and unknown durable option IDs
  ---
  duration_ms: 1.616208
  type: 'test'
  ...
# Subtest: durable progress hydrates prior attempts and the answered current item in plan order
ok 228 - durable progress hydrates prior attempts and the answered current item in plan order
  ---
  duration_ms: 1.464125
  type: 'test'
  ...
# Subtest: duplicate exact content items are distinct through immutable occurrence identities
ok 229 - duplicate exact content items are distinct through immutable occurrence identities
  ---
  duration_ms: 0.758208
  type: 'test'
  ...
# Subtest: foreground accumulation persists only the supplied active interval
ok 230 - foreground accumulation persists only the supplied active interval
  ---
  duration_ms: 0.424667
  type: 'test'
  ...
# Subtest: start failure rejects without exposing a session
ok 231 - start failure rejects without exposing a session
  ---
  duration_ms: 0.474292
  type: 'test'
  ...
# Subtest: a new session is not returned before its durable write resolves
ok 232 - a new session is not returned before its durable write resolves
  ---
  duration_ms: 0.282791
  type: 'test'
  ...
# Subtest: advance failure rejects and cannot expose the next position
ok 233 - advance failure rejects and cannot expose the next position
  ---
  duration_ms: 0.863958
  type: 'test'
  ...
# Subtest: runtime-audit parser recognizes only documented reset and clock-advance commands
ok 234 - runtime-audit parser recognizes only documented reset and clock-advance commands
  ---
  duration_ms: 5.48125
  type: 'test'
  ...
# Subtest: unsupported and malformed runtime-audit URLs do not invoke reset
ok 235 - unsupported and malformed runtime-audit URLs do not invoke reset
  ---
  duration_ms: 0.485333
  type: 'test'
  ...
# Subtest: runtime-audit reset is unavailable in production and reaches only the lifecycle facade in development
ok 236 - runtime-audit reset is unavailable in production and reaches only the lifecycle facade in development
  ---
  duration_ms: 0.504917
  type: 'test'
  ...
# Subtest: development reset still restores a clean baseline when an interrupted journal cannot recover
ok 237 - development reset still restores a clean baseline when an interrupted journal cannot recover
  ---
  duration_ms: 2.091584
  type: 'test'
  ...
# Subtest: start resolves the exact family and exposes its first item only after active-session verification
ok 238 - start resolves the exact family and exposes its first item only after active-session verification
  ---
  duration_ms: 8.673334
  type: 'test'
  ...
# Subtest: start fails explicitly when the session identity authority fails
ok 239 - start fails explicitly when the session identity authority fails
  ---
  duration_ms: 1.411709
  type: 'test'
  ...
# Subtest: one active session and unknown identifiers fail explicitly without a substitute
ok 240 - one active session and unknown identifiers fail explicitly without a substitute
  ---
  duration_ms: 0.811125
  type: 'test'
  ...
# Subtest: missing track content blocks preparation and start without selecting another track or mutating a session
ok 241 - missing track content blocks preparation and start without selecting another track or mutating a session
  ---
  duration_ms: 0.902375
  type: 'test'
  ...
# Subtest: a prepared or active session with a mismatched artifact identity is never persisted or resumed
ok 242 - a prepared or active session with a mismatched artifact identity is never persisted or resumed
  ---
  duration_ms: 1.09125
  type: 'test'
  ...
# Subtest: runtime resolution rejects an unknown or mismatched family without substituting another runtime
ok 243 - runtime resolution rejects an unknown or mismatched family without substituting another runtime
  ---
  duration_ms: 1.499
  type: 'test'
  ...
# Subtest: practice response is handed to the family runtime and only its deterministic outcome reaches the coordinator
ok 244 - practice response is handed to the family runtime and only its deterministic outcome reaches the coordinator
  ---
  duration_ms: 2.177625
  type: 'test'
  ...
# Subtest: submitting the final practice occurrence materializes feedback without completing the session
ok 245 - submitting the final practice occurrence materializes feedback without completing the session
  ---
  duration_ms: 1.274375
  type: 'test'
  ...
# Subtest: a non-submit durable journal requires recovery before practice can accept another answer
ok 246 - a non-submit durable journal requires recovery before practice can accept another answer
  ---
  duration_ms: 2.959083
  type: 'test'
  ...
# Subtest: reconstruction restores feedback when the current practice occurrence already has a materialized attempt
ok 247 - reconstruction restores feedback when the current practice occurrence already has a materialized attempt
  ---
  duration_ms: 1.588708
  type: 'test'
  ...
# Subtest: advance verifies the new durable position and no active-session command defaults
ok 248 - advance verifies the new durable position and no active-session command defaults
  ---
  duration_ms: 1.72825
  type: 'test'
  ...
# Subtest: simulation finalization withholds summary until a canonical completed result exists
ok 249 - simulation finalization withholds summary until a canonical completed result exists
  ---
  duration_ms: 1.074917
  type: 'test'
  ...
# Subtest: practice completion retries only a non-durable Finish and returns one verified result
ok 250 - practice completion retries only a non-durable Finish and returns one verified result
  ---
  duration_ms: 1.99375
  type: 'test'
  ...
# Subtest: exact completion recovery supports every durable phase without an active pointer
ok 251 - exact completion recovery supports every durable phase without an active pointer
  ---
  duration_ms: 1.907042
  type: 'test'
  ...
# Subtest: completion recovery rejects mismatched ownership and unverified terminal facts
ok 252 - completion recovery rejects mismatched ownership and unverified terminal facts
  ---
  duration_ms: 1.430375
  type: 'test'
  ...
# Subtest: abandonment removes resumability and history excludes abandoned sessions while committed records are untouched
ok 253 - abandonment removes resumability and history excludes abandoned sessions while committed records are untouched
  ---
  duration_ms: 1.222041
  type: 'test'
  ...
# Subtest: expected abandonment recovery replays only the exact matching journal and verifies terminal facts
ok 254 - expected abandonment recovery replays only the exact matching journal and verifies terminal facts
  ---
  duration_ms: 0.769166
  type: 'test'
  ...
# Subtest: expected abandonment recovery rejects mismatched journals and accepts only already-terminal facts without replay
ok 255 - expected abandonment recovery rejects mismatched journals and accepts only already-terminal facts without replay
  ---
  duration_ms: 0.873084
  type: 'test'
  ...
# Subtest: recovery, reset, family queries, resume, and draft commands remain application entry points
ok 256 - recovery, reset, family queries, resume, and draft commands remain application entry points
  ---
  duration_ms: 5.473084
  type: 'test'
  ...
# Subtest: dashboard receives the active session only when it belongs to the queried track
ok 257 - dashboard receives the active session only when it belongs to the queried track
  ---
  duration_ms: 1.126084
  type: 'test'
  ...
# Subtest: an expired absolute-deadline simulation finalizes once before it can be resumed
ok 258 - an expired absolute-deadline simulation finalizes once before it can be resumed
  ---
  duration_ms: 8.588709
  type: 'test'
  ...
# Subtest: manual finalization and expiry share one durable simulation finalization
ok 259 - manual finalization and expiry share one durable simulation finalization
  ---
  duration_ms: 1.411875
  type: 'test'
  ...
# Subtest: Metro transforms SVG sources into React Native components
ok 260 - Metro transforms SVG sources into React Native components
  ---
  duration_ms: 1.619166
  type: 'test'
  ...
# Subtest: Patternly mark SVG family stays deterministic and raster-free
ok 261 - Patternly mark SVG family stays deterministic and raster-free
  ---
  duration_ms: 5.90175
  type: 'test'
  ...
# Subtest: launcher source and generated assets are present
ok 262 - launcher source and generated assets are present
  ---
  duration_ms: 2.197667
  type: 'test'
  ...
# Subtest: Expo points to the canonical Patternly launcher assets
ok 263 - Expo points to the canonical Patternly launcher assets
  ---
  duration_ms: 0.763625
  type: 'test'
  ...
# Subtest: route ambient layer is the default shared background for every Screen
ok 264 - route ambient layer is the default shared background for every Screen
  ---
  duration_ms: 5.165166
  type: 'test'
  ...
# Subtest: ambient keeps randomized routes and signals without rectangular glow layers
ok 265 - ambient keeps randomized routes and signals without rectangular glow layers
  ---
  duration_ms: 1.417083
  type: 'test'
  ...
# Subtest: shared visual effects have one theme-token owner
ok 266 - shared visual effects have one theme-token owner
  ---
  duration_ms: 55.764208
  type: 'test'
  ...
# Subtest: screens and components resolve colors exclusively through the active theme
ok 267 - screens and components resolve colors exclusively through the active theme
  ---
  duration_ms: 17.785667
  type: 'test'
  ...
# Subtest: all branded navigation headers use the one AppShellHeader path
ok 268 - all branded navigation headers use the one AppShellHeader path
  ---
  duration_ms: 34.553583
  type: 'test'
  ...
# Subtest: answer review pending uses the shared review shell anatomy without fabricated values
ok 269 - answer review pending uses the shared review shell anatomy without fabricated values
  ---
  duration_ms: 0.969208
  type: 'test'
  ...
# Subtest: route coverage has one native or inline shell owner and preserves active-session specialization
ok 270 - route coverage has one native or inline shell owner and preserves active-session specialization
  ---
  duration_ms: 5.536917
  type: 'test'
  ...
# Subtest: the headerless practice route owns every Algorithms and Certification render branch
ok 271 - the headerless practice route owns every Algorithms and Certification render branch
  ---
  duration_ms: 1.649208
  type: 'test'
  ...
# Subtest: the shared header owns accessible back geometry and long-copy reflow without navigation fallback
ok 272 - the shared header owns accessible back geometry and long-copy reflow without navigation fallback
  ---
  duration_ms: 3.785834
  type: 'test'
  ...
# Subtest: Screen and SessionShell remain the only general and active-session page owners
ok 273 - Screen and SessionShell remain the only general and active-session page owners
  ---
  duration_ms: 16.576792
  type: 'test'
  ...
# Subtest: representative Home, Settings, setup, session, and result routes keep canonical ownership
ok 274 - representative Home, Settings, setup, session, and result routes keep canonical ownership
  ---
  duration_ms: 5.242958
  type: 'test'
  ...
# Subtest: Progress follows the current Figma section copy and 200% text contract
ok 275 - Progress follows the current Figma section copy and 200% text contract
  ---
  duration_ms: 1.427375
  type: 'test'
  ...
# Subtest: Activity rows preserve the variable-height Figma copy at large text
ok 276 - Activity rows preserve the variable-height Figma copy at large text
  ---
  duration_ms: 0.433208
  type: 'test'
  ...
# Subtest: simulation review owns the Figma review shell and keeps navigator outcomes explicit
ok 277 - simulation review owns the Figma review shell and keeps navigator outcomes explicit
  ---
  duration_ms: 1.226458
  type: 'test'
  ...
# Subtest: answer review uses the shared Figma review shell and preserves review marking
ok 278 - answer review uses the shared Figma review shell and preserves review marking
  ---
  duration_ms: 1.461
  type: 'test'
  ...
# Subtest: simulation active shell uses the Figma question and action-footer variant
ok 279 - simulation active shell uses the Figma question and action-footer variant
  ---
  duration_ms: 1.4105
  type: 'test'
  ...
# Subtest: Practice setup keeps one canonical back action and recovery copy names learner-visible consequences
ok 280 - Practice setup keeps one canonical back action and recovery copy names learner-visible consequences
  ---
  duration_ms: 2.822584
  type: 'test'
  ...
# Subtest: Claude Free node completes ten authored answers with exact result and review identity
ok 281 - Claude Free node completes ten authored answers with exact result and review identity
  ---
  duration_ms: 240.853916
  type: 'test'
  ...
# Subtest: PKG-04A adapts each verified package into a closed family-local catalog/profile
ok 282 - PKG-04A adapts each verified package into a closed family-local catalog/profile
  ---
  duration_ms: 203.594417
  type: 'test'
  ...
# Subtest: PKG-04A package catalogs are accepted by family runtimes only for their closed profile paths
ok 283 - PKG-04A package catalogs are accepted by family runtimes only for their closed profile paths
  ---
  duration_ms: 119.197
  type: 'test'
  ...
# Subtest: PKG-04A adapter owns nested item and policy values
ok 284 - PKG-04A adapter owns nested item and policy values
  ---
  duration_ms: 54.192458
  type: 'test'
  ...
# Subtest: PKG-04A adapter has no whole-track catalog dependency
ok 285 - PKG-04A adapter has no whole-track catalog dependency
  ---
  duration_ms: 2.788333
  type: 'test'
  ...
# Subtest: retained Certification pins remain exact-resolvable for active sessions and results
ok 286 - retained Certification pins remain exact-resolvable for active sessions and results
  ---
  duration_ms: 57.454708
  type: 'test'
  ...
# Subtest: CONTENT-PACKAGE-RESOLVER-001 verifies exact bundled node packages and resolves only closed profile modes
ok 287 - CONTENT-PACKAGE-RESOLVER-001 verifies exact bundled node packages and resolves only closed profile modes
  ---
  duration_ms: 1529.4465
  type: 'test'
  ...
# Subtest: PKG-04A node adapter verifies both generated packages through the production runtime contract
ok 288 - PKG-04A node adapter verifies both generated packages through the production runtime contract
  ---
  duration_ms: 116.917166
  type: 'test'
  ...
# Subtest: PKG-04A package runtime rejects non-canonical base64 and malformed UTF-8
ok 289 - PKG-04A package runtime rejects non-canonical base64 and malformed UTF-8
  ---
  duration_ms: 0.575542
  type: 'test'
  ...
# Subtest: PKG-04A resolver closes non-canonical payload base64 as a payload error
ok 290 - PKG-04A resolver closes non-canonical payload base64 as a payload error
  ---
  duration_ms: 1.020458
  type: 'test'
  ...
# Subtest: PKG-04A resolver closes malformed UTF-8 as a payload error
ok 291 - PKG-04A resolver closes malformed UTF-8 as a payload error
  ---
  duration_ms: 2.172375
  type: 'test'
  ...
# Subtest: PKG-04A native runtime uses Expo Crypto and pure-JS gzip without Node built-ins
ok 292 - PKG-04A native runtime uses Expo Crypto and pure-JS gzip without Node built-ins
  ---
  duration_ms: 0.740625
  type: 'test'
  ...
# Subtest: PKG-04A makes exact package pins and closed profiles the only runtime content authority
ok 293 - PKG-04A makes exact package pins and closed profiles the only runtime content authority
  ---
  duration_ms: 1079.403709
  type: 'test'
  ...
# Subtest: Free Practice entry points use the approved primary modes and never route to excluded package modes
ok 294 - Free Practice entry points use the approved primary modes and never route to excluded package modes
  ---
  duration_ms: 1.230833
  type: 'test'
  ...
# Subtest: package-backed Algorithms discovery never recommends an excluded whole-track mode
ok 295 - package-backed Algorithms discovery never recommends an excluded whole-track mode
  ---
  duration_ms: 527.287583
  type: 'test'
  ...
# Subtest: all launch tracks resolve an exact Free package and prepare through their canonical family runtime
ok 296 - all launch tracks resolve an exact Free package and prepare through their canonical family runtime
  ---
  duration_ms: 1485.2465
  type: 'test'
  ...
# Subtest: every bundled Free-node package exactly matches its producer artifact and release lock
ok 297 - every bundled Free-node package exactly matches its producer artifact and release lock
  ---
  duration_ms: 1270.883709
  type: 'test'
  ...
# Subtest: the retained GCP package resolves only by its exact old pin while discovery stays on current bytes
ok 298 - the retained GCP package resolves only by its exact old pin while discovery stays on current bytes
  ---
  duration_ms: 340.234583
  type: 'test'
  ...
# Subtest: CI reads the current per-artifact content lock instead of retired aggregate lock fields
ok 299 - CI reads the current per-artifact content lock instead of retired aggregate lock fields
  ---
  duration_ms: 8.181958
  type: 'test'
  ...
# Subtest: internal density harness pins complete canonical launch content-brief descriptors
ok 300 - internal density harness pins complete canonical launch content-brief descriptors
  ---
  duration_ms: 298.028584
  type: 'test'
  ...
# Subtest: density harness rejects missing, duplicate, and incomplete descriptors
ok 301 - density harness rejects missing, duplicate, and incomplete descriptors
  ---
  duration_ms: 1.289833
  type: 'test'
  ...
# Subtest: production admission remains closed until exact immutable Free-node package evidence exists
ok 302 - production admission remains closed until exact immutable Free-node package evidence exists
  ---
  duration_ms: 1034.781667
  type: 'test'
  ...
# Subtest: admission evaluator rejects missing and orphan artifact evidence instead of admitting it
ok 303 - admission evaluator rejects missing and orphan artifact evidence instead of admitting it
  ---
  duration_ms: 1.561709
  type: 'test'
  ...
# Subtest: package admission rejects tampered bytes or extracted profile modes without affecting the other track
ok 304 - package admission rejects tampered bytes or extracted profile modes without affecting the other track
  ---
  duration_ms: 6.760875
  type: 'test'
  ...
# Subtest: a new family carries payload, response, result, and evidence without a global union
ok 305 - a new family carries payload, response, result, and evidence without a global union
  ---
  duration_ms: 10.515667
  type: 'test'
  ...
# Subtest: kernel accepts open track ids and enforces canonical session invariants
ok 306 - kernel accepts open track ids and enforces canonical session invariants
  ---
  duration_ms: 6.303167
  type: 'test'
  ...
# Subtest: attempt result constructor enforces kind, range, and component totals
ok 307 - attempt result constructor enforces kind, range, and component totals
  ---
  duration_ms: 0.736041
  type: 'test'
  ...
# Subtest: attempt, evidence, reasons, and learning evidence stay family neutral
ok 308 - attempt, evidence, reasons, and learning evidence stay family neutral
  ---
  duration_ms: 0.475625
  type: 'test'
  ...
# Subtest: lifecycle record guards and completed-result coverage are explicit
ok 309 - lifecycle record guards and completed-result coverage are explicit
  ---
  duration_ms: 0.5785
  type: 'test'
  ...
# Subtest: registry resolves current tracks in canonical launch order without a default
ok 310 - registry resolves current tracks in canonical launch order without a default
  ---
  duration_ms: 4.831792
  type: 'test'
  ...
# Subtest: a new track and family register without modifying the learning kernel
ok 311 - a new track and family register without modifying the learning kernel
  ---
  duration_ms: 0.353625
  type: 'test'
  ...
# Subtest: incorrect and partial attempts create remediation entries with source and taxonomy evidence
ok 312 - incorrect and partial attempts create remediation entries with source and taxonomy evidence
  ---
  duration_ms: 38.518958
  type: 'test'
  ...
# Subtest: correct Algorithms attempt creates scheduled retrieval while correct Certification attempt creates none
ok 313 - correct Algorithms attempt creates scheduled retrieval while correct Certification attempt creates none
  ---
  duration_ms: 3.049833
  type: 'test'
  ...
# Subtest: review transition counts only after due, resets on incorrect and partial, and resolves after two eligible successes
ok 314 - review transition counts only after due, resets on incorrect and partial, and resolves after two eligible successes
  ---
  duration_ms: 1.033125
  type: 'test'
  ...
# Subtest: same-session correction does not resolve persistent review and only canonical reasons exist
ok 315 - same-session correction does not resolve persistent review and only canonical reasons exist
  ---
  duration_ms: 0.395375
  type: 'test'
  ...
# Subtest: ordinary Algorithms practice cannot resolve persistent review after due
ok 316 - ordinary Algorithms practice cannot resolve persistent review after due
  ---
  duration_ms: 0.241
  type: 'test'
  ...
# Subtest: session creation preserves requested and actual lengths, immutable item order, option order, and no response
ok 317 - session creation preserves requested and actual lengths, immutable item order, option order, and no response
  ---
  duration_ms: 5.525375
  type: 'test'
  ...
# Subtest: active session advances and persisted current position resumes deterministically
ok 318 - active session advances and persisted current position resumes deterministically
  ---
  duration_ms: 0.829125
  type: 'test'
  ...
# Subtest: session supports valid direct navigation but rejects an invalid item index
ok 319 - session supports valid direct navigation but rejects an invalid item index
  ---
  duration_ms: 0.931333
  type: 'test'
  ...
# Subtest: completion fixes position at the final item and cannot advance
ok 320 - completion fixes position at the final item and cannot advance
  ---
  duration_ms: 11.634542
  type: 'test'
  ...
# Subtest: abandonment preserves committed position and cannot advance
ok 321 - abandonment preserves committed position and cannot advance
  ---
  duration_ms: 0.57225
  type: 'test'
  ...
# Subtest: session rejects mismatched track, content version, duplicate references, and invalid completion position
ok 322 - session rejects mismatched track, content version, duplicate references, and invalid completion position
  ---
  duration_ms: 0.530042
  type: 'test'
  ...
# Subtest: Independent Practice uses one declared scope, supports ten or twenty items, and never substitutes a scope
ok 323 - Independent Practice uses one declared scope, supports ten or twenty items, and never substitutes a scope
  ---
  duration_ms: 649.509584
  type: 'test'
  ...
# Subtest: Certification Diagnostic Baseline uses its immutable 40-item blueprint and rejects selectors
ok 324 - Certification Diagnostic Baseline uses its immutable 40-item blueprint and rejects selectors
  ---
  duration_ms: 247.937417
  type: 'test'
  ...
# Subtest: Certification Focus Practice requires its package domain and never fills from a sibling domain
ok 325 - Certification Focus Practice requires its package domain and never fills from a sibling domain
  ---
  duration_ms: 199.240083
  type: 'test'
  ...
# Subtest: Certification Scenario Practice requires a competency and never widens its approved scenario scope
ok 326 - Certification Scenario Practice requires a competency and never widens its approved scenario scope
  ---
  duration_ms: 195.518417
  type: 'test'
  ...
# Subtest: Certification Weak Area Review selects exact-package due evidence and resolves after two due successes
ok 327 - Certification Weak Area Review selects exact-package due evidence and resolves after two due successes
  ---
  duration_ms: 240.278209
  type: 'test'
  ...
# Subtest: Certification Mixed Practice uses a deterministic unique interleaved blueprint and may shorten only within it
ok 328 - Certification Mixed Practice uses a deterministic unique interleaved blueprint and may shorten only within it
  ---
  duration_ms: 313.222041
  type: 'test'
  ...
# Subtest: Certification Quick Review selects at most ten exact-package current due items without substitution
ok 329 - Certification Quick Review selects at most ten exact-package current due items without substitution
  ---
  duration_ms: 219.514084
  type: 'test'
  ...
# Subtest: runtime admission proves exact package resolution and one valid lifecycle step for all launch tracks
ok 330 - runtime admission proves exact package resolution and one valid lifecycle step for all launch tracks
  ---
  duration_ms: 897.353375
  type: 'test'
  ...
# Subtest: analytics derives exam trend, raw score summaries, domain performance, and weak tags
ok 331 - analytics derives exam trend, raw score summaries, domain performance, and weak tags
  ---
  duration_ms: 4.827292
  type: 'test'
  ...
# Subtest: analytics empty state is explicit and exposes no confidence, readiness, retention, mastery, or pass-rate signal
ok 332 - analytics empty state is explicit and exposes no confidence, readiness, retention, mastery, or pass-rate signal
  ---
  duration_ms: 2.223875
  type: 'test'
  ...
# Subtest: a request change makes an in-flight interval refresh stale before publication
ok 333 - a request change makes an in-flight interval refresh stale before publication
  ---
  duration_ms: 4.042125
  type: 'test'
  ...
# Subtest: a newer same-request refresh wins over an older success
ok 334 - a newer same-request refresh wins over an older success
  ---
  duration_ms: 0.462167
  type: 'test'
  ...
# Subtest: slow overlapping interval reads keep publishing when they complete in order
ok 335 - slow overlapping interval reads keep publishing when they complete in order
  ---
  duration_ms: 0.375375
  type: 'test'
  ...
# Subtest: a newer successful refresh suppresses an older error
ok 336 - a newer successful refresh suppresses an older error
  ---
  duration_ms: 0.413458
  type: 'test'
  ...
# Subtest: a newer successful refresh suppresses an older expiry
ok 337 - a newer successful refresh suppresses an older expiry
  ---
  duration_ms: 0.15675
  type: 'test'
  ...
# Subtest: a newer same-request rejection wins over an older success
ok 338 - a newer same-request rejection wins over an older success
  ---
  duration_ms: 0.24525
  type: 'test'
  ...
# Subtest: a newer same-request expiry wins over an older success
ok 339 - a newer same-request expiry wins over an older success
  ---
  duration_ms: 0.452333
  type: 'test'
  ...
# Subtest: unmount cleanup invalidates an in-flight expiry read before publication
ok 340 - unmount cleanup invalidates an in-flight expiry read before publication
  ---
  duration_ms: 0.356917
  type: 'test'
  ...
# Subtest: request change during start-on-miss prevents starting or rereading a replacement exam
ok 341 - request change during start-on-miss prevents starting or rereading a replacement exam
  ---
  duration_ms: 0.711792
  type: 'test'
  ...
# Subtest: unmount cleanup during start-on-miss prevents the after-start interval read
ok 342 - unmount cleanup during start-on-miss prevents the after-start interval read
  ---
  duration_ms: 0.970334
  type: 'test'
  ...
# Subtest: current start-on-miss refreshes after the new exam is started
ok 343 - current start-on-miss refreshes after the new exam is started
  ---
  duration_ms: 0.277166
  type: 'test'
  ...
# Subtest: request change during expected resume prevents the old session from publishing
ok 344 - request change during expected resume prevents the old session from publishing
  ---
  duration_ms: 0.327209
  type: 'test'
  ...
# Subtest: the current expiry outcome carries its session id for guarded navigation
ok 345 - the current expiry outcome carries its session id for guarded navigation
  ---
  duration_ms: 0.291125
  type: 'test'
  ...
# Subtest: opaque result evidence preserves all answered outcomes including partial credit
ok 346 - opaque result evidence preserves all answered outcomes including partial credit
  ---
  duration_ms: 3.437584
  type: 'test'
  ...
# Subtest: missing, malformed and inconsistent evidence does not invent zero scores
ok 347 - missing, malformed and inconsistent evidence does not invent zero scores
  ---
  duration_ms: 0.300291
  type: 'test'
  ...
# Subtest: a real zero and an absent abandoned score remain distinct
ok 348 - a real zero and an absent abandoned score remain distinct
  ---
  duration_ms: 0.326958
  type: 'test'
  ...
# Subtest: invalid points stay unavailable without clamping
ok 349 - invalid points stay unavailable without clamping
  ---
  duration_ms: 1.811958
  type: 'test'
  ...
# Subtest: exact historical maximum corrects display without mutating durable evidence
ok 350 - exact historical maximum corrects display without mutating durable evidence
  ---
  duration_ms: 0.399458
  type: 'test'
  ...
# Subtest: goal cadence is a reachable root route backed by the canonical repository
ok 351 - goal cadence is a reachable root route backed by the canonical repository
  ---
  duration_ms: 2.542583
  type: 'test'
  ...
# Subtest: Progress owns the goal entry point for the active track
ok 352 - Progress owns the goal entry point for the active track
  ---
  duration_ms: 0.295166
  type: 'test'
  ...
# Subtest: active goal summary only exposes Save while editing
ok 353 - active goal summary only exposes Save while editing
  ---
  duration_ms: 5.27625
  type: 'test'
  ...
# Subtest: goal loading keeps its back action separate from the busy content announcement
ok 354 - goal loading keeps its back action separate from the busy content announcement
  ---
  duration_ms: 0.380333
  type: 'test'
  ...
# Subtest: goal templates are sourced from every canonical track descriptor
ok 355 - goal templates are sourced from every canonical track descriptor
  ---
  duration_ms: 4.299917
  type: 'test'
  ...
# Subtest: default goal is valid and keeps optional date unset
ok 356 - default goal is valid and keeps optional date unset
  ---
  duration_ms: 0.608792
  type: 'test'
  ...
# Subtest: goal persistence guard rejects invalid cadence, date, track template, and extra fields
ok 357 - goal persistence guard rejects invalid cadence, date, track template, and extra fields
  ---
  duration_ms: 0.577959
  type: 'test'
  ...
# Subtest: goal repository persists one canonical record per track
ok 358 - goal repository persists one canonical record per track
  ---
  duration_ms: 0.913875
  type: 'test'
  ...
# Subtest: choosing the first track reloads Home data for that selected track
ok 359 - choosing the first track reloads Home data for that selected track
  ---
  duration_ms: 2.117083
  type: 'test'
  ...
# Subtest: a failed Home shell read keeps the learner in a retryable state on the canonical load path
ok 360 - a failed Home shell read keeps the learner in a retryable state on the canonical load path
  ---
  duration_ms: 0.415459
  type: 'test'
  ...
# Subtest: Home focus retries only eligible pending account data and clears route tab suppression on local navigation
ok 361 - Home focus retries only eligible pending account data and clears route tab suppression on local navigation
  ---
  duration_ms: 0.592
  type: 'test'
  ...
# Subtest: the first Home visit replaces repeated empty metrics with one honest next-step state
ok 362 - the first Home visit replaces repeated empty metrics with one honest next-step state
  ---
  duration_ms: 0.572917
  type: 'test'
  ...
# Subtest: Home stacks quiet-layered context and decision metadata at large text sizes
ok 363 - Home stacks quiet-layered context and decision metadata at large text sizes
  ---
  duration_ms: 1.825584
  type: 'test'
  ...
# Subtest: track selection turns an active-track read rejection into an explicit retryable unavailable state
ok 364 - track selection turns an active-track read rejection into an explicit retryable unavailable state
  ---
  duration_ms: 3.134333
  type: 'test'
  ...
# Subtest: track selection retains the local choice and offers the same command again after a save rejection
ok 365 - track selection retains the local choice and offers the same command again after a save rejection
  ---
  duration_ms: 0.463083
  type: 'test'
  ...
# Subtest: track selection stacks dense rows and actions instead of clipping large text
ok 366 - track selection stacks dense rows and actions instead of clipping large text
  ---
  duration_ms: 2.236792
  type: 'test'
  ...
# Subtest: Algorithms bootstrap accepts a reachable large-text control without requiring full card visibility
ok 367 - Algorithms bootstrap accepts a reachable large-text control without requiring full card visibility
  ---
  duration_ms: 0.255083
  type: 'test'
  ...
# Subtest: track cards use the canonical Figma icon mapping for every active track
ok 368 - track cards use the canonical Figma icon mapping for every active track
  ---
  duration_ms: 0.448666
  type: 'test'
  ...
# Subtest: track selection mirrors the Figma returning and switching footer states
ok 369 - track selection mirrors the Figma returning and switching footer states
  ---
  duration_ms: 14.761542
  type: 'test'
  ...
# Subtest: Activity groups durable terminal sessions and keeps the row projection truthful
ok 370 - Activity groups durable terminal sessions and keeps the row projection truthful
  ---
  duration_ms: 75.481084
  type: 'test'
  ...
# Subtest: Activity identifies an absolute-deadline completion without relabeling manual abandonment
ok 371 - Activity identifies an absolute-deadline completion without relabeling manual abandonment
  ---
  duration_ms: 0.52875
  type: 'test'
  ...
# Subtest: Activity track filter returns only records for the selected canonical track
ok 372 - Activity track filter returns only records for the selected canonical track
  ---
  duration_ms: 0.311
  type: 'test'
  ...
# Subtest: Algorithms dashboard prioritizes due review and provides a complete review action
ok 373 - Algorithms dashboard prioritizes due review and provides a complete review action
  ---
  duration_ms: 5.020959
  type: 'test'
  ...
# Subtest: Algorithms dashboard prioritizes repeated mistakes after overdue review and keeps its action explicit
ok 374 - Algorithms dashboard prioritizes repeated mistakes after overdue review and keeps its action explicit
  ---
  duration_ms: 0.579125
  type: 'test'
  ...
# Subtest: Algorithms dashboard turns bounded evidence into a scoped guided-practice action
ok 375 - Algorithms dashboard turns bounded evidence into a scoped guided-practice action
  ---
  duration_ms: 0.598959
  type: 'test'
  ...
# Subtest: Algorithms dashboard exposes the exact active session as a resume action
ok 376 - Algorithms dashboard exposes the exact active session as a resume action
  ---
  duration_ms: 0.460375
  type: 'test'
  ...
# Subtest: Home recommendation icons follow the Figma ready, review-due, and active-session variants
ok 377 - Home recommendation icons follow the Figma ready, review-due, and active-session variants
  ---
  duration_ms: 1279.64375
  type: 'test'
  ...
# Subtest: Algorithms dashboard starts recognition only with its one declared set
ok 378 - Algorithms dashboard starts recognition only with its one declared set
  ---
  duration_ms: 1.398791
  type: 'test'
  ...
# Subtest: Algorithms dashboard requires an explicit contrast or independent-practice scope
ok 379 - Algorithms dashboard requires an explicit contrast or independent-practice scope
  ---
  duration_ms: 1.008792
  type: 'test'
  ...
# Subtest: active session stays ahead of every later recommendation condition
ok 380 - active session stays ahead of every later recommendation condition
  ---
  duration_ms: 0.316792
  type: 'test'
  ...
# Subtest: Home disables an incomplete recommendation action instead of choosing a scope
ok 381 - Home disables an incomplete recommendation action instead of choosing a scope
  ---
  duration_ms: 442.308917
  type: 'test'
  ...
# Subtest: Home projection exposes a stable empty-state focus without inventing evidence
ok 382 - Home projection exposes a stable empty-state focus without inventing evidence
  ---
  duration_ms: 1368.868833
  type: 'test'
  ...
# Subtest: Home prioritizes one exact ordinary Certification resume action and excludes exam or cross-track sessions
ok 383 - Home prioritizes one exact ordinary Certification resume action and excludes exam or cross-track sessions
  ---
  duration_ms: 431.477166
  type: 'test'
  ...
# Subtest: Progress tab projects Certification empty state and due review availability
ok 384 - Progress tab projects Certification empty state and due review availability
  ---
  duration_ms: 4.056375
  type: 'test'
  ...
# Subtest: Progress tab has an explicit empty projection for every installed launch package
ok 385 - Progress tab has an explicit empty projection for every installed launch package
  ---
  duration_ms: 424.742417
  type: 'test'
  ...
# Subtest: Progress projection rejects an unknown track instead of selecting a default
ok 386 - Progress projection rejects an unknown track instead of selecting a default
  ---
  duration_ms: 0.73525
  type: 'test'
  ...
# Subtest: Algorithms Progress first use states the evidence limit and offers one useful start action
ok 387 - Algorithms Progress first use states the evidence limit and offers one useful start action
  ---
  duration_ms: 492.84075
  type: 'test'
  ...
# Subtest: Algorithms Progress keeps due review evidence honest and recommendations overridable
ok 388 - Algorithms Progress keeps due review evidence honest and recommendations overridable
  ---
  duration_ms: 229.248958
  type: 'test'
  ...
# Subtest: Progress activity is nested, date-grouped, and limited to the active content package
ok 389 - Progress activity is nested, date-grouped, and limited to the active content package
  ---
  duration_ms: 179.512
  type: 'test'
  ...
# Subtest: Algorithms Progress derives a deterministic continuation from recorded evidence
ok 390 - Algorithms Progress derives a deterministic continuation from recorded evidence
  ---
  duration_ms: 191.685
  type: 'test'
  ...
# Subtest: Algorithms Progress excludes due review from a stale content bank
ok 391 - Algorithms Progress excludes due review from a stale content bank
  ---
  duration_ms: 225.050041
  type: 'test'
  ...
# Subtest: Algorithms Progress ignores same-version evidence from another exact content package
ok 392 - Algorithms Progress ignores same-version evidence from another exact content package
  ---
  duration_ms: 172.520125
  type: 'test'
  ...
# Subtest: Algorithms Progress keeps due review copy scoped to the bundled package Free node
ok 393 - Algorithms Progress keeps due review copy scoped to the bundled package Free node
  ---
  duration_ms: 214.343291
  type: 'test'
  ...
# Subtest: Algorithms Progress maps Figma evidence states to recorded attempts only
ok 394 - Algorithms Progress maps Figma evidence states to recorded attempts only
  ---
  duration_ms: 220.706709
  type: 'test'
  ...
# Subtest: track evidence rows stay informational while local show-more behavior remains
ok 395 - track evidence rows stay informational while local show-more behavior remains
  ---
  duration_ms: 1.720958
  type: 'test'
  ...
# Subtest: syntax tokenizer preserves every character for all declared feedback languages
ok 396 - syntax tokenizer preserves every character for all declared feedback languages
  ---
  duration_ms: 2.776959
  type: 'test'
  ...
# Subtest: Algorithms completion handoff classifies and recovers every real storage boundary
ok 397 - Algorithms completion handoff classifies and recovers every real storage boundary
  ---
  duration_ms: 11654.520208
  type: 'test'
  ...
# Subtest: Certification completion handoff classifies and recovers every real storage boundary
ok 398 - Certification completion handoff classifies and recovers every real storage boundary
  ---
  duration_ms: 6835.387917
  type: 'test'
  ...
# Subtest: Algorithms verified handoff survives the first summary projection read failure without a cache or completion fallback
ok 399 - Algorithms verified handoff survives the first summary projection read failure without a cache or completion fallback
  ---
  duration_ms: 2003.550958
  type: 'test'
  ...
# Subtest: Algorithms practice hub exposes exactly the four bundled Free-package modes
ok 400 - Algorithms practice hub exposes exactly the four bundled Free-package modes
  ---
  duration_ms: 407.7325
  type: 'test'
  ...
# Subtest: Algorithms Independent Practice keeps its canonical title in the Polish presentation boundary
ok 401 - Algorithms Independent Practice keeps its canonical title in the Polish presentation boundary
  ---
  duration_ms: 2.863041
  type: 'test'
  ...
# Subtest: Certification practice hub keeps Focus primary and exposes the declared Knowledge Check, Weak, and Quick modes
ok 402 - Certification practice hub keeps Focus primary and exposes the declared Knowledge Check, Weak, and Quick modes
  ---
  duration_ms: 0.756792
  type: 'test'
  ...
# Subtest: Certification practice presentation composes the concrete Google Cloud name through Polish translation
ok 403 - Certification practice presentation composes the concrete Google Cloud name through Polish translation
  ---
  duration_ms: 3.947125
  type: 'test'
  ...
# Subtest: Algorithms practice topic and statistics compose through Polish translation
ok 404 - Algorithms practice topic and statistics compose through Polish translation
  ---
  duration_ms: 212.564209
  type: 'test'
  ...
# Subtest: route-selected Algorithms topic preserves authored copy and translates only structured 0/158 and 0/8 labels
ok 405 - route-selected Algorithms topic preserves authored copy and translates only structured 0/158 and 0/8 labels
  ---
  duration_ms: 210.4985
  type: 'test'
  ...
# Subtest: shared practice presentation rejects an unknown track instead of substituting another track
ok 406 - shared practice presentation rejects an unknown track instead of substituting another track
  ---
  duration_ms: 8.365209
  type: 'test'
  ...
# Subtest: practice presentation rejects unknown families and unsupported registered family members explicitly
ok 407 - practice presentation rejects unknown families and unsupported registered family members explicitly
  ---
  duration_ms: 0.955584
  type: 'test'
  ...
# Subtest: Every launch roadmap exposes its Free node first and all other nodes locked
ok 408 - Every launch roadmap exposes its Free node first and all other nodes locked
  ---
  duration_ms: 200.552792
  type: 'test'
  ...
# Subtest: Algorithms roadmap records practice inside the bundled package Free node while keeping Premium nodes locked
ok 409 - Algorithms roadmap records practice inside the bundled package Free node while keeping Premium nodes locked
  ---
  duration_ms: 206.801083
  type: 'test'
  ...
# Subtest: practice session exit resets navigation above the closed session
ok 410 - practice session exit resets navigation above the closed session
  ---
  duration_ms: 4.492791
  type: 'test'
  ...
# Subtest: practice session exit can return to the hub without a topic override
ok 411 - practice session exit can return to the hub without a topic override
  ---
  duration_ms: 0.402875
  type: 'test'
  ...
# Subtest: both Custom Practice hub entries open setup before a session configuration is built
ok 412 - both Custom Practice hub entries open setup before a session configuration is built
  ---
  duration_ms: 1.116125
  type: 'test'
  ...
# Subtest: Custom Practice accepts its package-declared length and persists its selected feedback timing
ok 413 - Custom Practice accepts its package-declared length and persists its selected feedback timing
  ---
  duration_ms: 365.404375
  type: 'test'
  ...
# Subtest: Custom Practice setup rejects every unsupported session length
ok 414 - Custom Practice setup rejects every unsupported session length
  ---
  duration_ms: 1.33175
  type: 'test'
  ...
# Subtest: Custom Practice requires a selected timing while predefined Algorithms modes retain fixed timings
ok 415 - Custom Practice requires a selected timing while predefined Algorithms modes retain fixed timings
  ---
  duration_ms: 0.373416
  type: 'test'
  ...
# Subtest: rejects an Algorithms session length that the selected mode does not declare
ok 416 - rejects an Algorithms session length that the selected mode does not declare
  ---
  duration_ms: 0.178708
  type: 'test'
  ...
# Subtest: Independent Practice direct entry fails because it is excluded from the bundled Free package
ok 417 - Independent Practice direct entry fails because it is excluded from the bundled Free package
  ---
  duration_ms: 0.214334
  type: 'test'
  ...
# Subtest: Certification resume routes preserve exact immutable configuration for package modes
ok 418 - Certification resume routes preserve exact immutable configuration for package modes
  ---
  duration_ms: 2.477958
  type: 'test'
  ...
# Subtest: Certification resume rejects stale, cross-track, exam, and non-active sessions explicitly
ok 419 - Certification resume rejects stale, cross-track, exam, and non-active sessions explicitly
  ---
  duration_ms: 0.513625
  type: 'test'
  ...
# Subtest: Practice presentation never discloses feedback before the durable feedback boundary
ok 420 - Practice presentation never discloses feedback before the durable feedback boundary
  ---
  duration_ms: 1.99425
  type: 'test'
  ...
# Subtest: Practice presentation permits response edits before a journal exists
ok 421 - Practice presentation permits response edits before a journal exists
  ---
  duration_ms: 0.283792
  type: 'test'
  ...
# Subtest: Practice action model separates final feedback from the durable Finish command
ok 422 - Practice action model separates final feedback from the durable Finish command
  ---
  duration_ms: 2.17075
  type: 'test'
  ...
# Subtest: Deferred feedback keeps the submit CTA and saving status aligned
ok 423 - Deferred feedback keeps the submit CTA and saving status aligned
  ---
  duration_ms: 0.323
  type: 'test'
  ...
# Subtest: Practice pending phases retain a stable unsafe-action lock
ok 424 - Practice pending phases retain a stable unsafe-action lock
  ---
  duration_ms: 0.191917
  type: 'test'
  ...
# Subtest: Practice operation notice mapping remains one family-neutral interpretation
ok 425 - Practice operation notice mapping remains one family-neutral interpretation
  ---
  duration_ms: 7.225292
  type: 'test'
  ...
# Subtest: Durable recovery notices stay learner-facing in English and Polish
ok 426 - Durable recovery notices stay learner-facing in English and Polish
  ---
  duration_ms: 7.729625
  type: 'test'
  ...
# Subtest: Practice local choice selection survives only the same editable occurrence
ok 427 - Practice local choice selection survives only the same editable occurrence
  ---
  duration_ms: 0.458
  type: 'test'
  ...
# Subtest: Scoped local response preserves all authored control types for the same editable occurrence
ok 428 - Scoped local response preserves all authored control types for the same editable occurrence
  ---
  duration_ms: 0.929208
  type: 'test'
  ...
# Subtest: Scoped local response resets when the session or occurrence identity changes
ok 429 - Scoped local response resets when the session or occurrence identity changes
  ---
  duration_ms: 12.102084
  type: 'test'
  ...
# Subtest: Scoped durable response is authoritative over an unsent local response
ok 430 - Scoped durable response is authoritative over an unsent local response
  ---
  duration_ms: 0.370334
  type: 'test'
  ...
# Subtest: Practice durable choice response wins and response-less locked state clears
ok 431 - Practice durable choice response wins and response-less locked state clears
  ---
  duration_ms: 0.21575
  type: 'test'
  ...
# Subtest: Practice response renderer consumes application feedback states without scoring in UI
ok 432 - Practice response renderer consumes application feedback states without scoring in UI
  ---
  duration_ms: 0.431167
  type: 'test'
  ...
# Subtest: The visible ordering is a complete response before the learner moves an element
ok 433 - The visible ordering is a complete response before the learner moves an element
  ---
  duration_ms: 0.283292
  type: 'test'
  ...
# Subtest: Practice correctness semantics stay separate from the native checked selection state
ok 434 - Practice correctness semantics stay separate from the native checked selection state
  ---
  duration_ms: 0.146709
  type: 'test'
  ...
# Subtest: Premium is one SKU-neutral entitlement with exactly the canonical offer kinds
ok 435 - Premium is one SKU-neutral entitlement with exactly the canonical offer kinds
  ---
  duration_ms: 3.968542
  type: 'test'
  ...
# Subtest: projection construction keeps one account-bound Premium record independent of tracks, tiers, and slots
ok 436 - projection construction keeps one account-bound Premium record independent of tracks, tiers, and slots
  ---
  duration_ms: 3.135417
  type: 'test'
  ...
# Subtest: projection validation accepts every documented state and rejects unknown state values
ok 437 - projection validation accepts every documented state and rejects unknown state values
  ---
  duration_ms: 0.589334
  type: 'test'
  ...
# Subtest: malformed, incomplete, and extra-field payloads fail closed
ok 438 - malformed, incomplete, and extra-field payloads fail closed
  ---
  duration_ms: 0.468541
  type: 'test'
  ...
# Subtest: omitted required projection fields fail closed
ok 439 - omitted required projection fields fail closed
  ---
  duration_ms: 0.4615
  type: 'test'
  ...
# Subtest: account IDs reject whitespace and email-shaped values without requiring a provider format
ok 440 - account IDs reject whitespace and email-shaped values without requiring a provider format
  ---
  duration_ms: 0.16075
  type: 'test'
  ...
# Subtest: projection timestamps are strict ISO values and access fails closed for malformed or future timestamps
ok 441 - projection timestamps are strict ISO values and access fails closed for malformed or future timestamps
  ---
  duration_ms: 0.414541
  type: 'test'
  ...
# Subtest: active and grace access expires after the inclusive seven-day verification boundary
ok 442 - active and grace access expires after the inclusive seven-day verification boundary
  ---
  duration_ms: 0.250792
  type: 'test'
  ...
# Subtest: only active and grace projections allow new Premium access
ok 443 - only active and grace projections allow new Premium access
  ---
  duration_ms: 0.783542
  type: 'test'
  ...
# Subtest: content reports are reachable from practice details and answer review
ok 444 - content reports are reachable from practice details and answer review
  ---
  duration_ms: 1.797542
  type: 'test'
  ...
# Subtest: report input is intentionally content-free beyond bounded item context
ok 445 - report input is intentionally content-free beyond bounded item context
  ---
  duration_ms: 0.903208
  type: 'test'
  ...
# Subtest: track presentation exposes only the concrete Google Cloud track
ok 446 - track presentation exposes only the concrete Google Cloud track
  ---
  duration_ms: 1.874958
  type: 'test'
  ...
# Subtest: active track naming is complete in the Polish presentation dictionary
ok 447 - active track naming is complete in the Polish presentation dictionary
  ---
  duration_ms: 3.909875
  type: 'test'
  ...
# Subtest: review presentation uses the concrete track title when taxonomy context is absent
ok 448 - review presentation uses the concrete track title when taxonomy context is absent
  ---
  duration_ms: 3.31725
  type: 'test'
  ...
# Subtest: review translates known track and cloud taxonomy labels while preserving authored taxonomy
ok 449 - review translates known track and cloud taxonomy labels while preserving authored taxonomy
  ---
  duration_ms: 25.806334
  type: 'test'
  ...
# Subtest: dynamic track titles cross the translation boundary and long header copy can shrink
ok 450 - dynamic track titles cross the translation boundary and long header copy can shrink
  ---
  duration_ms: 12.860958
  type: 'test'
  ...
# Subtest: practice SessionShell uses natural action geometry while simulation keeps its fixed footer
ok 451 - practice SessionShell uses natural action geometry while simulation keeps its fixed footer
  ---
  duration_ms: 3.537625
  type: 'test'
  ...
# Subtest: SessionShell keeps the Figma top bar in one row at large text
ok 452 - SessionShell keeps the Figma top bar in one row at large text
  ---
  duration_ms: 4.257375
  type: 'test'
  ...
# Subtest: SessionShell keeps chrome readable without allowing it to crowd out authored content
ok 453 - SessionShell keeps chrome readable without allowing it to crowd out authored content
  ---
  duration_ms: 0.198667
  type: 'test'
  ...
# Subtest: session timers keep the Figma value-only visual label while retaining spoken context
ok 454 - session timers keep the Figma value-only visual label while retaining spoken context
  ---
  duration_ms: 0.900708
  type: 'test'
  ...
# Subtest: Practice sessions reset their scroll viewport when the canonical item changes
ok 455 - Practice sessions reset their scroll viewport when the canonical item changes
  ---
  duration_ms: 0.286417
  type: 'test'
  ...
# Subtest: Button chrome remains usable while supporting up to 200 percent text
ok 456 - Button chrome remains usable while supporting up to 200 percent text
  ---
  duration_ms: 0.117292
  type: 'test'
  ...
# Subtest: final simulation action saves an answered response before finish and lets an unanswered final occurrence finish
ok 457 - final simulation action saves an answered response before finish and lets an unanswered final occurrence finish
  ---
  duration_ms: 3.536042
  type: 'test'
  ...
# Subtest: simulation question navigator has the approved states, accessible labels, and large-text grid adaptation
ok 458 - simulation question navigator has the approved states, accessible labels, and large-text grid adaptation
  ---
  duration_ms: 3.483792
  type: 'test'
  ...
# Subtest: simulation operation surface renders only declared state actions and never a generic retry
ok 459 - simulation operation surface renders only declared state actions and never a generic retry
  ---
  duration_ms: 4.598833
  type: 'test'
  ...
# Subtest: navigator jumps retain the current question in an explicit locked presentation
ok 460 - navigator jumps retain the current question in an explicit locked presentation
  ---
  duration_ms: 0.281208
  type: 'test'
  ...
# Subtest: button loading decoration stays outside the accessible busy control
ok 461 - button loading decoration stays outside the accessible busy control
  ---
  duration_ms: 0.327958
  type: 'test'
  ...
# Subtest: simulation pause/end uses one Figma action sheet and keeps the destructive command reachable
ok 462 - simulation pause/end uses one Figma action sheet and keeps the destructive command reachable
  ---
  duration_ms: 0.506667
  type: 'test'
  ...
# Subtest: simulation finish confirmation uses the Figma action-required copy and review dismissal
ok 463 - simulation finish confirmation uses the Figma action-required copy and review dismissal
  ---
  duration_ms: 0.482416
  type: 'test'
  ...
# Subtest: simulation result presentation distinguishes pending, verified, scoreless, and rejected reads
ok 464 - simulation result presentation distinguishes pending, verified, scoreless, and rejected reads
  ---
  duration_ms: 2.002125
  type: 'test'
  ...
# Subtest: keyed result reads discard a previous request after the session changes
ok 465 - keyed result reads discard a previous request after the session changes
  ---
  duration_ms: 3.589583
  type: 'test'
  ...
# Subtest: focus loss and unmount invalidation prevent late read errors from publishing
ok 466 - focus loss and unmount invalidation prevent late read errors from publishing
  ---
  duration_ms: 0.316875
  type: 'test'
  ...
# Subtest: retry starts a new generation and publishes only its successful result
ok 467 - retry starts a new generation and publishes only its successful result
  ---
  duration_ms: 0.345583
  type: 'test'
  ...
# Subtest: blur or unmount invalidates the latest retry token
ok 468 - blur or unmount invalidates the latest retry token
  ---
  duration_ms: 0.452584
  type: 'test'
  ...
# Subtest: the current rejected result read stays an explicit error
ok 469 - the current rejected result read stays an explicit error
  ---
  duration_ms: 0.328166
  type: 'test'
  ...
# Subtest: non-final simulation CTA labels, disables, and invokes only save-and-continue
ok 470 - non-final simulation CTA labels, disables, and invokes only save-and-continue
  ---
  duration_ms: 3.435625
  type: 'test'
  ...
# Subtest: an unanswered non-final simulation occurrence keeps the Figma Save and continue CTA disabled
ok 471 - an unanswered non-final simulation occurrence keeps the Figma Save and continue CTA disabled
  ---
  duration_ms: 0.266208
  type: 'test'
  ...
# Subtest: simulation routes retain one review header and a neutral result title before verification
ok 472 - simulation routes retain one review header and a neutral result title before verification
  ---
  duration_ms: 2.661791
  type: 'test'
  ...
# Subtest: active simulation surface fills the viewport and keeps navigator presentation outside the approved active screen
ok 473 - active simulation surface fills the viewport and keeps navigator presentation outside the approved active screen
  ---
  duration_ms: 0.895708
  type: 'test'
  ...
# Subtest: simulation confirmation reuses the session chrome owner with its Figma frozen-state geometry
ok 474 - simulation confirmation reuses the session chrome owner with its Figma frozen-state geometry
  ---
  duration_ms: 0.743584
  type: 'test'
  ...
# Subtest: simulation preparation owns neutral question and response geometry
ok 475 - simulation preparation owns neutral question and response geometry
  ---
  duration_ms: 0.514875
  type: 'test'
  ...
# Subtest: simulation statuses localize their projection copy and expose pending operation semantics
ok 476 - simulation statuses localize their projection copy and expose pending operation semantics
  ---
  duration_ms: 0.316375
  type: 'test'
  ...
# Subtest: Simulation navigator accepts complete unique projections for each supported session length
ok 477 - Simulation navigator accepts complete unique projections for each supported session length
  ---
  duration_ms: 1.977542
  type: 'test'
  ...
# Subtest: Simulation completion metrics are withheld before the verified completed projection
ok 478 - Simulation completion metrics are withheld before the verified completed projection
  ---
  duration_ms: 0.400667
  type: 'test'
  ...
# Subtest: i18n locale files have matching namespaces and keys
ok 479 - i18n locale files have matching namespaces and keys
  ---
  duration_ms: 11.139167
  type: 'test'
  ...
# Subtest: translation AST collection stays on literal first arguments
ok 480 - translation AST collection stays on literal first arguments
  ---
  duration_ms: 1316.6595
  type: 'test'
  ...
# Subtest: scoped Practice, result, review, and session-shell literals exist in both locales
ok 481 - scoped Practice, result, review, and session-shell literals exist in both locales
  ---
  duration_ms: 874.974708
  type: 'test'
  ...
# Subtest: practice presentation output strings are keys in both locales
ok 482 - practice presentation output strings are keys in both locales
  ---
  duration_ms: 1.39275
  type: 'test'
  ...
# Subtest: admitted practice mode titles, details, and unavailable reasons are locale keys
ok 483 - admitted practice mode titles, details, and unavailable reasons are locale keys
  ---
  duration_ms: 1.744458
  type: 'test'
  ...
# Subtest: local remote-client boundary is explicit and has no implicit endpoint
ok 484 - local remote-client boundary is explicit and has no implicit endpoint
  ---
  duration_ms: 3.444125
  type: 'test'
  ...
# Subtest: public environment accepts the complete sandbox-only Firebase domain configuration
ok 485 - public environment accepts the complete sandbox-only Firebase domain configuration
  ---
  duration_ms: 1.306958
  type: 'test'
  ...
# Subtest: public environment rejects extra keys, incomplete values, unsafe URLs, and production Firebase defaults
ok 486 - public environment rejects extra keys, incomplete values, unsafe URLs, and production Firebase defaults
  ---
  duration_ms: 1.181875
  type: 'test'
  ...
# Subtest: runtime privacy keeps console and raw errors forbidden inside adapters and rejects sibling client paths
ok 487 - runtime privacy keeps console and raw errors forbidden inside adapters and rejects sibling client paths
  ---
  duration_ms: 823.057542
  type: 'test'
  ...
# Subtest: generated client refuses an unconfigured environment and missing token
ok 488 - generated client refuses an unconfigured environment and missing token
  ---
  duration_ms: 86.071208
  type: 'test'
  ...
# Subtest: generated client uses typed REST paths, bearer auth, timeout and bounded errors
ok 489 - generated client uses typed REST paths, bearer auth, timeout and bounded errors
  ---
  duration_ms: 3.275541
  type: 'test'
  ...
# Subtest: generated client deadline includes token acquisition
ok 490 - generated client deadline includes token acquisition
  ---
  duration_ms: 21.7555
  type: 'test'
  ...
# Subtest: generated client preserves token provider failures
ok 491 - generated client preserves token provider failures
  ---
  duration_ms: 1.474333
  type: 'test'
  ...
# Subtest: generated client deadline includes response body parsing and aborts the request
ok 492 - generated client deadline includes response body parsing and aborts the request
  ---
  duration_ms: 20.377458
  type: 'test'
  ...
# Subtest: content reports send App Check and keep bearer identity optional
ok 493 - content reports send App Check and keep bearer identity optional
  ---
  duration_ms: 1.39475
  type: 'test'
  ...
# Subtest: local-safe environment stays explicitly unavailable
ok 494 - local-safe environment stays explicitly unavailable
  ---
  duration_ms: 0.306834
  type: 'test'
  ...
# Subtest: Firebase configuration exposes the deny-all rules and the one semantic account-record index
ok 495 - Firebase configuration exposes the deny-all rules and the one semantic account-record index
  ---
  duration_ms: 5.426541
  type: 'test'
  ...
# Subtest: keeps pre-market Firebase Hosting unpublished and loopback-only
ok 496 - keeps pre-market Firebase Hosting unpublished and loopback-only
  ---
  duration_ms: 54.569833
  type: 'test'
  ...
# Subtest: Firebase Auth Emulator is unavailable outside explicit development E2E
ok 497 - Firebase Auth Emulator is unavailable outside explicit development E2E
  ---
  duration_ms: 2.05725
  type: 'test'
  ...
# Subtest: Firebase Auth Emulator requires the canonical local development origin
ok 498 - Firebase Auth Emulator requires the canonical local development origin
  ---
  duration_ms: 0.512334
  type: 'test'
  ...
# Subtest: local builds keep public legal links explicitly unavailable without configuration
ok 499 - local builds keep public legal links explicitly unavailable without configuration
  ---
  duration_ms: 3.32925
  type: 'test'
  ...
# Subtest: missing public URL fails closed instead of inferring a destination
ok 500 - missing public URL fails closed instead of inferring a destination
  ---
  duration_ms: 3.443042
  type: 'test'
  ...
# Subtest: configured public legal links preserve the validated contract destinations
ok 501 - configured public legal links preserve the validated contract destinations
  ---
  duration_ms: 1.338167
  type: 'test'
  ...
# Subtest: canonical serialization sorts object keys without changing array order
ok 502 - canonical serialization sorts object keys without changing array order
  ---
  duration_ms: 1.7775
  type: 'test'
  ...
# Subtest: fingerprint payload carries the canonical serializer version
ok 503 - fingerprint payload carries the canonical serializer version
  ---
  duration_ms: 0.348166
  type: 'test'
  ...
# Subtest: SHA-256 identities are stable, opaque, and response-sensitive
ok 504 - SHA-256 identities are stable, opaque, and response-sensitive
  ---
  duration_ms: 0.911083
  type: 'test'
  ...
# Subtest: platform-neutral SHA-256 matches standard UTF-8 vectors
ok 505 - platform-neutral SHA-256 matches standard UTF-8 vectors
  ---
  duration_ms: 2.180708
  type: 'test'
  ...
# Subtest: Node production identity emits validated, distinct track/mode UUIDv4 values
ok 506 - Node production identity emits validated, distinct track/mode UUIDv4 values
  ---
  duration_ms: 5.208125
  type: 'test'
  ...
# Subtest: identity format rejects malformed scope and non-v4 UUIDs without a fallback
ok 507 - identity format rejects malformed scope and non-v4 UUIDs without a fallback
  ---
  duration_ms: 1.501667
  type: 'test'
  ...
# Subtest: Node and phone adapters use their platform crypto peer through extensionless resolution
ok 508 - Node and phone adapters use their platform crypto peer through extensionless resolution
  ---
  duration_ms: 0.962
  type: 'test'
  ...
# Subtest: development audit identity advances from durable history across modes and composition reload, then reset restores suffix one
ok 509 - development audit identity advances from durable history across modes and composition reload, then reset restores suffix one
  ---
  duration_ms: 2527.266583
  type: 'test'
  ...
# Subtest: one injected identity port forwards exact lifecycle-owned IDs across both families
ok 510 - one injected identity port forwards exact lifecycle-owned IDs across both families
  ---
  duration_ms: 545.894917
  type: 'test'
  ...
# Subtest: LoadingState is the compact accessible generic pending status
ok 511 - LoadingState is the compact accessible generic pending status
  ---
  duration_ms: 3.814708
  type: 'test'
  ...
# Subtest: EmptyState is the centered retained-content/unavailable status primitive
ok 512 - EmptyState is the centered retained-content/unavailable status primitive
  ---
  duration_ms: 0.699083
  type: 'test'
  ...
# Subtest: exactly the one remaining generic pending branch uses LoadingState
ok 513 - exactly the one remaining generic pending branch uses LoadingState
  ---
  duration_ms: 29.684
  type: 'test'
  ...
# Subtest: C1 screens own local review and exam loading geometry
ok 514 - C1 screens own local review and exam loading geometry
  ---
  duration_ms: 1.084792
  type: 'test'
  ...
# Subtest: bootstrap, roadmap, and setup own their phase or screen loading geometry
ok 515 - bootstrap, roadmap, and setup own their phase or screen loading geometry
  ---
  duration_ms: 2.641166
  type: 'test'
  ...
# Subtest: Home shell owns tab-specific glass loading geometry and keeps navigation usable
ok 516 - Home shell owns tab-specific glass loading geometry and keeps navigation usable
  ---
  duration_ms: 1.475541
  type: 'test'
  ...
# Subtest: Practice Hub owns its pending geometry and keeps the bottom navigation mounted
ok 517 - Practice Hub owns its pending geometry and keeps the bottom navigation mounted
  ---
  duration_ms: 1.279708
  type: 'test'
  ...
# Subtest: specialized practice sessions share one neutral question and response loading skeleton
ok 518 - specialized practice sessions share one neutral question and response loading skeleton
  ---
  duration_ms: 2.313208
  type: 'test'
  ...
# Subtest: Activity owns its glass loading skeleton
ok 519 - Activity owns its glass loading skeleton
  ---
  duration_ms: 1.156083
  type: 'test'
  ...
# Subtest: Coding Interview scope owns its glass loading skeleton
ok 520 - Coding Interview scope owns its glass loading skeleton
  ---
  duration_ms: 1.420166
  type: 'test'
  ...
# Subtest: exam review owns its glass loading skeleton
ok 521 - exam review owns its glass loading skeleton
  ---
  duration_ms: 0.694125
  type: 'test'
  ...
# Subtest: exam result owns its glass loading skeleton
ok 522 - exam result owns its glass loading skeleton
  ---
  duration_ms: 1.093291
  type: 'test'
  ...
# Subtest: coding practice result owns its glass loading skeleton
ok 523 - coding practice result owns its glass loading skeleton
  ---
  duration_ms: 1.062291
  type: 'test'
  ...
# Subtest: mistakes review owns its glass loading skeleton
ok 524 - mistakes review owns its glass loading skeleton
  ---
  duration_ms: 1.158042
  type: 'test'
  ...
# Subtest: SkeletonShape owns the shared clipped glass primitive
ok 525 - SkeletonShape owns the shared clipped glass primitive
  ---
  duration_ms: 0.749166
  type: 'test'
  ...
# Subtest: Skeleton glass motion uses one native driver loop and resets on lifecycle changes
ok 526 - Skeleton glass motion uses one native driver loop and resets on lifecycle changes
  ---
  duration_ms: 0.585125
  type: 'test'
  ...
# Subtest: Skeleton glass motion stays static while Reduce Motion is unresolved or fails
ok 527 - Skeleton glass motion stays static while Reduce Motion is unresolved or fails
  ---
  duration_ms: 0.348084
  type: 'test'
  ...
# Subtest: pending data is distinct from true empty and onboarding outcomes
ok 528 - pending data is distinct from true empty and onboarding outcomes
  ---
  duration_ms: 1.067667
  type: 'test'
  ...
# Subtest: the six read owners end rejected reads in explicit unavailable EmptyStates
ok 529 - the six read owners end rejected reads in explicit unavailable EmptyStates
  ---
  duration_ms: 1.261666
  type: 'test'
  ...
# Subtest: resolved track reads apply null without overriding explicit route authority
ok 530 - resolved track reads apply null without overriding explicit route authority
  ---
  duration_ms: 1.161292
  type: 'test'
  ...
# Subtest: route-keyed read states block A under B and publish only their captured request
ok 531 - route-keyed read states block A under B and publish only their captured request
  ---
  duration_ms: 2.659166
  type: 'test'
  ...
# Subtest: queue reads clear stale resolved data before pending or unavailable
ok 532 - queue reads clear stale resolved data before pending or unavailable
  ---
  duration_ms: 0.4125
  type: 'test'
  ...
# Subtest: specialized session preparation stays local while completion uses the generic status
ok 533 - specialized session preparation stays local while completion uses the generic status
  ---
  duration_ms: 0.851584
  type: 'test'
  ...
# Subtest: Interview Simulation result keeps pending, scoreless, and failed reads explicit
ok 534 - Interview Simulation result keeps pending, scoreless, and failed reads explicit
  ---
  duration_ms: 0.792084
  type: 'test'
  ...
# Subtest: navigation screens do not re-enter the public navigation barrel at runtime
ok 535 - navigation screens do not re-enter the public navigation barrel at runtime
  ---
  duration_ms: 10.492875
  type: 'test'
  ...
# Subtest: bottom navigation labels stay canonical
ok 536 - bottom navigation labels stay canonical
  ---
  duration_ms: 4.439333
  type: 'test'
  ...
# Subtest: primary Home and Practice CTAs route to Practice Hub
ok 537 - primary Home and Practice CTAs route to Practice Hub
  ---
  duration_ms: 0.329625
  type: 'test'
  ...
# Subtest: Home change track CTA routes to track selection
ok 538 - Home change track CTA routes to track selection
  ---
  duration_ms: 0.1615
  type: 'test'
  ...
# Subtest: shell safety model exposes no gamified status fields
ok 539 - shell safety model exposes no gamified status fields
  ---
  duration_ms: 0.2755
  type: 'test'
  ...
# Subtest: Practice review weak items routes to canonical review queue
ok 540 - Practice review weak items routes to canonical review queue
  ---
  duration_ms: 0.163541
  type: 'test'
  ...
# Subtest: bootstrap owns one branded phase-aware loading surface with no synthetic completion
ok 541 - bootstrap owns one branded phase-aware loading surface with no synthetic completion
  ---
  duration_ms: 60.968209
  type: 'test'
  ...
# Subtest: generic LoadingState no longer carries the startup animation variant
ok 542 - generic LoadingState no longer carries the startup animation variant
  ---
  duration_ms: 0.772375
  type: 'test'
  ...
# Subtest: app preferences default to English content locale and device appearance
ok 543 - app preferences default to English content locale and device appearance
  ---
  duration_ms: 3.563459
  type: 'test'
  ...
# Subtest: app preferences retain an explicitly selected Polish locale
ok 544 - app preferences retain an explicitly selected Polish locale
  ---
  duration_ms: 1.202541
  type: 'test'
  ...
# Subtest: translations resolve common UI copy through i18next
ok 545 - translations resolve common UI copy through i18next
  ---
  duration_ms: 3.678625
  type: 'test'
  ...
# Subtest: daily reminder time accepts only strict 24-hour input
ok 546 - daily reminder time accepts only strict 24-hour input
  ---
  duration_ms: 4.977375
  type: 'test'
  ...
# Subtest: permission request delegates to the operating system only when it can still be asked
ok 547 - permission request delegates to the operating system only when it can still be asked
  ---
  duration_ms: 0.551333
  type: 'test'
  ...
# Subtest: saving a reminder schedules exactly one daily native notification and persists its identifier
ok 548 - saving a reminder schedules exactly one daily native notification and persists its identifier
  ---
  duration_ms: 1.71575
  type: 'test'
  ...
# Subtest: changing a reminder replaces the old native schedule instead of accumulating schedules
ok 549 - changing a reminder replaces the old native schedule instead of accumulating schedules
  ---
  duration_ms: 0.613167
  type: 'test'
  ...
# Subtest: a denied operating-system permission never produces a hidden or mock reminder
ok 550 - a denied operating-system permission never produces a hidden or mock reminder
  ---
  duration_ms: 1.482875
  type: 'test'
  ...
# Subtest: disabling a reminder cancels its native schedule and clears the durable setting
ok 551 - disabling a reminder cancels its native schedule and clears the durable setting
  ---
  duration_ms: 0.632708
  type: 'test'
  ...
# Subtest: notification settings owns the Figma granted and blocked states in one local screen header
ok 552 - notification settings owns the Figma granted and blocked states in one local screen header
  ---
  duration_ms: 2.981416
  type: 'test'
  ...
# Subtest: notification reminder row and editor use the Figma-specific row and sheet geometry
ok 553 - notification reminder row and editor use the Figma-specific row and sheet geometry
  ---
  duration_ms: 1.218959
  type: 'test'
  ...
# Subtest: Settings exposes account and participant navigation actions plus conditional developer verification actions
ok 554 - Settings exposes account and participant navigation actions plus conditional developer verification actions
  ---
  duration_ms: 2.595709
  type: 'test'
  ...
# Subtest: Settings keeps the backend verification group explicitly development-only
ok 555 - Settings keeps the backend verification group explicitly development-only
  ---
  duration_ms: 0.40825
  type: 'test'
  ...
# Subtest: grouped settings rows follow the Figma 200% text geometry
ok 556 - grouped settings rows follow the Figma 200% text geometry
  ---
  duration_ms: 0.505583
  type: 'test'
  ...
# Subtest: Settings description reflects app and practice preferences without account semantics
ok 557 - Settings description reflects app and practice preferences without account semantics
  ---
  duration_ms: 1.307542
  type: 'test'
  ...
# Subtest: Settings app identity follows the Figma footer geometry
ok 558 - Settings app identity follows the Figma footer geometry
  ---
  duration_ms: 1.6415
  type: 'test'
  ...
# Subtest: shared supporting list-row text uses the Figma fractional line height
ok 559 - shared supporting list-row text uses the Figma fractional line height
  ---
  duration_ms: 0.526458
  type: 'test'
  ...
# Subtest: preference selection uses the canonical accessible radio choice row
ok 560 - preference selection uses the canonical accessible radio choice row
  ---
  duration_ms: 0.397416
  type: 'test'
  ...
# Subtest: appearance choices use the Figma preview variants without changing language choices
ok 561 - appearance choices use the Figma preview variants without changing language choices
  ---
  duration_ms: 0.227
  type: 'test'
  ...
# Subtest: settings bottom sheets use the Figma elevated shell and modal accessibility boundary
ok 562 - settings bottom sheets use the Figma elevated shell and modal accessibility boundary
  ---
  duration_ms: 2.928917
  type: 'test'
  ...
# Subtest: snapshot allowlist excludes an active session from account records while exposing the blocking precondition
ok 563 - snapshot allowlist excludes an active session from account records while exposing the blocking precondition
  ---
  duration_ms: 12.104125
  type: 'test'
  ...
# Subtest: completed results roundtrip by their own identity while remaining readable by session identity
ok 564 - completed results roundtrip by their own identity while remaining readable by session identity
  ---
  duration_ms: 42.181958
  type: 'test'
  ...
# Subtest: bound account outbox is deterministic and creates an explicit tombstone for a deleted acknowledged record
ok 565 - bound account outbox is deterministic and creates an explicit tombstone for a deleted acknowledged record
  ---
  duration_ms: 6.694083
  type: 'test'
  ...
# Subtest: mutation IDs include the expected remote version so returning to a prior value is a new command
ok 566 - mutation IDs include the expected remote version so returning to a prior value is a new command
  ---
  duration_ms: 3.313542
  type: 'test'
  ...
# Subtest: pending mutation IDs stay stable across an uncertain retry
ok 567 - pending mutation IDs stay stable across an uncertain retry
  ---
  duration_ms: 3.329709
  type: 'test'
  ...
# Subtest: delete, recreate, and delete again use distinct version-bound tombstone IDs
ok 568 - delete, recreate, and delete again use distinct version-bound tombstone IDs
  ---
  duration_ms: 4.508625
  type: 'test'
  ...
# Subtest: only a confirmed mutation_id_reuse rekeys the rejected outbox command and preserves its payload and version
ok 569 - only a confirmed mutation_id_reuse rekeys the rejected outbox command and preserves its payload and version
  ---
  duration_ms: 4.153208
  type: 'test'
  ...
# Subtest: an offline or otherwise uncertain retry preserves an old pending mutation ID
ok 570 - an offline or otherwise uncertain retry preserves an old pending mutation ID
  ---
  duration_ms: 2.154458
  type: 'test'
  ...
# Subtest: canonical repositories use individual immutable records and one active session
ok 571 - canonical repositories use individual immutable records and one active session
  ---
  duration_ms: 8.513292
  type: 'test'
  ...
# Subtest: training sessions permit free navigation while rejecting regressing foreground time and missing active records
ok 572 - training sessions permit free navigation while rejecting regressing foreground time and missing active records
  ---
  duration_ms: 3.126875
  type: 'test'
  ...
# Subtest: terminal sessions are immutable except for identical recovery replay
ok 573 - terminal sessions are immutable except for identical recovery replay
  ---
  duration_ms: 1.479167
  type: 'test'
  ...
# Subtest: attempt persistence rejects item and review-evidence identity mismatches
ok 574 - attempt persistence rejects item and review-evidence identity mismatches
  ---
  duration_ms: 0.49825
  type: 'test'
  ...
# Subtest: review persistence rejects hidden identity replacement
ok 575 - review persistence rejects hidden identity replacement
  ---
  duration_ms: 2.135125
  type: 'test'
  ...
# Subtest: strict codecs reject unpinned stored sessions, attempts, and reviews without inference
ok 576 - strict codecs reject unpinned stored sessions, attempts, and reviews without inference
  ---
  duration_ms: 1.511208
  type: 'test'
  ...
# Subtest: report form submission persists a queued local outbox entry when backend is unavailable
ok 577 - report form submission persists a queued local outbox entry when backend is unavailable
  ---
  duration_ms: 6.989125
  type: 'test'
  ...
# Subtest: report outbox requires App Check, then accepts with the same idempotency key
ok 578 - report outbox requires App Check, then accepts with the same idempotency key
  ---
  duration_ms: 1.78775
  type: 'test'
  ...
# Subtest: failed transport is retryable without creating a new report identity
ok 579 - failed transport is retryable without creating a new report identity
  ---
  duration_ms: 2.449166
  type: 'test'
  ...
# Subtest: guest access is an explicit durable decision and can be cleared for account entry
ok 580 - guest access is an explicit durable decision and can be cleared for account entry
  ---
  duration_ms: 2.303666
  type: 'test'
  ...
# Subtest: provisions one validated guest installation and preserves it across repeated bootstrap
ok 581 - provisions one validated guest installation and preserves it across repeated bootstrap
  ---
  duration_ms: 31.819416
  type: 'test'
  ...
# Subtest: guest access requires an existing unbound installation and rejects retained account data
ok 582 - guest access requires an existing unbound installation and rejects retained account data
  ---
  duration_ms: 1.246334
  type: 'test'
  ...
# Subtest: corrupt or unsupported guest installation records block without replacement
ok 583 - corrupt or unsupported guest installation records block without replacement
  ---
  duration_ms: 1.576
  type: 'test'
  ...
# Subtest: guest installation blocks coercible identifiers and non-v4 UUID records
ok 584 - guest installation blocks coercible identifiers and non-v4 UUID records
  ---
  duration_ms: 1.271583
  type: 'test'
  ...
# Subtest: valid later binding states are preserved without adopting or regenerating an installation
ok 585 - valid later binding states are preserved without adopting or regenerating an installation
  ---
  duration_ms: 1.7375
  type: 'test'
  ...
# Subtest: identity or write failure blocks before recovery/content and leaves no partial guest record
ok 586 - identity or write failure blocks before recovery/content and leaves no partial guest record
  ---
  duration_ms: 1.402292
  type: 'test'
  ...
# Subtest: guest installation rejects malformed generated identities without writing
ok 587 - guest installation rejects malformed generated identities without writing
  ---
  duration_ms: 0.4105
  type: 'test'
  ...
# Subtest: bootstrap blocks corrupt guest access before content without replacing it
ok 588 - bootstrap blocks corrupt guest access before content without replacing it
  ---
  duration_ms: 0.507292
  type: 'test'
  ...
# Subtest: inconsistent installation bindings block bootstrap and guest access without replacement
ok 589 - inconsistent installation bindings block bootstrap and guest access without replacement
  ---
  duration_ms: 1.225291
  type: 'test'
  ...
# Subtest: Premium testing override is unavailable outside sandbox and local development runtimes
ok 590 - Premium testing override is unavailable outside sandbox and local development runtimes
  ---
  duration_ms: 2.278625
  type: 'test'
  ...
# Subtest: Premium testing override persists only for a sandbox or local development runtime
ok 591 - Premium testing override persists only for a sandbox or local development runtime
  ---
  duration_ms: 0.528291
  type: 'test'
  ...
# Subtest: keeps same item reviews from distinct immutable content packages
ok 592 - keeps same item reviews from distinct immutable content packages
  ---
  duration_ms: 6.474458
  type: 'test'
  ...
# Subtest: still rejects a same package durable ID replacement and immutable evidence change
ok 593 - still rejects a same package durable ID replacement and immutable evidence change
  ---
  duration_ms: 1.57425
  type: 'test'
  ...
# Subtest: rejects a same durable ID across packages within one batch before writing
ok 594 - rejects a same durable ID across packages within one batch before writing
  ---
  duration_ms: 0.706208
  type: 'test'
  ...
# Subtest: rejects an immutable source attempt rewrite for one durable ID within a batch before writing
ok 595 - rejects an immutable source attempt rewrite for one durable ID within a batch before writing
  ---
  duration_ms: 0.473875
  type: 'test'
  ...
# Subtest: replays a pending journal after a cross package review write failure without duplicating either review
ok 596 - replays a pending journal after a cross package review write failure without duplicating either review
  ---
  duration_ms: 42.8205
  type: 'test'
  ...
# Subtest: roundtrips same item reviews from distinct packages through account data replacement
ok 597 - roundtrips same item reviews from distinct packages through account data replacement
  ---
  duration_ms: 31.42
  type: 'test'
  ...
# Subtest: repository codec distinguishes absence and corrupt JSON
ok 598 - repository codec distinguishes absence and corrupt JSON
  ---
  duration_ms: 2.475542
  type: 'test'
  ...
# Subtest: canonical storage uses envelopes and rejects an unsupported schema identity
ok 599 - canonical storage uses envelopes and rejects an unsupported schema identity
  ---
  duration_ms: 4.308708
  type: 'test'
  ...
# Subtest: the atomic track cutover rejects every persisted former track identity without translating it
ok 600 - the atomic track cutover rejects every persisted former track identity without translating it
  ---
  duration_ms: 3.939292
  type: 'test'
  ...
# Subtest: draft replacement verifies its expected revision
ok 601 - draft replacement verifies its expected revision
  ---
  duration_ms: 5.077333
  type: 'test'
  ...
# Subtest: bootstrap blocks an inconsistent active-session reference and a missing required draft
ok 602 - bootstrap blocks an inconsistent active-session reference and a missing required draft
  ---
  duration_ms: 4.806542
  type: 'test'
  ...
# Subtest: bootstrap runs resolution only after recovery/content validation and exposes profile/content mismatch as blocking
ok 603 - bootstrap runs resolution only after recovery/content validation and exposes profile/content mismatch as blocking
  ---
  duration_ms: 2.685375
  type: 'test'
  ...
# Subtest: one MMKV import is infrastructure-owned and only repositories access it
ok 604 - one MMKV import is infrastructure-owned and only repositories access it
  ---
  duration_ms: 61.618959
  type: 'test'
  ...
# Subtest: cutover removes old storage and remote content paths
ok 605 - cutover removes old storage and remote content paths
  ---
  duration_ms: 62.769459
  type: 'test'
  ...
# Subtest: canonical keys use the one Patternly namespace
ok 606 - canonical keys use the one Patternly namespace
  ---
  duration_ms: 1.483833
  type: 'test'
  ...
# Subtest: runtime selectors are deterministic and use the canonical grammar
ok 607 - runtime selectors are deterministic and use the canonical grammar
  ---
  duration_ms: 2.205375
  type: 'test'
  ...
# Subtest: runtime selectors preserve canonical identities without learner-visible copy
ok 608 - runtime selectors preserve canonical identities without learner-visible copy
  ---
  duration_ms: 0.572875
  type: 'test'
  ...
# Subtest: runtime selectors preserve case-sensitive authored item identities
ok 609 - runtime selectors preserve case-sensitive authored item identities
  ---
  duration_ms: 0.210959
  type: 'test'
  ...
# Subtest: session metadata selectors expose validated lifecycle values without learner copy
ok 610 - session metadata selectors expose validated lifecycle values without learner copy
  ---
  duration_ms: 0.281375
  type: 'test'
  ...
# Subtest: complexity selectors encode authored notation without weakening the selector grammar
ok 611 - complexity selectors encode authored notation without weakening the selector grammar
  ---
  duration_ms: 0.895375
  type: 'test'
  ...
# Subtest: runtime selectors keep distinct runtime entities distinct
ok 612 - runtime selectors keep distinct runtime entities distinct
  ---
  duration_ms: 0.576875
  type: 'test'
  ...
# Subtest: runtime selector factories reject values that cannot be represented in the contract
ok 613 - runtime selector factories reject values that cannot be represented in the contract
  ---
  duration_ms: 0.422292
  type: 'test'
  ...
# Subtest: user-testing core journey preserves durable leave-and-resume alongside summary, progress, and terminal relaunch evidence
ok 614 - user-testing core journey preserves durable leave-and-resume alongside summary, progress, and terminal relaunch evidence
  ---
  duration_ms: 684.298958
  type: 'test'
  ...
# Subtest: RC Certification Maestro smoke traverses only the canonical product flow
ok 615 - RC Certification Maestro smoke traverses only the canonical product flow
  ---
  duration_ms: 2.745
  type: 'test'
  ...
# Subtest: RC Android runner requires the explicit current dev-client and evidence destination
ok 616 - RC Android runner requires the explicit current dev-client and evidence destination
  ---
  duration_ms: 0.491584
  type: 'test'
  ...
# Subtest: RC iOS runner requires one booted simulator and the same explicit evidence contract
ok 617 - RC iOS runner requires one booted simulator and the same explicit evidence contract
  ---
  duration_ms: 0.270667
  type: 'test'
  ...
# Subtest: Certification family lifecycle journals one typed attempt and retains remediation identity
ok 618 - Certification family lifecycle journals one typed attempt and retains remediation identity
  ---
  duration_ms: 1793.719834
  type: 'test'
  ...
# Subtest: Certification open starts once, resumes the exact mode, and never starts for a resume-only disappearance
ok 619 - Certification open starts once, resumes the exact mode, and never starts for a resume-only disappearance
  ---
  duration_ms: 628.727042
  type: 'test'
  ...
# Subtest: Certification pause checkpoints and resumes the exact active session
ok 620 - Certification pause checkpoints and resumes the exact active session
  ---
  duration_ms: 517.875
  type: 'test'
  ...
# Subtest: Certification resume rejects an old Focus record without its immutable domain
ok 621 - Certification resume rejects an old Focus record without its immutable domain
  ---
  duration_ms: 239.031541
  type: 'test'
  ...
# Subtest: Certification end classifies a failed timer checkpoint before it reaches abandonment
ok 622 - Certification end classifies a failed timer checkpoint before it reaches abandonment
  ---
  duration_ms: 264.061334
  type: 'test'
  ...
# Subtest: Certification end recovers a durable timer checkpoint before abandonment remains available
ok 623 - Certification end recovers a durable timer checkpoint before abandonment remains available
  ---
  duration_ms: 298.708875
  type: 'test'
  ...
# Subtest: Certification abandonment boundaries retry only before durability and otherwise replay the exact journal
ok 624 - Certification abandonment boundaries retry only before durability and otherwise replay the exact journal
  ---
  duration_ms: 1578.534583
  type: 'test'
  ...
# Subtest: Certification open handles a typed start race with one start and one authoritative resumed result
ok 625 - Certification open handles a typed start race with one start and one authoritative resumed result
  ---
  duration_ms: 326.115667
  type: 'test'
  ...
# Subtest: Certification feedback projects exact materialized attempt results and canonical authored copy
ok 626 - Certification feedback projects exact materialized attempt results and canonical authored copy
  ---
  duration_ms: 1075.329542
  type: 'test'
  ...
# Subtest: Certification pre-journal failure preserves an editable response and resubmits exactly once
ok 627 - Certification pre-journal failure preserves an editable response and resubmits exactly once
  ---
  duration_ms: 1027.400458
  type: 'test'
  ...
# Subtest: Certification journal-committed response locks without feedback and recovers without a duplicate attempt
ok 628 - Certification journal-committed response locks without feedback and recovers without a duplicate attempt
  ---
  duration_ms: 759.392041
  type: 'test'
  ...
# Subtest: Certification materialized response and feedback win through verification and journal-clear recovery
ok 629 - Certification materialized response and feedback win through verification and journal-clear recovery
  ---
  duration_ms: 866.626083
  type: 'test'
  ...
# Subtest: Certification advance failure retries only advance and never resubmits the materialized answer
ok 630 - Certification advance failure retries only advance and never resubmits the materialized answer
  ---
  duration_ms: 272.75925
  type: 'test'
  ...
# Subtest: ordinary Certification facade owns timer start, response and final checkpoints without involving Exam
ok 631 - ordinary Certification facade owns timer start, response and final checkpoints without involving Exam
  ---
  duration_ms: 856.657625
  type: 'test'
  ...
# Subtest: Certification Diagnostic runs its pinned 40-item plan through durable save, restart, and result
ok 632 - Certification Diagnostic runs its pinned 40-item plan through durable save, restart, and result
  ---
  duration_ms: 3743.9165
  type: 'test'
  ...
# Subtest: Certification progress derives practice, exam, outcome, taxonomy, review, and repeated-mistake signals
ok 633 - Certification progress derives practice, exam, outcome, taxonomy, review, and repeated-mistake signals
  ---
  duration_ms: 28.982958
  type: 'test'
  ...
# Subtest: Certification progress has explicit empty state and no synthetic learning metrics
ok 634 - Certification progress has explicit empty state and no synthetic learning metrics
  ---
  duration_ms: 1.57125
  type: 'test'
  ...
# Subtest: Certification progress ignores same-version evidence from another exact content package
ok 635 - Certification progress ignores same-version evidence from another exact content package
  ---
  duration_ms: 0.362834
  type: 'test'
  ...
# Subtest: Certification result keeps truthful session metrics and routes Focus domains through the canonical formatter
ok 636 - Certification result keeps truthful session metrics and routes Focus domains through the canonical formatter
  ---
  duration_ms: 2.040416
  type: 'test'
  ...
# Subtest: Certification Focus domain formatter resolves only a canonical roadmap node
ok 637 - Certification Focus domain formatter resolves only a canonical roadmap node
  ---
  duration_ms: 2.339375
  type: 'test'
  ...
# Subtest: Certification manual review preserves the exact reviewed answer package pin and session identity
ok 638 - Certification manual review preserves the exact reviewed answer package pin and session identity
  ---
  duration_ms: 1375.561625
  type: 'test'
  ...
# Subtest: Certification manual review rejects a future or mismatched answer pin without writing
ok 639 - Certification manual review rejects a future or mismatched answer pin without writing
  ---
  duration_ms: 517.612958
  type: 'test'
  ...
# Subtest: Certification single-choice scores correct, incorrect, and unanswered responses
ok 640 - Certification single-choice scores correct, incorrect, and unanswered responses
  ---
  duration_ms: 1.728084
  type: 'test'
  ...
# Subtest: Certification multiple-choice distinguishes exact, proper subset, and wrong-option responses
ok 641 - Certification multiple-choice distinguishes exact, proper subset, and wrong-option responses
  ---
  duration_ms: 0.270667
  type: 'test'
  ...
# Subtest: exam scoring reports raw count and percentage with unanswered diagnostics and no pass inference
ok 642 - exam scoring reports raw count and percentage with unanswered diagnostics and no pass inference
  ---
  duration_ms: 5.192458
  type: 'test'
  ...
# Subtest: Certification Diagnostic Baseline is the exact 40-item package-declared secondary mode
ok 643 - Certification Diagnostic Baseline is the exact 40-item package-declared secondary mode
  ---
  duration_ms: 1489.057583
  type: 'test'
  ...
# Subtest: Certification Focus Practice is the bundled Free package primary entry and remains node-local
ok 644 - Certification Focus Practice is the bundled Free package primary entry and remains node-local
  ---
  duration_ms: 456.85525
  type: 'test'
  ...
# Subtest: Certification Scenario Practice is excluded from the bundled Free package and direct entry fails
ok 645 - Certification Scenario Practice is excluded from the bundled Free package and direct entry fails
  ---
  duration_ms: 303.41175
  type: 'test'
  ...
# Subtest: Certification Weak Area Review is evidence-conditioned by the bundled Free package profile
ok 646 - Certification Weak Area Review is evidence-conditioned by the bundled Free package profile
  ---
  duration_ms: 180.838334
  type: 'test'
  ...
# Subtest: Certification Mixed Practice is excluded from the bundled Free package and direct entry fails
ok 647 - Certification Mixed Practice is excluded from the bundled Free package and direct entry fails
  ---
  duration_ms: 202.963083
  type: 'test'
  ...
# Subtest: Certification Quick Review is evidence-conditioned and capped by the bundled Free package profile
ok 648 - Certification Quick Review is evidence-conditioned and capped by the bundled Free package profile
  ---
  duration_ms: 193.769917
  type: 'test'
  ...
# Subtest: scores single choice correct, incorrect, and unanswered answers
ok 649 - scores single choice correct, incorrect, and unanswered answers
  ---
  duration_ms: 57.156167
  type: 'test'
  ...
# Subtest: scores multiple select only on exact option-set match
ok 650 - scores multiple select only on exact option-set match
  ---
  duration_ms: 1.123375
  type: 'test'
  ...
# Subtest: calculates domain and tag scores and preserves flagged ids
ok 651 - calculates domain and tag scores and preserves flagged ids
  ---
  duration_ms: 1.112208
  type: 'test'
  ...
# Subtest: choice display order is shuffled once from stable IDs and remains reproducible for resume
ok 652 - choice display order is shuffled once from stable IDs and remains reproducible for resume
  ---
  duration_ms: 1221.806
  type: 'test'
  ...
# Subtest: interaction rendering follows the persisted order while correctness remains keyed by option ID
ok 653 - interaction rendering follows the persisted order while correctness remains keyed by option ID
  ---
  duration_ms: 233.570584
  type: 'test'
  ...
# Subtest: validates explicit Algorithms hierarchy links and rejects every broken child relation
ok 654 - validates explicit Algorithms hierarchy links and rejects every broken child relation
  ---
  duration_ms: 16.035833
  type: 'test'
  ...
# Subtest: rejects former string Details, unsupported rich blocks, and unregistered image assets
ok 655 - rejects former string Details, unsupported rich blocks, and unregistered image assets
  ---
  duration_ms: 2.383125
  type: 'test'
  ...
# Subtest: uses mandatory Details when a single-choice response omits the correct option without an optional specific explanation
ok 656 - uses mandatory Details when a single-choice response omits the correct option without an optional specific explanation
  ---
  duration_ms: 3.9485
  type: 'test'
  ...
# Subtest: runtime has no network or test-fixture ingress and Algorithms has no legacy group/item contract
ok 657 - runtime has no network or test-fixture ingress and Algorithms has no legacy group/item contract
  ---
  duration_ms: 101.628292
  type: 'test'
  ...
# Subtest: direct entry to excluded Algorithms declared-scope modes fails without substitution
ok 658 - direct entry to excluded Algorithms declared-scope modes fails without substitution
  ---
  duration_ms: 622.009459
  type: 'test'
  ...
# Subtest: deferred-feedback practice projection withholds correctness and authored feedback after a durable per-item attempt
ok 659 - deferred-feedback practice projection withholds correctness and authored feedback after a durable per-item attempt
  ---
  duration_ms: 659.590833
  type: 'test'
  ...
# Subtest: deferred-feedback summary reads timing, length, and authored feedback from completed durable records
ok 660 - deferred-feedback summary reads timing, length, and authored feedback from completed durable records
  ---
  duration_ms: 354.14675
  type: 'test'
  ...
# Subtest: explicitly ended practice exposes a partial summary without inventing a completed score
ok 661 - explicitly ended practice exposes a partial summary without inventing a completed score
  ---
  duration_ms: 327.40625
  type: 'test'
  ...
# Subtest: Algorithms runtime persists due_queue source and makes only that session eligible for review retention
ok 662 - Algorithms runtime persists due_queue source and makes only that session eligible for review retention
  ---
  duration_ms: 776.817084
  type: 'test'
  ...
# Subtest: Algorithms Custom Practice persists its chosen timing while consuming the declared Guided blueprint
ok 663 - Algorithms Custom Practice persists its chosen timing while consuming the declared Guided blueprint
  ---
  duration_ms: 419.71475
  type: 'test'
  ...
# Subtest: production lifecycle starts Custom Practice from the pinned Guided blueprint
ok 664 - production lifecycle starts Custom Practice from the pinned Guided blueprint
  ---
  duration_ms: 389.951417
  type: 'test'
  ...
# Subtest: Algorithms runtime rejects malformed review requests before selecting or persisting a session
ok 665 - Algorithms runtime rejects malformed review requests before selecting or persisting a session
  ---
  duration_ms: 188.378541
  type: 'test'
  ...
# Subtest: the verified Coding package resolves its hash-pinned local feedback diagram
ok 666 - the verified Coding package resolves its hash-pinned local feedback diagram
  ---
  duration_ms: 977.84525
  type: 'test'
  ...
# Subtest: the verified Coding Free package is the closed authority for its four approved modes
ok 667 - the verified Coding Free package is the closed authority for its four approved modes
  ---
  duration_ms: 775.587083
  type: 'test'
  ...
# Subtest: completed Algorithms practice replaces its runner with the session-keyed summary route
ok 668 - completed Algorithms practice replaces its runner with the session-keyed summary route
  ---
  duration_ms: 2.100709
  type: 'test'
  ...
# Subtest: practice summary reloads the immutable result and runner navigation requires verified completion
ok 669 - practice summary reloads the immutable result and runner navigation requires verified completion
  ---
  duration_ms: 2.556166
  type: 'test'
  ...
# Subtest: practice question review is a readonly session surface with bounded navigation and a return to its result
ok 670 - practice question review is a readonly session surface with bounded navigation and a return to its result
  ---
  duration_ms: 2.678834
  type: 'test'
  ...
# Subtest: session control labels identify the dimension, ordering position, and command
ok 671 - session control labels identify the dimension, ordering position, and command
  ---
  duration_ms: 8.015792
  type: 'test'
  ...
# Subtest: coding review pending keeps SessionShell navigation while using neutral response anatomy
ok 672 - coding review pending keeps SessionShell navigation while using neutral response anatomy
  ---
  duration_ms: 0.787667
  type: 'test'
  ...
# Subtest: interactive Algorithms session controls use real 48-point minimum geometry without hit-area substitutes
ok 673 - interactive Algorithms session controls use real 48-point minimum geometry without hit-area substitutes
  ---
  duration_ms: 3.814792
  type: 'test'
  ...
# Subtest: simulation accessibility respects motion, focus, and touch-target constraints
ok 674 - simulation accessibility respects motion, focus, and touch-target constraints
  ---
  duration_ms: 0.457292
  type: 'test'
  ...
# Subtest: canonical session surfaces expose deterministic state and do not group interactive descendants
ok 675 - canonical session surfaces expose deterministic state and do not group interactive descendants
  ---
  duration_ms: 1.616334
  type: 'test'
  ...
# Subtest: practice exit makes abandonment a single explicit decision in a modal
ok 676 - practice exit makes abandonment a single explicit decision in a modal
  ---
  duration_ms: 0.774791
  type: 'test'
  ...
# Subtest: standalone practice conflict and unavailable states respect both safe-area edges
ok 677 - standalone practice conflict and unavailable states respect both safe-area edges
  ---
  duration_ms: 0.532084
  type: 'test'
  ...
# Subtest: large text can grow session chrome and controls without fixed interactive heights
ok 678 - large text can grow session chrome and controls without fixed interactive heights
  ---
  duration_ms: 0.719125
  type: 'test'
  ...
# Subtest: bottom navigation preserves one-line visual labels while keeping every tab semantically named
ok 679 - bottom navigation preserves one-line visual labels while keeping every tab semantically named
  ---
  duration_ms: 1.169833
  type: 'test'
  ...
# Subtest: bottom navigation uses theme-appropriate separators without altering the light overlay
ok 680 - bottom navigation uses theme-appropriate separators without altering the light overlay
  ---
  duration_ms: 1.553625
  type: 'test'
  ...
# Subtest: Practice Hub keeps the quiet-layered recommendation readable at large text and removes the competing stats card
ok 681 - Practice Hub keeps the quiet-layered recommendation readable at large text and removes the competing stats card
  ---
  duration_ms: 0.485375
  type: 'test'
  ...
# Subtest: Practice Hub retains its mode layout and canonical ownership
ok 682 - Practice Hub retains its mode layout and canonical ownership
  ---
  duration_ms: 8.617917
  type: 'test'
  ...
# Subtest: Practice Question Shell keeps the Figma prompt-to-answer rhythm
ok 683 - Practice Question Shell keeps the Figma prompt-to-answer rhythm
  ---
  duration_ms: 0.606208
  type: 'test'
  ...
# Subtest: certification exam stacks descriptive actions so large text cannot clip flagging or navigation
ok 684 - certification exam stacks descriptive actions so large text cannot clip flagging or navigation
  ---
  duration_ms: 0.572333
  type: 'test'
  ...
# Subtest: practice runtime selectors are derived from the canonical session projection without entering speech labels
ok 685 - practice runtime selectors are derived from the canonical session projection without entering speech labels
  ---
  duration_ms: 1.142125
  type: 'test'
  ...
# Subtest: rich feedback renders semantic blocks with accessible code, headings, lists, callouts, and local images
ok 686 - rich feedback renders semantic blocks with accessible code, headings, lists, callouts, and local images
  ---
  duration_ms: 0.793917
  type: 'test'
  ...
# Subtest: dry-run regression starts the recommended session directly and proves its live timer
ok 687 - dry-run regression starts the recommended session directly and proves its live timer
  ---
  duration_ms: 2.028334
  type: 'test'
  ...
# Subtest: dry-run regression ends early into a truthful partial summary
ok 688 - dry-run regression ends early into a truthful partial summary
  ---
  duration_ms: 3.076209
  type: 'test'
  ...
# Subtest: Algorithms presentation metadata covers exactly the generated structural roadmap
ok 689 - Algorithms presentation metadata covers exactly the generated structural roadmap
  ---
  duration_ms: 3.907958
  type: 'test'
  ...
# Subtest: Algorithms runtime derives roadmap parent relationships and mental units from the generated SOT
ok 690 - Algorithms runtime derives roadmap parent relationships and mental units from the generated SOT
  ---
  duration_ms: 0.930583
  type: 'test'
  ...
# Subtest: Custom Practice atSessionEnd withholds correctness, Reason, Details, and distractor explanations after every submit
ok 691 - Custom Practice atSessionEnd withholds correctness, Reason, Details, and distractor explanations after every submit
  ---
  duration_ms: 2726.280167
  type: 'test'
  ...
# Subtest: Custom Practice atSessionEnd reloads its complete feedback from the canonical result after relaunch
ok 692 - Custom Practice atSessionEnd reloads its complete feedback from the canonical result after relaunch
  ---
  duration_ms: 1500.3945
  type: 'test'
  ...
# Subtest: Custom Practice afterEachAnswer journals each submitted response, exposes immediate feedback, advances, and finalizes one summary
ok 693 - Custom Practice afterEachAnswer journals each submitted response, exposes immediate feedback, advances, and finalizes one summary
  ---
  duration_ms: 2636.3065
  type: 'test'
  ...
# Subtest: Custom Practice resolves eligible and skipped reinserts only from its profile-owned immutable slots
ok 694 - Custom Practice resolves eligible and skipped reinserts only from its profile-owned immutable slots
  ---
  duration_ms: 1296.892875
  type: 'test'
  ...
# Subtest: Custom Practice rejects learner reinsert overrides before it prepares a session
ok 695 - Custom Practice rejects learner reinsert overrides before it prepares a session
  ---
  duration_ms: 214.5765
  type: 'test'
  ...
# Subtest: Custom Practice resume preserves the selected durable at-session-end timing
ok 696 - Custom Practice resume preserves the selected durable at-session-end timing
  ---
  duration_ms: 360.760875
  type: 'test'
  ...
# Subtest: resume rejects an active session that lacks a canonical feedback timing
ok 697 - resume rejects an active session that lacks a canonical feedback timing
  ---
  duration_ms: 0.718334
  type: 'test'
  ...
# Subtest: M1 Custom 10 derives real item and option identities from the pinned Algorithms package
ok 698 - M1 Custom 10 derives real item and option identities from the pinned Algorithms package
  ---
  duration_ms: 957.153708
  type: 'test'
  ...
# Subtest: M1 flow uses only runtime selectors for the complete deterministic session
ok 699 - M1 flow uses only runtime selectors for the complete deterministic session
  ---
  duration_ms: 2.144584
  type: 'test'
  ...
# Subtest: M2 Custom 10 at session end derives real item, option, and outcome identities from the pinned Algorithms package
ok 700 - M2 Custom 10 at session end derives real item, option, and outcome identities from the pinned Algorithms package
  ---
  duration_ms: 793.744917
  type: 'test'
  ...
# Subtest: M2 flow uses stable selectors for Custom setup, deferred feedback, summary review, progress, and completed-session relaunch
ok 701 - M2 flow uses stable selectors for Custom setup, deferred feedback, summary review, progress, and completed-session relaunch
  ---
  duration_ms: 6.375916
  type: 'test'
  ...
# Subtest: M3 keeps the same Custom Practice session and withholds feedback across leave, kill, and resume
ok 702 - M3 keeps the same Custom Practice session and withholds feedback across leave, kill, and resume
  ---
  duration_ms: 3.100041
  type: 'test'
  ...
# Subtest: M4 restores the exact Custom Practice durable feedback after leave, kill, and resume
ok 703 - M4 restores the exact Custom Practice durable feedback after leave, kill, and resume
  ---
  duration_ms: 0.367792
  type: 'test'
  ...
# Subtest: M5 reuses the complete M1 flow and proves a terminal session has no active resume path after relaunch
ok 704 - M5 reuses the complete M1 flow and proves a terminal session has no active resume path after relaunch
  ---
  duration_ms: 0.248333
  type: 'test'
  ...
# Subtest: M6 and M7 seed their real first Custom Practice item from the pinned package
ok 705 - M6 and M7 seed their real first Custom Practice item from the pinned package
  ---
  duration_ms: 793.4155
  type: 'test'
  ...
# Subtest: M6 performs a real scheduled due review after the canonical audit clock advance
ok 706 - M6 performs a real scheduled due review after the canonical audit clock advance
  ---
  duration_ms: 1.896667
  type: 'test'
  ...
# Subtest: M7 materializes remediation through the canonical weak-area review session
ok 707 - M7 materializes remediation through the canonical weak-area review session
  ---
  duration_ms: 0.450542
  type: 'test'
  ...
# Subtest: RC Algorithms bootstrap resets learning data and explicitly selects the Algorithms track
not ok 708 - RC Algorithms bootstrap resets learning data and explicitly selects the Algorithms track
  ---
  duration_ms: 27.437333
  type: 'test'
  location: '/Users/lukaszkurczab/Desktop/Projects/Patternly/patternly/src/tracks/coding-interview/rcAlgorithmsBootstrap.test.ts:2:936'
  failureType: 'testCodeFailure'
  error: |-
    The expression evaluated to a falsy value:
    
      assert.ok(waitForShell >= 0 && homeBranch > waitForShell && selectAlgorithms > homeBranch)
    
  code: 'ERR_ASSERTION'
  name: 'AssertionError'
  expected: true
  actual: false
  operator: '=='
  stack: |-
    TestContext.<anonymous> (/Users/lukaszkurczab/Desktop/Projects/Patternly/patternly/src/tracks/coding-interview/rcAlgorithmsBootstrap.test.ts:16:10)
    Test.runInAsyncScope (node:async_hooks:214:14)
    Test.run (node:internal/test_runner/test:1047:25)
    Test.start (node:internal/test_runner/test:944:17)
    startSubtestAfterBootstrap (node:internal/test_runner/harness:296:17)
  ...
# Subtest: RC Algorithms iOS runner validates and passes explicit capture inputs only to the final Maestro flow
ok 709 - RC Algorithms iOS runner validates and passes explicit capture inputs only to the final Maestro flow
  ---
  duration_ms: 0.619625
  type: 'test'
  ...
# Subtest: Design Interview lifecycle persists an answer, resumes the exact session, and completes with a verified result
ok 710 - Design Interview lifecycle persists an answer, resumes the exact session, and completes with a verified result
  ---
  duration_ms: 1208.690791
  type: 'test'
  ...
# Subtest: Design Interview runtime prepares, submits, and finalizes one immutable session for every installed track
ok 711 - Design Interview runtime prepares, submits, and finalizes one immutable session for every installed track
  ---
  duration_ms: 996.855208
  type: 'test'
  ...
# Subtest: Design Interview scoring covers choice, ordering, and decision matrix interactions from the installed frontend package
ok 712 - Design Interview scoring covers choice, ordering, and decision matrix interactions from the installed frontend package
  ---
  duration_ms: 194.590333
  type: 'test'
  ...
# Subtest: Design session mode titles match the learner-facing journey
ok 713 - Design session mode titles match the learner-facing journey
  ---
  duration_ms: 2.324708
  type: 'test'
  ...
# Subtest: Design result names its exact package topic and exposes missing mapping
ok 714 - Design result names its exact package topic and exposes missing mapping
  ---
  duration_ms: 4.258584
  type: 'test'
  ...
1..714
# tests 714
# suites 0
# pass 712
# fail 2
# cancelled 0
# skipped 0
# todo 0
# duration_ms 43968.652209
