
> patternly@0.1.0 qa:static
> npm run recovery:check && npm run typecheck && npm test && npm run validate:content-boundary && npm run validate:runtime-privacy-boundary


> patternly@0.1.0 recovery:check
> node scripts/checkRecoveryBaseline.mjs

RECOVERY_INVENTORY_CHECK=passed
RECOVERY_ACTIVE_SOURCE_FILES=332
RECOVERY_ACTIVE_TESTS=147
RECOVERY_TEST_CASES=749
RECOVERY_STAGE_1_BOUNDARIES=passed

> patternly@0.1.0 typecheck
> tsc --noEmit


> patternly@0.1.0 test
> node --import tsx --test 'src/**/*.test.ts' 'src/**/*.test.mjs' 'scripts/**/*.test.ts' 'scripts/**/*.test.mjs'

TAP version 13
# Subtest: learning kernel and registry boundaries exclude family content and platform owners
ok 1 - learning kernel and registry boundaries exclude family content and platform owners
  ---
  duration_ms: 14.098166
  type: 'test'
  ...
# Subtest: families do not import one another and source contains no replacement bridge
ok 2 - families do not import one another and source contains no replacement bridge
  ---
  duration_ms: 241.059083
  type: 'test'
  ...
# Subtest: application mutations depend on repositories rather than raw storage internals
ok 3 - application mutations depend on repositories rather than raw storage internals
  ---
  duration_ms: 1.52225
  type: 'test'
  ...
# Subtest: canonical lifecycle use cases have no React, storage implementation, or family-scoring dependency
ok 4 - canonical lifecycle use cases have no React, storage implementation, or family-scoring dependency
  ---
  duration_ms: 1.432209
  type: 'test'
  ...
# Subtest: the public storage barrel does not expose raw keys or codec
ok 5 - the public storage barrel does not expose raw keys or codec
  ---
  duration_ms: 0.583334
  type: 'test'
  ...
# Subtest: Expo and npm expose one canonical Patternly identity
ok 6 - Expo and npm expose one canonical Patternly identity
  ---
  duration_ms: 22.172334
  type: 'test'
  ...
# Subtest: RC runners, runtime-audit URLs, and every Maestro flow share the Patternly identity
ok 7 - RC runners, runtime-audit URLs, and every Maestro flow share the Patternly identity
  ---
  duration_ms: 32.365084
  type: 'test'
  ...
# Subtest: build identity cutover leaves canonical learning-data keys unchanged
ok 8 - build identity cutover leaves canonical learning-data keys unchanged
  ---
  duration_ms: 1.737167
  type: 'test'
  ...
# Subtest: runtime mode is explicit and persists in public Expo config
ok 9 - runtime mode is explicit and persists in public Expo config
  ---
  duration_ms: 2.246667
  type: 'test'
  ...
# Subtest: sandbox and release reject mode/configuration mismatches
ok 10 - sandbox and release reject mode/configuration mismatches
  ---
  duration_ms: 2.924208
  type: 'test'
  ...
# Subtest: smoke is the explicit local default and permits debug App Check
ok 11 - smoke is the explicit local default and permits debug App Check
  ---
  duration_ms: 1.094833
  type: 'test'
  ...
# Subtest: remote artifacts require their public Firebase configuration before prebuild
ok 12 - remote artifacts require their public Firebase configuration before prebuild
  ---
  duration_ms: 0.433125
  type: 'test'
  ...
# Subtest: remote artifacts require production App Check providers before prebuild
ok 13 - remote artifacts require production App Check providers before prebuild
  ---
  duration_ms: 0.414708
  type: 'test'
  ...
# Subtest: sandbox uses the one tracked native Firebase registration while release requires production file variables
ok 14 - sandbox uses the one tracked native Firebase registration while release requires production file variables
  ---
  duration_ms: 0.74825
  type: 'test'
  ...
# Subtest: QA installs the frontend lock before native and root verification
ok 15 - QA installs the frontend lock before native and root verification
  ---
  duration_ms: 3.151208
  type: 'test'
  ...
# Subtest: EAS release configuration has explicit version, runtime, and channel policy
ok 16 - EAS release configuration has explicit version, runtime, and channel policy
  ---
  duration_ms: 7.216375
  type: 'test'
  ...
# Subtest: EAS source archives exclude generated native output, artifacts, and credentials
ok 17 - EAS source archives exclude generated native output, artifacts, and credentials
  ---
  duration_ms: 1.06375
  type: 'test'
  ...
# Subtest: launch readiness CI is an explicit exact-SHA enforced gate
ok 18 - launch readiness CI is an explicit exact-SHA enforced gate
  ---
  duration_ms: 3.87925
  type: 'test'
  ...
# Subtest: one journal contract, materializer, verifier, and coordinator remain
ok 19 - one journal contract, materializer, verifier, and coordinator remain
  ---
  duration_ms: 8.132167
  type: 'test'
  ...
# Subtest: mutation failure has one boundary owner and presentation cannot recreate durable state
ok 20 - mutation failure has one boundary owner and presentation cannot recreate durable state
  ---
  duration_ms: 215.942708
  type: 'test'
  ...
# Subtest: features and track semantics cannot import storage or repository implementations
ok 21 - features and track semantics cannot import storage or repository implementations
  ---
  duration_ms: 30.962208
  type: 'test'
  ...
# Subtest: Algorithms runtime composition has no persistence binding
ok 22 - Algorithms runtime composition has no persistence binding
  ---
  duration_ms: 1.468584
  type: 'test'
  ...
# Subtest: Coding Interview read projections do not create a barrel cycle through the session facade
ok 23 - Coding Interview read projections do not create a barrel cycle through the session facade
  ---
  duration_ms: 0.989334
  type: 'test'
  ...
# Subtest: one family-neutral foreground timer is bound only in application composition, never in presentation
ok 24 - one family-neutral foreground timer is bound only in application composition, never in presentation
  ---
  duration_ms: 22.594084
  type: 'test'
  ...
# Subtest: training-session identity has one lifecycle authority and no obsolete runtime port
ok 25 - training-session identity has one lifecycle authority and no obsolete runtime port
  ---
  duration_ms: 10.828708
  type: 'test'
  ...
# Subtest: old active exam persistence owner and feature services are deleted
ok 26 - old active exam persistence owner and feature services are deleted
  ---
  duration_ms: 113.5275
  type: 'test'
  ...
# Subtest: Certification answers cannot recreate the deleted selector or competing writer
ok 27 - Certification answers cannot recreate the deleted selector or competing writer
  ---
  duration_ms: 176.261417
  type: 'test'
  ...
# Subtest: Certification presentation reads materialized feedback without owning family scoring
ok 28 - Certification presentation reads materialized feedback without owning family scoring
  ---
  duration_ms: 19.442125
  type: 'test'
  ...
# Subtest: Certification durable Practice state has one exact projection, recovery command, and shared notice mapper
ok 29 - Certification durable Practice state has one exact projection, recovery command, and shared notice mapper
  ---
  duration_ms: 3.42275
  type: 'test'
  ...
# Subtest: Certification route handoffs use exact resume intent and cannot hide failures behind start fallbacks
ok 30 - Certification route handoffs use exact resume intent and cannot hide failures behind start fallbacks
  ---
  duration_ms: 2.361209
  type: 'test'
  ...
# Subtest: presentation routes use application ports without persistence internals
ok 31 - presentation routes use application ports without persistence internals
  ---
  duration_ms: 63.694209
  type: 'test'
  ...
# Subtest: startup recovery uses canonical bootstrap recovery
ok 32 - startup recovery uses canonical bootstrap recovery
  ---
  duration_ms: 0.373875
  type: 'test'
  ...
# Subtest: release-native configuration excludes canonical learning storage from backup and unneeded ingress
ok 33 - release-native configuration excludes canonical learning storage from backup and unneeded ingress
  ---
  duration_ms: 5.392958
  type: 'test'
  ...
# Subtest: Android privacy transforms are reproducible without generated native projects
ok 34 - Android privacy transforms are reproducible without generated native projects
  ---
  duration_ms: 5.191708
  type: 'test'
  ...
# Subtest: iOS backup transform is reproducible without a generated AppDelegate
ok 35 - iOS backup transform is reproducible without a generated AppDelegate
  ---
  duration_ms: 0.8275
  type: 'test'
  ...
# Subtest: Expo platform configuration declares the supported phone-only native matrix
ok 36 - Expo platform configuration declares the supported phone-only native matrix
  ---
  duration_ms: 5.258125
  type: 'test'
  ...
# Subtest: launch readiness report is deterministic and exposes the unresolved release blockers
ok 37 - launch readiness report is deterministic and exposes the unresolved release blockers
  ---
  duration_ms: 3046.912958
  type: 'test'
  ...
# Subtest: launch readiness reports a missing editorial approval from a clean content checkout
ok 38 - launch readiness reports a missing editorial approval from a clean content checkout
  ---
  duration_ms: 1047.717583
  type: 'test'
  ...
# Subtest: release gate fails while the readiness report contains blockers
ok 39 - release gate fails while the readiness report contains blockers
  ---
  duration_ms: 1433.634458
  type: 'test'
  ...
# Subtest: launch readiness fails closed when the content evidence checkout is dirty
ok 40 - launch readiness fails closed when the content evidence checkout is dirty
  ---
  duration_ms: 1042.760208
  type: 'test'
  ...
# Subtest: launch readiness fails closed when the application release lock provenance is invalid
ok 41 - launch readiness fails closed when the application release lock provenance is invalid
  ---
  duration_ms: 938.826875
  type: 'test'
  ...
# Subtest: launch readiness fails closed when the application evidence checkout is dirty
ok 42 - launch readiness fails closed when the application evidence checkout is dirty
  ---
  duration_ms: 1222.155583
  type: 'test'
  ...
# Subtest: launch readiness admits external evidence only when its envelope is bound and self-integral
ok 43 - launch readiness admits external evidence only when its envelope is bound and self-integral
  ---
  duration_ms: 2385.004625
  type: 'test'
  ...
# Subtest: physical-device evidence is reported and validated as optional external evidence
ok 44 - physical-device evidence is reported and validated as optional external evidence
  ---
  duration_ms: 2260.382709
  type: 'test'
  ...
# Subtest: public environment and Firebase client configuration fail closed
ok 45 - public environment and Firebase client configuration fail closed
  ---
  duration_ms: 8.766084
  type: 'test'
  ...
# Subtest: only the explicit local smoke runtime finalizes every password-identity command without verification side effects
ok 46 - only the explicit local smoke runtime finalizes every password-identity command without verification side effects
  ---
  duration_ms: 3.335167
  type: 'test'
  ...
# Subtest: account entry copy makes the destructive choice and code acknowledgement explicit
ok 47 - account entry copy makes the destructive choice and code acknowledgement explicit
  ---
  duration_ms: 5.879167
  type: 'test'
  ...
# Subtest: account entry owns one terminal choice and keeps synced account controls separate
ok 48 - account entry owns one terminal choice and keeps synced account controls separate
  ---
  duration_ms: 1.657459
  type: 'test'
  ...
# Subtest: account recovery owns one status message, a truthful retry, and a sign-out exit
ok 49 - account recovery owns one status message, a truthful retry, and a sign-out exit
  ---
  duration_ms: 5.68775
  type: 'test'
  ...
# Subtest: sign-in keeps guest access visible and uses the approved Google logo asset
ok 50 - sign-in keeps guest access visible and uses the approved Google logo asset
  ---
  duration_ms: 5.01525
  type: 'test'
  ...
# Subtest: a guest transition resets navigation into the application session
ok 51 - a guest transition resets navigation into the application session
  ---
  duration_ms: 10.677542
  type: 'test'
  ...
# Subtest: secure auth persistence stores only a Firebase refresh-token-shaped record
ok 52 - secure auth persistence stores only a Firebase refresh-token-shaped record
  ---
  duration_ms: 3.71925
  type: 'test'
  ...
# Subtest: secure auth persistence isolates Firebase metadata from the saved auth user
ok 53 - secure auth persistence isolates Firebase metadata from the saved auth user
  ---
  duration_ms: 4.149667
  type: 'test'
  ...
# Subtest: startup waits for persisted auth resolution before choosing the entry screen or Home
ok 54 - startup waits for persisted auth resolution before choosing the entry screen or Home
  ---
  duration_ms: 5.554625
  type: 'test'
  ...
# Subtest: account finalization coordinator shares one in-flight and completed result per generation
ok 55 - account finalization coordinator shares one in-flight and completed result per generation
  ---
  duration_ms: 1.699583
  type: 'test'
  ...
# Subtest: account finalization coordinator drops late results after invalidation and disposal
ok 56 - account finalization coordinator drops late results after invalidation and disposal
  ---
  duration_ms: 11.079875
  type: 'test'
  ...
# Subtest: account restore has a bounded initialization recovery path
ok 57 - account restore has a bounded initialization recovery path
  ---
  duration_ms: 2.995167
  type: 'test'
  ...
# Subtest: App Check has an explicit unavailable state and never fabricates a token
ok 58 - App Check has an explicit unavailable state and never fabricates a token
  ---
  duration_ms: 2.013584
  type: 'test'
  ...
# Subtest: account failures expose explicit provider, network, expiry, and revoked-session states
ok 59 - account failures expose explicit provider, network, expiry, and revoked-session states
  ---
  duration_ms: 5.478042
  type: 'test'
  ...
# Subtest: account sync preserves known validation failures without persisting arbitrary error messages
ok 60 - account sync preserves known validation failures without persisting arbitrary error messages
  ---
  duration_ms: 37.474584
  type: 'test'
  ...
# Subtest: sign-out keeps the account bound and exposes a durable pending state when revocation fails
ok 61 - sign-out keeps the account bound and exposes a durable pending state when revocation fails
  ---
  duration_ms: 10.108583
  type: 'test'
  ...
# Subtest: deletion retries after a revoked or stale session and leaves a verified local tombstone
ok 62 - deletion retries after a revoked or stale session and leaves a verified local tombstone
  ---
  duration_ms: 5.649042
  type: 'test'
  ...
# Subtest: a durable terminal learning commit uploads once when Home retries pending data
ok 63 - a durable terminal learning commit uploads once when Home retries pending data
  ---
  duration_ms: 424.741958
  type: 'test'
  ...
# Subtest: concurrent Home retries share one offline attempt and preserve durable pending state
ok 64 - concurrent Home retries share one offline attempt and preserve durable pending state
  ---
  duration_ms: 40.449375
  type: 'test'
  ...
# Subtest: a concurrent local session start during upload keeps the interrupted Home sync retryable
ok 65 - a concurrent local session start during upload keeps the interrupted Home sync retryable
  ---
  duration_ms: 83.660792
  type: 'test'
  ...
# Subtest: a concurrent local session start during download keeps the interrupted Home sync retryable
ok 66 - a concurrent local session start during download keeps the interrupted Home sync retryable
  ---
  duration_ms: 330.439125
  type: 'test'
  ...
# Subtest: Home pending retry honors binding, state, and durable recovery guards without remote calls
ok 67 - Home pending retry honors binding, state, and durable recovery guards without remote calls
  ---
  duration_ms: 78.512625
  type: 'test'
  ...
# Subtest: bound restart exposes a projection for a locally saved session without remote reads or writes
ok 68 - bound restart exposes a projection for a locally saved session without remote reads or writes
  ---
  duration_ms: 4.838375
  type: 'test'
  ...
# Subtest: resume requires matching installation and account-state bindings
ok 69 - resume requires matching installation and account-state bindings
  ---
  duration_ms: 5.158959
  type: 'test'
  ...
# Subtest: a pending learning journal blocks bound account sync without clearing the journal
ok 70 - a pending learning journal blocks bound account sync without clearing the journal
  ---
  duration_ms: 6.965917
  type: 'test'
  ...
# Subtest: a deferred upload state resumes locally and syncs idempotently after finalization
ok 71 - a deferred upload state resumes locally and syncs idempotently after finalization
  ---
  duration_ms: 8.337083
  type: 'test'
  ...
# Subtest: discard deletes guest records and goals but preserves device preferences and performs no remote writes
ok 72 - discard deletes guest records and goals but preserves device preferences and performs no remote writes
  ---
  duration_ms: 10.533375
  type: 'test'
  ...
# Subtest: discard restores existing account records unchanged without uploading guest data
ok 73 - discard restores existing account records unchanged without uploading guest data
  ---
  duration_ms: 3.547209
  type: 'test'
  ...
# Subtest: failed account fetch keeps guest data and releases the operation lane for retry
ok 74 - failed account fetch keeps guest data and releases the operation lane for retry
  ---
  duration_ms: 5.259916
  type: 'test'
  ...
# Subtest: discard resumes after partial-index failure without reconstructing a guest upload
ok 75 - discard resumes after partial-index failure without reconstructing a guest upload
  ---
  duration_ms: 11.620375
  type: 'test'
  ...
# Subtest: discard resumes after binding failure without reconstructing a guest upload
ok 76 - discard resumes after binding failure without reconstructing a guest upload
  ---
  duration_ms: 2.704667
  type: 'test'
  ...
# Subtest: discard resumes after finish failure without reconstructing a guest upload
ok 77 - discard resumes after finish failure without reconstructing a guest upload
  ---
  duration_ms: 5.201709
  type: 'test'
  ...
# Subtest: discard rejects another account and pending adoption without changing guest data
ok 78 - discard rejects another account and pending adoption without changing guest data
  ---
  duration_ms: 2.752167
  type: 'test'
  ...
# Subtest: discard blocks an active guest session before fetching or deleting data
ok 79 - discard blocks an active guest session before fetching or deleting data
  ---
  duration_ms: 16.46675
  type: 'test'
  ...
# Subtest: concurrent discard calls make one transition and keep the guest outbox empty before fetching
ok 80 - concurrent discard calls make one transition and keep the guest outbox empty before fetching
  ---
  duration_ms: 2.078
  type: 'test'
  ...
# Subtest: malformed remote records are rejected before the guest dataset or marker changes
ok 81 - malformed remote records are rejected before the guest dataset or marker changes
  ---
  duration_ms: 1.275042
  type: 'test'
  ...
# Subtest: pending materialization blocks lifecycle revoke and deletion without losing the marker
ok 82 - pending materialization blocks lifecycle revoke and deletion without losing the marker
  ---
  duration_ms: 0.561792
  type: 'test'
  ...
# Subtest: signout queued with discard runs after materialization and cannot be followed by a stale bind
ok 83 - signout queued with discard runs after materialization and cannot be followed by a stale bind
  ---
  duration_ms: 2.12525
  type: 'test'
  ...
# Subtest: unreadable mutation journal blocks discard before deleting guest data
ok 84 - unreadable mutation journal blocks discard before deleting guest data
  ---
  duration_ms: 1.890459
  type: 'test'
  ...
# Subtest: sign-out discovers locally committed answers before clearing account data even when the outbox has not been built
ok 85 - sign-out discovers locally committed answers before clearing account data even when the outbox has not been built
  ---
  duration_ms: 155.12
  type: 'test'
  ...
# Subtest: Activity read model keeps terminal history semantics and includes completed sessions without answers
ok 86 - Activity read model keeps terminal history semantics and includes completed sessions without answers
  ---
  duration_ms: 65.865042
  type: 'test'
  ...
# Subtest: Activity read model surfaces a corrupt canonical result instead of presenting an empty history
ok 87 - Activity read model surfaces a corrupt canonical result instead of presenting an empty history
  ---
  duration_ms: 5.433959
  type: 'test'
  ...
# Subtest: Activity read model treats repository issues as an explicit storage failure
ok 88 - Activity read model treats repository issues as an explicit storage failure
  ---
  duration_ms: 10.7455
  type: 'test'
  ...
# Subtest: Activity read model reuses the caller's attempts read when supplied
ok 89 - Activity read model reuses the caller's attempts read when supplied
  ---
  duration_ms: 1.311583
  type: 'test'
  ...
# Subtest: Activity read owner invalidates late focus reads and lets the newest retry win
ok 90 - Activity read owner invalidates late focus reads and lets the newest retry win
  ---
  duration_ms: 2.131458
  type: 'test'
  ...
# Subtest: Activity read owner keeps current read failures explicit
ok 91 - Activity read owner keeps current read failures explicit
  ---
  duration_ms: 0.934584
  type: 'test'
  ...
# Subtest: Certification practice max points follows every occurrence's exact option set
ok 92 - Certification practice max points follows every occurrence's exact option set
  ---
  duration_ms: 1658.225167
  type: 'test'
  ...
# Subtest: Certification simulation keeps unanswered occurrences in the exact max and exposes no answers
ok 93 - Certification simulation keeps unanswered occurrences in the exact max and exposes no answers
  ---
  duration_ms: 332.152333
  type: 'test'
  ...
# Subtest: Algorithms Interview Simulation saves one response durably across lifecycle reload
ok 94 - Algorithms Interview Simulation saves one response durably across lifecycle reload
  ---
  duration_ms: 1489.534583
  type: 'test'
  ...
# Subtest: Algorithms save-and-continue is one application command for the active non-final occurrence
ok 95 - Algorithms save-and-continue is one application command for the active non-final occurrence
  ---
  duration_ms: 1154.769667
  type: 'test'
  ...
# Subtest: two concurrent Algorithms save-and-continue commands share one durable save and one advance
ok 96 - two concurrent Algorithms save-and-continue commands share one durable save and one advance
  ---
  duration_ms: 882.091166
  type: 'test'
  ...
# Subtest: concurrent timer checkpoint and save-and-continue retain the draft revision and next position
ok 97 - concurrent timer checkpoint and save-and-continue retain the draft revision and next position
  ---
  duration_ms: 1269.135709
  type: 'test'
  ...
# Subtest: Algorithms save-and-continue verifies its durable response revision before publishing occurrence two
ok 98 - Algorithms save-and-continue verifies its durable response revision before publishing occurrence two
  ---
  duration_ms: 1027.543375
  type: 'test'
  ...
# Subtest: Algorithms save-and-jump durably saves a changed response before publishing the requested occurrence
ok 99 - Algorithms save-and-jump durably saves a changed response before publishing the requested occurrence
  ---
  duration_ms: 653.9945
  type: 'test'
  ...
# Subtest: a non-durable simulation save failure can explicitly resume local editing without a durable write
ok 100 - a non-durable simulation save failure can explicitly resume local editing without a durable write
  ---
  duration_ms: 645.903167
  type: 'test'
  ...
# Subtest: Algorithms simulation relaunch after its first answer preserves draft, position, timer checkpoint, and one active session
ok 101 - Algorithms simulation relaunch after its first answer preserves draft, position, timer checkpoint, and one active session
  ---
  duration_ms: 545.698166
  type: 'test'
  ...
# Subtest: Algorithms Interview Simulation finalizes its complete immutable forty-occurrence plan
ok 102 - Algorithms Interview Simulation finalizes its complete immutable forty-occurrence plan
  ---
  duration_ms: 9312.164334
  type: 'test'
  ...
# Subtest: Algorithms save-and-continue recovery advances a durable response without a second draft revision
ok 103 - Algorithms save-and-continue recovery advances a durable response without a second draft revision
  ---
  duration_ms: 671.962584
  type: 'test'
  ...
# Subtest: A before journal persistence leaves no durable outcome
ok 104 - A before journal persistence leaves no durable outcome
  ---
  duration_ms: 123.024291
  type: 'test'
  ...
# Subtest: B after journal persistence recovers complete
ok 105 - B after journal persistence recovers complete
  ---
  duration_ms: 90.561625
  type: 'test'
  ...
# Subtest: C after attempt write does not duplicate
ok 106 - C after attempt write does not duplicate
  ---
  duration_ms: 22.515209
  type: 'test'
  ...
# Subtest: D after review writes no duplicate evidence
ok 107 - D after review writes no duplicate evidence
  ---
  duration_ms: 28.170375
  type: 'test'
  ...
# Subtest: E after session no twice advance
ok 108 - E after session no twice advance
  ---
  duration_ms: 20.681833
  type: 'test'
  ...
# Subtest: F all writes before verification
ok 109 - F all writes before verification
  ---
  duration_ms: 12.837458
  type: 'test'
  ...
# Subtest: G verification before clear safely replays
ok 110 - G verification before clear safely replays
  ---
  duration_ms: 15.192042
  type: 'test'
  ...
# Subtest: resolved review deletion is physical and safely replays after force-close
ok 111 - resolved review deletion is physical and safely replays after force-close
  ---
  duration_ms: 34.169166
  type: 'test'
  ...
# Subtest: resolved review deletion recovers when its index update fails
ok 112 - resolved review deletion recovers when its index update fails
  ---
  duration_ms: 17.184667
  type: 'test'
  ...
# Subtest: manual review removal recovers after index switch but before physical deletion
ok 113 - manual review removal recovers after index switch but before physical deletion
  ---
  duration_ms: 15.775125
  type: 'test'
  ...
# Subtest: session abandonment persists abandoned session before clearing active pointer
ok 114 - session abandonment persists abandoned session before clearing active pointer
  ---
  duration_ms: 108.030084
  type: 'test'
  ...
# Subtest: session abandonment replay is idempotent
ok 115 - session abandonment replay is idempotent
  ---
  duration_ms: 44.391792
  type: 'test'
  ...
# Subtest: abandonment recovers identically after every durable write boundary
ok 116 - abandonment recovers identically after every durable write boundary
  ---
  duration_ms: 63.877
  type: 'test'
  ...
# Subtest: abandonment does not navigate before durability
ok 117 - abandonment does not navigate before durability
  ---
  duration_ms: 3.028792
  type: 'test'
  ...
# Subtest: local answer commit defers snapshot and outbox construction until account synchronization
ok 118 - local answer commit defers snapshot and outbox construction until account synchronization
  ---
  duration_ms: 133.572625
  type: 'test'
  ...
# Subtest: failed pending-sync write retains the verified journal and recovers without duplicating the answer
ok 119 - failed pending-sync write retains the verified journal and recovers without duplicating the answer
  ---
  duration_ms: 15.447958
  type: 'test'
  ...
# Subtest: clear local history is one journaled learning-state mutation
ok 120 - clear local history is one journaled learning-state mutation
  ---
  duration_ms: 35.856875
  type: 'test'
  ...
# Subtest: clear local history copy covers progress and review data
ok 121 - clear local history copy covers progress and review data
  ---
  duration_ms: 0.398875
  type: 'test'
  ...
# Subtest: clear local history preserves the one guest installation and local dataset identity
ok 122 - clear local history preserves the one guest installation and local dataset identity
  ---
  duration_ms: 27.245292
  type: 'test'
  ...
# Subtest: reset recovers a pending command before deleting its fully materialized learning state
ok 123 - reset recovers a pending command before deleting its fully materialized learning state
  ---
  duration_ms: 98.919542
  type: 'test'
  ...
# Subtest: reset failure remains explicit and recovery is identical after every deletion boundary
ok 124 - reset failure remains explicit and recovery is identical after every deletion boundary
  ---
  duration_ms: 86.09575
  type: 'test'
  ...
# Subtest: journal durability precedes idempotent materialization and recovery
ok 125 - journal durability precedes idempotent materialization and recovery
  ---
  duration_ms: 68.264625
  type: 'test'
  ...
# Subtest: journal phase advances only one immutable step at a time
ok 126 - journal phase advances only one immutable step at a time
  ---
  duration_ms: 51.572542
  type: 'test'
  ...
# Subtest: journaled command rejects a conflicting pending command
ok 127 - journaled command rejects a conflicting pending command
  ---
  duration_ms: 16.590625
  type: 'test'
  ...
# Subtest: journal has a versioned SHA-256 command identity and rejects stale expected revisions
ok 128 - journal has a versioned SHA-256 command identity and rejects stale expected revisions
  ---
  duration_ms: 4.871917
  type: 'test'
  ...
# Subtest: journal construction rejects writes that cross exact content package pins
ok 129 - journal construction rejects writes that cross exact content package pins
  ---
  duration_ms: 1.612333
  type: 'test'
  ...
# Subtest: practice submission recovers identically after every durable write boundary
ok 130 - practice submission recovers identically after every durable write boundary
  ---
  duration_ms: 105.171125
  type: 'test'
  ...
# Subtest: concurrent conflicting journal persists use one CAS winner and ownership-checked clear
ok 131 - concurrent conflicting journal persists use one CAS winner and ownership-checked clear
  ---
  duration_ms: 5.986375
  type: 'test'
  ...
# Subtest: materializes one attempt
ok 132 - materializes one attempt
  ---
  duration_ms: 158.776667
  type: 'test'
  ...
# Subtest: materializes one review entry
ok 133 - materializes one review entry
  ---
  duration_ms: 7.423791
  type: 'test'
  ...
# Subtest: rejects an unsupported write kind instead of silently materializing it
ok 134 - rejects an unsupported write kind instead of silently materializing it
  ---
  duration_ms: 19.36925
  type: 'test'
  ...
# Subtest: materializes one session
ok 135 - materializes one session
  ---
  duration_ms: 13.185334
  type: 'test'
  ...
# Subtest: clears active session pointer
ok 136 - clears active session pointer
  ---
  duration_ms: 10.090625
  type: 'test'
  ...
# Subtest: materializes a complete training outcome in canonical order
ok 137 - materializes a complete training outcome in canonical order
  ---
  duration_ms: 23.563458
  type: 'test'
  ...
# Subtest: replays a fully materialized journal without duplicate effects
ok 138 - replays a fully materialized journal without duplicate effects
  ---
  duration_ms: 84.6455
  type: 'test'
  ...
# Subtest: resumes after only attempt write completed
ok 139 - resumes after only attempt write completed
  ---
  duration_ms: 65.706
  type: 'test'
  ...
# Subtest: resumes after attempt and review writes completed
ok 140 - resumes after attempt and review writes completed
  ---
  duration_ms: 39.979667
  type: 'test'
  ...
# Subtest: resumes after session write completed
ok 141 - resumes after session write completed
  ---
  duration_ms: 9.704125
  type: 'test'
  ...
# Subtest: rejects conflicting immutable attempt
ok 142 - rejects conflicting immutable attempt
  ---
  duration_ms: 2.846541
  type: 'test'
  ...
# Subtest: rejects conflicting session record
ok 143 - rejects conflicting session record
  ---
  duration_ms: 8.187334
  type: 'test'
  ...
# Subtest: rejects conflicting review record
ok 144 - rejects conflicting review record
  ---
  duration_ms: 3.240208
  type: 'test'
  ...
# Subtest: preserves active journal after write failure
ok 145 - preserves active journal after write failure
  ---
  duration_ms: 190.663042
  type: 'test'
  ...
# Subtest: does nothing when no journal exists
ok 146 - does nothing when no journal exists
  ---
  duration_ms: 4.833167
  type: 'test'
  ...
# Subtest: recovers a journal before any writes
ok 147 - recovers a journal before any writes
  ---
  duration_ms: 200.894
  type: 'test'
  ...
# Subtest: recovers partially materialized
ok 148 - recovers partially materialized
  ---
  duration_ms: 212.474458
  type: 'test'
  ...
# Subtest: fully materialized unverified
ok 149 - fully materialized unverified
  ---
  duration_ms: 29.912708
  type: 'test'
  ...
# Subtest: verified journal whose clear failed
ok 150 - verified journal whose clear failed
  ---
  duration_ms: 151.474416
  type: 'test'
  ...
# Subtest: accepts ident immutable attempt
ok 151 - accepts ident immutable attempt
  ---
  duration_ms: 15.356292
  type: 'test'
  ...
# Subtest: rejects conflicting immutable attempt
ok 152 - rejects conflicting immutable attempt
  ---
  duration_ms: 6.273666
  type: 'test'
  ...
# Subtest: rejects conflicting active journal
ok 153 - rejects conflicting active journal
  ---
  duration_ms: 61.798375
  type: 'test'
  ...
# Subtest: blocks corrupt journal
ok 154 - blocks corrupt journal
  ---
  duration_ms: 1.694708
  type: 'test'
  ...
# Subtest: blocks journal read failure
ok 155 - blocks journal read failure
  ---
  duration_ms: 1.195916
  type: 'test'
  ...
# Subtest: preserves journal after materialization failure
ok 156 - preserves journal after materialization failure
  ---
  duration_ms: 4.099417
  type: 'test'
  ...
# Subtest: preserves journal after verification failure
ok 157 - preserves journal after verification failure
  ---
  duration_ms: 8.124917
  type: 'test'
  ...
# Subtest: preserves journal after journal clear failure
ok 158 - preserves journal after journal clear failure
  ---
  duration_ms: 14.258375
  type: 'test'
  ...
# Subtest: rejects a semantically malformed persisted journal and retains it
ok 159 - rejects a semantically malformed persisted journal and retains it
  ---
  duration_ms: 1.942834
  type: 'test'
  ...
# Subtest: rejects an unknown persisted write and retains its journal
ok 160 - rejects an unknown persisted write and retains its journal
  ---
  duration_ms: 1.22825
  type: 'test'
  ...
# Subtest: rejects an old persisted journal without an exact package pin
ok 161 - rejects an old persisted journal without an exact package pin
  ---
  duration_ms: 9.002084
  type: 'test'
  ...
# Subtest: rejects incomplete operation plans before persistence
ok 162 - rejects incomplete operation plans before persistence
  ---
  duration_ms: 1.133125
  type: 'test'
  ...
# Subtest: rejects duplicate write targets before persistence
ok 163 - rejects duplicate write targets before persistence
  ---
  duration_ms: 2.287916
  type: 'test'
  ...
# Subtest: rejects destructive writes that do not belong to the operation
ok 164 - rejects destructive writes that do not belong to the operation
  ---
  duration_ms: 1.638875
  type: 'test'
  ...
# Subtest: rejects attempts and reviews that conflict with the durable session plan
ok 165 - rejects attempts and reviews that conflict with the durable session plan
  ---
  duration_ms: 5.605208
  type: 'test'
  ...
# Subtest: rejects an immediate submit for a planned but non-current occurrence
ok 166 - rejects an immediate submit for a planned but non-current occurrence
  ---
  duration_ms: 6.669791
  type: 'test'
  ...
# Subtest: rejects contradictory review actions and duplicate terminal item outcomes
ok 167 - rejects contradictory review actions and duplicate terminal item outcomes
  ---
  duration_ms: 2.497
  type: 'test'
  ...
# Subtest: accepts a review update that retains its original durable source identity
ok 168 - accepts a review update that retains its original durable source identity
  ---
  duration_ms: 3.543083
  type: 'test'
  ...
# Subtest: rejects a fabricated historical source on a nonexistent review identity
ok 169 - rejects a fabricated historical source on a nonexistent review identity
  ---
  duration_ms: 1.180792
  type: 'test'
  ...
# Subtest: rejects an explicit review update when its durable identity does not exist
ok 170 - rejects an explicit review update when its durable identity does not exist
  ---
  duration_ms: 2.951375
  type: 'test'
  ...
# Subtest: rejects a persisted plan with a corrupt fingerprint and retains it
ok 171 - rejects a persisted plan with a corrupt fingerprint and retains it
  ---
  duration_ms: 1.435542
  type: 'test'
  ...
# Subtest: idempotent repeated recovery
ok 172 - idempotent repeated recovery
  ---
  duration_ms: 12.701083
  type: 'test'
  ...
# Subtest: does not require remote content
ok 173 - does not require remote content
  ---
  duration_ms: 13.458584
  type: 'test'
  ...
# Subtest: does not recalc scoring
ok 174 - does not recalc scoring
  ---
  duration_ms: 16.968834
  type: 'test'
  ...
# Subtest: does not generate IDs
ok 175 - does not generate IDs
  ---
  duration_ms: 14.364041
  type: 'test'
  ...
# Subtest: verifies a complete materialized mutation
ok 176 - verifies a complete materialized mutation
  ---
  duration_ms: 57.827917
  type: 'test'
  ...
# Subtest: rejects missing attempt
ok 177 - rejects missing attempt
  ---
  duration_ms: 6.839292
  type: 'test'
  ...
# Subtest: rejects conflicting attempt
ok 178 - rejects conflicting attempt
  ---
  duration_ms: 16.500833
  type: 'test'
  ...
# Subtest: rejects missing review entry
ok 179 - rejects missing review entry
  ---
  duration_ms: 4.56825
  type: 'test'
  ...
# Subtest: rejects conflicting review entry
ok 180 - rejects conflicting review entry
  ---
  duration_ms: 4.725625
  type: 'test'
  ...
# Subtest: rejects missing session
ok 181 - rejects missing session
  ---
  duration_ms: 2.666875
  type: 'test'
  ...
# Subtest: rejects conflicting session
ok 182 - rejects conflicting session
  ---
  duration_ms: 6.572666
  type: 'test'
  ...
# Subtest: rejects active session pointer that should be cleared
ok 183 - rejects active session pointer that should be cleared
  ---
  duration_ms: 3.387042
  type: 'test'
  ...
# Subtest: propagates storage read failure
ok 184 - propagates storage read failure
  ---
  duration_ms: 2.696458
  type: 'test'
  ...
# Subtest: preserves active journal after verification failure
ok 185 - preserves active journal after verification failure
  ---
  duration_ms: 16.519375
  type: 'test'
  ...
# Subtest: an occurrence-keyed draft persists, edits, and resumes without learning side effects
ok 186 - an occurrence-keyed draft persists, edits, and resumes without learning side effects
  ---
  duration_ms: 26.979833
  type: 'test'
  ...
# Subtest: draft persistence rejects unknown occurrences and mismatched session scope
ok 187 - draft persistence rejects unknown occurrences and mismatched session scope
  ---
  duration_ms: 2.305584
  type: 'test'
  ...
# Subtest: immediate-feedback sessions cannot persist draft responses
ok 188 - immediate-feedback sessions cannot persist draft responses
  ---
  duration_ms: 1.447292
  type: 'test'
  ...
# Subtest: clear local history removes the resumable draft
ok 189 - clear local history removes the resumable draft
  ---
  duration_ms: 28.50225
  type: 'test'
  ...
# Subtest: Algorithms finalization commits exactly answered occurrences and deletes the matching draft
ok 190 - Algorithms finalization commits exactly answered occurrences and deletes the matching draft
  ---
  duration_ms: 106.073416
  type: 'test'
  ...
# Subtest: Algorithms finalization rejects attempts that do not correspond exactly to answered draft occurrences
ok 191 - Algorithms finalization rejects attempts that do not correspond exactly to answered draft occurrences
  ---
  duration_ms: 26.058084
  type: 'test'
  ...
# Subtest: Algorithms finalization rejects a stale cleanup draft before journal persistence or outcome writes
ok 192 - Algorithms finalization rejects a stale cleanup draft before journal persistence or outcome writes
  ---
  duration_ms: 1.752041
  type: 'test'
  ...
# Subtest: force-close replay completes an Algorithms finalization idempotently at the draft-delete boundary
ok 193 - force-close replay completes an Algorithms finalization idempotently at the draft-delete boundary
  ---
  duration_ms: 35.150166
  type: 'test'
  ...
# Subtest: duplicate content occurrences keep distinct attempts and consolidate review to the latest planned transition
ok 194 - duplicate content occurrences keep distinct attempts and consolidate review to the latest planned transition
  ---
  duration_ms: 24.475084
  type: 'test'
  ...
# Subtest: finalization can resolve a review through an exact transition attempt
ok 195 - finalization can resolve a review through an exact transition attempt
  ---
  duration_ms: 14.877041
  type: 'test'
  ...
# Subtest: journaled transition delete rejects a same-id review conflict before outcome writes and replays exact or absent identity
ok 196 - journaled transition delete rejects a same-id review conflict before outcome writes and replays exact or absent identity
  ---
  duration_ms: 144.727209
  type: 'test'
  ...
# Subtest: Algorithms finalization recovers idempotently across every canonical write boundary
ok 197 - Algorithms finalization recovers idempotently across every canonical write boundary
  ---
  duration_ms: 211.216333
  type: 'test'
  ...
# Subtest: persisted finalization journal preflights a stale durable draft before replaying any outcome write
ok 198 - persisted finalization journal preflights a stale durable draft before replaying any outcome write
  ---
  duration_ms: 8.5725
  type: 'test'
  ...
# Subtest: draft saves are locked as soon as a finalization journal is pending
ok 199 - draft saves are locked as soon as a finalization journal is pending
  ---
  duration_ms: 33.77325
  type: 'test'
  ...
# Subtest: a draft save started before journal persistence rechecks immediately before writing
ok 200 - a draft save started before journal persistence rechecks immediately before writing
  ---
  duration_ms: 14.946458
  type: 'test'
  ...
# Subtest: operational diagnostics retain a bounded category without exposing an injected learner payload
ok 201 - operational diagnostics retain a bounded category without exposing an injected learner payload
  ---
  duration_ms: 4.275584
  type: 'test'
  ...
# Subtest: explicit practice routes skip the stored-track read and do not load reviews for roadmap/setup
ok 202 - explicit practice routes skip the stored-track read and do not load reviews for roadmap/setup
  ---
  duration_ms: 572.051084
  type: 'test'
  ...
# Subtest: Hub review evidence is limited to due entries for the active track and exact package pin
ok 203 - Hub review evidence is limited to due entries for the active track and exact package pin
  ---
  duration_ms: 1.540792
  type: 'test'
  ...
# Subtest: a missing stored track stays an explicit empty selection
ok 204 - a missing stored track stays an explicit empty selection
  ---
  duration_ms: 0.917166
  type: 'test'
  ...
# Subtest: practice read surfaces storage issues instead of treating a partial read as empty
ok 205 - practice read surfaces storage issues instead of treating a partial read as empty
  ---
  duration_ms: 2.261167
  type: 'test'
  ...
# Subtest: foreground timer checkpoints monotonic segments with an explicit drift bound and never counts closed-app wall time
ok 206 - foreground timer checkpoints monotonic segments with an explicit drift bound and never counts closed-app wall time
  ---
  duration_ms: 29.726375
  type: 'test'
  ...
# Subtest: foreground timer rejects stale checkpoints and retains the previous durable checkpoint
ok 207 - foreground timer rejects stale checkpoints and retains the previous durable checkpoint
  ---
  duration_ms: 2.619167
  type: 'test'
  ...
# Subtest: foreground enter and leave checkpoint authoritative time outside the UI
ok 208 - foreground enter and leave checkpoint authoritative time outside the UI
  ---
  duration_ms: 32.546
  type: 'test'
  ...
# Subtest: ordinary practice publishes a live elapsed timer without a countdown
ok 209 - ordinary practice publishes a live elapsed timer without a countdown
  ---
  duration_ms: 6.25875
  type: 'test'
  ...
# Subtest: one family-neutral timer initializes and restores ordinary Certification foreground time
ok 210 - one family-neutral timer initializes and restores ordinary Certification foreground time
  ---
  duration_ms: 3.823833
  type: 'test'
  ...
# Subtest: absolute-deadline Certification Exam remains outside the foreground timer owner
ok 211 - absolute-deadline Certification Exam remains outside the foreground timer owner
  ---
  duration_ms: 2.827125
  type: 'test'
  ...
# Subtest: a durable foreground timer from another family is rejected instead of reused
ok 212 - a durable foreground timer from another family is rejected instead of reused
  ---
  duration_ms: 1.346959
  type: 'test'
  ...
# Subtest: AppState foreground transitions and force-close recovery never count background or closed-app time
ok 213 - AppState foreground transitions and force-close recovery never count background or closed-app time
  ---
  duration_ms: 2.467291
  type: 'test'
  ...
# Subtest: periodic checkpoint publishes a live projection refresh
ok 214 - periodic checkpoint publishes a live projection refresh
  ---
  duration_ms: 3.723667
  type: 'test'
  ...
# Subtest: controlled timer refreshes consecutive visible labels without a durable write each second
ok 215 - controlled timer refreshes consecutive visible labels without a durable write each second
  ---
  duration_ms: 1.813584
  type: 'test'
  ...
# Subtest: periodic checkpoint uses the declared durable interval with an exact write count
ok 216 - periodic checkpoint uses the declared durable interval with an exact write count
  ---
  duration_ms: 2.550292
  type: 'test'
  ...
# Subtest: force-close immediately before and after the checkpoint boundary resumes within the declared drift
ok 217 - force-close immediately before and after the checkpoint boundary resumes within the declared drift
  ---
  duration_ms: 5.133833
  type: 'test'
  ...
# Subtest: expiry clamps to zero, checkpoints first, and finalizes exactly once
ok 218 - expiry clamps to zero, checkpoints first, and finalizes exactly once
  ---
  duration_ms: 6.342458
  type: 'test'
  ...
# Subtest: manual and expiry use the same injected finalization operation
ok 219 - manual and expiry use the same injected finalization operation
  ---
  duration_ms: 2.427
  type: 'test'
  ...
# Subtest: manual finalization checkpoints the active foreground segment before it freezes the result
ok 220 - manual finalization checkpoints the active foreground segment before it freezes the result
  ---
  duration_ms: 2.094084
  type: 'test'
  ...
# Subtest: practice completion checkpoint freezes the captured tick until verified release
ok 221 - practice completion checkpoint freezes the captured tick until verified release
  ---
  duration_ms: 2.438125
  type: 'test'
  ...
# Subtest: a completed timer checkpoint is not released before completion is verified
ok 222 - a completed timer checkpoint is not released before completion is verified
  ---
  duration_ms: 1.411417
  type: 'test'
  ...
# Subtest: concurrent Finish handoffs share one timer checkpoint and one completion result
ok 223 - concurrent Finish handoffs share one timer checkpoint and one completion result
  ---
  duration_ms: 2.474792
  type: 'test'
  ...
# Subtest: missing persisted timer on resume is a typed application recovery failure
ok 224 - missing persisted timer on resume is a typed application recovery failure
  ---
  duration_ms: 7.186584
  type: 'test'
  ...
# Subtest: resume repairs a durable timer checkpoint that precedes the session aggregate
ok 225 - resume repairs a durable timer checkpoint that precedes the session aggregate
  ---
  duration_ms: 1.079542
  type: 'test'
  ...
# Subtest: repeated resume of a repaired timer does not write another session checkpoint
ok 226 - repeated resume of a repaired timer does not write another session checkpoint
  ---
  duration_ms: 2.781416
  type: 'test'
  ...
# Subtest: resume rejects a durable timer checkpoint that is behind the session aggregate
ok 227 - resume rejects a durable timer checkpoint that is behind the session aggregate
  ---
  duration_ms: 2.194708
  type: 'test'
  ...
# Subtest: a failed durable timer repair remains a blocking recovery error
ok 228 - a failed durable timer repair remains a blocking recovery error
  ---
  duration_ms: 0.856083
  type: 'test'
  ...
# Subtest: injected audit clock drives normal scheduling and both due retention outcomes without storage mutation
ok 229 - injected audit clock drives normal scheduling and both due retention outcomes without storage mutation
  ---
  duration_ms: 11.67325
  type: 'test'
  ...
# Subtest: injected audit clock rejects an advance outside the ISO date range without changing its offset
ok 230 - injected audit clock rejects an advance outside the ISO date range without changing its offset
  ---
  duration_ms: 0.814583
  type: 'test'
  ...
# Subtest: passive runtime selectors are attached to visible content rather than containers with interactive descendants
ok 231 - passive runtime selectors are attached to visible content rather than containers with interactive descendants
  ---
  duration_ms: 26.476333
  type: 'test'
  ...
# Subtest: active-session resume uses the single recommendation card and a separate continue control
ok 232 - active-session resume uses the single recommendation card and a separate continue control
  ---
  duration_ms: 2.610166
  type: 'test'
  ...
# Subtest: Home uses the approved compact presentation without changing recommendation ownership
ok 233 - Home uses the approved compact presentation without changing recommendation ownership
  ---
  duration_ms: 9.692167
  type: 'test'
  ...
# Subtest: progress, simulation, and simulation summary selectors use canonical identities
ok 234 - progress, simulation, and simulation summary selectors use canonical identities
  ---
  duration_ms: 6.905041
  type: 'test'
  ...
# Subtest: configuration snapshot is validated, frozen, and preserved for deterministic resume
ok 235 - configuration snapshot is validated, frozen, and preserved for deterministic resume
  ---
  duration_ms: 56.275292
  type: 'test'
  ...
# Subtest: resume rejects a different mode or durable item and option plan
ok 236 - resume rejects a different mode or durable item and option plan
  ---
  duration_ms: 13.600375
  type: 'test'
  ...
# Subtest: content validation rejects missing, duplicate, and unknown durable option IDs
ok 237 - content validation rejects missing, duplicate, and unknown durable option IDs
  ---
  duration_ms: 5.061625
  type: 'test'
  ...
# Subtest: durable progress hydrates prior attempts and the answered current item in plan order
ok 238 - durable progress hydrates prior attempts and the answered current item in plan order
  ---
  duration_ms: 5.142541
  type: 'test'
  ...
# Subtest: duplicate exact content items are distinct through immutable occurrence identities
ok 239 - duplicate exact content items are distinct through immutable occurrence identities
  ---
  duration_ms: 2.894792
  type: 'test'
  ...
# Subtest: foreground accumulation persists only the supplied active interval
ok 240 - foreground accumulation persists only the supplied active interval
  ---
  duration_ms: 0.57725
  type: 'test'
  ...
# Subtest: start failure rejects without exposing a session
ok 241 - start failure rejects without exposing a session
  ---
  duration_ms: 0.585792
  type: 'test'
  ...
# Subtest: a new session is not returned before its durable write resolves
ok 242 - a new session is not returned before its durable write resolves
  ---
  duration_ms: 0.361458
  type: 'test'
  ...
# Subtest: advance failure rejects and cannot expose the next position
ok 243 - advance failure rejects and cannot expose the next position
  ---
  duration_ms: 9.637458
  type: 'test'
  ...
# Subtest: runtime-audit parser recognizes only documented reset and clock-advance commands
ok 244 - runtime-audit parser recognizes only documented reset and clock-advance commands
  ---
  duration_ms: 10.201042
  type: 'test'
  ...
# Subtest: unsupported and malformed runtime-audit URLs do not invoke reset
ok 245 - unsupported and malformed runtime-audit URLs do not invoke reset
  ---
  duration_ms: 2.266291
  type: 'test'
  ...
# Subtest: runtime-audit reset is unavailable in production and reaches only the lifecycle facade in development
ok 246 - runtime-audit reset is unavailable in production and reaches only the lifecycle facade in development
  ---
  duration_ms: 1.21075
  type: 'test'
  ...
# Subtest: development reset still restores a clean baseline when an interrupted journal cannot recover
ok 247 - development reset still restores a clean baseline when an interrupted journal cannot recover
  ---
  duration_ms: 4.471042
  type: 'test'
  ...
# Subtest: start resolves the exact family and exposes its first item only after active-session verification
ok 248 - start resolves the exact family and exposes its first item only after active-session verification
  ---
  duration_ms: 38.751667
  type: 'test'
  ...
# Subtest: start fails explicitly when the session identity authority fails
ok 249 - start fails explicitly when the session identity authority fails
  ---
  duration_ms: 2.558416
  type: 'test'
  ...
# Subtest: one active session and unknown identifiers fail explicitly without a substitute
ok 250 - one active session and unknown identifiers fail explicitly without a substitute
  ---
  duration_ms: 1.642541
  type: 'test'
  ...
# Subtest: missing track content blocks preparation and start without selecting another track or mutating a session
ok 251 - missing track content blocks preparation and start without selecting another track or mutating a session
  ---
  duration_ms: 1.446875
  type: 'test'
  ...
# Subtest: a prepared or active session with a mismatched artifact identity is never persisted or resumed
ok 252 - a prepared or active session with a mismatched artifact identity is never persisted or resumed
  ---
  duration_ms: 1.51425
  type: 'test'
  ...
# Subtest: runtime resolution rejects an unknown or mismatched family without substituting another runtime
ok 253 - runtime resolution rejects an unknown or mismatched family without substituting another runtime
  ---
  duration_ms: 1.515875
  type: 'test'
  ...
# Subtest: practice response is handed to the family runtime and only its deterministic outcome reaches the coordinator
ok 254 - practice response is handed to the family runtime and only its deterministic outcome reaches the coordinator
  ---
  duration_ms: 14.414875
  type: 'test'
  ...
# Subtest: submitting the final practice occurrence materializes feedback without completing the session
ok 255 - submitting the final practice occurrence materializes feedback without completing the session
  ---
  duration_ms: 5.027667
  type: 'test'
  ...
# Subtest: a non-submit durable journal requires recovery before practice can accept another answer
ok 256 - a non-submit durable journal requires recovery before practice can accept another answer
  ---
  duration_ms: 13.163875
  type: 'test'
  ...
# Subtest: reconstruction restores feedback when the current practice occurrence already has a materialized attempt
ok 257 - reconstruction restores feedback when the current practice occurrence already has a materialized attempt
  ---
  duration_ms: 6.01175
  type: 'test'
  ...
# Subtest: advance verifies the new durable position and no active-session command defaults
ok 258 - advance verifies the new durable position and no active-session command defaults
  ---
  duration_ms: 8.564625
  type: 'test'
  ...
# Subtest: simulation finalization withholds summary until a canonical completed result exists
ok 259 - simulation finalization withholds summary until a canonical completed result exists
  ---
  duration_ms: 15.175167
  type: 'test'
  ...
# Subtest: practice completion retries only a non-durable Finish and returns one verified result
ok 260 - practice completion retries only a non-durable Finish and returns one verified result
  ---
  duration_ms: 11.891416
  type: 'test'
  ...
# Subtest: exact completion recovery supports every durable phase without an active pointer
ok 261 - exact completion recovery supports every durable phase without an active pointer
  ---
  duration_ms: 2.996583
  type: 'test'
  ...
# Subtest: completion recovery rejects mismatched ownership and unverified terminal facts
ok 262 - completion recovery rejects mismatched ownership and unverified terminal facts
  ---
  duration_ms: 2.223417
  type: 'test'
  ...
# Subtest: abandonment removes resumability and history excludes abandoned sessions while committed records are untouched
ok 263 - abandonment removes resumability and history excludes abandoned sessions while committed records are untouched
  ---
  duration_ms: 1.742084
  type: 'test'
  ...
# Subtest: expected abandonment recovery replays only the exact matching journal and verifies terminal facts
ok 264 - expected abandonment recovery replays only the exact matching journal and verifies terminal facts
  ---
  duration_ms: 1.432542
  type: 'test'
  ...
# Subtest: expected abandonment recovery rejects mismatched journals and accepts only already-terminal facts without replay
ok 265 - expected abandonment recovery rejects mismatched journals and accepts only already-terminal facts without replay
  ---
  duration_ms: 1.378208
  type: 'test'
  ...
# Subtest: recovery, reset, family queries, resume, and draft commands remain application entry points
ok 266 - recovery, reset, family queries, resume, and draft commands remain application entry points
  ---
  duration_ms: 9.367875
  type: 'test'
  ...
# Subtest: dashboard receives the active session only when it belongs to the queried track
ok 267 - dashboard receives the active session only when it belongs to the queried track
  ---
  duration_ms: 2.251125
  type: 'test'
  ...
# Subtest: an expired absolute-deadline simulation finalizes once before it can be resumed
ok 268 - an expired absolute-deadline simulation finalizes once before it can be resumed
  ---
  duration_ms: 1.811125
  type: 'test'
  ...
# Subtest: manual finalization and expiry share one durable simulation finalization
ok 269 - manual finalization and expiry share one durable simulation finalization
  ---
  duration_ms: 4.120416
  type: 'test'
  ...
# Subtest: Metro transforms SVG sources into React Native components
ok 270 - Metro transforms SVG sources into React Native components
  ---
  duration_ms: 1.876084
  type: 'test'
  ...
# Subtest: Patternly mark SVG family stays deterministic and raster-free
ok 271 - Patternly mark SVG family stays deterministic and raster-free
  ---
  duration_ms: 4.887875
  type: 'test'
  ...
# Subtest: launcher source and generated assets are present
ok 272 - launcher source and generated assets are present
  ---
  duration_ms: 2.143167
  type: 'test'
  ...
# Subtest: Expo points to the canonical Patternly launcher assets
ok 273 - Expo points to the canonical Patternly launcher assets
  ---
  duration_ms: 1.159208
  type: 'test'
  ...
# Subtest: route ambient layer is the default shared background for every Screen
ok 274 - route ambient layer is the default shared background for every Screen
  ---
  duration_ms: 4.541667
  type: 'test'
  ...
# Subtest: ambient keeps randomized routes and signals without rectangular glow layers
ok 275 - ambient keeps randomized routes and signals without rectangular glow layers
  ---
  duration_ms: 1.055416
  type: 'test'
  ...
# Subtest: shared visual effects have one theme-token owner
ok 276 - shared visual effects have one theme-token owner
  ---
  duration_ms: 121.939875
  type: 'test'
  ...
# Subtest: screens and components resolve colors exclusively through the active theme
ok 277 - screens and components resolve colors exclusively through the active theme
  ---
  duration_ms: 30.02425
  type: 'test'
  ...
# Subtest: all branded navigation headers use the one AppShellHeader path
ok 278 - all branded navigation headers use the one AppShellHeader path
  ---
  duration_ms: 54.84575
  type: 'test'
  ...
# Subtest: answer review pending uses the shared review shell anatomy without fabricated values
ok 279 - answer review pending uses the shared review shell anatomy without fabricated values
  ---
  duration_ms: 1.526125
  type: 'test'
  ...
# Subtest: route coverage has one native or inline shell owner and preserves active-session specialization
ok 280 - route coverage has one native or inline shell owner and preserves active-session specialization
  ---
  duration_ms: 12.540875
  type: 'test'
  ...
# Subtest: the headerless practice route owns every Algorithms and Certification render branch
ok 281 - the headerless practice route owns every Algorithms and Certification render branch
  ---
  duration_ms: 2.02225
  type: 'test'
  ...
# Subtest: the shared header owns accessible back geometry and long-copy reflow without navigation fallback
ok 282 - the shared header owns accessible back geometry and long-copy reflow without navigation fallback
  ---
  duration_ms: 3.609875
  type: 'test'
  ...
# Subtest: Screen and SessionShell remain the only general and active-session page owners
ok 283 - Screen and SessionShell remain the only general and active-session page owners
  ---
  duration_ms: 26.023625
  type: 'test'
  ...
# Subtest: representative Home, Settings, setup, session, and result routes keep canonical ownership
ok 284 - representative Home, Settings, setup, session, and result routes keep canonical ownership
  ---
  duration_ms: 12.20675
  type: 'test'
  ...
# Subtest: Progress follows the current Figma section copy and 200% text contract
ok 285 - Progress follows the current Figma section copy and 200% text contract
  ---
  duration_ms: 2.687916
  type: 'test'
  ...
# Subtest: Activity rows preserve the variable-height Figma copy at large text
ok 286 - Activity rows preserve the variable-height Figma copy at large text
  ---
  duration_ms: 1.06225
  type: 'test'
  ...
# Subtest: simulation review owns the Figma review shell and keeps navigator outcomes explicit
ok 287 - simulation review owns the Figma review shell and keeps navigator outcomes explicit
  ---
  duration_ms: 2.3475
  type: 'test'
  ...
# Subtest: answer review uses the shared Figma review shell and preserves review marking
ok 288 - answer review uses the shared Figma review shell and preserves review marking
  ---
  duration_ms: 1.193
  type: 'test'
  ...
# Subtest: simulation active shell uses the Figma question and action-footer variant
ok 289 - simulation active shell uses the Figma question and action-footer variant
  ---
  duration_ms: 1.305291
  type: 'test'
  ...
# Subtest: Practice setup keeps one canonical back action and recovery copy names learner-visible consequences
ok 290 - Practice setup keeps one canonical back action and recovery copy names learner-visible consequences
  ---
  duration_ms: 2.754125
  type: 'test'
  ...
# Subtest: Claude Free node completes ten authored answers with exact result and review identity
ok 291 - Claude Free node completes ten authored answers with exact result and review identity
  ---
  duration_ms: 343.074375
  type: 'test'
  ...
# Subtest: PKG-04A adapts each verified package into a closed family-local catalog/profile
ok 292 - PKG-04A adapts each verified package into a closed family-local catalog/profile
  ---
  duration_ms: 669.676666
  type: 'test'
  ...
# Subtest: PKG-04A package catalogs are accepted by family runtimes only for their closed profile paths
ok 293 - PKG-04A package catalogs are accepted by family runtimes only for their closed profile paths
  ---
  duration_ms: 207.239708
  type: 'test'
  ...
# Subtest: PKG-04A adapter owns nested item and policy values
ok 294 - PKG-04A adapter owns nested item and policy values
  ---
  duration_ms: 180.224958
  type: 'test'
  ...
# Subtest: PKG-04A adapter has no whole-track catalog dependency
ok 295 - PKG-04A adapter has no whole-track catalog dependency
  ---
  duration_ms: 17.889417
  type: 'test'
  ...
# Subtest: retained Certification pins remain exact-resolvable for active sessions and results
ok 296 - retained Certification pins remain exact-resolvable for active sessions and results
  ---
  duration_ms: 164.239834
  type: 'test'
  ...
# Subtest: CONTENT-PACKAGE-RESOLVER-001 verifies exact bundled node packages and resolves only closed profile modes
ok 297 - CONTENT-PACKAGE-RESOLVER-001 verifies exact bundled node packages and resolves only closed profile modes
  ---
  duration_ms: 2595.135292
  type: 'test'
  ...
# Subtest: PKG-04A node adapter verifies both generated packages through the production runtime contract
ok 298 - PKG-04A node adapter verifies both generated packages through the production runtime contract
  ---
  duration_ms: 161.702167
  type: 'test'
  ...
# Subtest: PKG-04A package runtime rejects non-canonical base64 and malformed UTF-8
ok 299 - PKG-04A package runtime rejects non-canonical base64 and malformed UTF-8
  ---
  duration_ms: 2.699708
  type: 'test'
  ...
# Subtest: PKG-04A resolver closes non-canonical payload base64 as a payload error
ok 300 - PKG-04A resolver closes non-canonical payload base64 as a payload error
  ---
  duration_ms: 1.5495
  type: 'test'
  ...
# Subtest: PKG-04A resolver closes malformed UTF-8 as a payload error
ok 301 - PKG-04A resolver closes malformed UTF-8 as a payload error
  ---
  duration_ms: 2.06825
  type: 'test'
  ...
# Subtest: PKG-04A native runtime uses Expo Crypto and pure-JS gzip without Node built-ins
ok 302 - PKG-04A native runtime uses Expo Crypto and pure-JS gzip without Node built-ins
  ---
  duration_ms: 0.86025
  type: 'test'
  ...
# Subtest: PKG-04A makes exact package pins and closed profiles the only runtime content authority
ok 303 - PKG-04A makes exact package pins and closed profiles the only runtime content authority
  ---
  duration_ms: 2280.170208
  type: 'test'
  ...
# Subtest: Free Practice entry points use the approved primary modes and never route to excluded package modes
ok 304 - Free Practice entry points use the approved primary modes and never route to excluded package modes
  ---
  duration_ms: 353.753625
  type: 'test'
  ...
# Subtest: package-backed Algorithms discovery never recommends an excluded whole-track mode
ok 305 - package-backed Algorithms discovery never recommends an excluded whole-track mode
  ---
  duration_ms: 348.844083
  type: 'test'
  ...
# Subtest: all launch tracks resolve an exact Free package and prepare through their canonical family runtime
ok 306 - all launch tracks resolve an exact Free package and prepare through their canonical family runtime
  ---
  duration_ms: 709.81525
  type: 'test'
  ...
# Subtest: every bundled Free-node package exactly matches its producer artifact and release lock
ok 307 - every bundled Free-node package exactly matches its producer artifact and release lock
  ---
  duration_ms: 1787.587083
  type: 'test'
  ...
# Subtest: the retained GCP package resolves only by its exact old pin while discovery stays on current bytes
ok 308 - the retained GCP package resolves only by its exact old pin while discovery stays on current bytes
  ---
  duration_ms: 375.09325
  type: 'test'
  ...
# Subtest: CI reads the current per-artifact content lock instead of retired aggregate lock fields
ok 309 - CI reads the current per-artifact content lock instead of retired aggregate lock fields
  ---
  duration_ms: 20.879208
  type: 'test'
  ...
# Subtest: internal density harness pins complete canonical launch content-brief descriptors
ok 310 - internal density harness pins complete canonical launch content-brief descriptors
  ---
  duration_ms: 450.896458
  type: 'test'
  ...
# Subtest: density harness rejects missing, duplicate, and incomplete descriptors
ok 311 - density harness rejects missing, duplicate, and incomplete descriptors
  ---
  duration_ms: 1.887166
  type: 'test'
  ...
# Subtest: production admission remains closed until exact immutable Free-node package evidence exists
ok 312 - production admission remains closed until exact immutable Free-node package evidence exists
  ---
  duration_ms: 1241.959416
  type: 'test'
  ...
# Subtest: admission evaluator rejects missing and orphan artifact evidence instead of admitting it
ok 313 - admission evaluator rejects missing and orphan artifact evidence instead of admitting it
  ---
  duration_ms: 1.215833
  type: 'test'
  ...
# Subtest: package admission rejects tampered bytes or extracted profile modes without affecting the other track
ok 314 - package admission rejects tampered bytes or extracted profile modes without affecting the other track
  ---
  duration_ms: 7.170792
  type: 'test'
  ...
# Subtest: a new family carries payload, response, result, and evidence without a global union
ok 315 - a new family carries payload, response, result, and evidence without a global union
  ---
  duration_ms: 3.06675
  type: 'test'
  ...
# Subtest: kernel accepts open track ids and enforces canonical session invariants
ok 316 - kernel accepts open track ids and enforces canonical session invariants
  ---
  duration_ms: 11.635292
  type: 'test'
  ...
# Subtest: attempt result constructor enforces kind, range, and component totals
ok 317 - attempt result constructor enforces kind, range, and component totals
  ---
  duration_ms: 1.068458
  type: 'test'
  ...
# Subtest: attempt, evidence, reasons, and learning evidence stay family neutral
ok 318 - attempt, evidence, reasons, and learning evidence stay family neutral
  ---
  duration_ms: 0.596042
  type: 'test'
  ...
# Subtest: lifecycle record guards and completed-result coverage are explicit
ok 319 - lifecycle record guards and completed-result coverage are explicit
  ---
  duration_ms: 0.810834
  type: 'test'
  ...
# Subtest: registry resolves current tracks in canonical launch order without a default
ok 320 - registry resolves current tracks in canonical launch order without a default
  ---
  duration_ms: 7.739042
  type: 'test'
  ...
# Subtest: a new track and family register without modifying the learning kernel
ok 321 - a new track and family register without modifying the learning kernel
  ---
  duration_ms: 0.697125
  type: 'test'
  ...
# Subtest: incorrect and partial attempts create remediation entries with source and taxonomy evidence
ok 322 - incorrect and partial attempts create remediation entries with source and taxonomy evidence
  ---
  duration_ms: 13.383
  type: 'test'
  ...
# Subtest: correct Algorithms attempt creates scheduled retrieval while correct Certification attempt creates none
ok 323 - correct Algorithms attempt creates scheduled retrieval while correct Certification attempt creates none
  ---
  duration_ms: 0.516792
  type: 'test'
  ...
# Subtest: review transition counts only after due, resets on incorrect and partial, and resolves after two eligible successes
ok 324 - review transition counts only after due, resets on incorrect and partial, and resolves after two eligible successes
  ---
  duration_ms: 1.6325
  type: 'test'
  ...
# Subtest: same-session correction does not resolve persistent review and only canonical reasons exist
ok 325 - same-session correction does not resolve persistent review and only canonical reasons exist
  ---
  duration_ms: 0.592584
  type: 'test'
  ...
# Subtest: ordinary Algorithms practice cannot resolve persistent review after due
ok 326 - ordinary Algorithms practice cannot resolve persistent review after due
  ---
  duration_ms: 0.315708
  type: 'test'
  ...
# Subtest: session creation preserves requested and actual lengths, immutable item order, option order, and no response
ok 327 - session creation preserves requested and actual lengths, immutable item order, option order, and no response
  ---
  duration_ms: 9.839417
  type: 'test'
  ...
# Subtest: active session advances and persisted current position resumes deterministically
ok 328 - active session advances and persisted current position resumes deterministically
  ---
  duration_ms: 0.783041
  type: 'test'
  ...
# Subtest: session supports valid direct navigation but rejects an invalid item index
ok 329 - session supports valid direct navigation but rejects an invalid item index
  ---
  duration_ms: 1.014541
  type: 'test'
  ...
# Subtest: completion fixes position at the final item and cannot advance
ok 330 - completion fixes position at the final item and cannot advance
  ---
  duration_ms: 0.874542
  type: 'test'
  ...
# Subtest: abandonment preserves committed position and cannot advance
ok 331 - abandonment preserves committed position and cannot advance
  ---
  duration_ms: 0.336875
  type: 'test'
  ...
# Subtest: session rejects mismatched track, content version, duplicate references, and invalid completion position
ok 332 - session rejects mismatched track, content version, duplicate references, and invalid completion position
  ---
  duration_ms: 0.422542
  type: 'test'
  ...
# Subtest: Independent Practice uses one declared scope, supports ten or twenty items, and never substitutes a scope
ok 333 - Independent Practice uses one declared scope, supports ten or twenty items, and never substitutes a scope
  ---
  duration_ms: 1649.0285
  type: 'test'
  ...
# Subtest: Certification Diagnostic Baseline uses its immutable 40-item blueprint and rejects selectors
ok 334 - Certification Diagnostic Baseline uses its immutable 40-item blueprint and rejects selectors
  ---
  duration_ms: 680.522292
  type: 'test'
  ...
# Subtest: Certification Focus Practice requires its package domain and never fills from a sibling domain
ok 335 - Certification Focus Practice requires its package domain and never fills from a sibling domain
  ---
  duration_ms: 347.546208
  type: 'test'
  ...
# Subtest: Certification Scenario Practice requires a competency and never widens its approved scenario scope
ok 336 - Certification Scenario Practice requires a competency and never widens its approved scenario scope
  ---
  duration_ms: 439.101416
  type: 'test'
  ...
# Subtest: Certification Weak Area Review selects exact-package due evidence and resolves after two due successes
ok 337 - Certification Weak Area Review selects exact-package due evidence and resolves after two due successes
  ---
  duration_ms: 329.811916
  type: 'test'
  ...
# Subtest: Certification Mixed Practice uses a deterministic unique interleaved blueprint and may shorten only within it
ok 338 - Certification Mixed Practice uses a deterministic unique interleaved blueprint and may shorten only within it
  ---
  duration_ms: 314.799333
  type: 'test'
  ...
# Subtest: Certification Quick Review selects at most ten exact-package current due items without substitution
ok 339 - Certification Quick Review selects at most ten exact-package current due items without substitution
  ---
  duration_ms: 335.872916
  type: 'test'
  ...
# Subtest: runtime admission proves exact package resolution and one valid lifecycle step for all launch tracks
ok 340 - runtime admission proves exact package resolution and one valid lifecycle step for all launch tracks
  ---
  duration_ms: 2044.985167
  type: 'test'
  ...
# Subtest: analytics derives exam trend, raw score summaries, domain performance, and weak tags
ok 341 - analytics derives exam trend, raw score summaries, domain performance, and weak tags
  ---
  duration_ms: 51.272166
  type: 'test'
  ...
# Subtest: analytics empty state is explicit and exposes no confidence, readiness, retention, mastery, or pass-rate signal
ok 342 - analytics empty state is explicit and exposes no confidence, readiness, retention, mastery, or pass-rate signal
  ---
  duration_ms: 10.881542
  type: 'test'
  ...
# Subtest: a request change makes an in-flight interval refresh stale before publication
ok 343 - a request change makes an in-flight interval refresh stale before publication
  ---
  duration_ms: 5.86125
  type: 'test'
  ...
# Subtest: a newer same-request refresh wins over an older success
ok 344 - a newer same-request refresh wins over an older success
  ---
  duration_ms: 5.950458
  type: 'test'
  ...
# Subtest: slow overlapping interval reads keep publishing when they complete in order
ok 345 - slow overlapping interval reads keep publishing when they complete in order
  ---
  duration_ms: 0.714125
  type: 'test'
  ...
# Subtest: a newer successful refresh suppresses an older error
ok 346 - a newer successful refresh suppresses an older error
  ---
  duration_ms: 0.916583
  type: 'test'
  ...
# Subtest: a newer successful refresh suppresses an older expiry
ok 347 - a newer successful refresh suppresses an older expiry
  ---
  duration_ms: 0.515917
  type: 'test'
  ...
# Subtest: a newer same-request rejection wins over an older success
ok 348 - a newer same-request rejection wins over an older success
  ---
  duration_ms: 0.543375
  type: 'test'
  ...
# Subtest: a newer same-request expiry wins over an older success
ok 349 - a newer same-request expiry wins over an older success
  ---
  duration_ms: 0.780833
  type: 'test'
  ...
# Subtest: unmount cleanup invalidates an in-flight expiry read before publication
ok 350 - unmount cleanup invalidates an in-flight expiry read before publication
  ---
  duration_ms: 0.700208
  type: 'test'
  ...
# Subtest: request change during start-on-miss prevents starting or rereading a replacement exam
ok 351 - request change during start-on-miss prevents starting or rereading a replacement exam
  ---
  duration_ms: 2.182333
  type: 'test'
  ...
# Subtest: unmount cleanup during start-on-miss prevents the after-start interval read
ok 352 - unmount cleanup during start-on-miss prevents the after-start interval read
  ---
  duration_ms: 3.803625
  type: 'test'
  ...
# Subtest: current start-on-miss refreshes after the new exam is started
ok 353 - current start-on-miss refreshes after the new exam is started
  ---
  duration_ms: 0.481792
  type: 'test'
  ...
# Subtest: request change during expected resume prevents the old session from publishing
ok 354 - request change during expected resume prevents the old session from publishing
  ---
  duration_ms: 0.350667
  type: 'test'
  ...
# Subtest: expected resume failure never falls back to starting a new exam
ok 355 - expected resume failure never falls back to starting a new exam
  ---
  duration_ms: 0.5395
  type: 'test'
  ...
# Subtest: the current expiry outcome carries its session id for guarded navigation
ok 356 - the current expiry outcome carries its session id for guarded navigation
  ---
  duration_ms: 0.985083
  type: 'test'
  ...
# Subtest: opaque result evidence preserves all answered outcomes including partial credit
ok 357 - opaque result evidence preserves all answered outcomes including partial credit
  ---
  duration_ms: 16.08325
  type: 'test'
  ...
# Subtest: missing, malformed and inconsistent evidence does not invent zero scores
ok 358 - missing, malformed and inconsistent evidence does not invent zero scores
  ---
  duration_ms: 1.066958
  type: 'test'
  ...
# Subtest: a real zero and an absent abandoned score remain distinct
ok 359 - a real zero and an absent abandoned score remain distinct
  ---
  duration_ms: 2.593375
  type: 'test'
  ...
# Subtest: invalid points stay unavailable without clamping
ok 360 - invalid points stay unavailable without clamping
  ---
  duration_ms: 0.532959
  type: 'test'
  ...
# Subtest: exact historical maximum corrects display without mutating durable evidence
ok 361 - exact historical maximum corrects display without mutating durable evidence
  ---
  duration_ms: 1.138375
  type: 'test'
  ...
# Subtest: Activity opens coding simulation sessions in their exact summary
ok 362 - Activity opens coding simulation sessions in their exact summary
  ---
  duration_ms: 3.911542
  type: 'test'
  ...
# Subtest: Activity opens coding practice sessions in their exact summary
ok 363 - Activity opens coding practice sessions in their exact summary
  ---
  duration_ms: 0.402416
  type: 'test'
  ...
# Subtest: Activity opens installed non-coding sessions in the canonical result
ok 364 - Activity opens installed non-coding sessions in the canonical result
  ---
  duration_ms: 0.908041
  type: 'test'
  ...
# Subtest: Activity navigation executes each destination with the original session identity
ok 365 - Activity navigation executes each destination with the original session identity
  ---
  duration_ms: 0.70475
  type: 'test'
  ...
# Subtest: goal cadence is a reachable root route backed by the canonical repository
ok 366 - goal cadence is a reachable root route backed by the canonical repository
  ---
  duration_ms: 5.080042
  type: 'test'
  ...
# Subtest: Progress owns the goal entry point for the active track
ok 367 - Progress owns the goal entry point for the active track
  ---
  duration_ms: 0.954292
  type: 'test'
  ...
# Subtest: active goal summary only exposes Save while editing
ok 368 - active goal summary only exposes Save while editing
  ---
  duration_ms: 0.744916
  type: 'test'
  ...
# Subtest: goal loading keeps its back action separate from the busy content announcement
ok 369 - goal loading keeps its back action separate from the busy content announcement
  ---
  duration_ms: 0.941167
  type: 'test'
  ...
# Subtest: goal templates are sourced from every canonical track descriptor
ok 370 - goal templates are sourced from every canonical track descriptor
  ---
  duration_ms: 9.444208
  type: 'test'
  ...
# Subtest: default goal is valid and keeps optional date unset
ok 371 - default goal is valid and keeps optional date unset
  ---
  duration_ms: 1.909333
  type: 'test'
  ...
# Subtest: goal persistence guard rejects invalid cadence, date, track template, and extra fields
ok 372 - goal persistence guard rejects invalid cadence, date, track template, and extra fields
  ---
  duration_ms: 1.203083
  type: 'test'
  ...
# Subtest: goal repository persists one canonical record per track
ok 373 - goal repository persists one canonical record per track
  ---
  duration_ms: 1.291375
  type: 'test'
  ...
# Subtest: choosing the first track reloads Home data for that selected track
ok 374 - choosing the first track reloads Home data for that selected track
  ---
  duration_ms: 4.151459
  type: 'test'
  ...
# Subtest: a failed Home shell read keeps the learner in a retryable state on the canonical load path
ok 375 - a failed Home shell read keeps the learner in a retryable state on the canonical load path
  ---
  duration_ms: 0.717542
  type: 'test'
  ...
# Subtest: Home focus retries only eligible pending account data and clears route tab suppression on local navigation
ok 376 - Home focus retries only eligible pending account data and clears route tab suppression on local navigation
  ---
  duration_ms: 1.782834
  type: 'test'
  ...
# Subtest: the first Home visit replaces repeated empty metrics with one honest next-step state
ok 377 - the first Home visit replaces repeated empty metrics with one honest next-step state
  ---
  duration_ms: 1.850625
  type: 'test'
  ...
# Subtest: Home stacks quiet-layered context and decision metadata at large text sizes
ok 378 - Home stacks quiet-layered context and decision metadata at large text sizes
  ---
  duration_ms: 1.527709
  type: 'test'
  ...
# Subtest: track selection turns an active-track read rejection into an explicit retryable unavailable state
ok 379 - track selection turns an active-track read rejection into an explicit retryable unavailable state
  ---
  duration_ms: 2.37225
  type: 'test'
  ...
# Subtest: track selection retains the local choice and offers the same command again after a save rejection
ok 380 - track selection retains the local choice and offers the same command again after a save rejection
  ---
  duration_ms: 2.257875
  type: 'test'
  ...
# Subtest: track selection stacks dense rows and actions instead of clipping large text
ok 381 - track selection stacks dense rows and actions instead of clipping large text
  ---
  duration_ms: 2.809208
  type: 'test'
  ...
# Subtest: Algorithms bootstrap accepts a reachable large-text control without requiring full card visibility
ok 382 - Algorithms bootstrap accepts a reachable large-text control without requiring full card visibility
  ---
  duration_ms: 0.362916
  type: 'test'
  ...
# Subtest: track cards use the canonical Figma icon mapping for every active track
ok 383 - track cards use the canonical Figma icon mapping for every active track
  ---
  duration_ms: 0.696375
  type: 'test'
  ...
# Subtest: track selection mirrors the Figma returning and switching footer states
ok 384 - track selection mirrors the Figma returning and switching footer states
  ---
  duration_ms: 1.294375
  type: 'test'
  ...
# Subtest: Activity groups durable terminal sessions and keeps the row projection truthful
ok 385 - Activity groups durable terminal sessions and keeps the row projection truthful
  ---
  duration_ms: 114.56475
  type: 'test'
  ...
# Subtest: Activity identifies an absolute-deadline completion without relabeling manual abandonment
ok 386 - Activity identifies an absolute-deadline completion without relabeling manual abandonment
  ---
  duration_ms: 0.999458
  type: 'test'
  ...
# Subtest: Activity track filter returns only records for the selected canonical track
ok 387 - Activity track filter returns only records for the selected canonical track
  ---
  duration_ms: 11.0875
  type: 'test'
  ...
# Subtest: Activity uses local calendar days and Monday-based calendar weeks
ok 388 - Activity uses local calendar days and Monday-based calendar weeks
  ---
  duration_ms: 5.948209
  type: 'test'
  ...
# Subtest: Activity keeps local midnight and relative labels correct across a DST boundary
ok 389 - Activity keeps local midnight and relative labels correct across a DST boundary
  ---
  duration_ms: 11.497792
  type: 'test'
  ...
# Subtest: Activity date labels format relative words and month names from the selected locale
ok 390 - Activity date labels format relative words and month names from the selected locale
  ---
  duration_ms: 109.862583
  type: 'test'
  ...
# Subtest: Algorithms dashboard prioritizes due review and provides a complete review action
ok 391 - Algorithms dashboard prioritizes due review and provides a complete review action
  ---
  duration_ms: 9.40825
  type: 'test'
  ...
# Subtest: Algorithms dashboard prioritizes repeated mistakes after overdue review and keeps its action explicit
ok 392 - Algorithms dashboard prioritizes repeated mistakes after overdue review and keeps its action explicit
  ---
  duration_ms: 0.590334
  type: 'test'
  ...
# Subtest: Algorithms dashboard turns bounded evidence into a scoped guided-practice action
ok 393 - Algorithms dashboard turns bounded evidence into a scoped guided-practice action
  ---
  duration_ms: 0.740792
  type: 'test'
  ...
# Subtest: Algorithms dashboard exposes the exact active session as a resume action
ok 394 - Algorithms dashboard exposes the exact active session as a resume action
  ---
  duration_ms: 0.517834
  type: 'test'
  ...
# Subtest: Home recommendation icons follow the Figma ready, review-due, and active-session variants
ok 395 - Home recommendation icons follow the Figma ready, review-due, and active-session variants
  ---
  duration_ms: 3077.439834
  type: 'test'
  ...
# Subtest: Algorithms dashboard starts recognition only with its one declared set
ok 396 - Algorithms dashboard starts recognition only with its one declared set
  ---
  duration_ms: 1.45575
  type: 'test'
  ...
# Subtest: Algorithms dashboard requires an explicit contrast or independent-practice scope
ok 397 - Algorithms dashboard requires an explicit contrast or independent-practice scope
  ---
  duration_ms: 0.754083
  type: 'test'
  ...
# Subtest: active session stays ahead of every later recommendation condition
ok 398 - active session stays ahead of every later recommendation condition
  ---
  duration_ms: 0.284542
  type: 'test'
  ...
# Subtest: Home disables an incomplete recommendation action instead of choosing a scope
ok 399 - Home disables an incomplete recommendation action instead of choosing a scope
  ---
  duration_ms: 654.953208
  type: 'test'
  ...
# Subtest: Home projection exposes a stable empty-state focus without inventing evidence
ok 400 - Home projection exposes a stable empty-state focus without inventing evidence
  ---
  duration_ms: 2681.133792
  type: 'test'
  ...
# Subtest: Home prioritizes one exact ordinary Certification resume action and excludes exam or cross-track sessions
ok 401 - Home prioritizes one exact ordinary Certification resume action and excludes exam or cross-track sessions
  ---
  duration_ms: 769.376583
  type: 'test'
  ...
# Subtest: Progress tab projects Certification empty state and due review availability
ok 402 - Progress tab projects Certification empty state and due review availability
  ---
  duration_ms: 30.934583
  type: 'test'
  ...
# Subtest: Progress tab has an explicit empty projection for every installed launch package
ok 403 - Progress tab has an explicit empty projection for every installed launch package
  ---
  duration_ms: 577.386917
  type: 'test'
  ...
# Subtest: Progress projection rejects an unknown track instead of selecting a default
ok 404 - Progress projection rejects an unknown track instead of selecting a default
  ---
  duration_ms: 1.974417
  type: 'test'
  ...
# Subtest: Algorithms Progress first use states the evidence limit and offers one useful start action
ok 405 - Algorithms Progress first use states the evidence limit and offers one useful start action
  ---
  duration_ms: 746.590125
  type: 'test'
  ...
# Subtest: Algorithms Progress keeps due review evidence honest and recommendations overridable
ok 406 - Algorithms Progress keeps due review evidence honest and recommendations overridable
  ---
  duration_ms: 522.039083
  type: 'test'
  ...
# Subtest: Progress activity previews latest canonical sessions for the active track, including completed zero-answer sessions
ok 407 - Progress activity previews latest canonical sessions for the active track, including completed zero-answer sessions
  ---
  duration_ms: 764.352417
  type: 'test'
  ...
# Subtest: Algorithms Progress derives a deterministic continuation from recorded evidence
ok 408 - Algorithms Progress derives a deterministic continuation from recorded evidence
  ---
  duration_ms: 416.111625
  type: 'test'
  ...
# Subtest: Algorithms Progress excludes due review from a stale content bank
ok 409 - Algorithms Progress excludes due review from a stale content bank
  ---
  duration_ms: 305.086833
  type: 'test'
  ...
# Subtest: Algorithms Progress ignores same-version evidence from another exact content package
ok 410 - Algorithms Progress ignores same-version evidence from another exact content package
  ---
  duration_ms: 293.391958
  type: 'test'
  ...
# Subtest: Algorithms Progress keeps due review copy scoped to the bundled package Free node
ok 411 - Algorithms Progress keeps due review copy scoped to the bundled package Free node
  ---
  duration_ms: 464.153041
  type: 'test'
  ...
# Subtest: Algorithms Progress maps Figma evidence states to recorded attempts only
ok 412 - Algorithms Progress maps Figma evidence states to recorded attempts only
  ---
  duration_ms: 590.873834
  type: 'test'
  ...
# Subtest: track evidence rows stay informational while local show-more behavior remains
ok 413 - track evidence rows stay informational while local show-more behavior remains
  ---
  duration_ms: 2.463791
  type: 'test'
  ...
# Subtest: empty progress keeps practice as the primary action and exposes global activity
ok 414 - empty progress keeps practice as the primary action and exposes global activity
  ---
  duration_ms: 1.027708
  type: 'test'
  ...
# Subtest: the shared Home shell opens the track-aware Practice Hub from empty Progress
ok 415 - the shared Home shell opens the track-aware Practice Hub from empty Progress
  ---
  duration_ms: 0.569708
  type: 'test'
  ...
# Subtest: Home passes canonical sessions and exact row navigation into Progress
ok 416 - Home passes canonical sessions and exact row navigation into Progress
  ---
  duration_ms: 2.066084
  type: 'test'
  ...
# Subtest: Settings names guest and signed-out entry honestly and never offers guest sign-out
ok 417 - Settings names guest and signed-out entry honestly and never offers guest sign-out
  ---
  duration_ms: 12.625916
  type: 'test'
  ...
# Subtest: Settings preserves authenticated identity and distinguishes synchronized from repair states
ok 418 - Settings preserves authenticated identity and distinguishes synchronized from repair states
  ---
  duration_ms: 2.949792
  type: 'test'
  ...
# Subtest: Settings blocks invalid actions while account lifecycle work is busy and keeps recovery states available
ok 419 - Settings blocks invalid actions while account lifecycle work is busy and keeps recovery states available
  ---
  duration_ms: 0.462167
  type: 'test'
  ...
# Subtest: syntax tokenizer preserves every character for all declared feedback languages
ok 420 - syntax tokenizer preserves every character for all declared feedback languages
  ---
  duration_ms: 17.329792
  type: 'test'
  ...
# Subtest: Algorithms completion handoff classifies and recovers every real storage boundary
ok 421 - Algorithms completion handoff classifies and recovers every real storage boundary
  ---
  duration_ms: 18646.378792
  type: 'test'
  ...
# Subtest: Certification completion handoff classifies and recovers every real storage boundary
ok 422 - Certification completion handoff classifies and recovers every real storage boundary
  ---
  duration_ms: 6851.626
  type: 'test'
  ...
# Subtest: Algorithms verified handoff survives the first summary projection read failure without a cache or completion fallback
ok 423 - Algorithms verified handoff survives the first summary projection read failure without a cache or completion fallback
  ---
  duration_ms: 1992.770291
  type: 'test'
  ...
# Subtest: Algorithms practice hub exposes exactly the four bundled Free-package modes
ok 424 - Algorithms practice hub exposes exactly the four bundled Free-package modes
  ---
  duration_ms: 794.073167
  type: 'test'
  ...
# Subtest: Algorithms Independent Practice keeps its canonical title in the Polish presentation boundary
ok 425 - Algorithms Independent Practice keeps its canonical title in the Polish presentation boundary
  ---
  duration_ms: 5.551625
  type: 'test'
  ...
# Subtest: Certification practice hub keeps Focus primary and exposes the declared Knowledge Check, Weak, and Quick modes
ok 426 - Certification practice hub keeps Focus primary and exposes the declared Knowledge Check, Weak, and Quick modes
  ---
  duration_ms: 0.839209
  type: 'test'
  ...
# Subtest: Certification practice presentation composes the concrete Google Cloud name through Polish translation
ok 427 - Certification practice presentation composes the concrete Google Cloud name through Polish translation
  ---
  duration_ms: 9.994959
  type: 'test'
  ...
# Subtest: Algorithms practice topic and statistics compose through Polish translation
ok 428 - Algorithms practice topic and statistics compose through Polish translation
  ---
  duration_ms: 513.070458
  type: 'test'
  ...
# Subtest: route-selected Algorithms topic preserves authored copy and translates only structured 0/158 and 0/8 labels
ok 429 - route-selected Algorithms topic preserves authored copy and translates only structured 0/158 and 0/8 labels
  ---
  duration_ms: 385.080958
  type: 'test'
  ...
# Subtest: shared practice presentation rejects an unknown track instead of substituting another track
ok 430 - shared practice presentation rejects an unknown track instead of substituting another track
  ---
  duration_ms: 2.838083
  type: 'test'
  ...
# Subtest: practice presentation rejects unknown families and unsupported registered family members explicitly
ok 431 - practice presentation rejects unknown families and unsupported registered family members explicitly
  ---
  duration_ms: 1.670875
  type: 'test'
  ...
# Subtest: Every launch roadmap exposes its Free node first and all other nodes locked
ok 432 - Every launch roadmap exposes its Free node first and all other nodes locked
  ---
  duration_ms: 316.086125
  type: 'test'
  ...
# Subtest: Algorithms roadmap records practice inside the bundled package Free node while keeping Premium nodes locked
ok 433 - Algorithms roadmap records practice inside the bundled package Free node while keeping Premium nodes locked
  ---
  duration_ms: 497.74525
  type: 'test'
  ...
# Subtest: practice session exit resets navigation above the closed session
ok 434 - practice session exit resets navigation above the closed session
  ---
  duration_ms: 6.176667
  type: 'test'
  ...
# Subtest: practice session exit can return to the hub without a topic override
ok 435 - practice session exit can return to the hub without a topic override
  ---
  duration_ms: 0.5215
  type: 'test'
  ...
# Subtest: the canonical Custom Practice hero opens setup without a duplicate mode row
ok 436 - the canonical Custom Practice hero opens setup without a duplicate mode row
  ---
  duration_ms: 1.749417
  type: 'test'
  ...
# Subtest: practice screens turn unsupported package, topic, and mode reads into exits
ok 437 - practice screens turn unsupported package, topic, and mode reads into exits
  ---
  duration_ms: 7.033625
  type: 'test'
  ...
# Subtest: practice route changes cannot submit stale setup controls and preserve track identity
ok 438 - practice route changes cannot submit stale setup controls and preserve track identity
  ---
  duration_ms: 12.38025
  type: 'test'
  ...
# Subtest: changing track returns through the Home root and drops practice route overrides
ok 439 - changing track returns through the Home root and drops practice route overrides
  ---
  duration_ms: 0.510292
  type: 'test'
  ...
# Subtest: Hub uses its displayed primary mode and package length defaults
ok 440 - Hub uses its displayed primary mode and package length defaults
  ---
  duration_ms: 0.403125
  type: 'test'
  ...
# Subtest: Custom Practice accepts its package-declared length and persists its selected feedback timing
ok 441 - Custom Practice accepts its package-declared length and persists its selected feedback timing
  ---
  duration_ms: 730.812083
  type: 'test'
  ...
# Subtest: Custom Practice setup rejects every unsupported session length
ok 442 - Custom Practice setup rejects every unsupported session length
  ---
  duration_ms: 3.082209
  type: 'test'
  ...
# Subtest: Custom Practice requires a selected timing while predefined Algorithms modes retain fixed timings
ok 443 - Custom Practice requires a selected timing while predefined Algorithms modes retain fixed timings
  ---
  duration_ms: 0.63375
  type: 'test'
  ...
# Subtest: rejects an Algorithms session length that the selected mode does not declare
ok 444 - rejects an Algorithms session length that the selected mode does not declare
  ---
  duration_ms: 0.266583
  type: 'test'
  ...
# Subtest: Independent Practice direct entry fails because it is excluded from the bundled Free package
ok 445 - Independent Practice direct entry fails because it is excluded from the bundled Free package
  ---
  duration_ms: 0.303708
  type: 'test'
  ...
# Subtest: Certification resume routes preserve exact immutable configuration for package modes
ok 446 - Certification resume routes preserve exact immutable configuration for package modes
  ---
  duration_ms: 4.29375
  type: 'test'
  ...
# Subtest: Certification resume rejects stale, cross-track, exam, and non-active sessions explicitly
ok 447 - Certification resume rejects stale, cross-track, exam, and non-active sessions explicitly
  ---
  duration_ms: 0.995833
  type: 'test'
  ...
# Subtest: Practice presentation never discloses feedback before the durable feedback boundary
ok 448 - Practice presentation never discloses feedback before the durable feedback boundary
  ---
  duration_ms: 47.990542
  type: 'test'
  ...
# Subtest: Practice presentation permits response edits before a journal exists
ok 449 - Practice presentation permits response edits before a journal exists
  ---
  duration_ms: 0.87825
  type: 'test'
  ...
# Subtest: Practice action model separates final feedback from the durable Finish command
ok 450 - Practice action model separates final feedback from the durable Finish command
  ---
  duration_ms: 3.795459
  type: 'test'
  ...
# Subtest: Deferred feedback keeps the submit CTA and saving status aligned
ok 451 - Deferred feedback keeps the submit CTA and saving status aligned
  ---
  duration_ms: 1.155709
  type: 'test'
  ...
# Subtest: Practice pending phases retain a stable unsafe-action lock
ok 452 - Practice pending phases retain a stable unsafe-action lock
  ---
  duration_ms: 0.6055
  type: 'test'
  ...
# Subtest: Practice operation notice mapping remains one family-neutral interpretation
ok 453 - Practice operation notice mapping remains one family-neutral interpretation
  ---
  duration_ms: 1.231667
  type: 'test'
  ...
# Subtest: Durable recovery notices stay learner-facing in English and Polish
ok 454 - Durable recovery notices stay learner-facing in English and Polish
  ---
  duration_ms: 26.491833
  type: 'test'
  ...
# Subtest: Practice local choice selection survives only the same editable occurrence
ok 455 - Practice local choice selection survives only the same editable occurrence
  ---
  duration_ms: 0.834
  type: 'test'
  ...
# Subtest: Scoped local response preserves all authored control types for the same editable occurrence
ok 456 - Scoped local response preserves all authored control types for the same editable occurrence
  ---
  duration_ms: 10.058625
  type: 'test'
  ...
# Subtest: Scoped local response resets when the session or occurrence identity changes
ok 457 - Scoped local response resets when the session or occurrence identity changes
  ---
  duration_ms: 1.320416
  type: 'test'
  ...
# Subtest: Scoped durable response is authoritative over an unsent local response
ok 458 - Scoped durable response is authoritative over an unsent local response
  ---
  duration_ms: 0.253708
  type: 'test'
  ...
# Subtest: Practice durable choice response wins and response-less locked state clears
ok 459 - Practice durable choice response wins and response-less locked state clears
  ---
  duration_ms: 6.148083
  type: 'test'
  ...
# Subtest: Practice response renderer consumes application feedback states without scoring in UI
ok 460 - Practice response renderer consumes application feedback states without scoring in UI
  ---
  duration_ms: 0.940542
  type: 'test'
  ...
# Subtest: The visible ordering is a complete response before the learner moves an element
ok 461 - The visible ordering is a complete response before the learner moves an element
  ---
  duration_ms: 1.009458
  type: 'test'
  ...
# Subtest: Practice correctness semantics stay separate from the native checked selection state
ok 462 - Practice correctness semantics stay separate from the native checked selection state
  ---
  duration_ms: 0.689917
  type: 'test'
  ...
# Subtest: Premium is one SKU-neutral entitlement with exactly the canonical offer kinds
ok 463 - Premium is one SKU-neutral entitlement with exactly the canonical offer kinds
  ---
  duration_ms: 12.403375
  type: 'test'
  ...
# Subtest: projection construction keeps one account-bound Premium record independent of tracks, tiers, and slots
ok 464 - projection construction keeps one account-bound Premium record independent of tracks, tiers, and slots
  ---
  duration_ms: 18.979208
  type: 'test'
  ...
# Subtest: projection validation accepts every documented state and rejects unknown state values
ok 465 - projection validation accepts every documented state and rejects unknown state values
  ---
  duration_ms: 3.381625
  type: 'test'
  ...
# Subtest: malformed, incomplete, and extra-field payloads fail closed
ok 466 - malformed, incomplete, and extra-field payloads fail closed
  ---
  duration_ms: 1.389916
  type: 'test'
  ...
# Subtest: omitted required projection fields fail closed
ok 467 - omitted required projection fields fail closed
  ---
  duration_ms: 0.630667
  type: 'test'
  ...
# Subtest: account IDs reject whitespace and email-shaped values without requiring a provider format
ok 468 - account IDs reject whitespace and email-shaped values without requiring a provider format
  ---
  duration_ms: 0.223333
  type: 'test'
  ...
# Subtest: projection timestamps are strict ISO values and access fails closed for malformed or future timestamps
ok 469 - projection timestamps are strict ISO values and access fails closed for malformed or future timestamps
  ---
  duration_ms: 2.742125
  type: 'test'
  ...
# Subtest: active and grace access expires after the inclusive seven-day verification boundary
ok 470 - active and grace access expires after the inclusive seven-day verification boundary
  ---
  duration_ms: 1.414625
  type: 'test'
  ...
# Subtest: only active and grace projections allow new Premium access
ok 471 - only active and grace projections allow new Premium access
  ---
  duration_ms: 2.010417
  type: 'test'
  ...
# Subtest: content reports are reachable from practice details and answer review
ok 472 - content reports are reachable from practice details and answer review
  ---
  duration_ms: 8.192
  type: 'test'
  ...
# Subtest: report input is intentionally content-free beyond bounded item context
ok 473 - report input is intentionally content-free beyond bounded item context
  ---
  duration_ms: 3.379416
  type: 'test'
  ...
# Subtest: track presentation exposes only the concrete Google Cloud track
ok 474 - track presentation exposes only the concrete Google Cloud track
  ---
  duration_ms: 2.284541
  type: 'test'
  ...
# Subtest: active track naming is complete in the Polish presentation dictionary
ok 475 - active track naming is complete in the Polish presentation dictionary
  ---
  duration_ms: 4.785791
  type: 'test'
  ...
# Subtest: review presentation uses the concrete track title when taxonomy context is absent
ok 476 - review presentation uses the concrete track title when taxonomy context is absent
  ---
  duration_ms: 4.673709
  type: 'test'
  ...
# Subtest: review translates known track and cloud taxonomy labels while preserving authored taxonomy
ok 477 - review translates known track and cloud taxonomy labels while preserving authored taxonomy
  ---
  duration_ms: 44.90025
  type: 'test'
  ...
# Subtest: dynamic track titles cross the translation boundary and long header copy can shrink
ok 478 - dynamic track titles cross the translation boundary and long header copy can shrink
  ---
  duration_ms: 4.018416
  type: 'test'
  ...
# Subtest: practice SessionShell uses natural action geometry while simulation keeps its fixed footer
ok 479 - practice SessionShell uses natural action geometry while simulation keeps its fixed footer
  ---
  duration_ms: 15.362334
  type: 'test'
  ...
# Subtest: SessionShell keeps the Figma top bar in one row at large text
ok 480 - SessionShell keeps the Figma top bar in one row at large text
  ---
  duration_ms: 5.463209
  type: 'test'
  ...
# Subtest: SessionShell keeps chrome readable without allowing it to crowd out authored content
ok 481 - SessionShell keeps chrome readable without allowing it to crowd out authored content
  ---
  duration_ms: 0.290333
  type: 'test'
  ...
# Subtest: session timers keep the Figma value-only visual label while retaining spoken context
ok 482 - session timers keep the Figma value-only visual label while retaining spoken context
  ---
  duration_ms: 2.628292
  type: 'test'
  ...
# Subtest: Practice sessions reset their scroll viewport when the canonical item changes
ok 483 - Practice sessions reset their scroll viewport when the canonical item changes
  ---
  duration_ms: 0.668625
  type: 'test'
  ...
# Subtest: Button chrome remains usable while supporting up to 200 percent text
ok 484 - Button chrome remains usable while supporting up to 200 percent text
  ---
  duration_ms: 0.176667
  type: 'test'
  ...
# Subtest: final simulation action saves an answered response before finish and lets an unanswered final occurrence finish
ok 485 - final simulation action saves an answered response before finish and lets an unanswered final occurrence finish
  ---
  duration_ms: 34.655542
  type: 'test'
  ...
# Subtest: simulation question navigator has the approved states, accessible labels, and large-text grid adaptation
ok 486 - simulation question navigator has the approved states, accessible labels, and large-text grid adaptation
  ---
  duration_ms: 54.369416
  type: 'test'
  ...
# Subtest: simulation operation surface renders only declared state actions and never a generic retry
ok 487 - simulation operation surface renders only declared state actions and never a generic retry
  ---
  duration_ms: 14.85475
  type: 'test'
  ...
# Subtest: navigator jumps retain the current question in an explicit locked presentation
ok 488 - navigator jumps retain the current question in an explicit locked presentation
  ---
  duration_ms: 0.462875
  type: 'test'
  ...
# Subtest: button loading decoration stays outside the accessible busy control
ok 489 - button loading decoration stays outside the accessible busy control
  ---
  duration_ms: 0.468875
  type: 'test'
  ...
# Subtest: simulation pause/end uses one Figma action sheet and keeps the destructive command reachable
ok 490 - simulation pause/end uses one Figma action sheet and keeps the destructive command reachable
  ---
  duration_ms: 2.116542
  type: 'test'
  ...
# Subtest: simulation finish confirmation uses the Figma action-required copy and review dismissal
ok 491 - simulation finish confirmation uses the Figma action-required copy and review dismissal
  ---
  duration_ms: 0.63525
  type: 'test'
  ...
# Subtest: simulation result presentation distinguishes pending, verified, scoreless, and rejected reads
ok 492 - simulation result presentation distinguishes pending, verified, scoreless, and rejected reads
  ---
  duration_ms: 3.39175
  type: 'test'
  ...
# Subtest: keyed result reads discard a previous request after the session changes
ok 493 - keyed result reads discard a previous request after the session changes
  ---
  duration_ms: 4.516917
  type: 'test'
  ...
# Subtest: focus loss and unmount invalidation prevent late read errors from publishing
ok 494 - focus loss and unmount invalidation prevent late read errors from publishing
  ---
  duration_ms: 1.1945
  type: 'test'
  ...
# Subtest: retry starts a new generation and publishes only its successful result
ok 495 - retry starts a new generation and publishes only its successful result
  ---
  duration_ms: 0.477958
  type: 'test'
  ...
# Subtest: blur or unmount invalidates the latest retry token
ok 496 - blur or unmount invalidates the latest retry token
  ---
  duration_ms: 0.5165
  type: 'test'
  ...
# Subtest: the current rejected result read stays an explicit error
ok 497 - the current rejected result read stays an explicit error
  ---
  duration_ms: 0.666917
  type: 'test'
  ...
# Subtest: non-final simulation CTA labels, disables, and invokes only save-and-continue
ok 498 - non-final simulation CTA labels, disables, and invokes only save-and-continue
  ---
  duration_ms: 7.566125
  type: 'test'
  ...
# Subtest: an unanswered non-final simulation occurrence keeps the Figma Save and continue CTA disabled
ok 499 - an unanswered non-final simulation occurrence keeps the Figma Save and continue CTA disabled
  ---
  duration_ms: 0.508625
  type: 'test'
  ...
# Subtest: simulation routes retain one review header and a neutral result title before verification
ok 500 - simulation routes retain one review header and a neutral result title before verification
  ---
  duration_ms: 3.543375
  type: 'test'
  ...
# Subtest: active simulation surface fills the viewport and keeps navigator presentation outside the approved active screen
ok 501 - active simulation surface fills the viewport and keeps navigator presentation outside the approved active screen
  ---
  duration_ms: 1.2005
  type: 'test'
  ...
# Subtest: simulation confirmation reuses the session chrome owner with its Figma frozen-state geometry
ok 502 - simulation confirmation reuses the session chrome owner with its Figma frozen-state geometry
  ---
  duration_ms: 0.966875
  type: 'test'
  ...
# Subtest: simulation preparation owns neutral question and response geometry
ok 503 - simulation preparation owns neutral question and response geometry
  ---
  duration_ms: 0.682875
  type: 'test'
  ...
# Subtest: simulation statuses localize their projection copy and expose pending operation semantics
ok 504 - simulation statuses localize their projection copy and expose pending operation semantics
  ---
  duration_ms: 0.48425
  type: 'test'
  ...
# Subtest: Simulation navigator accepts complete unique projections for each supported session length
ok 505 - Simulation navigator accepts complete unique projections for each supported session length
  ---
  duration_ms: 2.808208
  type: 'test'
  ...
# Subtest: Simulation completion metrics are withheld before the verified completed projection
ok 506 - Simulation completion metrics are withheld before the verified completed projection
  ---
  duration_ms: 0.360667
  type: 'test'
  ...
# Subtest: i18n locale files have matching namespaces and keys
ok 507 - i18n locale files have matching namespaces and keys
  ---
  duration_ms: 20.23175
  type: 'test'
  ...
# Subtest: translation AST collection stays on literal first arguments
ok 508 - translation AST collection stays on literal first arguments
  ---
  duration_ms: 576.024625
  type: 'test'
  ...
# Subtest: scoped Practice, result, review, and session-shell literals exist in both locales
ok 509 - scoped Practice, result, review, and session-shell literals exist in both locales
  ---
  duration_ms: 807.19875
  type: 'test'
  ...
# Subtest: practice presentation output strings are keys in both locales
ok 510 - practice presentation output strings are keys in both locales
  ---
  duration_ms: 2.045
  type: 'test'
  ...
# Subtest: admitted practice mode titles, details, and unavailable reasons are locale keys
ok 511 - admitted practice mode titles, details, and unavailable reasons are locale keys
  ---
  duration_ms: 2.762083
  type: 'test'
  ...
# Subtest: local remote-client boundary is explicit and has no implicit endpoint
ok 512 - local remote-client boundary is explicit and has no implicit endpoint
  ---
  duration_ms: 11.048375
  type: 'test'
  ...
# Subtest: public environment accepts the complete sandbox-only Firebase domain configuration
ok 513 - public environment accepts the complete sandbox-only Firebase domain configuration
  ---
  duration_ms: 3.569542
  type: 'test'
  ...
# Subtest: public environment rejects extra keys, incomplete values, unsafe URLs, and production Firebase defaults
ok 514 - public environment rejects extra keys, incomplete values, unsafe URLs, and production Firebase defaults
  ---
  duration_ms: 1.833959
  type: 'test'
  ...
# Subtest: runtime privacy keeps console and raw errors forbidden inside adapters and rejects sibling client paths
ok 515 - runtime privacy keeps console and raw errors forbidden inside adapters and rejects sibling client paths
  ---
  duration_ms: 1937.398125
  type: 'test'
  ...
# Subtest: generated client refuses an unconfigured environment and missing token
ok 516 - generated client refuses an unconfigured environment and missing token
  ---
  duration_ms: 191.584375
  type: 'test'
  ...
# Subtest: generated client uses typed REST paths, bearer auth, timeout and bounded errors
ok 517 - generated client uses typed REST paths, bearer auth, timeout and bounded errors
  ---
  duration_ms: 18.673875
  type: 'test'
  ...
# Subtest: generated client deadline includes token acquisition
ok 518 - generated client deadline includes token acquisition
  ---
  duration_ms: 21.015792
  type: 'test'
  ...
# Subtest: generated client preserves token provider failures
ok 519 - generated client preserves token provider failures
  ---
  duration_ms: 2.545041
  type: 'test'
  ...
# Subtest: generated client deadline includes response body parsing and aborts the request
ok 520 - generated client deadline includes response body parsing and aborts the request
  ---
  duration_ms: 23.163791
  type: 'test'
  ...
# Subtest: content reports send App Check and keep bearer identity optional
ok 521 - content reports send App Check and keep bearer identity optional
  ---
  duration_ms: 1.632584
  type: 'test'
  ...
# Subtest: local-safe environment stays explicitly unavailable
ok 522 - local-safe environment stays explicitly unavailable
  ---
  duration_ms: 0.369375
  type: 'test'
  ...
# Subtest: Firebase configuration exposes the deny-all rules and the one semantic account-record index
ok 523 - Firebase configuration exposes the deny-all rules and the one semantic account-record index
  ---
  duration_ms: 10.104917
  type: 'test'
  ...
# Subtest: keeps pre-market Firebase Hosting unpublished and loopback-only
ok 524 - keeps pre-market Firebase Hosting unpublished and loopback-only
  ---
  duration_ms: 118.746666
  type: 'test'
  ...
# Subtest: Firebase Auth Emulator is unavailable outside explicit development E2E
ok 525 - Firebase Auth Emulator is unavailable outside explicit development E2E
  ---
  duration_ms: 4.94025
  type: 'test'
  ...
# Subtest: Firebase Auth Emulator requires the canonical local development origin
ok 526 - Firebase Auth Emulator requires the canonical local development origin
  ---
  duration_ms: 1.332209
  type: 'test'
  ...
# Subtest: local builds keep public legal links explicitly unavailable without configuration
ok 527 - local builds keep public legal links explicitly unavailable without configuration
  ---
  duration_ms: 3.770083
  type: 'test'
  ...
# Subtest: missing public URL fails closed instead of inferring a destination
ok 528 - missing public URL fails closed instead of inferring a destination
  ---
  duration_ms: 10.854542
  type: 'test'
  ...
# Subtest: configured public legal links preserve the validated contract destinations
ok 529 - configured public legal links preserve the validated contract destinations
  ---
  duration_ms: 1.903209
  type: 'test'
  ...
# Subtest: canonical serialization sorts object keys without changing array order
ok 530 - canonical serialization sorts object keys without changing array order
  ---
  duration_ms: 16.420125
  type: 'test'
  ...
# Subtest: fingerprint payload carries the canonical serializer version
ok 531 - fingerprint payload carries the canonical serializer version
  ---
  duration_ms: 4.373125
  type: 'test'
  ...
# Subtest: SHA-256 identities are stable, opaque, and response-sensitive
ok 532 - SHA-256 identities are stable, opaque, and response-sensitive
  ---
  duration_ms: 1.605917
  type: 'test'
  ...
# Subtest: platform-neutral SHA-256 matches standard UTF-8 vectors
ok 533 - platform-neutral SHA-256 matches standard UTF-8 vectors
  ---
  duration_ms: 4.707208
  type: 'test'
  ...
# Subtest: Node production identity emits validated, distinct track/mode UUIDv4 values
ok 534 - Node production identity emits validated, distinct track/mode UUIDv4 values
  ---
  duration_ms: 3.434667
  type: 'test'
  ...
# Subtest: identity format rejects malformed scope and non-v4 UUIDs without a fallback
ok 535 - identity format rejects malformed scope and non-v4 UUIDs without a fallback
  ---
  duration_ms: 0.930667
  type: 'test'
  ...
# Subtest: Node and phone adapters use their platform crypto peer through extensionless resolution
ok 536 - Node and phone adapters use their platform crypto peer through extensionless resolution
  ---
  duration_ms: 1.072958
  type: 'test'
  ...
# Subtest: development audit identity advances from durable history across modes and composition reload, then reset restores suffix one
ok 537 - development audit identity advances from durable history across modes and composition reload, then reset restores suffix one
  ---
  duration_ms: 2611.803875
  type: 'test'
  ...
# Subtest: one injected identity port forwards exact lifecycle-owned IDs across both families
ok 538 - one injected identity port forwards exact lifecycle-owned IDs across both families
  ---
  duration_ms: 903.64975
  type: 'test'
  ...
# Subtest: LoadingState is the compact accessible generic pending status
ok 539 - LoadingState is the compact accessible generic pending status
  ---
  duration_ms: 5.4365
  type: 'test'
  ...
# Subtest: EmptyState is the centered retained-content/unavailable status primitive
ok 540 - EmptyState is the centered retained-content/unavailable status primitive
  ---
  duration_ms: 0.7115
  type: 'test'
  ...
# Subtest: exactly the one remaining generic pending branch uses LoadingState
ok 541 - exactly the one remaining generic pending branch uses LoadingState
  ---
  duration_ms: 30.242625
  type: 'test'
  ...
# Subtest: C1 screens own local review and exam loading geometry
ok 542 - C1 screens own local review and exam loading geometry
  ---
  duration_ms: 1.31275
  type: 'test'
  ...
# Subtest: bootstrap, roadmap, and setup own their phase or screen loading geometry
ok 543 - bootstrap, roadmap, and setup own their phase or screen loading geometry
  ---
  duration_ms: 2.7925
  type: 'test'
  ...
# Subtest: Home shell owns tab-specific glass loading geometry and keeps navigation usable
ok 544 - Home shell owns tab-specific glass loading geometry and keeps navigation usable
  ---
  duration_ms: 1.513667
  type: 'test'
  ...
# Subtest: Practice Hub keeps its local pending geometry while the scoped read model owns state
ok 545 - Practice Hub keeps its local pending geometry while the scoped read model owns state
  ---
  duration_ms: 2.0115
  type: 'test'
  ...
# Subtest: specialized practice sessions share one neutral question and response loading skeleton
ok 546 - specialized practice sessions share one neutral question and response loading skeleton
  ---
  duration_ms: 1.167625
  type: 'test'
  ...
# Subtest: Activity owns its glass loading skeleton
ok 547 - Activity owns its glass loading skeleton
  ---
  duration_ms: 1.4605
  type: 'test'
  ...
# Subtest: Coding Interview scope owns its glass loading skeleton
ok 548 - Coding Interview scope owns its glass loading skeleton
  ---
  duration_ms: 1.803875
  type: 'test'
  ...
# Subtest: exam review owns its glass loading skeleton
ok 549 - exam review owns its glass loading skeleton
  ---
  duration_ms: 0.888709
  type: 'test'
  ...
# Subtest: exam result owns its glass loading skeleton
ok 550 - exam result owns its glass loading skeleton
  ---
  duration_ms: 0.820667
  type: 'test'
  ...
# Subtest: coding practice result owns its glass loading skeleton
ok 551 - coding practice result owns its glass loading skeleton
  ---
  duration_ms: 0.844916
  type: 'test'
  ...
# Subtest: mistakes review owns its glass loading skeleton
ok 552 - mistakes review owns its glass loading skeleton
  ---
  duration_ms: 0.919083
  type: 'test'
  ...
# Subtest: SkeletonShape owns the shared clipped glass primitive
ok 553 - SkeletonShape owns the shared clipped glass primitive
  ---
  duration_ms: 0.693541
  type: 'test'
  ...
# Subtest: Skeleton glass motion uses one native driver loop and resets on lifecycle changes
ok 554 - Skeleton glass motion uses one native driver loop and resets on lifecycle changes
  ---
  duration_ms: 0.565292
  type: 'test'
  ...
# Subtest: Skeleton glass motion stays static while Reduce Motion is unresolved or fails
ok 555 - Skeleton glass motion stays static while Reduce Motion is unresolved or fails
  ---
  duration_ms: 0.337167
  type: 'test'
  ...
# Subtest: pending data is distinct from true empty and onboarding outcomes
ok 556 - pending data is distinct from true empty and onboarding outcomes
  ---
  duration_ms: 1.391917
  type: 'test'
  ...
# Subtest: the six read owners end rejected reads in explicit unavailable EmptyStates
ok 557 - the six read owners end rejected reads in explicit unavailable EmptyStates
  ---
  duration_ms: 2.071833
  type: 'test'
  ...
# Subtest: scoped practice reads honor explicit route identity and only load reviews on Hub
ok 558 - scoped practice reads honor explicit route identity and only load reviews on Hub
  ---
  duration_ms: 1.511416
  type: 'test'
  ...
# Subtest: route-keyed read states block A under B and publish only their captured request
ok 559 - route-keyed read states block A under B and publish only their captured request
  ---
  duration_ms: 2.123959
  type: 'test'
  ...
# Subtest: queue reads clear stale resolved data before pending or unavailable
ok 560 - queue reads clear stale resolved data before pending or unavailable
  ---
  duration_ms: 0.370792
  type: 'test'
  ...
# Subtest: specialized session preparation stays local while completion uses the generic status
ok 561 - specialized session preparation stays local while completion uses the generic status
  ---
  duration_ms: 0.752417
  type: 'test'
  ...
# Subtest: Interview Simulation result keeps pending, scoreless, and failed reads explicit
ok 562 - Interview Simulation result keeps pending, scoreless, and failed reads explicit
  ---
  duration_ms: 0.539792
  type: 'test'
  ...
# Subtest: navigation screens do not re-enter the public navigation barrel at runtime
ok 563 - navigation screens do not re-enter the public navigation barrel at runtime
  ---
  duration_ms: 19.858083
  type: 'test'
  ...
# Subtest: bottom navigation labels stay canonical
ok 564 - bottom navigation labels stay canonical
  ---
  duration_ms: 10.637458
  type: 'test'
  ...
# Subtest: primary Home and Practice CTAs route to Practice Hub
ok 565 - primary Home and Practice CTAs route to Practice Hub
  ---
  duration_ms: 0.26325
  type: 'test'
  ...
# Subtest: Home change track CTA routes to track selection
ok 566 - Home change track CTA routes to track selection
  ---
  duration_ms: 0.145625
  type: 'test'
  ...
# Subtest: shell safety model exposes no gamified status fields
ok 567 - shell safety model exposes no gamified status fields
  ---
  duration_ms: 0.3145
  type: 'test'
  ...
# Subtest: Practice review weak items routes to canonical review queue
ok 568 - Practice review weak items routes to canonical review queue
  ---
  duration_ms: 1.019209
  type: 'test'
  ...
# Subtest: bootstrap owns one branded phase-aware loading surface with no synthetic completion
ok 569 - bootstrap owns one branded phase-aware loading surface with no synthetic completion
  ---
  duration_ms: 4.530792
  type: 'test'
  ...
# Subtest: generic LoadingState no longer carries the startup animation variant
ok 570 - generic LoadingState no longer carries the startup animation variant
  ---
  duration_ms: 0.685541
  type: 'test'
  ...
# Subtest: app preferences default to English content locale and device appearance
ok 571 - app preferences default to English content locale and device appearance
  ---
  duration_ms: 23.811333
  type: 'test'
  ...
# Subtest: app preferences retain an explicitly selected Polish locale
ok 572 - app preferences retain an explicitly selected Polish locale
  ---
  duration_ms: 2.062209
  type: 'test'
  ...
# Subtest: translations resolve common UI copy through i18next
ok 573 - translations resolve common UI copy through i18next
  ---
  duration_ms: 4.907917
  type: 'test'
  ...
# Subtest: language changes persist all supported choices without changing appearance
ok 574 - language changes persist all supported choices without changing appearance
  ---
  duration_ms: 1.209375
  type: 'test'
  ...
# Subtest: a failed language write rejects and preserves the previous saved choice for retry
ok 575 - a failed language write rejects and preserves the previous saved choice for retry
  ---
  duration_ms: 7.702916
  type: 'test'
  ...
# Subtest: daily reminder time accepts only strict 24-hour input
ok 576 - daily reminder time accepts only strict 24-hour input
  ---
  duration_ms: 28.594458
  type: 'test'
  ...
# Subtest: permission request delegates to the operating system only when it can still be asked
ok 577 - permission request delegates to the operating system only when it can still be asked
  ---
  duration_ms: 0.761958
  type: 'test'
  ...
# Subtest: saving a reminder schedules exactly one daily native notification and persists its identifier
ok 578 - saving a reminder schedules exactly one daily native notification and persists its identifier
  ---
  duration_ms: 3.453167
  type: 'test'
  ...
# Subtest: changing a reminder replaces the old native schedule instead of accumulating schedules
ok 579 - changing a reminder replaces the old native schedule instead of accumulating schedules
  ---
  duration_ms: 2.722625
  type: 'test'
  ...
# Subtest: a denied operating-system permission never produces a hidden or mock reminder
ok 580 - a denied operating-system permission never produces a hidden or mock reminder
  ---
  duration_ms: 2.205667
  type: 'test'
  ...
# Subtest: disabling a reminder cancels its native schedule and clears the durable setting
ok 581 - disabling a reminder cancels its native schedule and clears the durable setting
  ---
  duration_ms: 7.746625
  type: 'test'
  ...
# Subtest: notification settings owns the Figma granted and blocked states in one local screen header
ok 582 - notification settings owns the Figma granted and blocked states in one local screen header
  ---
  duration_ms: 21.150791
  type: 'test'
  ...
# Subtest: notification reminder row and editor use the Figma-specific row and sheet geometry
ok 583 - notification reminder row and editor use the Figma-specific row and sheet geometry
  ---
  duration_ms: 1.755375
  type: 'test'
  ...
# Subtest: notification settings exposes lifecycle-safe load and mutation state
ok 584 - notification settings exposes lifecycle-safe load and mutation state
  ---
  duration_ms: 0.272084
  type: 'test'
  ...
# Subtest: notification settings mutations are single-flight before asynchronous work starts
ok 585 - notification settings mutations are single-flight before asynchronous work starts
  ---
  duration_ms: 1.463375
  type: 'test'
  ...
# Subtest: a read that started before a mutation cannot overwrite the completed mutation
ok 586 - a read that started before a mutation cannot overwrite the completed mutation
  ---
  duration_ms: 0.829625
  type: 'test'
  ...
# Subtest: a read started during a mutation stays stale while a later idle read can commit
ok 587 - a read started during a mutation stays stale while a later idle read can commit
  ---
  duration_ms: 0.297792
  type: 'test'
  ...
# Subtest: a foreground read during a mutation is skipped before it can leave loading asserted
ok 588 - a foreground read during a mutation is skipped before it can leave loading asserted
  ---
  duration_ms: 0.173625
  type: 'test'
  ...
# Subtest: Settings exposes account and participant navigation actions plus conditional developer verification actions
ok 589 - Settings exposes account and participant navigation actions plus conditional developer verification actions
  ---
  duration_ms: 18.766292
  type: 'test'
  ...
# Subtest: Settings account presentation names guest, authenticated, and unavailable states and keeps sign-out provider-owned
ok 590 - Settings account presentation names guest, authenticated, and unavailable states and keeps sign-out provider-owned
  ---
  duration_ms: 1.468625
  type: 'test'
  ...
# Subtest: Settings keeps the backend verification group explicitly development-only
ok 591 - Settings keeps the backend verification group explicitly development-only
  ---
  duration_ms: 0.331667
  type: 'test'
  ...
# Subtest: grouped settings rows follow the Figma 200% text geometry
ok 592 - grouped settings rows follow the Figma 200% text geometry
  ---
  duration_ms: 0.715042
  type: 'test'
  ...
# Subtest: Settings description reflects app and practice preferences without account semantics
ok 593 - Settings description reflects app and practice preferences without account semantics
  ---
  duration_ms: 1.022708
  type: 'test'
  ...
# Subtest: Settings app identity follows the Figma footer geometry
ok 594 - Settings app identity follows the Figma footer geometry
  ---
  duration_ms: 1.247042
  type: 'test'
  ...
# Subtest: Settings uses honest practice setup copy and keeps appearance values readable at large text
ok 595 - Settings uses honest practice setup copy and keeps appearance values readable at large text
  ---
  duration_ms: 0.690458
  type: 'test'
  ...
# Subtest: shared supporting list-row text uses the Figma fractional line height
ok 596 - shared supporting list-row text uses the Figma fractional line height
  ---
  duration_ms: 0.812917
  type: 'test'
  ...
# Subtest: appearance selection owns the typed accessible radio choice flow
ok 597 - appearance selection owns the typed accessible radio choice flow
  ---
  duration_ms: 1.514291
  type: 'test'
  ...
# Subtest: language selection owns the typed accessible radio choice flow
ok 598 - language selection owns the typed accessible radio choice flow
  ---
  duration_ms: 1.066458
  type: 'test'
  ...
# Subtest: InfoBlock exposes opt-in alert semantics for dynamic settings errors
ok 599 - InfoBlock exposes opt-in alert semantics for dynamic settings errors
  ---
  duration_ms: 0.166709
  type: 'test'
  ...
# Subtest: appearance choices use the Figma preview variants without changing language choices
ok 600 - appearance choices use the Figma preview variants without changing language choices
  ---
  duration_ms: 0.21525
  type: 'test'
  ...
# Subtest: settings bottom sheets use the Figma elevated shell and modal accessibility boundary
ok 601 - settings bottom sheets use the Figma elevated shell and modal accessibility boundary
  ---
  duration_ms: 0.6145
  type: 'test'
  ...
# Subtest: information topics keep a stable locale-independent selection and explicit next-page affordance
ok 602 - information topics keep a stable locale-independent selection and explicit next-page affordance
  ---
  duration_ms: 0.463417
  type: 'test'
  ...
# Subtest: snapshot allowlist excludes an active session from account records while exposing the blocking precondition
ok 603 - snapshot allowlist excludes an active session from account records while exposing the blocking precondition
  ---
  duration_ms: 26.07075
  type: 'test'
  ...
# Subtest: completed results roundtrip by their own identity while remaining readable by session identity
ok 604 - completed results roundtrip by their own identity while remaining readable by session identity
  ---
  duration_ms: 263.2625
  type: 'test'
  ...
# Subtest: bound account outbox is deterministic and creates an explicit tombstone for a deleted acknowledged record
ok 605 - bound account outbox is deterministic and creates an explicit tombstone for a deleted acknowledged record
  ---
  duration_ms: 25.2095
  type: 'test'
  ...
# Subtest: mutation IDs include the expected remote version so returning to a prior value is a new command
ok 606 - mutation IDs include the expected remote version so returning to a prior value is a new command
  ---
  duration_ms: 61.437125
  type: 'test'
  ...
# Subtest: pending mutation IDs stay stable across an uncertain retry
ok 607 - pending mutation IDs stay stable across an uncertain retry
  ---
  duration_ms: 85.773459
  type: 'test'
  ...
# Subtest: delete, recreate, and delete again use distinct version-bound tombstone IDs
ok 608 - delete, recreate, and delete again use distinct version-bound tombstone IDs
  ---
  duration_ms: 29.657333
  type: 'test'
  ...
# Subtest: only a confirmed mutation_id_reuse rekeys the rejected outbox command and preserves its payload and version
ok 609 - only a confirmed mutation_id_reuse rekeys the rejected outbox command and preserves its payload and version
  ---
  duration_ms: 10.691667
  type: 'test'
  ...
# Subtest: an offline or otherwise uncertain retry preserves an old pending mutation ID
ok 610 - an offline or otherwise uncertain retry preserves an old pending mutation ID
  ---
  duration_ms: 9.471834
  type: 'test'
  ...
# Subtest: canonical repositories use individual immutable records and one active session
ok 611 - canonical repositories use individual immutable records and one active session
  ---
  duration_ms: 27.13125
  type: 'test'
  ...
# Subtest: training sessions permit free navigation while rejecting regressing foreground time and missing active records
ok 612 - training sessions permit free navigation while rejecting regressing foreground time and missing active records
  ---
  duration_ms: 17.314875
  type: 'test'
  ...
# Subtest: terminal sessions are immutable except for identical recovery replay
ok 613 - terminal sessions are immutable except for identical recovery replay
  ---
  duration_ms: 2.656625
  type: 'test'
  ...
# Subtest: attempt persistence rejects item and review-evidence identity mismatches
ok 614 - attempt persistence rejects item and review-evidence identity mismatches
  ---
  duration_ms: 2.149416
  type: 'test'
  ...
# Subtest: review persistence rejects hidden identity replacement
ok 615 - review persistence rejects hidden identity replacement
  ---
  duration_ms: 6.648667
  type: 'test'
  ...
# Subtest: strict codecs reject unpinned stored sessions, attempts, and reviews without inference
ok 616 - strict codecs reject unpinned stored sessions, attempts, and reviews without inference
  ---
  duration_ms: 16.706625
  type: 'test'
  ...
# Subtest: report form submission persists a queued local outbox entry when backend is unavailable
ok 617 - report form submission persists a queued local outbox entry when backend is unavailable
  ---
  duration_ms: 14.746084
  type: 'test'
  ...
# Subtest: report outbox requires App Check, then accepts with the same idempotency key
ok 618 - report outbox requires App Check, then accepts with the same idempotency key
  ---
  duration_ms: 2.387666
  type: 'test'
  ...
# Subtest: failed transport is retryable without creating a new report identity
ok 619 - failed transport is retryable without creating a new report identity
  ---
  duration_ms: 1.60425
  type: 'test'
  ...
# Subtest: guest access is an explicit durable decision and can be cleared for account entry
ok 620 - guest access is an explicit durable decision and can be cleared for account entry
  ---
  duration_ms: 4.842041
  type: 'test'
  ...
# Subtest: provisions one validated guest installation and preserves it across repeated bootstrap
ok 621 - provisions one validated guest installation and preserves it across repeated bootstrap
  ---
  duration_ms: 12.771458
  type: 'test'
  ...
# Subtest: guest access requires an existing unbound installation and rejects retained account data
ok 622 - guest access requires an existing unbound installation and rejects retained account data
  ---
  duration_ms: 2.366584
  type: 'test'
  ...
# Subtest: corrupt or unsupported guest installation records block without replacement
ok 623 - corrupt or unsupported guest installation records block without replacement
  ---
  duration_ms: 1.500083
  type: 'test'
  ...
# Subtest: guest installation blocks coercible identifiers and non-v4 UUID records
ok 624 - guest installation blocks coercible identifiers and non-v4 UUID records
  ---
  duration_ms: 1.11425
  type: 'test'
  ...
# Subtest: valid later binding states are preserved without adopting or regenerating an installation
ok 625 - valid later binding states are preserved without adopting or regenerating an installation
  ---
  duration_ms: 2.158917
  type: 'test'
  ...
# Subtest: identity or write failure blocks before recovery/content and leaves no partial guest record
ok 626 - identity or write failure blocks before recovery/content and leaves no partial guest record
  ---
  duration_ms: 2.259167
  type: 'test'
  ...
# Subtest: guest installation rejects malformed generated identities without writing
ok 627 - guest installation rejects malformed generated identities without writing
  ---
  duration_ms: 0.86725
  type: 'test'
  ...
# Subtest: bootstrap blocks corrupt guest access before content without replacing it
ok 628 - bootstrap blocks corrupt guest access before content without replacing it
  ---
  duration_ms: 0.810333
  type: 'test'
  ...
# Subtest: inconsistent installation bindings block bootstrap and guest access without replacement
ok 629 - inconsistent installation bindings block bootstrap and guest access without replacement
  ---
  duration_ms: 1.825375
  type: 'test'
  ...
# Subtest: Premium testing override is unavailable outside sandbox and local development runtimes
ok 630 - Premium testing override is unavailable outside sandbox and local development runtimes
  ---
  duration_ms: 3.192333
  type: 'test'
  ...
# Subtest: Premium testing override persists only for a sandbox or local development runtime
ok 631 - Premium testing override persists only for a sandbox or local development runtime
  ---
  duration_ms: 1.079167
  type: 'test'
  ...
# Subtest: keeps same item reviews from distinct immutable content packages
ok 632 - keeps same item reviews from distinct immutable content packages
  ---
  duration_ms: 8.304417
  type: 'test'
  ...
# Subtest: still rejects a same package durable ID replacement and immutable evidence change
ok 633 - still rejects a same package durable ID replacement and immutable evidence change
  ---
  duration_ms: 3.111
  type: 'test'
  ...
# Subtest: rejects a same durable ID across packages within one batch before writing
ok 634 - rejects a same durable ID across packages within one batch before writing
  ---
  duration_ms: 1.751833
  type: 'test'
  ...
# Subtest: rejects an immutable source attempt rewrite for one durable ID within a batch before writing
ok 635 - rejects an immutable source attempt rewrite for one durable ID within a batch before writing
  ---
  duration_ms: 0.901584
  type: 'test'
  ...
# Subtest: replays a pending journal after a cross package review write failure without duplicating either review
ok 636 - replays a pending journal after a cross package review write failure without duplicating either review
  ---
  duration_ms: 65.990792
  type: 'test'
  ...
# Subtest: roundtrips same item reviews from distinct packages through account data replacement
ok 637 - roundtrips same item reviews from distinct packages through account data replacement
  ---
  duration_ms: 32.959333
  type: 'test'
  ...
# Subtest: repository codec distinguishes absence and corrupt JSON
ok 638 - repository codec distinguishes absence and corrupt JSON
  ---
  duration_ms: 3.489958
  type: 'test'
  ...
# Subtest: canonical storage uses envelopes and rejects an unsupported schema identity
ok 639 - canonical storage uses envelopes and rejects an unsupported schema identity
  ---
  duration_ms: 12.916083
  type: 'test'
  ...
# Subtest: the atomic track cutover rejects every persisted former track identity without translating it
ok 640 - the atomic track cutover rejects every persisted former track identity without translating it
  ---
  duration_ms: 5.46925
  type: 'test'
  ...
# Subtest: draft replacement verifies its expected revision
ok 641 - draft replacement verifies its expected revision
  ---
  duration_ms: 10.188292
  type: 'test'
  ...
# Subtest: bootstrap blocks an inconsistent active-session reference and a missing required draft
ok 642 - bootstrap blocks an inconsistent active-session reference and a missing required draft
  ---
  duration_ms: 8.831084
  type: 'test'
  ...
# Subtest: bootstrap runs resolution only after recovery/content validation and exposes profile/content mismatch as blocking
ok 643 - bootstrap runs resolution only after recovery/content validation and exposes profile/content mismatch as blocking
  ---
  duration_ms: 5.335417
  type: 'test'
  ...
# Subtest: one MMKV import is infrastructure-owned and only repositories access it
ok 644 - one MMKV import is infrastructure-owned and only repositories access it
  ---
  duration_ms: 92.883375
  type: 'test'
  ...
# Subtest: cutover removes old storage and remote content paths
ok 645 - cutover removes old storage and remote content paths
  ---
  duration_ms: 76.268417
  type: 'test'
  ...
# Subtest: canonical keys use the one Patternly namespace
ok 646 - canonical keys use the one Patternly namespace
  ---
  duration_ms: 1.768167
  type: 'test'
  ...
# Subtest: runtime selectors are deterministic and use the canonical grammar
ok 647 - runtime selectors are deterministic and use the canonical grammar
  ---
  duration_ms: 2.211958
  type: 'test'
  ...
# Subtest: runtime selectors preserve canonical identities without learner-visible copy
ok 648 - runtime selectors preserve canonical identities without learner-visible copy
  ---
  duration_ms: 0.608875
  type: 'test'
  ...
# Subtest: runtime selectors preserve case-sensitive authored item identities
ok 649 - runtime selectors preserve case-sensitive authored item identities
  ---
  duration_ms: 0.276625
  type: 'test'
  ...
# Subtest: session metadata selectors expose validated lifecycle values without learner copy
ok 650 - session metadata selectors expose validated lifecycle values without learner copy
  ---
  duration_ms: 0.379875
  type: 'test'
  ...
# Subtest: complexity selectors encode authored notation without weakening the selector grammar
ok 651 - complexity selectors encode authored notation without weakening the selector grammar
  ---
  duration_ms: 0.79425
  type: 'test'
  ...
# Subtest: runtime selectors keep distinct runtime entities distinct
ok 652 - runtime selectors keep distinct runtime entities distinct
  ---
  duration_ms: 0.636292
  type: 'test'
  ...
# Subtest: runtime selector factories reject values that cannot be represented in the contract
ok 653 - runtime selector factories reject values that cannot be represented in the contract
  ---
  duration_ms: 1.768417
  type: 'test'
  ...
# Subtest: user-testing core journey preserves durable leave-and-resume alongside summary, progress, and terminal relaunch evidence
ok 654 - user-testing core journey preserves durable leave-and-resume alongside summary, progress, and terminal relaunch evidence
  ---
  duration_ms: 982.814417
  type: 'test'
  ...
# Subtest: RC Certification Maestro smoke traverses only the canonical product flow
ok 655 - RC Certification Maestro smoke traverses only the canonical product flow
  ---
  duration_ms: 2.948709
  type: 'test'
  ...
# Subtest: RC Android runner requires the explicit current dev-client and evidence destination
ok 656 - RC Android runner requires the explicit current dev-client and evidence destination
  ---
  duration_ms: 0.411417
  type: 'test'
  ...
# Subtest: RC iOS runner requires one booted simulator and the same explicit evidence contract
ok 657 - RC iOS runner requires one booted simulator and the same explicit evidence contract
  ---
  duration_ms: 0.301167
  type: 'test'
  ...
# Subtest: Certification family lifecycle journals one typed attempt and retains remediation identity
ok 658 - Certification family lifecycle journals one typed attempt and retains remediation identity
  ---
  duration_ms: 1667.975083
  type: 'test'
  ...
# Subtest: Certification open starts once, resumes the exact mode, and never starts for a resume-only disappearance
ok 659 - Certification open starts once, resumes the exact mode, and never starts for a resume-only disappearance
  ---
  duration_ms: 954.323958
  type: 'test'
  ...
# Subtest: Certification pause checkpoints and resumes the exact active session
ok 660 - Certification pause checkpoints and resumes the exact active session
  ---
  duration_ms: 692.368458
  type: 'test'
  ...
# Subtest: Certification resume rejects an old Focus record without its immutable domain
ok 661 - Certification resume rejects an old Focus record without its immutable domain
  ---
  duration_ms: 361.981625
  type: 'test'
  ...
# Subtest: Certification end classifies a failed timer checkpoint before it reaches abandonment
ok 662 - Certification end classifies a failed timer checkpoint before it reaches abandonment
  ---
  duration_ms: 400.473208
  type: 'test'
  ...
# Subtest: Certification end recovers a durable timer checkpoint before abandonment remains available
ok 663 - Certification end recovers a durable timer checkpoint before abandonment remains available
  ---
  duration_ms: 1009.839667
  type: 'test'
  ...
# Subtest: Certification abandonment boundaries retry only before durability and otherwise replay the exact journal
ok 664 - Certification abandonment boundaries retry only before durability and otherwise replay the exact journal
  ---
  duration_ms: 2436.961084
  type: 'test'
  ...
# Subtest: Certification open handles a typed start race with one start and one authoritative resumed result
ok 665 - Certification open handles a typed start race with one start and one authoritative resumed result
  ---
  duration_ms: 422.034291
  type: 'test'
  ...
# Subtest: Certification feedback projects exact materialized attempt results and canonical authored copy
ok 666 - Certification feedback projects exact materialized attempt results and canonical authored copy
  ---
  duration_ms: 496.631833
  type: 'test'
  ...
# Subtest: Certification pre-journal failure preserves an editable response and resubmits exactly once
ok 667 - Certification pre-journal failure preserves an editable response and resubmits exactly once
  ---
  duration_ms: 453.198667
  type: 'test'
  ...
# Subtest: Certification journal-committed response locks without feedback and recovers without a duplicate attempt
ok 668 - Certification journal-committed response locks without feedback and recovers without a duplicate attempt
  ---
  duration_ms: 414.394708
  type: 'test'
  ...
# Subtest: Certification materialized response and feedback win through verification and journal-clear recovery
ok 669 - Certification materialized response and feedback win through verification and journal-clear recovery
  ---
  duration_ms: 953.327375
  type: 'test'
  ...
# Subtest: Certification advance failure retries only advance and never resubmits the materialized answer
ok 670 - Certification advance failure retries only advance and never resubmits the materialized answer
  ---
  duration_ms: 360.629083
  type: 'test'
  ...
# Subtest: ordinary Certification facade owns timer start, response and final checkpoints without involving Exam
ok 671 - ordinary Certification facade owns timer start, response and final checkpoints without involving Exam
  ---
  duration_ms: 1150.590833
  type: 'test'
  ...
# Subtest: Certification Diagnostic runs its pinned 40-item plan through durable save, restart, and result
ok 672 - Certification Diagnostic runs its pinned 40-item plan through durable save, restart, and result
  ---
  duration_ms: 3649.431375
  type: 'test'
  ...
# Subtest: Certification progress derives practice, exam, outcome, taxonomy, review, and repeated-mistake signals
ok 673 - Certification progress derives practice, exam, outcome, taxonomy, review, and repeated-mistake signals
  ---
  duration_ms: 31.203666
  type: 'test'
  ...
# Subtest: Certification progress has explicit empty state and no synthetic learning metrics
ok 674 - Certification progress has explicit empty state and no synthetic learning metrics
  ---
  duration_ms: 4.585167
  type: 'test'
  ...
# Subtest: Certification progress ignores same-version evidence from another exact content package
ok 675 - Certification progress ignores same-version evidence from another exact content package
  ---
  duration_ms: 0.492834
  type: 'test'
  ...
# Subtest: Certification result keeps truthful session metrics and routes Focus domains through the canonical formatter
ok 676 - Certification result keeps truthful session metrics and routes Focus domains through the canonical formatter
  ---
  duration_ms: 2.596333
  type: 'test'
  ...
# Subtest: Certification Focus domain formatter resolves only a canonical roadmap node
ok 677 - Certification Focus domain formatter resolves only a canonical roadmap node
  ---
  duration_ms: 2.485
  type: 'test'
  ...
# Subtest: Certification manual review preserves the exact reviewed answer package pin and session identity
ok 678 - Certification manual review preserves the exact reviewed answer package pin and session identity
  ---
  duration_ms: 871.827166
  type: 'test'
  ...
# Subtest: Certification manual review rejects a future or mismatched answer pin without writing
ok 679 - Certification manual review rejects a future or mismatched answer pin without writing
  ---
  duration_ms: 255.891917
  type: 'test'
  ...
# Subtest: Certification single-choice scores correct, incorrect, and unanswered responses
ok 680 - Certification single-choice scores correct, incorrect, and unanswered responses
  ---
  duration_ms: 2.453791
  type: 'test'
  ...
# Subtest: Certification multiple-choice distinguishes exact, proper subset, and wrong-option responses
ok 681 - Certification multiple-choice distinguishes exact, proper subset, and wrong-option responses
  ---
  duration_ms: 0.51675
  type: 'test'
  ...
# Subtest: exam scoring reports raw count and percentage with unanswered diagnostics and no pass inference
ok 682 - exam scoring reports raw count and percentage with unanswered diagnostics and no pass inference
  ---
  duration_ms: 15.13625
  type: 'test'
  ...
# Subtest: Certification Diagnostic Baseline is the exact 40-item package-declared secondary mode
ok 683 - Certification Diagnostic Baseline is the exact 40-item package-declared secondary mode
  ---
  duration_ms: 1006.900458
  type: 'test'
  ...
# Subtest: Certification Focus Practice is the bundled Free package primary entry and remains node-local
ok 684 - Certification Focus Practice is the bundled Free package primary entry and remains node-local
  ---
  duration_ms: 587.412125
  type: 'test'
  ...
# Subtest: Certification Scenario Practice is excluded from the bundled Free package and direct entry fails
ok 685 - Certification Scenario Practice is excluded from the bundled Free package and direct entry fails
  ---
  duration_ms: 447.351459
  type: 'test'
  ...
# Subtest: Certification Weak Area Review is evidence-conditioned by the bundled Free package profile
ok 686 - Certification Weak Area Review is evidence-conditioned by the bundled Free package profile
  ---
  duration_ms: 542.928125
  type: 'test'
  ...
# Subtest: Certification Mixed Practice is excluded from the bundled Free package and direct entry fails
ok 687 - Certification Mixed Practice is excluded from the bundled Free package and direct entry fails
  ---
  duration_ms: 243.023209
  type: 'test'
  ...
# Subtest: Certification Quick Review is evidence-conditioned and capped by the bundled Free package profile
ok 688 - Certification Quick Review is evidence-conditioned and capped by the bundled Free package profile
  ---
  duration_ms: 304.239084
  type: 'test'
  ...
# Subtest: scores single choice correct, incorrect, and unanswered answers
ok 689 - scores single choice correct, incorrect, and unanswered answers
  ---
  duration_ms: 9.370334
  type: 'test'
  ...
# Subtest: scores multiple select only on exact option-set match
ok 690 - scores multiple select only on exact option-set match
  ---
  duration_ms: 4.070292
  type: 'test'
  ...
# Subtest: calculates domain and tag scores and preserves flagged ids
ok 691 - calculates domain and tag scores and preserves flagged ids
  ---
  duration_ms: 0.982208
  type: 'test'
  ...
# Subtest: choice display order is shuffled once from stable IDs and remains reproducible for resume
ok 692 - choice display order is shuffled once from stable IDs and remains reproducible for resume
  ---
  duration_ms: 1563.082
  type: 'test'
  ...
# Subtest: interaction rendering follows the persisted order while correctness remains keyed by option ID
ok 693 - interaction rendering follows the persisted order while correctness remains keyed by option ID
  ---
  duration_ms: 637.262792
  type: 'test'
  ...
# Subtest: validates explicit Algorithms hierarchy links and rejects every broken child relation
ok 694 - validates explicit Algorithms hierarchy links and rejects every broken child relation
  ---
  duration_ms: 20.176792
  type: 'test'
  ...
# Subtest: rejects former string Details, unsupported rich blocks, and unregistered image assets
ok 695 - rejects former string Details, unsupported rich blocks, and unregistered image assets
  ---
  duration_ms: 3.489959
  type: 'test'
  ...
# Subtest: uses mandatory Details when a single-choice response omits the correct option without an optional specific explanation
ok 696 - uses mandatory Details when a single-choice response omits the correct option without an optional specific explanation
  ---
  duration_ms: 4.43475
  type: 'test'
  ...
# Subtest: runtime has no network or test-fixture ingress and Algorithms has no legacy group/item contract
ok 697 - runtime has no network or test-fixture ingress and Algorithms has no legacy group/item contract
  ---
  duration_ms: 208.505292
  type: 'test'
  ...
# Subtest: direct entry to excluded Algorithms declared-scope modes fails without substitution
ok 698 - direct entry to excluded Algorithms declared-scope modes fails without substitution
  ---
  duration_ms: 1629.657833
  type: 'test'
  ...
# Subtest: deferred-feedback practice projection withholds correctness and authored feedback after a durable per-item attempt
ok 699 - deferred-feedback practice projection withholds correctness and authored feedback after a durable per-item attempt
  ---
  duration_ms: 1486.518542
  type: 'test'
  ...
# Subtest: deferred-feedback summary reads timing, length, and authored feedback from completed durable records
ok 700 - deferred-feedback summary reads timing, length, and authored feedback from completed durable records
  ---
  duration_ms: 477.244958
  type: 'test'
  ...
# Subtest: explicitly ended practice exposes a partial summary without inventing a completed score
ok 701 - explicitly ended practice exposes a partial summary without inventing a completed score
  ---
  duration_ms: 697.157333
  type: 'test'
  ...
# Subtest: Algorithms runtime persists due_queue source and makes only that session eligible for review retention
ok 702 - Algorithms runtime persists due_queue source and makes only that session eligible for review retention
  ---
  duration_ms: 1876.539958
  type: 'test'
  ...
# Subtest: Algorithms Custom Practice persists its chosen timing while consuming the declared Guided blueprint
ok 703 - Algorithms Custom Practice persists its chosen timing while consuming the declared Guided blueprint
  ---
  duration_ms: 730.285458
  type: 'test'
  ...
# Subtest: production lifecycle starts Custom Practice from the pinned Guided blueprint
ok 704 - production lifecycle starts Custom Practice from the pinned Guided blueprint
  ---
  duration_ms: 688.635584
  type: 'test'
  ...
# Subtest: Algorithms runtime rejects malformed review requests before selecting or persisting a session
ok 705 - Algorithms runtime rejects malformed review requests before selecting or persisting a session
  ---
  duration_ms: 317.776333
  type: 'test'
  ...
# Subtest: the verified Coding package resolves its hash-pinned local feedback diagram
ok 706 - the verified Coding package resolves its hash-pinned local feedback diagram
  ---
  duration_ms: 1541.506833
  type: 'test'
  ...
# Subtest: the verified Coding Free package is the closed authority for its four approved modes
ok 707 - the verified Coding Free package is the closed authority for its four approved modes
  ---
  duration_ms: 1735.17175
  type: 'test'
  ...
# Subtest: completed Algorithms practice replaces its runner with the session-keyed summary route
ok 708 - completed Algorithms practice replaces its runner with the session-keyed summary route
  ---
  duration_ms: 2.819458
  type: 'test'
  ...
# Subtest: practice summary reloads the immutable result and runner navigation requires verified completion
ok 709 - practice summary reloads the immutable result and runner navigation requires verified completion
  ---
  duration_ms: 5.119792
  type: 'test'
  ...
# Subtest: practice question review is a readonly session surface with bounded navigation and a return to its result
ok 710 - practice question review is a readonly session surface with bounded navigation and a return to its result
  ---
  duration_ms: 1.319417
  type: 'test'
  ...
# Subtest: session control labels identify the dimension, ordering position, and command
ok 711 - session control labels identify the dimension, ordering position, and command
  ---
  duration_ms: 11.236916
  type: 'test'
  ...
# Subtest: coding review pending keeps SessionShell navigation while using neutral response anatomy
ok 712 - coding review pending keeps SessionShell navigation while using neutral response anatomy
  ---
  duration_ms: 1.167083
  type: 'test'
  ...
# Subtest: interactive Algorithms session controls use real 48-point minimum geometry without hit-area substitutes
ok 713 - interactive Algorithms session controls use real 48-point minimum geometry without hit-area substitutes
  ---
  duration_ms: 4.915084
  type: 'test'
  ...
# Subtest: simulation accessibility respects motion, focus, and touch-target constraints
ok 714 - simulation accessibility respects motion, focus, and touch-target constraints
  ---
  duration_ms: 0.478167
  type: 'test'
  ...
# Subtest: canonical session surfaces expose deterministic state and do not group interactive descendants
ok 715 - canonical session surfaces expose deterministic state and do not group interactive descendants
  ---
  duration_ms: 2.407333
  type: 'test'
  ...
# Subtest: practice exit makes abandonment a single explicit decision in a modal
ok 716 - practice exit makes abandonment a single explicit decision in a modal
  ---
  duration_ms: 2.330583
  type: 'test'
  ...
# Subtest: standalone practice conflict and unavailable states respect both safe-area edges
ok 717 - standalone practice conflict and unavailable states respect both safe-area edges
  ---
  duration_ms: 1.879209
  type: 'test'
  ...
# Subtest: large text can grow session chrome and controls without fixed interactive heights
ok 718 - large text can grow session chrome and controls without fixed interactive heights
  ---
  duration_ms: 1.362291
  type: 'test'
  ...
# Subtest: bottom navigation preserves one-line visual labels while keeping every tab semantically named
ok 719 - bottom navigation preserves one-line visual labels while keeping every tab semantically named
  ---
  duration_ms: 1.061584
  type: 'test'
  ...
# Subtest: bottom navigation uses theme-appropriate separators without altering the light overlay
ok 720 - bottom navigation uses theme-appropriate separators without altering the light overlay
  ---
  duration_ms: 14.047541
  type: 'test'
  ...
# Subtest: Practice Hub keeps the quiet-layered recommendation readable at large text and removes the competing stats card
ok 721 - Practice Hub keeps the quiet-layered recommendation readable at large text and removes the competing stats card
  ---
  duration_ms: 0.936084
  type: 'test'
  ...
# Subtest: Practice Hub retains its mode layout and canonical ownership
ok 722 - Practice Hub retains its mode layout and canonical ownership
  ---
  duration_ms: 3.386375
  type: 'test'
  ...
# Subtest: Practice Question Shell keeps the Figma prompt-to-answer rhythm
ok 723 - Practice Question Shell keeps the Figma prompt-to-answer rhythm
  ---
  duration_ms: 0.758042
  type: 'test'
  ...
# Subtest: certification exam stacks descriptive actions so large text cannot clip flagging or navigation
ok 724 - certification exam stacks descriptive actions so large text cannot clip flagging or navigation
  ---
  duration_ms: 0.990167
  type: 'test'
  ...
# Subtest: practice runtime selectors are derived from the canonical session projection without entering speech labels
ok 725 - practice runtime selectors are derived from the canonical session projection without entering speech labels
  ---
  duration_ms: 1.685166
  type: 'test'
  ...
# Subtest: rich feedback renders semantic blocks with accessible code, headings, lists, callouts, and local images
ok 726 - rich feedback renders semantic blocks with accessible code, headings, lists, callouts, and local images
  ---
  duration_ms: 1.221
  type: 'test'
  ...
# Subtest: dry-run regression starts the recommended session directly and proves its live timer
ok 727 - dry-run regression starts the recommended session directly and proves its live timer
  ---
  duration_ms: 10.101459
  type: 'test'
  ...
# Subtest: dry-run regression ends early into a truthful partial summary
ok 728 - dry-run regression ends early into a truthful partial summary
  ---
  duration_ms: 1.060791
  type: 'test'
  ...
# Subtest: Algorithms presentation metadata covers exactly the generated structural roadmap
ok 729 - Algorithms presentation metadata covers exactly the generated structural roadmap
  ---
  duration_ms: 9.438833
  type: 'test'
  ...
# Subtest: Algorithms runtime derives roadmap parent relationships and mental units from the generated SOT
ok 730 - Algorithms runtime derives roadmap parent relationships and mental units from the generated SOT
  ---
  duration_ms: 0.826042
  type: 'test'
  ...
# Subtest: Custom Practice atSessionEnd withholds correctness, Reason, Details, and distractor explanations after every submit
ok 731 - Custom Practice atSessionEnd withholds correctness, Reason, Details, and distractor explanations after every submit
  ---
  duration_ms: 2773.59475
  type: 'test'
  ...
# Subtest: Custom Practice atSessionEnd reloads its complete feedback from the canonical result after relaunch
ok 732 - Custom Practice atSessionEnd reloads its complete feedback from the canonical result after relaunch
  ---
  duration_ms: 1493.106459
  type: 'test'
  ...
# Subtest: Custom Practice afterEachAnswer journals each submitted response, exposes immediate feedback, advances, and finalizes one summary
ok 733 - Custom Practice afterEachAnswer journals each submitted response, exposes immediate feedback, advances, and finalizes one summary
  ---
  duration_ms: 2675.544542
  type: 'test'
  ...
# Subtest: Custom Practice resolves eligible and skipped reinserts only from its profile-owned immutable slots
ok 734 - Custom Practice resolves eligible and skipped reinserts only from its profile-owned immutable slots
  ---
  duration_ms: 1000.3265
  type: 'test'
  ...
# Subtest: Custom Practice rejects learner reinsert overrides before it prepares a session
ok 735 - Custom Practice rejects learner reinsert overrides before it prepares a session
  ---
  duration_ms: 307.717042
  type: 'test'
  ...
# Subtest: Custom Practice resume preserves the selected durable at-session-end timing
ok 736 - Custom Practice resume preserves the selected durable at-session-end timing
  ---
  duration_ms: 374.405333
  type: 'test'
  ...
# Subtest: resume rejects an active session that lacks a canonical feedback timing
ok 737 - resume rejects an active session that lacks a canonical feedback timing
  ---
  duration_ms: 0.950042
  type: 'test'
  ...
# Subtest: M1 Custom 10 derives real item and option identities from the pinned Algorithms package
ok 738 - M1 Custom 10 derives real item and option identities from the pinned Algorithms package
  ---
  duration_ms: 902.637291
  type: 'test'
  ...
# Subtest: M1 flow uses only runtime selectors for the complete deterministic session
ok 739 - M1 flow uses only runtime selectors for the complete deterministic session
  ---
  duration_ms: 5.655041
  type: 'test'
  ...
# Subtest: M2 Custom 10 at session end derives real item, option, and outcome identities from the pinned Algorithms package
ok 740 - M2 Custom 10 at session end derives real item, option, and outcome identities from the pinned Algorithms package
  ---
  duration_ms: 1018.043084
  type: 'test'
  ...
# Subtest: M2 flow uses stable selectors for Custom setup, deferred feedback, summary review, progress, and completed-session relaunch
ok 741 - M2 flow uses stable selectors for Custom setup, deferred feedback, summary review, progress, and completed-session relaunch
  ---
  duration_ms: 8.113959
  type: 'test'
  ...
# Subtest: M3 keeps the same Custom Practice session and withholds feedback across leave, kill, and resume
ok 742 - M3 keeps the same Custom Practice session and withholds feedback across leave, kill, and resume
  ---
  duration_ms: 2.984084
  type: 'test'
  ...
# Subtest: M4 restores the exact Custom Practice durable feedback after leave, kill, and resume
ok 743 - M4 restores the exact Custom Practice durable feedback after leave, kill, and resume
  ---
  duration_ms: 0.541041
  type: 'test'
  ...
# Subtest: M5 reuses the complete M1 flow and proves a terminal session has no active resume path after relaunch
ok 744 - M5 reuses the complete M1 flow and proves a terminal session has no active resume path after relaunch
  ---
  duration_ms: 0.267292
  type: 'test'
  ...
# Subtest: M6 and M7 seed their real first Custom Practice item from the pinned package
ok 745 - M6 and M7 seed their real first Custom Practice item from the pinned package
  ---
  duration_ms: 963.98875
  type: 'test'
  ...
# Subtest: M6 performs a real scheduled due review after the canonical audit clock advance
ok 746 - M6 performs a real scheduled due review after the canonical audit clock advance
  ---
  duration_ms: 2.049625
  type: 'test'
  ...
# Subtest: M7 materializes remediation through the canonical weak-area review session
ok 747 - M7 materializes remediation through the canonical weak-area review session
  ---
  duration_ms: 0.43625
  type: 'test'
  ...
# Subtest: RC Algorithms bootstrap resets learning data and explicitly selects the Algorithms track
ok 748 - RC Algorithms bootstrap resets learning data and explicitly selects the Algorithms track
  ---
  duration_ms: 3.670292
  type: 'test'
  ...
# Subtest: RC Algorithms iOS runner validates and passes explicit capture inputs only to the final Maestro flow
ok 749 - RC Algorithms iOS runner validates and passes explicit capture inputs only to the final Maestro flow
  ---
  duration_ms: 0.851875
  type: 'test'
  ...
# Subtest: Design Interview lifecycle persists an answer, resumes the exact session, and completes with a verified result
ok 750 - Design Interview lifecycle persists an answer, resumes the exact session, and completes with a verified result
  ---
  duration_ms: 977.489667
  type: 'test'
  ...
# Subtest: Design Interview runtime prepares, submits, and finalizes one immutable session for every installed track
ok 751 - Design Interview runtime prepares, submits, and finalizes one immutable session for every installed track
  ---
  duration_ms: 795.261875
  type: 'test'
  ...
# Subtest: Design Interview scoring covers choice, ordering, and decision matrix interactions from the installed frontend package
ok 752 - Design Interview scoring covers choice, ordering, and decision matrix interactions from the installed frontend package
  ---
  duration_ms: 229.290709
  type: 'test'
  ...
# Subtest: Design session mode titles match the learner-facing journey
ok 753 - Design session mode titles match the learner-facing journey
  ---
  duration_ms: 3.025084
  type: 'test'
  ...
# Subtest: Design result names its exact package topic and exposes missing mapping
ok 754 - Design result names its exact package topic and exposes missing mapping
  ---
  duration_ms: 1.60675
  type: 'test'
  ...
1..754
# tests 754
# suites 0
# pass 754
# fail 0
# cancelled 0
# skipped 0
# todo 0
# duration_ms 56999.358084

> patternly@0.1.0 validate:content-boundary
> node scripts/validateContentBoundary.mjs

CONTENT_BOUNDARY_CHECK=passed

> patternly@0.1.0 validate:runtime-privacy-boundary
> node scripts/validateRuntimePrivacyBoundary.mjs

RUNTIME_PRIVACY_BOUNDARY_CHECK=passed
