
> patternly@0.1.0 qa:static
> npm run recovery:check && npm run typecheck && npm test && npm run validate:content-boundary && npm run validate:runtime-privacy-boundary


> patternly@0.1.0 recovery:check
> node scripts/checkRecoveryBaseline.mjs

RECOVERY_INVENTORY_CHECK=passed
RECOVERY_ACTIVE_SOURCE_FILES=332
RECOVERY_ACTIVE_TESTS=147
RECOVERY_TEST_CASES=752
RECOVERY_STAGE_1_BOUNDARIES=passed

> patternly@0.1.0 typecheck
> tsc --noEmit


> patternly@0.1.0 test
> node --import tsx --test 'src/**/*.test.ts' 'src/**/*.test.mjs' 'scripts/**/*.test.ts' 'scripts/**/*.test.mjs'

TAP version 13
# Subtest: learning kernel and registry boundaries exclude family content and platform owners
ok 1 - learning kernel and registry boundaries exclude family content and platform owners
  ---
  duration_ms: 9.224375
  type: 'test'
  ...
# Subtest: families do not import one another and source contains no replacement bridge
ok 2 - families do not import one another and source contains no replacement bridge
  ---
  duration_ms: 91.393875
  type: 'test'
  ...
# Subtest: application mutations depend on repositories rather than raw storage internals
ok 3 - application mutations depend on repositories rather than raw storage internals
  ---
  duration_ms: 1.877917
  type: 'test'
  ...
# Subtest: canonical lifecycle use cases have no React, storage implementation, or family-scoring dependency
ok 4 - canonical lifecycle use cases have no React, storage implementation, or family-scoring dependency
  ---
  duration_ms: 3.886
  type: 'test'
  ...
# Subtest: the public storage barrel does not expose raw keys or codec
ok 5 - the public storage barrel does not expose raw keys or codec
  ---
  duration_ms: 1.558458
  type: 'test'
  ...
# Subtest: Expo and npm expose one canonical Patternly identity
ok 6 - Expo and npm expose one canonical Patternly identity
  ---
  duration_ms: 11.978291
  type: 'test'
  ...
# Subtest: RC runners, runtime-audit URLs, and every Maestro flow share the Patternly identity
ok 7 - RC runners, runtime-audit URLs, and every Maestro flow share the Patternly identity
  ---
  duration_ms: 21.486792
  type: 'test'
  ...
# Subtest: build identity cutover leaves canonical learning-data keys unchanged
ok 8 - build identity cutover leaves canonical learning-data keys unchanged
  ---
  duration_ms: 0.385833
  type: 'test'
  ...
# Subtest: runtime mode is explicit and persists in public Expo config
ok 9 - runtime mode is explicit and persists in public Expo config
  ---
  duration_ms: 3.544583
  type: 'test'
  ...
# Subtest: sandbox and release reject mode/configuration mismatches
ok 10 - sandbox and release reject mode/configuration mismatches
  ---
  duration_ms: 1.17375
  type: 'test'
  ...
# Subtest: smoke is the explicit local default and permits debug App Check
ok 11 - smoke is the explicit local default and permits debug App Check
  ---
  duration_ms: 0.588833
  type: 'test'
  ...
# Subtest: remote artifacts require their public Firebase configuration before prebuild
ok 12 - remote artifacts require their public Firebase configuration before prebuild
  ---
  duration_ms: 0.261416
  type: 'test'
  ...
# Subtest: remote artifacts require production App Check providers before prebuild
ok 13 - remote artifacts require production App Check providers before prebuild
  ---
  duration_ms: 0.22825
  type: 'test'
  ...
# Subtest: sandbox uses the one tracked native Firebase registration while release requires production file variables
ok 14 - sandbox uses the one tracked native Firebase registration while release requires production file variables
  ---
  duration_ms: 0.625417
  type: 'test'
  ...
# Subtest: QA installs the frontend lock before native and root verification
ok 15 - QA installs the frontend lock before native and root verification
  ---
  duration_ms: 2.322959
  type: 'test'
  ...
# Subtest: EAS release configuration has explicit version, runtime, and channel policy
ok 16 - EAS release configuration has explicit version, runtime, and channel policy
  ---
  duration_ms: 10.999541
  type: 'test'
  ...
# Subtest: EAS source archives exclude generated native output, artifacts, and credentials
ok 17 - EAS source archives exclude generated native output, artifacts, and credentials
  ---
  duration_ms: 1.323167
  type: 'test'
  ...
# Subtest: launch readiness CI is an explicit exact-SHA enforced gate
ok 18 - launch readiness CI is an explicit exact-SHA enforced gate
  ---
  duration_ms: 2.760083
  type: 'test'
  ...
# Subtest: one journal contract, materializer, verifier, and coordinator remain
ok 19 - one journal contract, materializer, verifier, and coordinator remain
  ---
  duration_ms: 3.289583
  type: 'test'
  ...
# Subtest: mutation failure has one boundary owner and presentation cannot recreate durable state
ok 20 - mutation failure has one boundary owner and presentation cannot recreate durable state
  ---
  duration_ms: 112.361417
  type: 'test'
  ...
# Subtest: features and track semantics cannot import storage or repository implementations
ok 21 - features and track semantics cannot import storage or repository implementations
  ---
  duration_ms: 15.294458
  type: 'test'
  ...
# Subtest: Algorithms runtime composition has no persistence binding
ok 22 - Algorithms runtime composition has no persistence binding
  ---
  duration_ms: 1.384
  type: 'test'
  ...
# Subtest: Coding Interview read projections do not create a barrel cycle through the session facade
ok 23 - Coding Interview read projections do not create a barrel cycle through the session facade
  ---
  duration_ms: 0.769875
  type: 'test'
  ...
# Subtest: one family-neutral foreground timer is bound only in application composition, never in presentation
ok 24 - one family-neutral foreground timer is bound only in application composition, never in presentation
  ---
  duration_ms: 16.023875
  type: 'test'
  ...
# Subtest: training-session identity has one lifecycle authority and no obsolete runtime port
ok 25 - training-session identity has one lifecycle authority and no obsolete runtime port
  ---
  duration_ms: 6.823916
  type: 'test'
  ...
# Subtest: old active exam persistence owner and feature services are deleted
ok 26 - old active exam persistence owner and feature services are deleted
  ---
  duration_ms: 59.610042
  type: 'test'
  ...
# Subtest: Certification answers cannot recreate the deleted selector or competing writer
ok 27 - Certification answers cannot recreate the deleted selector or competing writer
  ---
  duration_ms: 52.5945
  type: 'test'
  ...
# Subtest: Certification presentation reads materialized feedback without owning family scoring
ok 28 - Certification presentation reads materialized feedback without owning family scoring
  ---
  duration_ms: 24.426917
  type: 'test'
  ...
# Subtest: Certification durable Practice state has one exact projection, recovery command, and shared notice mapper
ok 29 - Certification durable Practice state has one exact projection, recovery command, and shared notice mapper
  ---
  duration_ms: 2.3475
  type: 'test'
  ...
# Subtest: Certification route handoffs use exact resume intent and cannot hide failures behind start fallbacks
ok 30 - Certification route handoffs use exact resume intent and cannot hide failures behind start fallbacks
  ---
  duration_ms: 1.399209
  type: 'test'
  ...
# Subtest: presentation routes use application ports without persistence internals
ok 31 - presentation routes use application ports without persistence internals
  ---
  duration_ms: 17.510375
  type: 'test'
  ...
# Subtest: startup recovery uses canonical bootstrap recovery
ok 32 - startup recovery uses canonical bootstrap recovery
  ---
  duration_ms: 0.25075
  type: 'test'
  ...
# Subtest: release-native configuration excludes canonical learning storage from backup and unneeded ingress
ok 33 - release-native configuration excludes canonical learning storage from backup and unneeded ingress
  ---
  duration_ms: 2.821334
  type: 'test'
  ...
# Subtest: Android privacy transforms are reproducible without generated native projects
ok 34 - Android privacy transforms are reproducible without generated native projects
  ---
  duration_ms: 3.239291
  type: 'test'
  ...
# Subtest: iOS backup transform is reproducible without a generated AppDelegate
ok 35 - iOS backup transform is reproducible without a generated AppDelegate
  ---
  duration_ms: 0.41075
  type: 'test'
  ...
# Subtest: Expo platform configuration declares the supported phone-only native matrix
ok 36 - Expo platform configuration declares the supported phone-only native matrix
  ---
  duration_ms: 9.796417
  type: 'test'
  ...
# Subtest: launch readiness report is deterministic and exposes the unresolved release blockers
ok 37 - launch readiness report is deterministic and exposes the unresolved release blockers
  ---
  duration_ms: 1668.782875
  type: 'test'
  ...
# Subtest: launch readiness reports a missing editorial approval from a clean content checkout
ok 38 - launch readiness reports a missing editorial approval from a clean content checkout
  ---
  duration_ms: 913.653041
  type: 'test'
  ...
# Subtest: release gate fails while the readiness report contains blockers
ok 39 - release gate fails while the readiness report contains blockers
  ---
  duration_ms: 705.459292
  type: 'test'
  ...
# Subtest: launch readiness fails closed when the content evidence checkout is dirty
ok 40 - launch readiness fails closed when the content evidence checkout is dirty
  ---
  duration_ms: 535.830125
  type: 'test'
  ...
# Subtest: launch readiness fails closed when the application release lock provenance is invalid
ok 41 - launch readiness fails closed when the application release lock provenance is invalid
  ---
  duration_ms: 547.162208
  type: 'test'
  ...
# Subtest: launch readiness fails closed when the application evidence checkout is dirty
ok 42 - launch readiness fails closed when the application evidence checkout is dirty
  ---
  duration_ms: 656.6935
  type: 'test'
  ...
# Subtest: launch readiness admits external evidence only when its envelope is bound and self-integral
ok 43 - launch readiness admits external evidence only when its envelope is bound and self-integral
  ---
  duration_ms: 2090.036959
  type: 'test'
  ...
# Subtest: physical-device evidence is reported and validated as optional external evidence
ok 44 - physical-device evidence is reported and validated as optional external evidence
  ---
  duration_ms: 1186.264458
  type: 'test'
  ...
# Subtest: public environment and Firebase client configuration fail closed
ok 45 - public environment and Firebase client configuration fail closed
  ---
  duration_ms: 9.305833
  type: 'test'
  ...
# Subtest: only the explicit local smoke runtime finalizes every password-identity command without verification side effects
ok 46 - only the explicit local smoke runtime finalizes every password-identity command without verification side effects
  ---
  duration_ms: 10.065958
  type: 'test'
  ...
# Subtest: account entry copy makes the destructive choice and code acknowledgement explicit
ok 47 - account entry copy makes the destructive choice and code acknowledgement explicit
  ---
  duration_ms: 3.695875
  type: 'test'
  ...
# Subtest: account entry owns one terminal choice and keeps synced account controls separate
ok 48 - account entry owns one terminal choice and keeps synced account controls separate
  ---
  duration_ms: 1.8105
  type: 'test'
  ...
# Subtest: account recovery owns one status message, a truthful retry, and a sign-out exit
ok 49 - account recovery owns one status message, a truthful retry, and a sign-out exit
  ---
  duration_ms: 1.46225
  type: 'test'
  ...
# Subtest: sign-out preparation failures restore the authenticated state before auth sign-out
ok 50 - sign-out preparation failures restore the authenticated state before auth sign-out
  ---
  duration_ms: 0.928291
  type: 'test'
  ...
# Subtest: sign-in keeps guest access visible and uses the approved Google logo asset
ok 51 - sign-in keeps guest access visible and uses the approved Google logo asset
  ---
  duration_ms: 3.832334
  type: 'test'
  ...
# Subtest: a guest transition resets navigation into the application session
ok 52 - a guest transition resets navigation into the application session
  ---
  duration_ms: 0.624417
  type: 'test'
  ...
# Subtest: secure auth persistence stores only a Firebase refresh-token-shaped record
ok 53 - secure auth persistence stores only a Firebase refresh-token-shaped record
  ---
  duration_ms: 14.610042
  type: 'test'
  ...
# Subtest: secure auth persistence isolates Firebase metadata from the saved auth user
ok 54 - secure auth persistence isolates Firebase metadata from the saved auth user
  ---
  duration_ms: 10.552041
  type: 'test'
  ...
# Subtest: startup waits for persisted auth resolution before choosing the entry screen or Home
ok 55 - startup waits for persisted auth resolution before choosing the entry screen or Home
  ---
  duration_ms: 1.960167
  type: 'test'
  ...
# Subtest: account finalization coordinator shares one in-flight and completed result per generation
ok 56 - account finalization coordinator shares one in-flight and completed result per generation
  ---
  duration_ms: 2.204042
  type: 'test'
  ...
# Subtest: account finalization coordinator drops late results after invalidation and disposal
ok 57 - account finalization coordinator drops late results after invalidation and disposal
  ---
  duration_ms: 2.07775
  type: 'test'
  ...
# Subtest: account restore has a bounded initialization recovery path
ok 58 - account restore has a bounded initialization recovery path
  ---
  duration_ms: 1.646083
  type: 'test'
  ...
# Subtest: App Check has an explicit unavailable state and never fabricates a token
ok 59 - App Check has an explicit unavailable state and never fabricates a token
  ---
  duration_ms: 0.246959
  type: 'test'
  ...
# Subtest: account failures expose explicit provider, network, expiry, and revoked-session states
ok 60 - account failures expose explicit provider, network, expiry, and revoked-session states
  ---
  duration_ms: 1.173667
  type: 'test'
  ...
# Subtest: account sync preserves known validation failures without persisting arbitrary error messages
ok 61 - account sync preserves known validation failures without persisting arbitrary error messages
  ---
  duration_ms: 22.763417
  type: 'test'
  ...
# Subtest: sign-out keeps the account bound and exposes a durable pending state when revocation fails
ok 62 - sign-out keeps the account bound and exposes a durable pending state when revocation fails
  ---
  duration_ms: 17.382875
  type: 'test'
  ...
# Subtest: sign-out preparation retries after an injected ACCOUNT_SYNC read failure without revoking or clearing
ok 63 - sign-out preparation retries after an injected ACCOUNT_SYNC read failure without revoking or clearing
  ---
  duration_ms: 1.881
  type: 'test'
  ...
# Subtest: deletion retries after a revoked or stale session and leaves a verified local tombstone
ok 64 - deletion retries after a revoked or stale session and leaves a verified local tombstone
  ---
  duration_ms: 2.606416
  type: 'test'
  ...
# Subtest: a durable terminal learning commit uploads once when Home retries pending data
ok 65 - a durable terminal learning commit uploads once when Home retries pending data
  ---
  duration_ms: 198.918042
  type: 'test'
  ...
# Subtest: concurrent Home retries share one offline attempt and preserve durable pending state
ok 66 - concurrent Home retries share one offline attempt and preserve durable pending state
  ---
  duration_ms: 44.907958
  type: 'test'
  ...
# Subtest: a concurrent local session start during upload keeps the interrupted Home sync retryable
ok 67 - a concurrent local session start during upload keeps the interrupted Home sync retryable
  ---
  duration_ms: 102.938791
  type: 'test'
  ...
# Subtest: a concurrent local session start during download keeps the interrupted Home sync retryable
ok 68 - a concurrent local session start during download keeps the interrupted Home sync retryable
  ---
  duration_ms: 67.415583
  type: 'test'
  ...
# Subtest: Home pending retry honors binding, state, and durable recovery guards without remote calls
ok 69 - Home pending retry honors binding, state, and durable recovery guards without remote calls
  ---
  duration_ms: 11.7175
  type: 'test'
  ...
# Subtest: bound restart exposes a projection for a locally saved session without remote reads or writes
ok 70 - bound restart exposes a projection for a locally saved session without remote reads or writes
  ---
  duration_ms: 3.408708
  type: 'test'
  ...
# Subtest: resume requires matching installation and account-state bindings
ok 71 - resume requires matching installation and account-state bindings
  ---
  duration_ms: 1.63325
  type: 'test'
  ...
# Subtest: a pending learning journal blocks bound account sync without clearing the journal
ok 72 - a pending learning journal blocks bound account sync without clearing the journal
  ---
  duration_ms: 8.717958
  type: 'test'
  ...
# Subtest: a deferred upload state resumes locally and syncs idempotently after finalization
ok 73 - a deferred upload state resumes locally and syncs idempotently after finalization
  ---
  duration_ms: 24.585208
  type: 'test'
  ...
# Subtest: discard deletes guest records and goals but preserves device preferences and performs no remote writes
ok 74 - discard deletes guest records and goals but preserves device preferences and performs no remote writes
  ---
  duration_ms: 19.559083
  type: 'test'
  ...
# Subtest: discard restores existing account records unchanged without uploading guest data
ok 75 - discard restores existing account records unchanged without uploading guest data
  ---
  duration_ms: 2.959291
  type: 'test'
  ...
# Subtest: failed account fetch keeps guest data and releases the operation lane for retry
ok 76 - failed account fetch keeps guest data and releases the operation lane for retry
  ---
  duration_ms: 10.843375
  type: 'test'
  ...
# Subtest: discard resumes after partial-index failure without reconstructing a guest upload
ok 77 - discard resumes after partial-index failure without reconstructing a guest upload
  ---
  duration_ms: 5.105375
  type: 'test'
  ...
# Subtest: discard resumes after binding failure without reconstructing a guest upload
ok 78 - discard resumes after binding failure without reconstructing a guest upload
  ---
  duration_ms: 3.028958
  type: 'test'
  ...
# Subtest: discard resumes after finish failure without reconstructing a guest upload
ok 79 - discard resumes after finish failure without reconstructing a guest upload
  ---
  duration_ms: 4.245875
  type: 'test'
  ...
# Subtest: discard rejects another account and pending adoption without changing guest data
ok 80 - discard rejects another account and pending adoption without changing guest data
  ---
  duration_ms: 0.915292
  type: 'test'
  ...
# Subtest: discard blocks an active guest session before fetching or deleting data
ok 81 - discard blocks an active guest session before fetching or deleting data
  ---
  duration_ms: 0.900333
  type: 'test'
  ...
# Subtest: concurrent discard calls make one transition and keep the guest outbox empty before fetching
ok 82 - concurrent discard calls make one transition and keep the guest outbox empty before fetching
  ---
  duration_ms: 1.355834
  type: 'test'
  ...
# Subtest: malformed remote records are rejected before the guest dataset or marker changes
ok 83 - malformed remote records are rejected before the guest dataset or marker changes
  ---
  duration_ms: 1.179291
  type: 'test'
  ...
# Subtest: pending materialization blocks lifecycle revoke and deletion without losing the marker
ok 84 - pending materialization blocks lifecycle revoke and deletion without losing the marker
  ---
  duration_ms: 0.768292
  type: 'test'
  ...
# Subtest: signout queued with discard runs after materialization and cannot be followed by a stale bind
ok 85 - signout queued with discard runs after materialization and cannot be followed by a stale bind
  ---
  duration_ms: 1.928291
  type: 'test'
  ...
# Subtest: unreadable mutation journal blocks discard before deleting guest data
ok 86 - unreadable mutation journal blocks discard before deleting guest data
  ---
  duration_ms: 1.907
  type: 'test'
  ...
# Subtest: sign-out discovers locally committed answers before clearing account data even when the outbox has not been built
ok 87 - sign-out discovers locally committed answers before clearing account data even when the outbox has not been built
  ---
  duration_ms: 40.602
  type: 'test'
  ...
# Subtest: Activity read model keeps terminal history semantics and includes completed sessions without answers
ok 88 - Activity read model keeps terminal history semantics and includes completed sessions without answers
  ---
  duration_ms: 59.803125
  type: 'test'
  ...
# Subtest: Activity read model surfaces a corrupt canonical result instead of presenting an empty history
ok 89 - Activity read model surfaces a corrupt canonical result instead of presenting an empty history
  ---
  duration_ms: 1.684375
  type: 'test'
  ...
# Subtest: Activity read model treats repository issues as an explicit storage failure
ok 90 - Activity read model treats repository issues as an explicit storage failure
  ---
  duration_ms: 0.795375
  type: 'test'
  ...
# Subtest: Activity read model reuses the caller's attempts read when supplied
ok 91 - Activity read model reuses the caller's attempts read when supplied
  ---
  duration_ms: 0.9715
  type: 'test'
  ...
# Subtest: Activity read owner invalidates late focus reads and lets the newest retry win
ok 92 - Activity read owner invalidates late focus reads and lets the newest retry win
  ---
  duration_ms: 3.038459
  type: 'test'
  ...
# Subtest: Activity read owner keeps current read failures explicit
ok 93 - Activity read owner keeps current read failures explicit
  ---
  duration_ms: 3.834083
  type: 'test'
  ...
# Subtest: Certification practice max points follows every occurrence's exact option set
ok 94 - Certification practice max points follows every occurrence's exact option set
  ---
  duration_ms: 1177.306083
  type: 'test'
  ...
# Subtest: Certification simulation keeps unanswered occurrences in the exact max and exposes no answers
ok 95 - Certification simulation keeps unanswered occurrences in the exact max and exposes no answers
  ---
  duration_ms: 313.319458
  type: 'test'
  ...
# Subtest: Algorithms Interview Simulation saves one response durably across lifecycle reload
ok 96 - Algorithms Interview Simulation saves one response durably across lifecycle reload
  ---
  duration_ms: 1494.93175
  type: 'test'
  ...
# Subtest: Algorithms save-and-continue is one application command for the active non-final occurrence
ok 97 - Algorithms save-and-continue is one application command for the active non-final occurrence
  ---
  duration_ms: 576.695
  type: 'test'
  ...
# Subtest: two concurrent Algorithms save-and-continue commands share one durable save and one advance
ok 98 - two concurrent Algorithms save-and-continue commands share one durable save and one advance
  ---
  duration_ms: 493.3265
  type: 'test'
  ...
# Subtest: concurrent timer checkpoint and save-and-continue retain the draft revision and next position
ok 99 - concurrent timer checkpoint and save-and-continue retain the draft revision and next position
  ---
  duration_ms: 570.171708
  type: 'test'
  ...
# Subtest: Algorithms save-and-continue verifies its durable response revision before publishing occurrence two
ok 100 - Algorithms save-and-continue verifies its durable response revision before publishing occurrence two
  ---
  duration_ms: 438.007625
  type: 'test'
  ...
# Subtest: Algorithms save-and-jump durably saves a changed response before publishing the requested occurrence
ok 101 - Algorithms save-and-jump durably saves a changed response before publishing the requested occurrence
  ---
  duration_ms: 429.071
  type: 'test'
  ...
# Subtest: a non-durable simulation save failure can explicitly resume local editing without a durable write
ok 102 - a non-durable simulation save failure can explicitly resume local editing without a durable write
  ---
  duration_ms: 414.142333
  type: 'test'
  ...
# Subtest: Algorithms simulation relaunch after its first answer preserves draft, position, timer checkpoint, and one active session
ok 103 - Algorithms simulation relaunch after its first answer preserves draft, position, timer checkpoint, and one active session
  ---
  duration_ms: 607.089958
  type: 'test'
  ...
# Subtest: Algorithms Interview Simulation finalizes its complete immutable forty-occurrence plan
ok 104 - Algorithms Interview Simulation finalizes its complete immutable forty-occurrence plan
  ---
  duration_ms: 5418.2355
  type: 'test'
  ...
# Subtest: Algorithms save-and-continue recovery advances a durable response without a second draft revision
ok 105 - Algorithms save-and-continue recovery advances a durable response without a second draft revision
  ---
  duration_ms: 439.868875
  type: 'test'
  ...
# Subtest: A before journal persistence leaves no durable outcome
ok 106 - A before journal persistence leaves no durable outcome
  ---
  duration_ms: 24.008834
  type: 'test'
  ...
# Subtest: B after journal persistence recovers complete
ok 107 - B after journal persistence recovers complete
  ---
  duration_ms: 60.989625
  type: 'test'
  ...
# Subtest: C after attempt write does not duplicate
ok 108 - C after attempt write does not duplicate
  ---
  duration_ms: 44.079916
  type: 'test'
  ...
# Subtest: D after review writes no duplicate evidence
ok 109 - D after review writes no duplicate evidence
  ---
  duration_ms: 21.165916
  type: 'test'
  ...
# Subtest: E after session no twice advance
ok 110 - E after session no twice advance
  ---
  duration_ms: 19.732916
  type: 'test'
  ...
# Subtest: F all writes before verification
ok 111 - F all writes before verification
  ---
  duration_ms: 17.738041
  type: 'test'
  ...
# Subtest: G verification before clear safely replays
ok 112 - G verification before clear safely replays
  ---
  duration_ms: 79.245833
  type: 'test'
  ...
# Subtest: resolved review deletion is physical and safely replays after force-close
ok 113 - resolved review deletion is physical and safely replays after force-close
  ---
  duration_ms: 14.1605
  type: 'test'
  ...
# Subtest: resolved review deletion recovers when its index update fails
ok 114 - resolved review deletion recovers when its index update fails
  ---
  duration_ms: 27.281125
  type: 'test'
  ...
# Subtest: manual review removal recovers after index switch but before physical deletion
ok 115 - manual review removal recovers after index switch but before physical deletion
  ---
  duration_ms: 13.453666
  type: 'test'
  ...
# Subtest: session abandonment persists abandoned session before clearing active pointer
ok 116 - session abandonment persists abandoned session before clearing active pointer
  ---
  duration_ms: 86.879167
  type: 'test'
  ...
# Subtest: session abandonment replay is idempotent
ok 117 - session abandonment replay is idempotent
  ---
  duration_ms: 41.555875
  type: 'test'
  ...
# Subtest: abandonment recovers identically after every durable write boundary
ok 118 - abandonment recovers identically after every durable write boundary
  ---
  duration_ms: 100.099458
  type: 'test'
  ...
# Subtest: abandonment does not navigate before durability
ok 119 - abandonment does not navigate before durability
  ---
  duration_ms: 3.649333
  type: 'test'
  ...
# Subtest: local answer commit defers snapshot and outbox construction until account synchronization
ok 120 - local answer commit defers snapshot and outbox construction until account synchronization
  ---
  duration_ms: 82.640792
  type: 'test'
  ...
# Subtest: failed pending-sync write retains the verified journal and recovers without duplicating the answer
ok 121 - failed pending-sync write retains the verified journal and recovers without duplicating the answer
  ---
  duration_ms: 18.791833
  type: 'test'
  ...
# Subtest: clear local history is one journaled learning-state mutation
ok 122 - clear local history is one journaled learning-state mutation
  ---
  duration_ms: 62.868542
  type: 'test'
  ...
# Subtest: clear local history copy covers progress and review data
ok 123 - clear local history copy covers progress and review data
  ---
  duration_ms: 0.348875
  type: 'test'
  ...
# Subtest: clear local history preserves the one guest installation and local dataset identity
ok 124 - clear local history preserves the one guest installation and local dataset identity
  ---
  duration_ms: 14.136833
  type: 'test'
  ...
# Subtest: reset recovers a pending command before deleting its fully materialized learning state
ok 125 - reset recovers a pending command before deleting its fully materialized learning state
  ---
  duration_ms: 94.634041
  type: 'test'
  ...
# Subtest: reset failure remains explicit and recovery is identical after every deletion boundary
ok 126 - reset failure remains explicit and recovery is identical after every deletion boundary
  ---
  duration_ms: 63.080917
  type: 'test'
  ...
# Subtest: journal durability precedes idempotent materialization and recovery
ok 127 - journal durability precedes idempotent materialization and recovery
  ---
  duration_ms: 84.607417
  type: 'test'
  ...
# Subtest: journal phase advances only one immutable step at a time
ok 128 - journal phase advances only one immutable step at a time
  ---
  duration_ms: 39.793458
  type: 'test'
  ...
# Subtest: journaled command rejects a conflicting pending command
ok 129 - journaled command rejects a conflicting pending command
  ---
  duration_ms: 18.604541
  type: 'test'
  ...
# Subtest: journal has a versioned SHA-256 command identity and rejects stale expected revisions
ok 130 - journal has a versioned SHA-256 command identity and rejects stale expected revisions
  ---
  duration_ms: 64.380292
  type: 'test'
  ...
# Subtest: journal construction rejects writes that cross exact content package pins
ok 131 - journal construction rejects writes that cross exact content package pins
  ---
  duration_ms: 16.725208
  type: 'test'
  ...
# Subtest: practice submission recovers identically after every durable write boundary
ok 132 - practice submission recovers identically after every durable write boundary
  ---
  duration_ms: 216.341459
  type: 'test'
  ...
# Subtest: concurrent conflicting journal persists use one CAS winner and ownership-checked clear
ok 133 - concurrent conflicting journal persists use one CAS winner and ownership-checked clear
  ---
  duration_ms: 8.007583
  type: 'test'
  ...
# Subtest: materializes one attempt
ok 134 - materializes one attempt
  ---
  duration_ms: 22.584625
  type: 'test'
  ...
# Subtest: materializes one review entry
ok 135 - materializes one review entry
  ---
  duration_ms: 6.21875
  type: 'test'
  ...
# Subtest: rejects an unsupported write kind instead of silently materializing it
ok 136 - rejects an unsupported write kind instead of silently materializing it
  ---
  duration_ms: 9.857167
  type: 'test'
  ...
# Subtest: materializes one session
ok 137 - materializes one session
  ---
  duration_ms: 15.587625
  type: 'test'
  ...
# Subtest: clears active session pointer
ok 138 - clears active session pointer
  ---
  duration_ms: 5.397708
  type: 'test'
  ...
# Subtest: materializes a complete training outcome in canonical order
ok 139 - materializes a complete training outcome in canonical order
  ---
  duration_ms: 25.268334
  type: 'test'
  ...
# Subtest: replays a fully materialized journal without duplicate effects
ok 140 - replays a fully materialized journal without duplicate effects
  ---
  duration_ms: 16.125167
  type: 'test'
  ...
# Subtest: resumes after only attempt write completed
ok 141 - resumes after only attempt write completed
  ---
  duration_ms: 16.699417
  type: 'test'
  ...
# Subtest: resumes after attempt and review writes completed
ok 142 - resumes after attempt and review writes completed
  ---
  duration_ms: 7.869833
  type: 'test'
  ...
# Subtest: resumes after session write completed
ok 143 - resumes after session write completed
  ---
  duration_ms: 27.29275
  type: 'test'
  ...
# Subtest: rejects conflicting immutable attempt
ok 144 - rejects conflicting immutable attempt
  ---
  duration_ms: 5.616083
  type: 'test'
  ...
# Subtest: rejects conflicting session record
ok 145 - rejects conflicting session record
  ---
  duration_ms: 3.628084
  type: 'test'
  ...
# Subtest: rejects conflicting review record
ok 146 - rejects conflicting review record
  ---
  duration_ms: 3.980458
  type: 'test'
  ...
# Subtest: preserves active journal after write failure
ok 147 - preserves active journal after write failure
  ---
  duration_ms: 42.535041
  type: 'test'
  ...
# Subtest: does nothing when no journal exists
ok 148 - does nothing when no journal exists
  ---
  duration_ms: 7.57225
  type: 'test'
  ...
# Subtest: recovers a journal before any writes
ok 149 - recovers a journal before any writes
  ---
  duration_ms: 102.316125
  type: 'test'
  ...
# Subtest: recovers partially materialized
ok 150 - recovers partially materialized
  ---
  duration_ms: 38.522458
  type: 'test'
  ...
# Subtest: fully materialized unverified
ok 151 - fully materialized unverified
  ---
  duration_ms: 12.048083
  type: 'test'
  ...
# Subtest: verified journal whose clear failed
ok 152 - verified journal whose clear failed
  ---
  duration_ms: 27.839792
  type: 'test'
  ...
# Subtest: accepts ident immutable attempt
ok 153 - accepts ident immutable attempt
  ---
  duration_ms: 10.495791
  type: 'test'
  ...
# Subtest: rejects conflicting immutable attempt
ok 154 - rejects conflicting immutable attempt
  ---
  duration_ms: 5.444417
  type: 'test'
  ...
# Subtest: rejects conflicting active journal
ok 155 - rejects conflicting active journal
  ---
  duration_ms: 32.491833
  type: 'test'
  ...
# Subtest: blocks corrupt journal
ok 156 - blocks corrupt journal
  ---
  duration_ms: 1.155333
  type: 'test'
  ...
# Subtest: blocks journal read failure
ok 157 - blocks journal read failure
  ---
  duration_ms: 3.514292
  type: 'test'
  ...
# Subtest: preserves journal after materialization failure
ok 158 - preserves journal after materialization failure
  ---
  duration_ms: 4.6405
  type: 'test'
  ...
# Subtest: preserves journal after verification failure
ok 159 - preserves journal after verification failure
  ---
  duration_ms: 6.063125
  type: 'test'
  ...
# Subtest: preserves journal after journal clear failure
ok 160 - preserves journal after journal clear failure
  ---
  duration_ms: 9.939292
  type: 'test'
  ...
# Subtest: rejects a semantically malformed persisted journal and retains it
ok 161 - rejects a semantically malformed persisted journal and retains it
  ---
  duration_ms: 2.143792
  type: 'test'
  ...
# Subtest: rejects an unknown persisted write and retains its journal
ok 162 - rejects an unknown persisted write and retains its journal
  ---
  duration_ms: 1.117708
  type: 'test'
  ...
# Subtest: rejects an old persisted journal without an exact package pin
ok 163 - rejects an old persisted journal without an exact package pin
  ---
  duration_ms: 8.540292
  type: 'test'
  ...
# Subtest: rejects incomplete operation plans before persistence
ok 164 - rejects incomplete operation plans before persistence
  ---
  duration_ms: 1.224916
  type: 'test'
  ...
# Subtest: rejects duplicate write targets before persistence
ok 165 - rejects duplicate write targets before persistence
  ---
  duration_ms: 27.778875
  type: 'test'
  ...
# Subtest: rejects destructive writes that do not belong to the operation
ok 166 - rejects destructive writes that do not belong to the operation
  ---
  duration_ms: 6.058667
  type: 'test'
  ...
# Subtest: rejects attempts and reviews that conflict with the durable session plan
ok 167 - rejects attempts and reviews that conflict with the durable session plan
  ---
  duration_ms: 12.901166
  type: 'test'
  ...
# Subtest: rejects an immediate submit for a planned but non-current occurrence
ok 168 - rejects an immediate submit for a planned but non-current occurrence
  ---
  duration_ms: 6.20725
  type: 'test'
  ...
# Subtest: rejects contradictory review actions and duplicate terminal item outcomes
ok 169 - rejects contradictory review actions and duplicate terminal item outcomes
  ---
  duration_ms: 2.088292
  type: 'test'
  ...
# Subtest: accepts a review update that retains its original durable source identity
ok 170 - accepts a review update that retains its original durable source identity
  ---
  duration_ms: 5.249125
  type: 'test'
  ...
# Subtest: rejects a fabricated historical source on a nonexistent review identity
ok 171 - rejects a fabricated historical source on a nonexistent review identity
  ---
  duration_ms: 2.393958
  type: 'test'
  ...
# Subtest: rejects an explicit review update when its durable identity does not exist
ok 172 - rejects an explicit review update when its durable identity does not exist
  ---
  duration_ms: 1.916459
  type: 'test'
  ...
# Subtest: rejects a persisted plan with a corrupt fingerprint and retains it
ok 173 - rejects a persisted plan with a corrupt fingerprint and retains it
  ---
  duration_ms: 0.977959
  type: 'test'
  ...
# Subtest: idempotent repeated recovery
ok 174 - idempotent repeated recovery
  ---
  duration_ms: 10.966708
  type: 'test'
  ...
# Subtest: does not require remote content
ok 175 - does not require remote content
  ---
  duration_ms: 19.562625
  type: 'test'
  ...
# Subtest: does not recalc scoring
ok 176 - does not recalc scoring
  ---
  duration_ms: 22.511084
  type: 'test'
  ...
# Subtest: does not generate IDs
ok 177 - does not generate IDs
  ---
  duration_ms: 6.042917
  type: 'test'
  ...
# Subtest: verifies a complete materialized mutation
ok 178 - verifies a complete materialized mutation
  ---
  duration_ms: 30.017583
  type: 'test'
  ...
# Subtest: rejects missing attempt
ok 179 - rejects missing attempt
  ---
  duration_ms: 4.547917
  type: 'test'
  ...
# Subtest: rejects conflicting attempt
ok 180 - rejects conflicting attempt
  ---
  duration_ms: 13.929083
  type: 'test'
  ...
# Subtest: rejects missing review entry
ok 181 - rejects missing review entry
  ---
  duration_ms: 3.260375
  type: 'test'
  ...
# Subtest: rejects conflicting review entry
ok 182 - rejects conflicting review entry
  ---
  duration_ms: 2.837917
  type: 'test'
  ...
# Subtest: rejects missing session
ok 183 - rejects missing session
  ---
  duration_ms: 3.825834
  type: 'test'
  ...
# Subtest: rejects conflicting session
ok 184 - rejects conflicting session
  ---
  duration_ms: 7.0665
  type: 'test'
  ...
# Subtest: rejects active session pointer that should be cleared
ok 185 - rejects active session pointer that should be cleared
  ---
  duration_ms: 5.690375
  type: 'test'
  ...
# Subtest: propagates storage read failure
ok 186 - propagates storage read failure
  ---
  duration_ms: 4.161958
  type: 'test'
  ...
# Subtest: preserves active journal after verification failure
ok 187 - preserves active journal after verification failure
  ---
  duration_ms: 14.439
  type: 'test'
  ...
# Subtest: an occurrence-keyed draft persists, edits, and resumes without learning side effects
ok 188 - an occurrence-keyed draft persists, edits, and resumes without learning side effects
  ---
  duration_ms: 16.037583
  type: 'test'
  ...
# Subtest: draft persistence rejects unknown occurrences and mismatched session scope
ok 189 - draft persistence rejects unknown occurrences and mismatched session scope
  ---
  duration_ms: 2.752375
  type: 'test'
  ...
# Subtest: immediate-feedback sessions cannot persist draft responses
ok 190 - immediate-feedback sessions cannot persist draft responses
  ---
  duration_ms: 1.528292
  type: 'test'
  ...
# Subtest: clear local history removes the resumable draft
ok 191 - clear local history removes the resumable draft
  ---
  duration_ms: 32.746041
  type: 'test'
  ...
# Subtest: Algorithms finalization commits exactly answered occurrences and deletes the matching draft
ok 192 - Algorithms finalization commits exactly answered occurrences and deletes the matching draft
  ---
  duration_ms: 59.391292
  type: 'test'
  ...
# Subtest: Algorithms finalization rejects attempts that do not correspond exactly to answered draft occurrences
ok 193 - Algorithms finalization rejects attempts that do not correspond exactly to answered draft occurrences
  ---
  duration_ms: 5.69125
  type: 'test'
  ...
# Subtest: Algorithms finalization rejects a stale cleanup draft before journal persistence or outcome writes
ok 194 - Algorithms finalization rejects a stale cleanup draft before journal persistence or outcome writes
  ---
  duration_ms: 1.674292
  type: 'test'
  ...
# Subtest: force-close replay completes an Algorithms finalization idempotently at the draft-delete boundary
ok 195 - force-close replay completes an Algorithms finalization idempotently at the draft-delete boundary
  ---
  duration_ms: 17.234625
  type: 'test'
  ...
# Subtest: duplicate content occurrences keep distinct attempts and consolidate review to the latest planned transition
ok 196 - duplicate content occurrences keep distinct attempts and consolidate review to the latest planned transition
  ---
  duration_ms: 55.295083
  type: 'test'
  ...
# Subtest: finalization can resolve a review through an exact transition attempt
ok 197 - finalization can resolve a review through an exact transition attempt
  ---
  duration_ms: 25.903458
  type: 'test'
  ...
# Subtest: journaled transition delete rejects a same-id review conflict before outcome writes and replays exact or absent identity
ok 198 - journaled transition delete rejects a same-id review conflict before outcome writes and replays exact or absent identity
  ---
  duration_ms: 33.125916
  type: 'test'
  ...
# Subtest: Algorithms finalization recovers idempotently across every canonical write boundary
ok 199 - Algorithms finalization recovers idempotently across every canonical write boundary
  ---
  duration_ms: 92.949458
  type: 'test'
  ...
# Subtest: persisted finalization journal preflights a stale durable draft before replaying any outcome write
ok 200 - persisted finalization journal preflights a stale durable draft before replaying any outcome write
  ---
  duration_ms: 5.082167
  type: 'test'
  ...
# Subtest: draft saves are locked as soon as a finalization journal is pending
ok 201 - draft saves are locked as soon as a finalization journal is pending
  ---
  duration_ms: 5.364208
  type: 'test'
  ...
# Subtest: a draft save started before journal persistence rechecks immediately before writing
ok 202 - a draft save started before journal persistence rechecks immediately before writing
  ---
  duration_ms: 4.438417
  type: 'test'
  ...
# Subtest: operational diagnostics retain a bounded category without exposing an injected learner payload
ok 203 - operational diagnostics retain a bounded category without exposing an injected learner payload
  ---
  duration_ms: 3.431542
  type: 'test'
  ...
# Subtest: explicit practice routes skip the stored-track read and do not load reviews for roadmap/setup
ok 204 - explicit practice routes skip the stored-track read and do not load reviews for roadmap/setup
  ---
  duration_ms: 380.747042
  type: 'test'
  ...
# Subtest: Hub review evidence is limited to due entries for the active track and exact package pin
ok 205 - Hub review evidence is limited to due entries for the active track and exact package pin
  ---
  duration_ms: 0.997875
  type: 'test'
  ...
# Subtest: a missing stored track stays an explicit empty selection
ok 206 - a missing stored track stays an explicit empty selection
  ---
  duration_ms: 0.782291
  type: 'test'
  ...
# Subtest: practice read surfaces storage issues instead of treating a partial read as empty
ok 207 - practice read surfaces storage issues instead of treating a partial read as empty
  ---
  duration_ms: 0.92825
  type: 'test'
  ...
# Subtest: foreground timer checkpoints monotonic segments with an explicit drift bound and never counts closed-app wall time
ok 208 - foreground timer checkpoints monotonic segments with an explicit drift bound and never counts closed-app wall time
  ---
  duration_ms: 6.986
  type: 'test'
  ...
# Subtest: foreground timer rejects stale checkpoints and retains the previous durable checkpoint
ok 209 - foreground timer rejects stale checkpoints and retains the previous durable checkpoint
  ---
  duration_ms: 2.70025
  type: 'test'
  ...
# Subtest: foreground enter and leave checkpoint authoritative time outside the UI
ok 210 - foreground enter and leave checkpoint authoritative time outside the UI
  ---
  duration_ms: 7.101542
  type: 'test'
  ...
# Subtest: ordinary practice publishes a live elapsed timer without a countdown
ok 211 - ordinary practice publishes a live elapsed timer without a countdown
  ---
  duration_ms: 1.301458
  type: 'test'
  ...
# Subtest: one family-neutral timer initializes and restores ordinary Certification foreground time
ok 212 - one family-neutral timer initializes and restores ordinary Certification foreground time
  ---
  duration_ms: 1.531833
  type: 'test'
  ...
# Subtest: absolute-deadline Certification Exam remains outside the foreground timer owner
ok 213 - absolute-deadline Certification Exam remains outside the foreground timer owner
  ---
  duration_ms: 0.829291
  type: 'test'
  ...
# Subtest: a durable foreground timer from another family is rejected instead of reused
ok 214 - a durable foreground timer from another family is rejected instead of reused
  ---
  duration_ms: 0.946541
  type: 'test'
  ...
# Subtest: AppState foreground transitions and force-close recovery never count background or closed-app time
ok 215 - AppState foreground transitions and force-close recovery never count background or closed-app time
  ---
  duration_ms: 1.785208
  type: 'test'
  ...
# Subtest: periodic checkpoint publishes a live projection refresh
ok 216 - periodic checkpoint publishes a live projection refresh
  ---
  duration_ms: 1.418083
  type: 'test'
  ...
# Subtest: controlled timer refreshes consecutive visible labels without a durable write each second
ok 217 - controlled timer refreshes consecutive visible labels without a durable write each second
  ---
  duration_ms: 1.379709
  type: 'test'
  ...
# Subtest: periodic checkpoint uses the declared durable interval with an exact write count
ok 218 - periodic checkpoint uses the declared durable interval with an exact write count
  ---
  duration_ms: 2.224125
  type: 'test'
  ...
# Subtest: force-close immediately before and after the checkpoint boundary resumes within the declared drift
ok 219 - force-close immediately before and after the checkpoint boundary resumes within the declared drift
  ---
  duration_ms: 2.493292
  type: 'test'
  ...
# Subtest: expiry clamps to zero, checkpoints first, and finalizes exactly once
ok 220 - expiry clamps to zero, checkpoints first, and finalizes exactly once
  ---
  duration_ms: 1.342334
  type: 'test'
  ...
# Subtest: manual and expiry use the same injected finalization operation
ok 221 - manual and expiry use the same injected finalization operation
  ---
  duration_ms: 1.294125
  type: 'test'
  ...
# Subtest: manual finalization checkpoints the active foreground segment before it freezes the result
ok 222 - manual finalization checkpoints the active foreground segment before it freezes the result
  ---
  duration_ms: 0.752458
  type: 'test'
  ...
# Subtest: practice completion checkpoint freezes the captured tick until verified release
ok 223 - practice completion checkpoint freezes the captured tick until verified release
  ---
  duration_ms: 1.292333
  type: 'test'
  ...
# Subtest: a completed timer checkpoint is not released before completion is verified
ok 224 - a completed timer checkpoint is not released before completion is verified
  ---
  duration_ms: 0.944375
  type: 'test'
  ...
# Subtest: concurrent Finish handoffs share one timer checkpoint and one completion result
ok 225 - concurrent Finish handoffs share one timer checkpoint and one completion result
  ---
  duration_ms: 2.866375
  type: 'test'
  ...
# Subtest: missing persisted timer on resume is a typed application recovery failure
ok 226 - missing persisted timer on resume is a typed application recovery failure
  ---
  duration_ms: 0.439416
  type: 'test'
  ...
# Subtest: resume repairs a durable timer checkpoint that precedes the session aggregate
ok 227 - resume repairs a durable timer checkpoint that precedes the session aggregate
  ---
  duration_ms: 0.687959
  type: 'test'
  ...
# Subtest: repeated resume of a repaired timer does not write another session checkpoint
ok 228 - repeated resume of a repaired timer does not write another session checkpoint
  ---
  duration_ms: 0.632
  type: 'test'
  ...
# Subtest: resume rejects a durable timer checkpoint that is behind the session aggregate
ok 229 - resume rejects a durable timer checkpoint that is behind the session aggregate
  ---
  duration_ms: 0.891042
  type: 'test'
  ...
# Subtest: a failed durable timer repair remains a blocking recovery error
ok 230 - a failed durable timer repair remains a blocking recovery error
  ---
  duration_ms: 0.638792
  type: 'test'
  ...
# Subtest: injected audit clock drives normal scheduling and both due retention outcomes without storage mutation
ok 231 - injected audit clock drives normal scheduling and both due retention outcomes without storage mutation
  ---
  duration_ms: 8.487167
  type: 'test'
  ...
# Subtest: injected audit clock rejects an advance outside the ISO date range without changing its offset
ok 232 - injected audit clock rejects an advance outside the ISO date range without changing its offset
  ---
  duration_ms: 0.712042
  type: 'test'
  ...
# Subtest: passive runtime selectors are attached to visible content rather than containers with interactive descendants
ok 233 - passive runtime selectors are attached to visible content rather than containers with interactive descendants
  ---
  duration_ms: 4.066625
  type: 'test'
  ...
# Subtest: active-session resume uses the single recommendation card and a separate continue control
ok 234 - active-session resume uses the single recommendation card and a separate continue control
  ---
  duration_ms: 0.89875
  type: 'test'
  ...
# Subtest: Home uses the approved compact presentation without changing recommendation ownership
ok 235 - Home uses the approved compact presentation without changing recommendation ownership
  ---
  duration_ms: 1.571834
  type: 'test'
  ...
# Subtest: progress, simulation, and simulation summary selectors use canonical identities
ok 236 - progress, simulation, and simulation summary selectors use canonical identities
  ---
  duration_ms: 5.377459
  type: 'test'
  ...
# Subtest: configuration snapshot is validated, frozen, and preserved for deterministic resume
ok 237 - configuration snapshot is validated, frozen, and preserved for deterministic resume
  ---
  duration_ms: 7.105042
  type: 'test'
  ...
# Subtest: resume rejects a different mode or durable item and option plan
ok 238 - resume rejects a different mode or durable item and option plan
  ---
  duration_ms: 0.871834
  type: 'test'
  ...
# Subtest: content validation rejects missing, duplicate, and unknown durable option IDs
ok 239 - content validation rejects missing, duplicate, and unknown durable option IDs
  ---
  duration_ms: 1.319958
  type: 'test'
  ...
# Subtest: durable progress hydrates prior attempts and the answered current item in plan order
ok 240 - durable progress hydrates prior attempts and the answered current item in plan order
  ---
  duration_ms: 1.373792
  type: 'test'
  ...
# Subtest: duplicate exact content items are distinct through immutable occurrence identities
ok 241 - duplicate exact content items are distinct through immutable occurrence identities
  ---
  duration_ms: 0.718708
  type: 'test'
  ...
# Subtest: foreground accumulation persists only the supplied active interval
ok 242 - foreground accumulation persists only the supplied active interval
  ---
  duration_ms: 0.503916
  type: 'test'
  ...
# Subtest: start failure rejects without exposing a session
ok 243 - start failure rejects without exposing a session
  ---
  duration_ms: 0.493959
  type: 'test'
  ...
# Subtest: a new session is not returned before its durable write resolves
ok 244 - a new session is not returned before its durable write resolves
  ---
  duration_ms: 0.275583
  type: 'test'
  ...
# Subtest: advance failure rejects and cannot expose the next position
ok 245 - advance failure rejects and cannot expose the next position
  ---
  duration_ms: 0.917542
  type: 'test'
  ...
# Subtest: runtime-audit parser recognizes only documented reset and clock-advance commands
ok 246 - runtime-audit parser recognizes only documented reset and clock-advance commands
  ---
  duration_ms: 6.017166
  type: 'test'
  ...
# Subtest: unsupported and malformed runtime-audit URLs do not invoke reset
ok 247 - unsupported and malformed runtime-audit URLs do not invoke reset
  ---
  duration_ms: 0.903459
  type: 'test'
  ...
# Subtest: runtime-audit reset is unavailable in production and reaches only the lifecycle facade in development
ok 248 - runtime-audit reset is unavailable in production and reaches only the lifecycle facade in development
  ---
  duration_ms: 0.750917
  type: 'test'
  ...
# Subtest: development reset still restores a clean baseline when an interrupted journal cannot recover
ok 249 - development reset still restores a clean baseline when an interrupted journal cannot recover
  ---
  duration_ms: 4.013792
  type: 'test'
  ...
# Subtest: start resolves the exact family and exposes its first item only after active-session verification
ok 250 - start resolves the exact family and exposes its first item only after active-session verification
  ---
  duration_ms: 9.7675
  type: 'test'
  ...
# Subtest: start fails explicitly when the session identity authority fails
ok 251 - start fails explicitly when the session identity authority fails
  ---
  duration_ms: 1.416875
  type: 'test'
  ...
# Subtest: one active session and unknown identifiers fail explicitly without a substitute
ok 252 - one active session and unknown identifiers fail explicitly without a substitute
  ---
  duration_ms: 1.154166
  type: 'test'
  ...
# Subtest: missing track content blocks preparation and start without selecting another track or mutating a session
ok 253 - missing track content blocks preparation and start without selecting another track or mutating a session
  ---
  duration_ms: 1.15175
  type: 'test'
  ...
# Subtest: a prepared or active session with a mismatched artifact identity is never persisted or resumed
ok 254 - a prepared or active session with a mismatched artifact identity is never persisted or resumed
  ---
  duration_ms: 1.133708
  type: 'test'
  ...
# Subtest: runtime resolution rejects an unknown or mismatched family without substituting another runtime
ok 255 - runtime resolution rejects an unknown or mismatched family without substituting another runtime
  ---
  duration_ms: 2.577458
  type: 'test'
  ...
# Subtest: practice response is handed to the family runtime and only its deterministic outcome reaches the coordinator
ok 256 - practice response is handed to the family runtime and only its deterministic outcome reaches the coordinator
  ---
  duration_ms: 4.606
  type: 'test'
  ...
# Subtest: submitting the final practice occurrence materializes feedback without completing the session
ok 257 - submitting the final practice occurrence materializes feedback without completing the session
  ---
  duration_ms: 4.58575
  type: 'test'
  ...
# Subtest: a non-submit durable journal requires recovery before practice can accept another answer
ok 258 - a non-submit durable journal requires recovery before practice can accept another answer
  ---
  duration_ms: 1.748
  type: 'test'
  ...
# Subtest: reconstruction restores feedback when the current practice occurrence already has a materialized attempt
ok 259 - reconstruction restores feedback when the current practice occurrence already has a materialized attempt
  ---
  duration_ms: 1.280834
  type: 'test'
  ...
# Subtest: advance verifies the new durable position and no active-session command defaults
ok 260 - advance verifies the new durable position and no active-session command defaults
  ---
  duration_ms: 3.844833
  type: 'test'
  ...
# Subtest: simulation finalization withholds summary until a canonical completed result exists
ok 261 - simulation finalization withholds summary until a canonical completed result exists
  ---
  duration_ms: 1.921709
  type: 'test'
  ...
# Subtest: practice completion retries only a non-durable Finish and returns one verified result
ok 262 - practice completion retries only a non-durable Finish and returns one verified result
  ---
  duration_ms: 2.515458
  type: 'test'
  ...
# Subtest: exact completion recovery supports every durable phase without an active pointer
ok 263 - exact completion recovery supports every durable phase without an active pointer
  ---
  duration_ms: 3.573
  type: 'test'
  ...
# Subtest: completion recovery rejects mismatched ownership and unverified terminal facts
ok 264 - completion recovery rejects mismatched ownership and unverified terminal facts
  ---
  duration_ms: 2.235583
  type: 'test'
  ...
# Subtest: abandonment removes resumability and history excludes abandoned sessions while committed records are untouched
ok 265 - abandonment removes resumability and history excludes abandoned sessions while committed records are untouched
  ---
  duration_ms: 1.80525
  type: 'test'
  ...
# Subtest: expected abandonment recovery replays only the exact matching journal and verifies terminal facts
ok 266 - expected abandonment recovery replays only the exact matching journal and verifies terminal facts
  ---
  duration_ms: 1.273625
  type: 'test'
  ...
# Subtest: expected abandonment recovery rejects mismatched journals and accepts only already-terminal facts without replay
ok 267 - expected abandonment recovery rejects mismatched journals and accepts only already-terminal facts without replay
  ---
  duration_ms: 10.55825
  type: 'test'
  ...
# Subtest: recovery, reset, family queries, resume, and draft commands remain application entry points
ok 268 - recovery, reset, family queries, resume, and draft commands remain application entry points
  ---
  duration_ms: 2.010625
  type: 'test'
  ...
# Subtest: dashboard receives the active session only when it belongs to the queried track
ok 269 - dashboard receives the active session only when it belongs to the queried track
  ---
  duration_ms: 1.23975
  type: 'test'
  ...
# Subtest: an expired absolute-deadline simulation finalizes once before it can be resumed
ok 270 - an expired absolute-deadline simulation finalizes once before it can be resumed
  ---
  duration_ms: 1.663416
  type: 'test'
  ...
# Subtest: manual finalization and expiry share one durable simulation finalization
ok 271 - manual finalization and expiry share one durable simulation finalization
  ---
  duration_ms: 2.515125
  type: 'test'
  ...
# Subtest: Metro transforms SVG sources into React Native components
ok 272 - Metro transforms SVG sources into React Native components
  ---
  duration_ms: 2.272792
  type: 'test'
  ...
# Subtest: Patternly mark SVG family stays deterministic and raster-free
ok 273 - Patternly mark SVG family stays deterministic and raster-free
  ---
  duration_ms: 4.7805
  type: 'test'
  ...
# Subtest: launcher source and generated assets are present
ok 274 - launcher source and generated assets are present
  ---
  duration_ms: 1.912041
  type: 'test'
  ...
# Subtest: Expo points to the canonical Patternly launcher assets
ok 275 - Expo points to the canonical Patternly launcher assets
  ---
  duration_ms: 0.651208
  type: 'test'
  ...
# Subtest: route ambient layer is the default shared background for every Screen
ok 276 - route ambient layer is the default shared background for every Screen
  ---
  duration_ms: 3.258375
  type: 'test'
  ...
# Subtest: ambient keeps randomized routes and signals without rectangular glow layers
ok 277 - ambient keeps randomized routes and signals without rectangular glow layers
  ---
  duration_ms: 1.180875
  type: 'test'
  ...
# Subtest: shared visual effects have one theme-token owner
ok 278 - shared visual effects have one theme-token owner
  ---
  duration_ms: 59.161625
  type: 'test'
  ...
# Subtest: screens and components resolve colors exclusively through the active theme
ok 279 - screens and components resolve colors exclusively through the active theme
  ---
  duration_ms: 30.92875
  type: 'test'
  ...
# Subtest: all branded navigation headers use the one AppShellHeader path
ok 280 - all branded navigation headers use the one AppShellHeader path
  ---
  duration_ms: 44.175542
  type: 'test'
  ...
# Subtest: answer review pending uses the shared review shell anatomy without fabricated values
ok 281 - answer review pending uses the shared review shell anatomy without fabricated values
  ---
  duration_ms: 1.444333
  type: 'test'
  ...
# Subtest: route coverage has one native or inline shell owner and preserves active-session specialization
ok 282 - route coverage has one native or inline shell owner and preserves active-session specialization
  ---
  duration_ms: 5.404542
  type: 'test'
  ...
# Subtest: the headerless practice route owns every Algorithms and Certification render branch
ok 283 - the headerless practice route owns every Algorithms and Certification render branch
  ---
  duration_ms: 1.658083
  type: 'test'
  ...
# Subtest: the shared header owns accessible back geometry and long-copy reflow without navigation fallback
ok 284 - the shared header owns accessible back geometry and long-copy reflow without navigation fallback
  ---
  duration_ms: 3.483375
  type: 'test'
  ...
# Subtest: Screen and SessionShell remain the only general and active-session page owners
ok 285 - Screen and SessionShell remain the only general and active-session page owners
  ---
  duration_ms: 19.928916
  type: 'test'
  ...
# Subtest: representative Home, Settings, setup, session, and result routes keep canonical ownership
ok 286 - representative Home, Settings, setup, session, and result routes keep canonical ownership
  ---
  duration_ms: 7.693833
  type: 'test'
  ...
# Subtest: Progress follows the current Figma section copy and 200% text contract
ok 287 - Progress follows the current Figma section copy and 200% text contract
  ---
  duration_ms: 1.796125
  type: 'test'
  ...
# Subtest: Activity rows preserve the variable-height Figma copy at large text
ok 288 - Activity rows preserve the variable-height Figma copy at large text
  ---
  duration_ms: 0.406375
  type: 'test'
  ...
# Subtest: simulation review owns the Figma review shell and keeps navigator outcomes explicit
ok 289 - simulation review owns the Figma review shell and keeps navigator outcomes explicit
  ---
  duration_ms: 2.162416
  type: 'test'
  ...
# Subtest: answer review uses the shared Figma review shell and preserves review marking
ok 290 - answer review uses the shared Figma review shell and preserves review marking
  ---
  duration_ms: 1.146792
  type: 'test'
  ...
# Subtest: simulation active shell uses the Figma question and action-footer variant
ok 291 - simulation active shell uses the Figma question and action-footer variant
  ---
  duration_ms: 2.5245
  type: 'test'
  ...
# Subtest: Practice setup keeps one canonical back action and recovery copy names learner-visible consequences
ok 292 - Practice setup keeps one canonical back action and recovery copy names learner-visible consequences
  ---
  duration_ms: 4.4405
  type: 'test'
  ...
# Subtest: Claude Free node completes ten authored answers with exact result and review identity
ok 293 - Claude Free node completes ten authored answers with exact result and review identity
  ---
  duration_ms: 334.394291
  type: 'test'
  ...
# Subtest: PKG-04A adapts each verified package into a closed family-local catalog/profile
ok 294 - PKG-04A adapts each verified package into a closed family-local catalog/profile
  ---
  duration_ms: 188.395375
  type: 'test'
  ...
# Subtest: PKG-04A package catalogs are accepted by family runtimes only for their closed profile paths
ok 295 - PKG-04A package catalogs are accepted by family runtimes only for their closed profile paths
  ---
  duration_ms: 127.846917
  type: 'test'
  ...
# Subtest: PKG-04A adapter owns nested item and policy values
ok 296 - PKG-04A adapter owns nested item and policy values
  ---
  duration_ms: 86.029042
  type: 'test'
  ...
# Subtest: PKG-04A adapter has no whole-track catalog dependency
ok 297 - PKG-04A adapter has no whole-track catalog dependency
  ---
  duration_ms: 0.710333
  type: 'test'
  ...
# Subtest: retained Certification pins remain exact-resolvable for active sessions and results
ok 298 - retained Certification pins remain exact-resolvable for active sessions and results
  ---
  duration_ms: 72.239292
  type: 'test'
  ...
# Subtest: CONTENT-PACKAGE-RESOLVER-001 verifies exact bundled node packages and resolves only closed profile modes
ok 299 - CONTENT-PACKAGE-RESOLVER-001 verifies exact bundled node packages and resolves only closed profile modes
  ---
  duration_ms: 1691.388875
  type: 'test'
  ...
# Subtest: PKG-04A node adapter verifies both generated packages through the production runtime contract
ok 300 - PKG-04A node adapter verifies both generated packages through the production runtime contract
  ---
  duration_ms: 185.208125
  type: 'test'
  ...
# Subtest: PKG-04A package runtime rejects non-canonical base64 and malformed UTF-8
ok 301 - PKG-04A package runtime rejects non-canonical base64 and malformed UTF-8
  ---
  duration_ms: 0.86275
  type: 'test'
  ...
# Subtest: PKG-04A resolver closes non-canonical payload base64 as a payload error
ok 302 - PKG-04A resolver closes non-canonical payload base64 as a payload error
  ---
  duration_ms: 1.54525
  type: 'test'
  ...
# Subtest: PKG-04A resolver closes malformed UTF-8 as a payload error
ok 303 - PKG-04A resolver closes malformed UTF-8 as a payload error
  ---
  duration_ms: 2.0905
  type: 'test'
  ...
# Subtest: PKG-04A native runtime uses Expo Crypto and pure-JS gzip without Node built-ins
ok 304 - PKG-04A native runtime uses Expo Crypto and pure-JS gzip without Node built-ins
  ---
  duration_ms: 0.879666
  type: 'test'
  ...
# Subtest: PKG-04A makes exact package pins and closed profiles the only runtime content authority
ok 305 - PKG-04A makes exact package pins and closed profiles the only runtime content authority
  ---
  duration_ms: 1083.519625
  type: 'test'
  ...
# Subtest: Free Practice entry points use the approved primary modes and never route to excluded package modes
ok 306 - Free Practice entry points use the approved primary modes and never route to excluded package modes
  ---
  duration_ms: 262.82625
  type: 'test'
  ...
# Subtest: package-backed Algorithms discovery never recommends an excluded whole-track mode
ok 307 - package-backed Algorithms discovery never recommends an excluded whole-track mode
  ---
  duration_ms: 381.004625
  type: 'test'
  ...
# Subtest: all launch tracks resolve an exact Free package and prepare through their canonical family runtime
ok 308 - all launch tracks resolve an exact Free package and prepare through their canonical family runtime
  ---
  duration_ms: 745.449208
  type: 'test'
  ...
# Subtest: every bundled Free-node package exactly matches its producer artifact and release lock
ok 309 - every bundled Free-node package exactly matches its producer artifact and release lock
  ---
  duration_ms: 1207.054125
  type: 'test'
  ...
# Subtest: the retained GCP package resolves only by its exact old pin while discovery stays on current bytes
ok 310 - the retained GCP package resolves only by its exact old pin while discovery stays on current bytes
  ---
  duration_ms: 364.356
  type: 'test'
  ...
# Subtest: CI reads the current per-artifact content lock instead of retired aggregate lock fields
ok 311 - CI reads the current per-artifact content lock instead of retired aggregate lock fields
  ---
  duration_ms: 22.77875
  type: 'test'
  ...
# Subtest: internal density harness pins complete canonical launch content-brief descriptors
ok 312 - internal density harness pins complete canonical launch content-brief descriptors
  ---
  duration_ms: 324.498625
  type: 'test'
  ...
# Subtest: density harness rejects missing, duplicate, and incomplete descriptors
ok 313 - density harness rejects missing, duplicate, and incomplete descriptors
  ---
  duration_ms: 1.833458
  type: 'test'
  ...
# Subtest: production admission remains closed until exact immutable Free-node package evidence exists
ok 314 - production admission remains closed until exact immutable Free-node package evidence exists
  ---
  duration_ms: 921.088292
  type: 'test'
  ...
# Subtest: admission evaluator rejects missing and orphan artifact evidence instead of admitting it
ok 315 - admission evaluator rejects missing and orphan artifact evidence instead of admitting it
  ---
  duration_ms: 8.915584
  type: 'test'
  ...
# Subtest: package admission rejects tampered bytes or extracted profile modes without affecting the other track
ok 316 - package admission rejects tampered bytes or extracted profile modes without affecting the other track
  ---
  duration_ms: 14.987042
  type: 'test'
  ...
# Subtest: a new family carries payload, response, result, and evidence without a global union
ok 317 - a new family carries payload, response, result, and evidence without a global union
  ---
  duration_ms: 5.354708
  type: 'test'
  ...
# Subtest: kernel accepts open track ids and enforces canonical session invariants
ok 318 - kernel accepts open track ids and enforces canonical session invariants
  ---
  duration_ms: 8.397208
  type: 'test'
  ...
# Subtest: attempt result constructor enforces kind, range, and component totals
ok 319 - attempt result constructor enforces kind, range, and component totals
  ---
  duration_ms: 1.0595
  type: 'test'
  ...
# Subtest: attempt, evidence, reasons, and learning evidence stay family neutral
ok 320 - attempt, evidence, reasons, and learning evidence stay family neutral
  ---
  duration_ms: 0.496958
  type: 'test'
  ...
# Subtest: lifecycle record guards and completed-result coverage are explicit
ok 321 - lifecycle record guards and completed-result coverage are explicit
  ---
  duration_ms: 0.930625
  type: 'test'
  ...
# Subtest: registry resolves current tracks in canonical launch order without a default
ok 322 - registry resolves current tracks in canonical launch order without a default
  ---
  duration_ms: 4.365833
  type: 'test'
  ...
# Subtest: a new track and family register without modifying the learning kernel
ok 323 - a new track and family register without modifying the learning kernel
  ---
  duration_ms: 0.335
  type: 'test'
  ...
# Subtest: incorrect and partial attempts create remediation entries with source and taxonomy evidence
ok 324 - incorrect and partial attempts create remediation entries with source and taxonomy evidence
  ---
  duration_ms: 13.245959
  type: 'test'
  ...
# Subtest: correct Algorithms attempt creates scheduled retrieval while correct Certification attempt creates none
ok 325 - correct Algorithms attempt creates scheduled retrieval while correct Certification attempt creates none
  ---
  duration_ms: 0.981
  type: 'test'
  ...
# Subtest: review transition counts only after due, resets on incorrect and partial, and resolves after two eligible successes
ok 326 - review transition counts only after due, resets on incorrect and partial, and resolves after two eligible successes
  ---
  duration_ms: 0.932083
  type: 'test'
  ...
# Subtest: same-session correction does not resolve persistent review and only canonical reasons exist
ok 327 - same-session correction does not resolve persistent review and only canonical reasons exist
  ---
  duration_ms: 0.577
  type: 'test'
  ...
# Subtest: ordinary Algorithms practice cannot resolve persistent review after due
ok 328 - ordinary Algorithms practice cannot resolve persistent review after due
  ---
  duration_ms: 0.309459
  type: 'test'
  ...
# Subtest: session creation preserves requested and actual lengths, immutable item order, option order, and no response
ok 329 - session creation preserves requested and actual lengths, immutable item order, option order, and no response
  ---
  duration_ms: 4.978542
  type: 'test'
  ...
# Subtest: active session advances and persisted current position resumes deterministically
ok 330 - active session advances and persisted current position resumes deterministically
  ---
  duration_ms: 0.99075
  type: 'test'
  ...
# Subtest: session supports valid direct navigation but rejects an invalid item index
ok 331 - session supports valid direct navigation but rejects an invalid item index
  ---
  duration_ms: 1.6075
  type: 'test'
  ...
# Subtest: completion fixes position at the final item and cannot advance
ok 332 - completion fixes position at the final item and cannot advance
  ---
  duration_ms: 1.110334
  type: 'test'
  ...
# Subtest: abandonment preserves committed position and cannot advance
ok 333 - abandonment preserves committed position and cannot advance
  ---
  duration_ms: 0.582042
  type: 'test'
  ...
# Subtest: session rejects mismatched track, content version, duplicate references, and invalid completion position
ok 334 - session rejects mismatched track, content version, duplicate references, and invalid completion position
  ---
  duration_ms: 0.795542
  type: 'test'
  ...
# Subtest: Independent Practice uses one declared scope, supports ten or twenty items, and never substitutes a scope
ok 335 - Independent Practice uses one declared scope, supports ten or twenty items, and never substitutes a scope
  ---
  duration_ms: 712.511375
  type: 'test'
  ...
# Subtest: Certification Diagnostic Baseline uses its immutable 40-item blueprint and rejects selectors
ok 336 - Certification Diagnostic Baseline uses its immutable 40-item blueprint and rejects selectors
  ---
  duration_ms: 290.130208
  type: 'test'
  ...
# Subtest: Certification Focus Practice requires its package domain and never fills from a sibling domain
ok 337 - Certification Focus Practice requires its package domain and never fills from a sibling domain
  ---
  duration_ms: 222.774334
  type: 'test'
  ...
# Subtest: Certification Scenario Practice requires a competency and never widens its approved scenario scope
ok 338 - Certification Scenario Practice requires a competency and never widens its approved scenario scope
  ---
  duration_ms: 235.413666
  type: 'test'
  ...
# Subtest: Certification Weak Area Review selects exact-package due evidence and resolves after two due successes
ok 339 - Certification Weak Area Review selects exact-package due evidence and resolves after two due successes
  ---
  duration_ms: 222.274375
  type: 'test'
  ...
# Subtest: Certification Mixed Practice uses a deterministic unique interleaved blueprint and may shorten only within it
ok 340 - Certification Mixed Practice uses a deterministic unique interleaved blueprint and may shorten only within it
  ---
  duration_ms: 276.204084
  type: 'test'
  ...
# Subtest: Certification Quick Review selects at most ten exact-package current due items without substitution
ok 341 - Certification Quick Review selects at most ten exact-package current due items without substitution
  ---
  duration_ms: 170.510792
  type: 'test'
  ...
# Subtest: runtime admission proves exact package resolution and one valid lifecycle step for all launch tracks
ok 342 - runtime admission proves exact package resolution and one valid lifecycle step for all launch tracks
  ---
  duration_ms: 1248.471625
  type: 'test'
  ...
# Subtest: analytics derives exam trend, raw score summaries, domain performance, and weak tags
ok 343 - analytics derives exam trend, raw score summaries, domain performance, and weak tags
  ---
  duration_ms: 7.466792
  type: 'test'
  ...
# Subtest: analytics empty state is explicit and exposes no confidence, readiness, retention, mastery, or pass-rate signal
ok 344 - analytics empty state is explicit and exposes no confidence, readiness, retention, mastery, or pass-rate signal
  ---
  duration_ms: 2.733208
  type: 'test'
  ...
# Subtest: a request change makes an in-flight interval refresh stale before publication
ok 345 - a request change makes an in-flight interval refresh stale before publication
  ---
  duration_ms: 4.942209
  type: 'test'
  ...
# Subtest: a newer same-request refresh wins over an older success
ok 346 - a newer same-request refresh wins over an older success
  ---
  duration_ms: 0.41025
  type: 'test'
  ...
# Subtest: slow overlapping interval reads keep publishing when they complete in order
ok 347 - slow overlapping interval reads keep publishing when they complete in order
  ---
  duration_ms: 0.618666
  type: 'test'
  ...
# Subtest: a newer successful refresh suppresses an older error
ok 348 - a newer successful refresh suppresses an older error
  ---
  duration_ms: 31.745041
  type: 'test'
  ...
# Subtest: a newer successful refresh suppresses an older expiry
ok 349 - a newer successful refresh suppresses an older expiry
  ---
  duration_ms: 0.418375
  type: 'test'
  ...
# Subtest: a newer same-request rejection wins over an older success
ok 350 - a newer same-request rejection wins over an older success
  ---
  duration_ms: 1.448
  type: 'test'
  ...
# Subtest: a newer same-request expiry wins over an older success
ok 351 - a newer same-request expiry wins over an older success
  ---
  duration_ms: 1.262667
  type: 'test'
  ...
# Subtest: unmount cleanup invalidates an in-flight expiry read before publication
ok 352 - unmount cleanup invalidates an in-flight expiry read before publication
  ---
  duration_ms: 0.902667
  type: 'test'
  ...
# Subtest: request change during start-on-miss prevents starting or rereading a replacement exam
ok 353 - request change during start-on-miss prevents starting or rereading a replacement exam
  ---
  duration_ms: 1.420583
  type: 'test'
  ...
# Subtest: unmount cleanup during start-on-miss prevents the after-start interval read
ok 354 - unmount cleanup during start-on-miss prevents the after-start interval read
  ---
  duration_ms: 1.383292
  type: 'test'
  ...
# Subtest: current start-on-miss refreshes after the new exam is started
ok 355 - current start-on-miss refreshes after the new exam is started
  ---
  duration_ms: 0.395959
  type: 'test'
  ...
# Subtest: request change during expected resume prevents the old session from publishing
ok 356 - request change during expected resume prevents the old session from publishing
  ---
  duration_ms: 0.265583
  type: 'test'
  ...
# Subtest: expected resume failure never falls back to starting a new exam
ok 357 - expected resume failure never falls back to starting a new exam
  ---
  duration_ms: 0.312375
  type: 'test'
  ...
# Subtest: the current expiry outcome carries its session id for guarded navigation
ok 358 - the current expiry outcome carries its session id for guarded navigation
  ---
  duration_ms: 0.185042
  type: 'test'
  ...
# Subtest: opaque result evidence preserves all answered outcomes including partial credit
ok 359 - opaque result evidence preserves all answered outcomes including partial credit
  ---
  duration_ms: 4.650792
  type: 'test'
  ...
# Subtest: missing, malformed and inconsistent evidence does not invent zero scores
ok 360 - missing, malformed and inconsistent evidence does not invent zero scores
  ---
  duration_ms: 1.239541
  type: 'test'
  ...
# Subtest: a real zero and an absent abandoned score remain distinct
ok 361 - a real zero and an absent abandoned score remain distinct
  ---
  duration_ms: 0.872083
  type: 'test'
  ...
# Subtest: invalid points stay unavailable without clamping
ok 362 - invalid points stay unavailable without clamping
  ---
  duration_ms: 0.601667
  type: 'test'
  ...
# Subtest: exact historical maximum corrects display without mutating durable evidence
ok 363 - exact historical maximum corrects display without mutating durable evidence
  ---
  duration_ms: 0.387916
  type: 'test'
  ...
# Subtest: Activity opens coding simulation sessions in their exact summary
ok 364 - Activity opens coding simulation sessions in their exact summary
  ---
  duration_ms: 4.251709
  type: 'test'
  ...
# Subtest: Activity opens coding practice sessions in their exact summary
ok 365 - Activity opens coding practice sessions in their exact summary
  ---
  duration_ms: 0.332208
  type: 'test'
  ...
# Subtest: Activity opens installed non-coding sessions in the canonical result
ok 366 - Activity opens installed non-coding sessions in the canonical result
  ---
  duration_ms: 0.193458
  type: 'test'
  ...
# Subtest: Activity navigation executes each destination with the original session identity
ok 367 - Activity navigation executes each destination with the original session identity
  ---
  duration_ms: 2.148125
  type: 'test'
  ...
# Subtest: goal cadence is a reachable root route backed by the canonical repository
ok 368 - goal cadence is a reachable root route backed by the canonical repository
  ---
  duration_ms: 2.168875
  type: 'test'
  ...
# Subtest: Progress owns the goal entry point for the active track
ok 369 - Progress owns the goal entry point for the active track
  ---
  duration_ms: 0.2435
  type: 'test'
  ...
# Subtest: active goal summary only exposes Save while editing
ok 370 - active goal summary only exposes Save while editing
  ---
  duration_ms: 0.253875
  type: 'test'
  ...
# Subtest: goal loading keeps its back action separate from the busy content announcement
ok 371 - goal loading keeps its back action separate from the busy content announcement
  ---
  duration_ms: 0.278209
  type: 'test'
  ...
# Subtest: goal templates are sourced from every canonical track descriptor
ok 372 - goal templates are sourced from every canonical track descriptor
  ---
  duration_ms: 4.115541
  type: 'test'
  ...
# Subtest: default goal is valid and keeps optional date unset
ok 373 - default goal is valid and keeps optional date unset
  ---
  duration_ms: 0.694917
  type: 'test'
  ...
# Subtest: goal persistence guard rejects invalid cadence, date, track template, and extra fields
ok 374 - goal persistence guard rejects invalid cadence, date, track template, and extra fields
  ---
  duration_ms: 0.859375
  type: 'test'
  ...
# Subtest: goal repository persists one canonical record per track
ok 375 - goal repository persists one canonical record per track
  ---
  duration_ms: 1.181417
  type: 'test'
  ...
# Subtest: choosing the first track reloads Home data for that selected track
ok 376 - choosing the first track reloads Home data for that selected track
  ---
  duration_ms: 1.625833
  type: 'test'
  ...
# Subtest: a failed Home shell read keeps the learner in a retryable state on the canonical load path
ok 377 - a failed Home shell read keeps the learner in a retryable state on the canonical load path
  ---
  duration_ms: 0.421375
  type: 'test'
  ...
# Subtest: Home focus retries only eligible pending account data and clears route tab suppression on local navigation
ok 378 - Home focus retries only eligible pending account data and clears route tab suppression on local navigation
  ---
  duration_ms: 0.48575
  type: 'test'
  ...
# Subtest: the first Home visit replaces repeated empty metrics with one honest next-step state
ok 379 - the first Home visit replaces repeated empty metrics with one honest next-step state
  ---
  duration_ms: 0.6545
  type: 'test'
  ...
# Subtest: Home stacks quiet-layered context and decision metadata at large text sizes
ok 380 - Home stacks quiet-layered context and decision metadata at large text sizes
  ---
  duration_ms: 1.677375
  type: 'test'
  ...
# Subtest: track selection turns an active-track read rejection into an explicit retryable unavailable state
ok 381 - track selection turns an active-track read rejection into an explicit retryable unavailable state
  ---
  duration_ms: 1.59575
  type: 'test'
  ...
# Subtest: track selection retains the local choice and offers the same command again after a save rejection
ok 382 - track selection retains the local choice and offers the same command again after a save rejection
  ---
  duration_ms: 0.4895
  type: 'test'
  ...
# Subtest: track selection stacks dense rows and actions instead of clipping large text
ok 383 - track selection stacks dense rows and actions instead of clipping large text
  ---
  duration_ms: 1.705041
  type: 'test'
  ...
# Subtest: Algorithms bootstrap accepts a reachable large-text control without requiring full card visibility
ok 384 - Algorithms bootstrap accepts a reachable large-text control without requiring full card visibility
  ---
  duration_ms: 0.289375
  type: 'test'
  ...
# Subtest: track cards use the canonical Figma icon mapping for every active track
ok 385 - track cards use the canonical Figma icon mapping for every active track
  ---
  duration_ms: 0.343458
  type: 'test'
  ...
# Subtest: track selection mirrors the Figma returning and switching footer states
ok 386 - track selection mirrors the Figma returning and switching footer states
  ---
  duration_ms: 0.378
  type: 'test'
  ...
# Subtest: Activity groups durable terminal sessions and keeps the row projection truthful
ok 387 - Activity groups durable terminal sessions and keeps the row projection truthful
  ---
  duration_ms: 53.729125
  type: 'test'
  ...
# Subtest: Activity identifies an absolute-deadline completion without relabeling manual abandonment
ok 388 - Activity identifies an absolute-deadline completion without relabeling manual abandonment
  ---
  duration_ms: 0.695209
  type: 'test'
  ...
# Subtest: Activity track filter returns only records for the selected canonical track
ok 389 - Activity track filter returns only records for the selected canonical track
  ---
  duration_ms: 0.352375
  type: 'test'
  ...
# Subtest: Activity uses local calendar days and Monday-based calendar weeks
ok 390 - Activity uses local calendar days and Monday-based calendar weeks
  ---
  duration_ms: 1.101625
  type: 'test'
  ...
# Subtest: Activity keeps local midnight and relative labels correct across a DST boundary
ok 391 - Activity keeps local midnight and relative labels correct across a DST boundary
  ---
  duration_ms: 5.858041
  type: 'test'
  ...
# Subtest: Activity date labels format relative words and month names from the selected locale
ok 392 - Activity date labels format relative words and month names from the selected locale
  ---
  duration_ms: 52.735917
  type: 'test'
  ...
# Subtest: Algorithms dashboard prioritizes due review and provides a complete review action
ok 393 - Algorithms dashboard prioritizes due review and provides a complete review action
  ---
  duration_ms: 7.396958
  type: 'test'
  ...
# Subtest: Algorithms dashboard prioritizes repeated mistakes after overdue review and keeps its action explicit
ok 394 - Algorithms dashboard prioritizes repeated mistakes after overdue review and keeps its action explicit
  ---
  duration_ms: 0.82575
  type: 'test'
  ...
# Subtest: Algorithms dashboard turns bounded evidence into a scoped guided-practice action
ok 395 - Algorithms dashboard turns bounded evidence into a scoped guided-practice action
  ---
  duration_ms: 0.899834
  type: 'test'
  ...
# Subtest: Algorithms dashboard exposes the exact active session as a resume action
ok 396 - Algorithms dashboard exposes the exact active session as a resume action
  ---
  duration_ms: 0.8115
  type: 'test'
  ...
# Subtest: Home recommendation icons follow the Figma ready, review-due, and active-session variants
ok 397 - Home recommendation icons follow the Figma ready, review-due, and active-session variants
  ---
  duration_ms: 917.904875
  type: 'test'
  ...
# Subtest: Algorithms dashboard starts recognition only with its one declared set
ok 398 - Algorithms dashboard starts recognition only with its one declared set
  ---
  duration_ms: 0.713833
  type: 'test'
  ...
# Subtest: Algorithms dashboard requires an explicit contrast or independent-practice scope
ok 399 - Algorithms dashboard requires an explicit contrast or independent-practice scope
  ---
  duration_ms: 2.628083
  type: 'test'
  ...
# Subtest: active session stays ahead of every later recommendation condition
ok 400 - active session stays ahead of every later recommendation condition
  ---
  duration_ms: 0.287125
  type: 'test'
  ...
# Subtest: Home disables an incomplete recommendation action instead of choosing a scope
ok 401 - Home disables an incomplete recommendation action instead of choosing a scope
  ---
  duration_ms: 258.847792
  type: 'test'
  ...
# Subtest: Home projection exposes a stable empty-state focus without inventing evidence
ok 402 - Home projection exposes a stable empty-state focus without inventing evidence
  ---
  duration_ms: 998.691292
  type: 'test'
  ...
# Subtest: Home prioritizes one exact ordinary Certification resume action and excludes exam or cross-track sessions
ok 403 - Home prioritizes one exact ordinary Certification resume action and excludes exam or cross-track sessions
  ---
  duration_ms: 266.326334
  type: 'test'
  ...
# Subtest: Progress tab projects Certification empty state and due review availability
ok 404 - Progress tab projects Certification empty state and due review availability
  ---
  duration_ms: 6.691125
  type: 'test'
  ...
# Subtest: Progress tab has an explicit empty projection for every installed launch package
ok 405 - Progress tab has an explicit empty projection for every installed launch package
  ---
  duration_ms: 249.286625
  type: 'test'
  ...
# Subtest: Progress projection rejects an unknown track instead of selecting a default
ok 406 - Progress projection rejects an unknown track instead of selecting a default
  ---
  duration_ms: 0.431208
  type: 'test'
  ...
# Subtest: Algorithms Progress first use states the evidence limit and offers one useful start action
ok 407 - Algorithms Progress first use states the evidence limit and offers one useful start action
  ---
  duration_ms: 275.19225
  type: 'test'
  ...
# Subtest: Algorithms Progress keeps due review evidence honest and recommendations overridable
ok 408 - Algorithms Progress keeps due review evidence honest and recommendations overridable
  ---
  duration_ms: 227.607334
  type: 'test'
  ...
# Subtest: Progress activity previews latest canonical sessions for the active track, including completed zero-answer sessions
ok 409 - Progress activity previews latest canonical sessions for the active track, including completed zero-answer sessions
  ---
  duration_ms: 338.031125
  type: 'test'
  ...
# Subtest: Algorithms Progress derives a deterministic continuation from recorded evidence
ok 410 - Algorithms Progress derives a deterministic continuation from recorded evidence
  ---
  duration_ms: 219.6235
  type: 'test'
  ...
# Subtest: Algorithms Progress excludes due review from a stale content bank
ok 411 - Algorithms Progress excludes due review from a stale content bank
  ---
  duration_ms: 218.064
  type: 'test'
  ...
# Subtest: Algorithms Progress ignores same-version evidence from another exact content package
ok 412 - Algorithms Progress ignores same-version evidence from another exact content package
  ---
  duration_ms: 303.648417
  type: 'test'
  ...
# Subtest: Algorithms Progress keeps due review copy scoped to the bundled package Free node
ok 413 - Algorithms Progress keeps due review copy scoped to the bundled package Free node
  ---
  duration_ms: 355.287667
  type: 'test'
  ...
# Subtest: Algorithms Progress maps Figma evidence states to recorded attempts only
ok 414 - Algorithms Progress maps Figma evidence states to recorded attempts only
  ---
  duration_ms: 377.649791
  type: 'test'
  ...
# Subtest: track evidence rows stay informational while local show-more behavior remains
ok 415 - track evidence rows stay informational while local show-more behavior remains
  ---
  duration_ms: 3.234416
  type: 'test'
  ...
# Subtest: empty progress keeps practice as the primary action and exposes global activity
ok 416 - empty progress keeps practice as the primary action and exposes global activity
  ---
  duration_ms: 1.649792
  type: 'test'
  ...
# Subtest: the shared Home shell opens the track-aware Practice Hub from empty Progress
ok 417 - the shared Home shell opens the track-aware Practice Hub from empty Progress
  ---
  duration_ms: 0.673041
  type: 'test'
  ...
# Subtest: Home passes canonical sessions and exact row navigation into Progress
ok 418 - Home passes canonical sessions and exact row navigation into Progress
  ---
  duration_ms: 2.468084
  type: 'test'
  ...
# Subtest: Settings names guest and signed-out entry honestly and never offers guest sign-out
ok 419 - Settings names guest and signed-out entry honestly and never offers guest sign-out
  ---
  duration_ms: 46.847458
  type: 'test'
  ...
# Subtest: Settings preserves authenticated identity and distinguishes synchronized from repair states
ok 420 - Settings preserves authenticated identity and distinguishes synchronized from repair states
  ---
  duration_ms: 0.428167
  type: 'test'
  ...
# Subtest: Settings treats synced account data with durable warnings as needing attention
ok 421 - Settings treats synced account data with durable warnings as needing attention
  ---
  duration_ms: 0.2255
  type: 'test'
  ...
# Subtest: Settings blocks invalid actions while account lifecycle work is busy and keeps recovery states available
ok 422 - Settings blocks invalid actions while account lifecycle work is busy and keeps recovery states available
  ---
  duration_ms: 0.491875
  type: 'test'
  ...
# Subtest: syntax tokenizer preserves every character for all declared feedback languages
ok 423 - syntax tokenizer preserves every character for all declared feedback languages
  ---
  duration_ms: 10.773416
  type: 'test'
  ...
# Subtest: Algorithms completion handoff classifies and recovers every real storage boundary
ok 424 - Algorithms completion handoff classifies and recovers every real storage boundary
  ---
  duration_ms: 12844.2135
  type: 'test'
  ...
# Subtest: Certification completion handoff classifies and recovers every real storage boundary
ok 425 - Certification completion handoff classifies and recovers every real storage boundary
  ---
  duration_ms: 5864.27675
  type: 'test'
  ...
# Subtest: Algorithms verified handoff survives the first summary projection read failure without a cache or completion fallback
ok 426 - Algorithms verified handoff survives the first summary projection read failure without a cache or completion fallback
  ---
  duration_ms: 1982.24375
  type: 'test'
  ...
# Subtest: Algorithms practice hub exposes exactly the four bundled Free-package modes
ok 427 - Algorithms practice hub exposes exactly the four bundled Free-package modes
  ---
  duration_ms: 406.224167
  type: 'test'
  ...
# Subtest: Algorithms Independent Practice keeps its canonical title in the Polish presentation boundary
ok 428 - Algorithms Independent Practice keeps its canonical title in the Polish presentation boundary
  ---
  duration_ms: 6.913125
  type: 'test'
  ...
# Subtest: Certification practice hub keeps Focus primary and exposes the declared Knowledge Check, Weak, and Quick modes
ok 429 - Certification practice hub keeps Focus primary and exposes the declared Knowledge Check, Weak, and Quick modes
  ---
  duration_ms: 0.834791
  type: 'test'
  ...
# Subtest: Certification practice presentation composes the concrete Google Cloud name through Polish translation
ok 430 - Certification practice presentation composes the concrete Google Cloud name through Polish translation
  ---
  duration_ms: 4.853042
  type: 'test'
  ...
# Subtest: Algorithms practice topic and statistics compose through Polish translation
ok 431 - Algorithms practice topic and statistics compose through Polish translation
  ---
  duration_ms: 255.027459
  type: 'test'
  ...
# Subtest: route-selected Algorithms topic preserves authored copy and translates only structured 0/158 and 0/8 labels
ok 432 - route-selected Algorithms topic preserves authored copy and translates only structured 0/158 and 0/8 labels
  ---
  duration_ms: 276.113875
  type: 'test'
  ...
# Subtest: shared practice presentation rejects an unknown track instead of substituting another track
ok 433 - shared practice presentation rejects an unknown track instead of substituting another track
  ---
  duration_ms: 7.342375
  type: 'test'
  ...
# Subtest: practice presentation rejects unknown families and unsupported registered family members explicitly
ok 434 - practice presentation rejects unknown families and unsupported registered family members explicitly
  ---
  duration_ms: 1.012792
  type: 'test'
  ...
# Subtest: Every launch roadmap exposes its Free node first and all other nodes locked
ok 435 - Every launch roadmap exposes its Free node first and all other nodes locked
  ---
  duration_ms: 224.658542
  type: 'test'
  ...
# Subtest: Algorithms roadmap records practice inside the bundled package Free node while keeping Premium nodes locked
ok 436 - Algorithms roadmap records practice inside the bundled package Free node while keeping Premium nodes locked
  ---
  duration_ms: 216.092625
  type: 'test'
  ...
# Subtest: practice session exit resets navigation above the closed session
ok 437 - practice session exit resets navigation above the closed session
  ---
  duration_ms: 5.21
  type: 'test'
  ...
# Subtest: practice session exit can return to the hub without a topic override
ok 438 - practice session exit can return to the hub without a topic override
  ---
  duration_ms: 0.507917
  type: 'test'
  ...
# Subtest: the canonical Custom Practice hero opens setup without a duplicate mode row
ok 439 - the canonical Custom Practice hero opens setup without a duplicate mode row
  ---
  duration_ms: 1.252
  type: 'test'
  ...
# Subtest: practice screens turn unsupported package, topic, and mode reads into exits
ok 440 - practice screens turn unsupported package, topic, and mode reads into exits
  ---
  duration_ms: 3.147458
  type: 'test'
  ...
# Subtest: practice route changes cannot submit stale setup controls and preserve track identity
ok 441 - practice route changes cannot submit stale setup controls and preserve track identity
  ---
  duration_ms: 6.887167
  type: 'test'
  ...
# Subtest: changing track returns through the Home root and drops practice route overrides
ok 442 - changing track returns through the Home root and drops practice route overrides
  ---
  duration_ms: 0.54375
  type: 'test'
  ...
# Subtest: Hub uses its displayed primary mode and package length defaults
ok 443 - Hub uses its displayed primary mode and package length defaults
  ---
  duration_ms: 0.39175
  type: 'test'
  ...
# Subtest: Custom Practice accepts its package-declared length and persists its selected feedback timing
ok 444 - Custom Practice accepts its package-declared length and persists its selected feedback timing
  ---
  duration_ms: 355.215209
  type: 'test'
  ...
# Subtest: Custom Practice setup rejects every unsupported session length
ok 445 - Custom Practice setup rejects every unsupported session length
  ---
  duration_ms: 12.885291
  type: 'test'
  ...
# Subtest: Custom Practice requires a selected timing while predefined Algorithms modes retain fixed timings
ok 446 - Custom Practice requires a selected timing while predefined Algorithms modes retain fixed timings
  ---
  duration_ms: 0.4195
  type: 'test'
  ...
# Subtest: rejects an Algorithms session length that the selected mode does not declare
ok 447 - rejects an Algorithms session length that the selected mode does not declare
  ---
  duration_ms: 0.271125
  type: 'test'
  ...
# Subtest: Independent Practice direct entry fails because it is excluded from the bundled Free package
ok 448 - Independent Practice direct entry fails because it is excluded from the bundled Free package
  ---
  duration_ms: 0.22875
  type: 'test'
  ...
# Subtest: Certification resume routes preserve exact immutable configuration for package modes
ok 449 - Certification resume routes preserve exact immutable configuration for package modes
  ---
  duration_ms: 6.455
  type: 'test'
  ...
# Subtest: Certification resume rejects stale, cross-track, exam, and non-active sessions explicitly
ok 450 - Certification resume rejects stale, cross-track, exam, and non-active sessions explicitly
  ---
  duration_ms: 0.798458
  type: 'test'
  ...
# Subtest: Practice presentation never discloses feedback before the durable feedback boundary
ok 451 - Practice presentation never discloses feedback before the durable feedback boundary
  ---
  duration_ms: 2.31925
  type: 'test'
  ...
# Subtest: Practice presentation permits response edits before a journal exists
ok 452 - Practice presentation permits response edits before a journal exists
  ---
  duration_ms: 9.995333
  type: 'test'
  ...
# Subtest: Practice action model separates final feedback from the durable Finish command
ok 453 - Practice action model separates final feedback from the durable Finish command
  ---
  duration_ms: 4.988209
  type: 'test'
  ...
# Subtest: Deferred feedback keeps the submit CTA and saving status aligned
ok 454 - Deferred feedback keeps the submit CTA and saving status aligned
  ---
  duration_ms: 0.334792
  type: 'test'
  ...
# Subtest: Practice pending phases retain a stable unsafe-action lock
ok 455 - Practice pending phases retain a stable unsafe-action lock
  ---
  duration_ms: 0.205542
  type: 'test'
  ...
# Subtest: Practice operation notice mapping remains one family-neutral interpretation
ok 456 - Practice operation notice mapping remains one family-neutral interpretation
  ---
  duration_ms: 0.59725
  type: 'test'
  ...
# Subtest: Durable recovery notices stay learner-facing in English and Polish
ok 457 - Durable recovery notices stay learner-facing in English and Polish
  ---
  duration_ms: 5.493541
  type: 'test'
  ...
# Subtest: Practice local choice selection survives only the same editable occurrence
ok 458 - Practice local choice selection survives only the same editable occurrence
  ---
  duration_ms: 8.283708
  type: 'test'
  ...
# Subtest: Scoped local response preserves all authored control types for the same editable occurrence
ok 459 - Scoped local response preserves all authored control types for the same editable occurrence
  ---
  duration_ms: 1.082334
  type: 'test'
  ...
# Subtest: Scoped local response resets when the session or occurrence identity changes
ok 460 - Scoped local response resets when the session or occurrence identity changes
  ---
  duration_ms: 5.718625
  type: 'test'
  ...
# Subtest: Scoped durable response is authoritative over an unsent local response
ok 461 - Scoped durable response is authoritative over an unsent local response
  ---
  duration_ms: 1.897709
  type: 'test'
  ...
# Subtest: Practice durable choice response wins and response-less locked state clears
ok 462 - Practice durable choice response wins and response-less locked state clears
  ---
  duration_ms: 0.23075
  type: 'test'
  ...
# Subtest: Practice response renderer consumes application feedback states without scoring in UI
ok 463 - Practice response renderer consumes application feedback states without scoring in UI
  ---
  duration_ms: 0.368167
  type: 'test'
  ...
# Subtest: The visible ordering is a complete response before the learner moves an element
ok 464 - The visible ordering is a complete response before the learner moves an element
  ---
  duration_ms: 0.244292
  type: 'test'
  ...
# Subtest: Practice correctness semantics stay separate from the native checked selection state
ok 465 - Practice correctness semantics stay separate from the native checked selection state
  ---
  duration_ms: 0.248458
  type: 'test'
  ...
# Subtest: Premium is one SKU-neutral entitlement with exactly the canonical offer kinds
ok 466 - Premium is one SKU-neutral entitlement with exactly the canonical offer kinds
  ---
  duration_ms: 11.494333
  type: 'test'
  ...
# Subtest: projection construction keeps one account-bound Premium record independent of tracks, tiers, and slots
ok 467 - projection construction keeps one account-bound Premium record independent of tracks, tiers, and slots
  ---
  duration_ms: 5.228541
  type: 'test'
  ...
# Subtest: projection validation accepts every documented state and rejects unknown state values
ok 468 - projection validation accepts every documented state and rejects unknown state values
  ---
  duration_ms: 1.373083
  type: 'test'
  ...
# Subtest: malformed, incomplete, and extra-field payloads fail closed
ok 469 - malformed, incomplete, and extra-field payloads fail closed
  ---
  duration_ms: 1.035125
  type: 'test'
  ...
# Subtest: omitted required projection fields fail closed
ok 470 - omitted required projection fields fail closed
  ---
  duration_ms: 0.468541
  type: 'test'
  ...
# Subtest: account IDs reject whitespace and email-shaped values without requiring a provider format
ok 471 - account IDs reject whitespace and email-shaped values without requiring a provider format
  ---
  duration_ms: 0.246875
  type: 'test'
  ...
# Subtest: projection timestamps are strict ISO values and access fails closed for malformed or future timestamps
ok 472 - projection timestamps are strict ISO values and access fails closed for malformed or future timestamps
  ---
  duration_ms: 0.79425
  type: 'test'
  ...
# Subtest: active and grace access expires after the inclusive seven-day verification boundary
ok 473 - active and grace access expires after the inclusive seven-day verification boundary
  ---
  duration_ms: 0.348959
  type: 'test'
  ...
# Subtest: only active and grace projections allow new Premium access
ok 474 - only active and grace projections allow new Premium access
  ---
  duration_ms: 0.888792
  type: 'test'
  ...
# Subtest: content reports are reachable from practice details and answer review
ok 475 - content reports are reachable from practice details and answer review
  ---
  duration_ms: 2.415458
  type: 'test'
  ...
# Subtest: report input is intentionally content-free beyond bounded item context
ok 476 - report input is intentionally content-free beyond bounded item context
  ---
  duration_ms: 0.66875
  type: 'test'
  ...
# Subtest: track presentation exposes only the concrete Google Cloud track
ok 477 - track presentation exposes only the concrete Google Cloud track
  ---
  duration_ms: 1.755709
  type: 'test'
  ...
# Subtest: active track naming is complete in the Polish presentation dictionary
ok 478 - active track naming is complete in the Polish presentation dictionary
  ---
  duration_ms: 3.844333
  type: 'test'
  ...
# Subtest: review presentation uses the concrete track title when taxonomy context is absent
ok 479 - review presentation uses the concrete track title when taxonomy context is absent
  ---
  duration_ms: 4.000167
  type: 'test'
  ...
# Subtest: review translates known track and cloud taxonomy labels while preserving authored taxonomy
ok 480 - review translates known track and cloud taxonomy labels while preserving authored taxonomy
  ---
  duration_ms: 38.616292
  type: 'test'
  ...
# Subtest: dynamic track titles cross the translation boundary and long header copy can shrink
ok 481 - dynamic track titles cross the translation boundary and long header copy can shrink
  ---
  duration_ms: 3.275958
  type: 'test'
  ...
# Subtest: practice SessionShell uses natural action geometry while simulation keeps its fixed footer
ok 482 - practice SessionShell uses natural action geometry while simulation keeps its fixed footer
  ---
  duration_ms: 2.954209
  type: 'test'
  ...
# Subtest: SessionShell keeps the Figma top bar in one row at large text
ok 483 - SessionShell keeps the Figma top bar in one row at large text
  ---
  duration_ms: 4.041417
  type: 'test'
  ...
# Subtest: SessionShell keeps chrome readable without allowing it to crowd out authored content
ok 484 - SessionShell keeps chrome readable without allowing it to crowd out authored content
  ---
  duration_ms: 0.290542
  type: 'test'
  ...
# Subtest: session timers keep the Figma value-only visual label while retaining spoken context
ok 485 - session timers keep the Figma value-only visual label while retaining spoken context
  ---
  duration_ms: 0.908417
  type: 'test'
  ...
# Subtest: Practice sessions reset their scroll viewport when the canonical item changes
ok 486 - Practice sessions reset their scroll viewport when the canonical item changes
  ---
  duration_ms: 0.481292
  type: 'test'
  ...
# Subtest: Button chrome remains usable while supporting up to 200 percent text
ok 487 - Button chrome remains usable while supporting up to 200 percent text
  ---
  duration_ms: 0.12375
  type: 'test'
  ...
# Subtest: final simulation action saves an answered response before finish and lets an unanswered final occurrence finish
ok 488 - final simulation action saves an answered response before finish and lets an unanswered final occurrence finish
  ---
  duration_ms: 6.476709
  type: 'test'
  ...
# Subtest: simulation question navigator has the approved states, accessible labels, and large-text grid adaptation
ok 489 - simulation question navigator has the approved states, accessible labels, and large-text grid adaptation
  ---
  duration_ms: 2.459375
  type: 'test'
  ...
# Subtest: simulation operation surface renders only declared state actions and never a generic retry
ok 490 - simulation operation surface renders only declared state actions and never a generic retry
  ---
  duration_ms: 3.96275
  type: 'test'
  ...
# Subtest: navigator jumps retain the current question in an explicit locked presentation
ok 491 - navigator jumps retain the current question in an explicit locked presentation
  ---
  duration_ms: 4.240792
  type: 'test'
  ...
# Subtest: button loading decoration stays outside the accessible busy control
ok 492 - button loading decoration stays outside the accessible busy control
  ---
  duration_ms: 1.633208
  type: 'test'
  ...
# Subtest: simulation pause/end uses one Figma action sheet and keeps the destructive command reachable
ok 493 - simulation pause/end uses one Figma action sheet and keeps the destructive command reachable
  ---
  duration_ms: 2.596333
  type: 'test'
  ...
# Subtest: simulation finish confirmation uses the Figma action-required copy and review dismissal
ok 494 - simulation finish confirmation uses the Figma action-required copy and review dismissal
  ---
  duration_ms: 2.302833
  type: 'test'
  ...
# Subtest: simulation result presentation distinguishes pending, verified, scoreless, and rejected reads
ok 495 - simulation result presentation distinguishes pending, verified, scoreless, and rejected reads
  ---
  duration_ms: 2.040833
  type: 'test'
  ...
# Subtest: keyed result reads discard a previous request after the session changes
ok 496 - keyed result reads discard a previous request after the session changes
  ---
  duration_ms: 4.334792
  type: 'test'
  ...
# Subtest: focus loss and unmount invalidation prevent late read errors from publishing
ok 497 - focus loss and unmount invalidation prevent late read errors from publishing
  ---
  duration_ms: 0.372875
  type: 'test'
  ...
# Subtest: retry starts a new generation and publishes only its successful result
ok 498 - retry starts a new generation and publishes only its successful result
  ---
  duration_ms: 0.290834
  type: 'test'
  ...
# Subtest: blur or unmount invalidates the latest retry token
ok 499 - blur or unmount invalidates the latest retry token
  ---
  duration_ms: 0.730458
  type: 'test'
  ...
# Subtest: the current rejected result read stays an explicit error
ok 500 - the current rejected result read stays an explicit error
  ---
  duration_ms: 0.335167
  type: 'test'
  ...
# Subtest: non-final simulation CTA labels, disables, and invokes only save-and-continue
ok 501 - non-final simulation CTA labels, disables, and invokes only save-and-continue
  ---
  duration_ms: 6.533708
  type: 'test'
  ...
# Subtest: an unanswered non-final simulation occurrence keeps the Figma Save and continue CTA disabled
ok 502 - an unanswered non-final simulation occurrence keeps the Figma Save and continue CTA disabled
  ---
  duration_ms: 3.282584
  type: 'test'
  ...
# Subtest: simulation routes retain one review header and a neutral result title before verification
ok 503 - simulation routes retain one review header and a neutral result title before verification
  ---
  duration_ms: 4.159666
  type: 'test'
  ...
# Subtest: active simulation surface fills the viewport and keeps navigator presentation outside the approved active screen
ok 504 - active simulation surface fills the viewport and keeps navigator presentation outside the approved active screen
  ---
  duration_ms: 0.878125
  type: 'test'
  ...
# Subtest: simulation confirmation reuses the session chrome owner with its Figma frozen-state geometry
ok 505 - simulation confirmation reuses the session chrome owner with its Figma frozen-state geometry
  ---
  duration_ms: 1.402625
  type: 'test'
  ...
# Subtest: simulation preparation owns neutral question and response geometry
ok 506 - simulation preparation owns neutral question and response geometry
  ---
  duration_ms: 0.842209
  type: 'test'
  ...
# Subtest: simulation statuses localize their projection copy and expose pending operation semantics
ok 507 - simulation statuses localize their projection copy and expose pending operation semantics
  ---
  duration_ms: 0.471834
  type: 'test'
  ...
# Subtest: Simulation navigator accepts complete unique projections for each supported session length
ok 508 - Simulation navigator accepts complete unique projections for each supported session length
  ---
  duration_ms: 2.580833
  type: 'test'
  ...
# Subtest: Simulation completion metrics are withheld before the verified completed projection
ok 509 - Simulation completion metrics are withheld before the verified completed projection
  ---
  duration_ms: 0.480083
  type: 'test'
  ...
# Subtest: i18n locale files have matching namespaces and keys
ok 510 - i18n locale files have matching namespaces and keys
  ---
  duration_ms: 23.93275
  type: 'test'
  ...
# Subtest: translation AST collection stays on literal first arguments
ok 511 - translation AST collection stays on literal first arguments
  ---
  duration_ms: 584.28075
  type: 'test'
  ...
# Subtest: scoped Practice, result, review, and session-shell literals exist in both locales
ok 512 - scoped Practice, result, review, and session-shell literals exist in both locales
  ---
  duration_ms: 431.767708
  type: 'test'
  ...
# Subtest: practice presentation output strings are keys in both locales
ok 513 - practice presentation output strings are keys in both locales
  ---
  duration_ms: 2.475625
  type: 'test'
  ...
# Subtest: admitted practice mode titles, details, and unavailable reasons are locale keys
ok 514 - admitted practice mode titles, details, and unavailable reasons are locale keys
  ---
  duration_ms: 3.242875
  type: 'test'
  ...
# Subtest: local remote-client boundary is explicit and has no implicit endpoint
ok 515 - local remote-client boundary is explicit and has no implicit endpoint
  ---
  duration_ms: 4.1395
  type: 'test'
  ...
# Subtest: public environment accepts the complete sandbox-only Firebase domain configuration
ok 516 - public environment accepts the complete sandbox-only Firebase domain configuration
  ---
  duration_ms: 1.826208
  type: 'test'
  ...
# Subtest: public environment rejects extra keys, incomplete values, unsafe URLs, and production Firebase defaults
ok 517 - public environment rejects extra keys, incomplete values, unsafe URLs, and production Firebase defaults
  ---
  duration_ms: 0.928416
  type: 'test'
  ...
# Subtest: runtime privacy keeps console and raw errors forbidden inside adapters and rejects sibling client paths
ok 518 - runtime privacy keeps console and raw errors forbidden inside adapters and rejects sibling client paths
  ---
  duration_ms: 1299.582958
  type: 'test'
  ...
# Subtest: generated client refuses an unconfigured environment and missing token
ok 519 - generated client refuses an unconfigured environment and missing token
  ---
  duration_ms: 122.523666
  type: 'test'
  ...
# Subtest: generated client uses typed REST paths, bearer auth, timeout and bounded errors
ok 520 - generated client uses typed REST paths, bearer auth, timeout and bounded errors
  ---
  duration_ms: 6.842417
  type: 'test'
  ...
# Subtest: generated client deadline includes token acquisition
ok 521 - generated client deadline includes token acquisition
  ---
  duration_ms: 27.636208
  type: 'test'
  ...
# Subtest: generated client preserves token provider failures
ok 522 - generated client preserves token provider failures
  ---
  duration_ms: 1.125667
  type: 'test'
  ...
# Subtest: generated client deadline includes response body parsing and aborts the request
ok 523 - generated client deadline includes response body parsing and aborts the request
  ---
  duration_ms: 22.72825
  type: 'test'
  ...
# Subtest: content reports send App Check and keep bearer identity optional
ok 524 - content reports send App Check and keep bearer identity optional
  ---
  duration_ms: 1.411708
  type: 'test'
  ...
# Subtest: local-safe environment stays explicitly unavailable
ok 525 - local-safe environment stays explicitly unavailable
  ---
  duration_ms: 0.428
  type: 'test'
  ...
# Subtest: Firebase configuration exposes the deny-all rules and the one semantic account-record index
ok 526 - Firebase configuration exposes the deny-all rules and the one semantic account-record index
  ---
  duration_ms: 8.0485
  type: 'test'
  ...
# Subtest: keeps pre-market Firebase Hosting unpublished and loopback-only
ok 527 - keeps pre-market Firebase Hosting unpublished and loopback-only
  ---
  duration_ms: 139.803125
  type: 'test'
  ...
# Subtest: Firebase Auth Emulator is unavailable outside explicit development E2E
ok 528 - Firebase Auth Emulator is unavailable outside explicit development E2E
  ---
  duration_ms: 2.733083
  type: 'test'
  ...
# Subtest: Firebase Auth Emulator requires the canonical local development origin
ok 529 - Firebase Auth Emulator requires the canonical local development origin
  ---
  duration_ms: 1.005
  type: 'test'
  ...
# Subtest: local builds keep public legal links explicitly unavailable without configuration
ok 530 - local builds keep public legal links explicitly unavailable without configuration
  ---
  duration_ms: 2.906084
  type: 'test'
  ...
# Subtest: missing public URL fails closed instead of inferring a destination
ok 531 - missing public URL fails closed instead of inferring a destination
  ---
  duration_ms: 6.273833
  type: 'test'
  ...
# Subtest: configured public legal links preserve the validated contract destinations
ok 532 - configured public legal links preserve the validated contract destinations
  ---
  duration_ms: 2.587833
  type: 'test'
  ...
# Subtest: canonical serialization sorts object keys without changing array order
ok 533 - canonical serialization sorts object keys without changing array order
  ---
  duration_ms: 2.538667
  type: 'test'
  ...
# Subtest: fingerprint payload carries the canonical serializer version
ok 534 - fingerprint payload carries the canonical serializer version
  ---
  duration_ms: 1.613667
  type: 'test'
  ...
# Subtest: SHA-256 identities are stable, opaque, and response-sensitive
ok 535 - SHA-256 identities are stable, opaque, and response-sensitive
  ---
  duration_ms: 2.590291
  type: 'test'
  ...
# Subtest: platform-neutral SHA-256 matches standard UTF-8 vectors
ok 536 - platform-neutral SHA-256 matches standard UTF-8 vectors
  ---
  duration_ms: 4.165584
  type: 'test'
  ...
# Subtest: Node production identity emits validated, distinct track/mode UUIDv4 values
ok 537 - Node production identity emits validated, distinct track/mode UUIDv4 values
  ---
  duration_ms: 9.858916
  type: 'test'
  ...
# Subtest: identity format rejects malformed scope and non-v4 UUIDs without a fallback
ok 538 - identity format rejects malformed scope and non-v4 UUIDs without a fallback
  ---
  duration_ms: 0.749208
  type: 'test'
  ...
# Subtest: Node and phone adapters use their platform crypto peer through extensionless resolution
ok 539 - Node and phone adapters use their platform crypto peer through extensionless resolution
  ---
  duration_ms: 4.413375
  type: 'test'
  ...
# Subtest: development audit identity advances from durable history across modes and composition reload, then reset restores suffix one
ok 540 - development audit identity advances from durable history across modes and composition reload, then reset restores suffix one
  ---
  duration_ms: 1551.812
  type: 'test'
  ...
# Subtest: one injected identity port forwards exact lifecycle-owned IDs across both families
ok 541 - one injected identity port forwards exact lifecycle-owned IDs across both families
  ---
  duration_ms: 554.431084
  type: 'test'
  ...
# Subtest: LoadingState is the compact accessible generic pending status
ok 542 - LoadingState is the compact accessible generic pending status
  ---
  duration_ms: 9.18525
  type: 'test'
  ...
# Subtest: EmptyState is the centered retained-content/unavailable status primitive
ok 543 - EmptyState is the centered retained-content/unavailable status primitive
  ---
  duration_ms: 0.679875
  type: 'test'
  ...
# Subtest: exactly the one remaining generic pending branch uses LoadingState
ok 544 - exactly the one remaining generic pending branch uses LoadingState
  ---
  duration_ms: 24.413583
  type: 'test'
  ...
# Subtest: C1 screens own local review and exam loading geometry
ok 545 - C1 screens own local review and exam loading geometry
  ---
  duration_ms: 1.389584
  type: 'test'
  ...
# Subtest: bootstrap, roadmap, and setup own their phase or screen loading geometry
ok 546 - bootstrap, roadmap, and setup own their phase or screen loading geometry
  ---
  duration_ms: 4.970334
  type: 'test'
  ...
# Subtest: Home shell owns tab-specific glass loading geometry and keeps navigation usable
ok 547 - Home shell owns tab-specific glass loading geometry and keeps navigation usable
  ---
  duration_ms: 1.648375
  type: 'test'
  ...
# Subtest: Practice Hub keeps its local pending geometry while the scoped read model owns state
ok 548 - Practice Hub keeps its local pending geometry while the scoped read model owns state
  ---
  duration_ms: 2.23025
  type: 'test'
  ...
# Subtest: specialized practice sessions share one neutral question and response loading skeleton
ok 549 - specialized practice sessions share one neutral question and response loading skeleton
  ---
  duration_ms: 0.86225
  type: 'test'
  ...
# Subtest: Activity owns its glass loading skeleton
ok 550 - Activity owns its glass loading skeleton
  ---
  duration_ms: 1.544083
  type: 'test'
  ...
# Subtest: Coding Interview scope owns its glass loading skeleton
ok 551 - Coding Interview scope owns its glass loading skeleton
  ---
  duration_ms: 1.658083
  type: 'test'
  ...
# Subtest: exam review owns its glass loading skeleton
ok 552 - exam review owns its glass loading skeleton
  ---
  duration_ms: 0.855209
  type: 'test'
  ...
# Subtest: exam result owns its glass loading skeleton
ok 553 - exam result owns its glass loading skeleton
  ---
  duration_ms: 0.616417
  type: 'test'
  ...
# Subtest: coding practice result owns its glass loading skeleton
ok 554 - coding practice result owns its glass loading skeleton
  ---
  duration_ms: 0.873584
  type: 'test'
  ...
# Subtest: mistakes review owns its glass loading skeleton
ok 555 - mistakes review owns its glass loading skeleton
  ---
  duration_ms: 1.979375
  type: 'test'
  ...
# Subtest: SkeletonShape owns the shared clipped glass primitive
ok 556 - SkeletonShape owns the shared clipped glass primitive
  ---
  duration_ms: 1.242417
  type: 'test'
  ...
# Subtest: Skeleton glass motion uses one native driver loop and resets on lifecycle changes
ok 557 - Skeleton glass motion uses one native driver loop and resets on lifecycle changes
  ---
  duration_ms: 0.995209
  type: 'test'
  ...
# Subtest: Skeleton glass motion stays static while Reduce Motion is unresolved or fails
ok 558 - Skeleton glass motion stays static while Reduce Motion is unresolved or fails
  ---
  duration_ms: 0.341417
  type: 'test'
  ...
# Subtest: pending data is distinct from true empty and onboarding outcomes
ok 559 - pending data is distinct from true empty and onboarding outcomes
  ---
  duration_ms: 1.153583
  type: 'test'
  ...
# Subtest: the six read owners end rejected reads in explicit unavailable EmptyStates
ok 560 - the six read owners end rejected reads in explicit unavailable EmptyStates
  ---
  duration_ms: 2.063125
  type: 'test'
  ...
# Subtest: scoped practice reads honor explicit route identity and only load reviews on Hub
ok 561 - scoped practice reads honor explicit route identity and only load reviews on Hub
  ---
  duration_ms: 2.007167
  type: 'test'
  ...
# Subtest: route-keyed read states block A under B and publish only their captured request
ok 562 - route-keyed read states block A under B and publish only their captured request
  ---
  duration_ms: 2.962292
  type: 'test'
  ...
# Subtest: queue reads clear stale resolved data before pending or unavailable
ok 563 - queue reads clear stale resolved data before pending or unavailable
  ---
  duration_ms: 0.531375
  type: 'test'
  ...
# Subtest: specialized session preparation stays local while completion uses the generic status
ok 564 - specialized session preparation stays local while completion uses the generic status
  ---
  duration_ms: 2.758
  type: 'test'
  ...
# Subtest: Interview Simulation result keeps pending, scoreless, and failed reads explicit
ok 565 - Interview Simulation result keeps pending, scoreless, and failed reads explicit
  ---
  duration_ms: 2.9905
  type: 'test'
  ...
# Subtest: navigation screens do not re-enter the public navigation barrel at runtime
ok 566 - navigation screens do not re-enter the public navigation barrel at runtime
  ---
  duration_ms: 8.511542
  type: 'test'
  ...
# Subtest: bottom navigation labels stay canonical
ok 567 - bottom navigation labels stay canonical
  ---
  duration_ms: 7.879958
  type: 'test'
  ...
# Subtest: primary Home and Practice CTAs route to Practice Hub
ok 568 - primary Home and Practice CTAs route to Practice Hub
  ---
  duration_ms: 0.342
  type: 'test'
  ...
# Subtest: Home change track CTA routes to track selection
ok 569 - Home change track CTA routes to track selection
  ---
  duration_ms: 0.202959
  type: 'test'
  ...
# Subtest: shell safety model exposes no gamified status fields
ok 570 - shell safety model exposes no gamified status fields
  ---
  duration_ms: 0.259042
  type: 'test'
  ...
# Subtest: Practice review weak items routes to canonical review queue
ok 571 - Practice review weak items routes to canonical review queue
  ---
  duration_ms: 0.438417
  type: 'test'
  ...
# Subtest: bootstrap owns one branded phase-aware loading surface with no synthetic completion
ok 572 - bootstrap owns one branded phase-aware loading surface with no synthetic completion
  ---
  duration_ms: 4.960125
  type: 'test'
  ...
# Subtest: generic LoadingState no longer carries the startup animation variant
ok 573 - generic LoadingState no longer carries the startup animation variant
  ---
  duration_ms: 0.908041
  type: 'test'
  ...
# Subtest: app preferences default to English content locale and device appearance
ok 574 - app preferences default to English content locale and device appearance
  ---
  duration_ms: 6.999583
  type: 'test'
  ...
# Subtest: app preferences retain an explicitly selected Polish locale
ok 575 - app preferences retain an explicitly selected Polish locale
  ---
  duration_ms: 1.4485
  type: 'test'
  ...
# Subtest: translations resolve common UI copy through i18next
ok 576 - translations resolve common UI copy through i18next
  ---
  duration_ms: 14.269375
  type: 'test'
  ...
# Subtest: language changes persist all supported choices without changing appearance
ok 577 - language changes persist all supported choices without changing appearance
  ---
  duration_ms: 4.057709
  type: 'test'
  ...
# Subtest: a failed language write rejects and preserves the previous saved choice for retry
ok 578 - a failed language write rejects and preserves the previous saved choice for retry
  ---
  duration_ms: 9.134
  type: 'test'
  ...
# Subtest: daily reminder time accepts only strict 24-hour input
ok 579 - daily reminder time accepts only strict 24-hour input
  ---
  duration_ms: 4.614
  type: 'test'
  ...
# Subtest: permission request delegates to the operating system only when it can still be asked
ok 580 - permission request delegates to the operating system only when it can still be asked
  ---
  duration_ms: 0.437208
  type: 'test'
  ...
# Subtest: saving a reminder schedules exactly one daily native notification and persists its identifier
ok 581 - saving a reminder schedules exactly one daily native notification and persists its identifier
  ---
  duration_ms: 1.481709
  type: 'test'
  ...
# Subtest: changing a reminder replaces the old native schedule instead of accumulating schedules
ok 582 - changing a reminder replaces the old native schedule instead of accumulating schedules
  ---
  duration_ms: 0.605041
  type: 'test'
  ...
# Subtest: a denied operating-system permission never produces a hidden or mock reminder
ok 583 - a denied operating-system permission never produces a hidden or mock reminder
  ---
  duration_ms: 4.133292
  type: 'test'
  ...
# Subtest: disabling a reminder cancels its native schedule and clears the durable setting
ok 584 - disabling a reminder cancels its native schedule and clears the durable setting
  ---
  duration_ms: 0.664791
  type: 'test'
  ...
# Subtest: notification settings owns the Figma granted and blocked states in one local screen header
ok 585 - notification settings owns the Figma granted and blocked states in one local screen header
  ---
  duration_ms: 4.851125
  type: 'test'
  ...
# Subtest: notification reminder row and editor use the Figma-specific row and sheet geometry
ok 586 - notification reminder row and editor use the Figma-specific row and sheet geometry
  ---
  duration_ms: 2.055083
  type: 'test'
  ...
# Subtest: notification settings exposes lifecycle-safe load and mutation state
ok 587 - notification settings exposes lifecycle-safe load and mutation state
  ---
  duration_ms: 0.488292
  type: 'test'
  ...
# Subtest: notification settings mutations are single-flight before asynchronous work starts
ok 588 - notification settings mutations are single-flight before asynchronous work starts
  ---
  duration_ms: 1.573167
  type: 'test'
  ...
# Subtest: a read that started before a mutation cannot overwrite the completed mutation
ok 589 - a read that started before a mutation cannot overwrite the completed mutation
  ---
  duration_ms: 0.283833
  type: 'test'
  ...
# Subtest: a read started during a mutation stays stale while a later idle read can commit
ok 590 - a read started during a mutation stays stale while a later idle read can commit
  ---
  duration_ms: 0.155875
  type: 'test'
  ...
# Subtest: a foreground read during a mutation is skipped before it can leave loading asserted
ok 591 - a foreground read during a mutation is skipped before it can leave loading asserted
  ---
  duration_ms: 0.293375
  type: 'test'
  ...
# Subtest: Settings exposes account and participant navigation actions plus conditional developer verification actions
ok 592 - Settings exposes account and participant navigation actions plus conditional developer verification actions
  ---
  duration_ms: 8.345125
  type: 'test'
  ...
# Subtest: Settings account presentation names guest, authenticated, and unavailable states and keeps sign-out provider-owned
ok 593 - Settings account presentation names guest, authenticated, and unavailable states and keeps sign-out provider-owned
  ---
  duration_ms: 1.890583
  type: 'test'
  ...
# Subtest: Settings keeps the backend verification group explicitly development-only
ok 594 - Settings keeps the backend verification group explicitly development-only
  ---
  duration_ms: 1.712083
  type: 'test'
  ...
# Subtest: grouped settings rows follow the Figma 200% text geometry
ok 595 - grouped settings rows follow the Figma 200% text geometry
  ---
  duration_ms: 0.597042
  type: 'test'
  ...
# Subtest: Settings description reflects app and practice preferences without account semantics
ok 596 - Settings description reflects app and practice preferences without account semantics
  ---
  duration_ms: 0.511708
  type: 'test'
  ...
# Subtest: Settings app identity follows the Figma footer geometry
ok 597 - Settings app identity follows the Figma footer geometry
  ---
  duration_ms: 0.428708
  type: 'test'
  ...
# Subtest: Settings uses honest practice setup copy and keeps appearance values readable at large text
ok 598 - Settings uses honest practice setup copy and keeps appearance values readable at large text
  ---
  duration_ms: 0.343125
  type: 'test'
  ...
# Subtest: shared supporting list-row text uses the Figma fractional line height
ok 599 - shared supporting list-row text uses the Figma fractional line height
  ---
  duration_ms: 0.298333
  type: 'test'
  ...
# Subtest: appearance selection owns the typed accessible radio choice flow
ok 600 - appearance selection owns the typed accessible radio choice flow
  ---
  duration_ms: 1.238666
  type: 'test'
  ...
# Subtest: language selection owns the typed accessible radio choice flow
ok 601 - language selection owns the typed accessible radio choice flow
  ---
  duration_ms: 1.456166
  type: 'test'
  ...
# Subtest: InfoBlock exposes opt-in alert semantics for dynamic settings errors
ok 602 - InfoBlock exposes opt-in alert semantics for dynamic settings errors
  ---
  duration_ms: 0.194292
  type: 'test'
  ...
# Subtest: appearance choices use the Figma preview variants without changing language choices
ok 603 - appearance choices use the Figma preview variants without changing language choices
  ---
  duration_ms: 0.241625
  type: 'test'
  ...
# Subtest: settings bottom sheets use the Figma elevated shell and modal accessibility boundary
ok 604 - settings bottom sheets use the Figma elevated shell and modal accessibility boundary
  ---
  duration_ms: 0.614167
  type: 'test'
  ...
# Subtest: information topics keep a stable locale-independent selection and explicit next-page affordance
ok 605 - information topics keep a stable locale-independent selection and explicit next-page affordance
  ---
  duration_ms: 0.579959
  type: 'test'
  ...
# Subtest: snapshot allowlist excludes an active session from account records while exposing the blocking precondition
ok 606 - snapshot allowlist excludes an active session from account records while exposing the blocking precondition
  ---
  duration_ms: 25.478417
  type: 'test'
  ...
# Subtest: completed results roundtrip by their own identity while remaining readable by session identity
ok 607 - completed results roundtrip by their own identity while remaining readable by session identity
  ---
  duration_ms: 67.701416
  type: 'test'
  ...
# Subtest: bound account outbox is deterministic and creates an explicit tombstone for a deleted acknowledged record
ok 608 - bound account outbox is deterministic and creates an explicit tombstone for a deleted acknowledged record
  ---
  duration_ms: 8.289292
  type: 'test'
  ...
# Subtest: mutation IDs include the expected remote version so returning to a prior value is a new command
ok 609 - mutation IDs include the expected remote version so returning to a prior value is a new command
  ---
  duration_ms: 9.187
  type: 'test'
  ...
# Subtest: pending mutation IDs stay stable across an uncertain retry
ok 610 - pending mutation IDs stay stable across an uncertain retry
  ---
  duration_ms: 8.149584
  type: 'test'
  ...
# Subtest: delete, recreate, and delete again use distinct version-bound tombstone IDs
ok 611 - delete, recreate, and delete again use distinct version-bound tombstone IDs
  ---
  duration_ms: 7.5435
  type: 'test'
  ...
# Subtest: only a confirmed mutation_id_reuse rekeys the rejected outbox command and preserves its payload and version
ok 612 - only a confirmed mutation_id_reuse rekeys the rejected outbox command and preserves its payload and version
  ---
  duration_ms: 5.417167
  type: 'test'
  ...
# Subtest: an offline or otherwise uncertain retry preserves an old pending mutation ID
ok 613 - an offline or otherwise uncertain retry preserves an old pending mutation ID
  ---
  duration_ms: 7.505291
  type: 'test'
  ...
# Subtest: canonical repositories use individual immutable records and one active session
ok 614 - canonical repositories use individual immutable records and one active session
  ---
  duration_ms: 8.214167
  type: 'test'
  ...
# Subtest: training sessions permit free navigation while rejecting regressing foreground time and missing active records
ok 615 - training sessions permit free navigation while rejecting regressing foreground time and missing active records
  ---
  duration_ms: 5.2055
  type: 'test'
  ...
# Subtest: terminal sessions are immutable except for identical recovery replay
ok 616 - terminal sessions are immutable except for identical recovery replay
  ---
  duration_ms: 1.760542
  type: 'test'
  ...
# Subtest: attempt persistence rejects item and review-evidence identity mismatches
ok 617 - attempt persistence rejects item and review-evidence identity mismatches
  ---
  duration_ms: 0.930625
  type: 'test'
  ...
# Subtest: review persistence rejects hidden identity replacement
ok 618 - review persistence rejects hidden identity replacement
  ---
  duration_ms: 2.9185
  type: 'test'
  ...
# Subtest: strict codecs reject unpinned stored sessions, attempts, and reviews without inference
ok 619 - strict codecs reject unpinned stored sessions, attempts, and reviews without inference
  ---
  duration_ms: 1.322916
  type: 'test'
  ...
# Subtest: report form submission persists a queued local outbox entry when backend is unavailable
ok 620 - report form submission persists a queued local outbox entry when backend is unavailable
  ---
  duration_ms: 8.627167
  type: 'test'
  ...
# Subtest: report outbox requires App Check, then accepts with the same idempotency key
ok 621 - report outbox requires App Check, then accepts with the same idempotency key
  ---
  duration_ms: 13.61025
  type: 'test'
  ...
# Subtest: failed transport is retryable without creating a new report identity
ok 622 - failed transport is retryable without creating a new report identity
  ---
  duration_ms: 2.164
  type: 'test'
  ...
# Subtest: guest access is an explicit durable decision and can be cleared for account entry
ok 623 - guest access is an explicit durable decision and can be cleared for account entry
  ---
  duration_ms: 3.392833
  type: 'test'
  ...
# Subtest: provisions one validated guest installation and preserves it across repeated bootstrap
ok 624 - provisions one validated guest installation and preserves it across repeated bootstrap
  ---
  duration_ms: 8.095125
  type: 'test'
  ...
# Subtest: guest access requires an existing unbound installation and rejects retained account data
ok 625 - guest access requires an existing unbound installation and rejects retained account data
  ---
  duration_ms: 3.649834
  type: 'test'
  ...
# Subtest: corrupt or unsupported guest installation records block without replacement
ok 626 - corrupt or unsupported guest installation records block without replacement
  ---
  duration_ms: 2.030292
  type: 'test'
  ...
# Subtest: guest installation blocks coercible identifiers and non-v4 UUID records
ok 627 - guest installation blocks coercible identifiers and non-v4 UUID records
  ---
  duration_ms: 2.06475
  type: 'test'
  ...
# Subtest: valid later binding states are preserved without adopting or regenerating an installation
ok 628 - valid later binding states are preserved without adopting or regenerating an installation
  ---
  duration_ms: 3.21875
  type: 'test'
  ...
# Subtest: identity or write failure blocks before recovery/content and leaves no partial guest record
ok 629 - identity or write failure blocks before recovery/content and leaves no partial guest record
  ---
  duration_ms: 2.03725
  type: 'test'
  ...
# Subtest: guest installation rejects malformed generated identities without writing
ok 630 - guest installation rejects malformed generated identities without writing
  ---
  duration_ms: 0.65175
  type: 'test'
  ...
# Subtest: bootstrap blocks corrupt guest access before content without replacing it
ok 631 - bootstrap blocks corrupt guest access before content without replacing it
  ---
  duration_ms: 0.756458
  type: 'test'
  ...
# Subtest: inconsistent installation bindings block bootstrap and guest access without replacement
ok 632 - inconsistent installation bindings block bootstrap and guest access without replacement
  ---
  duration_ms: 2.167167
  type: 'test'
  ...
# Subtest: Premium testing override is unavailable outside sandbox and local development runtimes
ok 633 - Premium testing override is unavailable outside sandbox and local development runtimes
  ---
  duration_ms: 2.466083
  type: 'test'
  ...
# Subtest: Premium testing override persists only for a sandbox or local development runtime
ok 634 - Premium testing override persists only for a sandbox or local development runtime
  ---
  duration_ms: 0.663541
  type: 'test'
  ...
# Subtest: keeps same item reviews from distinct immutable content packages
ok 635 - keeps same item reviews from distinct immutable content packages
  ---
  duration_ms: 7.382417
  type: 'test'
  ...
# Subtest: still rejects a same package durable ID replacement and immutable evidence change
ok 636 - still rejects a same package durable ID replacement and immutable evidence change
  ---
  duration_ms: 1.936542
  type: 'test'
  ...
# Subtest: rejects a same durable ID across packages within one batch before writing
ok 637 - rejects a same durable ID across packages within one batch before writing
  ---
  duration_ms: 1.178
  type: 'test'
  ...
# Subtest: rejects an immutable source attempt rewrite for one durable ID within a batch before writing
ok 638 - rejects an immutable source attempt rewrite for one durable ID within a batch before writing
  ---
  duration_ms: 0.574458
  type: 'test'
  ...
# Subtest: replays a pending journal after a cross package review write failure without duplicating either review
ok 639 - replays a pending journal after a cross package review write failure without duplicating either review
  ---
  duration_ms: 65.415083
  type: 'test'
  ...
# Subtest: roundtrips same item reviews from distinct packages through account data replacement
ok 640 - roundtrips same item reviews from distinct packages through account data replacement
  ---
  duration_ms: 32.876625
  type: 'test'
  ...
# Subtest: repository codec distinguishes absence and corrupt JSON
ok 641 - repository codec distinguishes absence and corrupt JSON
  ---
  duration_ms: 3.586542
  type: 'test'
  ...
# Subtest: canonical storage uses envelopes and rejects an unsupported schema identity
ok 642 - canonical storage uses envelopes and rejects an unsupported schema identity
  ---
  duration_ms: 4.107416
  type: 'test'
  ...
# Subtest: the atomic track cutover rejects every persisted former track identity without translating it
ok 643 - the atomic track cutover rejects every persisted former track identity without translating it
  ---
  duration_ms: 3.558583
  type: 'test'
  ...
# Subtest: draft replacement verifies its expected revision
ok 644 - draft replacement verifies its expected revision
  ---
  duration_ms: 5.927334
  type: 'test'
  ...
# Subtest: bootstrap blocks an inconsistent active-session reference and a missing required draft
ok 645 - bootstrap blocks an inconsistent active-session reference and a missing required draft
  ---
  duration_ms: 7.5335
  type: 'test'
  ...
# Subtest: bootstrap runs resolution only after recovery/content validation and exposes profile/content mismatch as blocking
ok 646 - bootstrap runs resolution only after recovery/content validation and exposes profile/content mismatch as blocking
  ---
  duration_ms: 4.222709
  type: 'test'
  ...
# Subtest: one MMKV import is infrastructure-owned and only repositories access it
ok 647 - one MMKV import is infrastructure-owned and only repositories access it
  ---
  duration_ms: 83.027917
  type: 'test'
  ...
# Subtest: cutover removes old storage and remote content paths
ok 648 - cutover removes old storage and remote content paths
  ---
  duration_ms: 76.084625
  type: 'test'
  ...
# Subtest: canonical keys use the one Patternly namespace
ok 649 - canonical keys use the one Patternly namespace
  ---
  duration_ms: 1.361375
  type: 'test'
  ...
# Subtest: runtime selectors are deterministic and use the canonical grammar
ok 650 - runtime selectors are deterministic and use the canonical grammar
  ---
  duration_ms: 1.745125
  type: 'test'
  ...
# Subtest: runtime selectors preserve canonical identities without learner-visible copy
ok 651 - runtime selectors preserve canonical identities without learner-visible copy
  ---
  duration_ms: 0.4715
  type: 'test'
  ...
# Subtest: runtime selectors preserve case-sensitive authored item identities
ok 652 - runtime selectors preserve case-sensitive authored item identities
  ---
  duration_ms: 0.211167
  type: 'test'
  ...
# Subtest: session metadata selectors expose validated lifecycle values without learner copy
ok 653 - session metadata selectors expose validated lifecycle values without learner copy
  ---
  duration_ms: 0.282792
  type: 'test'
  ...
# Subtest: complexity selectors encode authored notation without weakening the selector grammar
ok 654 - complexity selectors encode authored notation without weakening the selector grammar
  ---
  duration_ms: 0.71
  type: 'test'
  ...
# Subtest: runtime selectors keep distinct runtime entities distinct
ok 655 - runtime selectors keep distinct runtime entities distinct
  ---
  duration_ms: 3.247625
  type: 'test'
  ...
# Subtest: runtime selector factories reject values that cannot be represented in the contract
ok 656 - runtime selector factories reject values that cannot be represented in the contract
  ---
  duration_ms: 0.653333
  type: 'test'
  ...
# Subtest: user-testing core journey preserves durable leave-and-resume alongside summary, progress, and terminal relaunch evidence
ok 657 - user-testing core journey preserves durable leave-and-resume alongside summary, progress, and terminal relaunch evidence
  ---
  duration_ms: 983.936958
  type: 'test'
  ...
# Subtest: RC Certification Maestro smoke traverses only the canonical product flow
ok 658 - RC Certification Maestro smoke traverses only the canonical product flow
  ---
  duration_ms: 3.888333
  type: 'test'
  ...
# Subtest: RC Android runner requires the explicit current dev-client and evidence destination
ok 659 - RC Android runner requires the explicit current dev-client and evidence destination
  ---
  duration_ms: 0.380292
  type: 'test'
  ...
# Subtest: RC iOS runner requires one booted simulator and the same explicit evidence contract
ok 660 - RC iOS runner requires one booted simulator and the same explicit evidence contract
  ---
  duration_ms: 0.765625
  type: 'test'
  ...
# Subtest: Certification family lifecycle journals one typed attempt and retains remediation identity
ok 661 - Certification family lifecycle journals one typed attempt and retains remediation identity
  ---
  duration_ms: 1343.535791
  type: 'test'
  ...
# Subtest: Certification open starts once, resumes the exact mode, and never starts for a resume-only disappearance
ok 662 - Certification open starts once, resumes the exact mode, and never starts for a resume-only disappearance
  ---
  duration_ms: 448.112
  type: 'test'
  ...
# Subtest: Certification pause checkpoints and resumes the exact active session
ok 663 - Certification pause checkpoints and resumes the exact active session
  ---
  duration_ms: 331.974291
  type: 'test'
  ...
# Subtest: Certification resume rejects an old Focus record without its immutable domain
ok 664 - Certification resume rejects an old Focus record without its immutable domain
  ---
  duration_ms: 309.566792
  type: 'test'
  ...
# Subtest: Certification end classifies a failed timer checkpoint before it reaches abandonment
ok 665 - Certification end classifies a failed timer checkpoint before it reaches abandonment
  ---
  duration_ms: 413.492042
  type: 'test'
  ...
# Subtest: Certification end recovers a durable timer checkpoint before abandonment remains available
ok 666 - Certification end recovers a durable timer checkpoint before abandonment remains available
  ---
  duration_ms: 373.922583
  type: 'test'
  ...
# Subtest: Certification abandonment boundaries retry only before durability and otherwise replay the exact journal
ok 667 - Certification abandonment boundaries retry only before durability and otherwise replay the exact journal
  ---
  duration_ms: 1959.876542
  type: 'test'
  ...
# Subtest: Certification open handles a typed start race with one start and one authoritative resumed result
ok 668 - Certification open handles a typed start race with one start and one authoritative resumed result
  ---
  duration_ms: 293.755833
  type: 'test'
  ...
# Subtest: Certification feedback projects exact materialized attempt results and canonical authored copy
ok 669 - Certification feedback projects exact materialized attempt results and canonical authored copy
  ---
  duration_ms: 361.17275
  type: 'test'
  ...
# Subtest: Certification pre-journal failure preserves an editable response and resubmits exactly once
ok 670 - Certification pre-journal failure preserves an editable response and resubmits exactly once
  ---
  duration_ms: 390.028042
  type: 'test'
  ...
# Subtest: Certification journal-committed response locks without feedback and recovers without a duplicate attempt
ok 671 - Certification journal-committed response locks without feedback and recovers without a duplicate attempt
  ---
  duration_ms: 450.634334
  type: 'test'
  ...
# Subtest: Certification materialized response and feedback win through verification and journal-clear recovery
ok 672 - Certification materialized response and feedback win through verification and journal-clear recovery
  ---
  duration_ms: 956.325375
  type: 'test'
  ...
# Subtest: Certification advance failure retries only advance and never resubmits the materialized answer
ok 673 - Certification advance failure retries only advance and never resubmits the materialized answer
  ---
  duration_ms: 435.989875
  type: 'test'
  ...
# Subtest: ordinary Certification facade owns timer start, response and final checkpoints without involving Exam
ok 674 - ordinary Certification facade owns timer start, response and final checkpoints without involving Exam
  ---
  duration_ms: 1139.5855
  type: 'test'
  ...
# Subtest: Certification Diagnostic runs its pinned 40-item plan through durable save, restart, and result
ok 675 - Certification Diagnostic runs its pinned 40-item plan through durable save, restart, and result
  ---
  duration_ms: 3348.46825
  type: 'test'
  ...
# Subtest: Certification progress derives practice, exam, outcome, taxonomy, review, and repeated-mistake signals
ok 676 - Certification progress derives practice, exam, outcome, taxonomy, review, and repeated-mistake signals
  ---
  duration_ms: 36.5945
  type: 'test'
  ...
# Subtest: Certification progress has explicit empty state and no synthetic learning metrics
ok 677 - Certification progress has explicit empty state and no synthetic learning metrics
  ---
  duration_ms: 3.910125
  type: 'test'
  ...
# Subtest: Certification progress ignores same-version evidence from another exact content package
ok 678 - Certification progress ignores same-version evidence from another exact content package
  ---
  duration_ms: 0.548667
  type: 'test'
  ...
# Subtest: Certification result keeps truthful session metrics and routes Focus domains through the canonical formatter
ok 679 - Certification result keeps truthful session metrics and routes Focus domains through the canonical formatter
  ---
  duration_ms: 3.072209
  type: 'test'
  ...
# Subtest: Certification Focus domain formatter resolves only a canonical roadmap node
ok 680 - Certification Focus domain formatter resolves only a canonical roadmap node
  ---
  duration_ms: 5.1635
  type: 'test'
  ...
# Subtest: Certification manual review preserves the exact reviewed answer package pin and session identity
ok 681 - Certification manual review preserves the exact reviewed answer package pin and session identity
  ---
  duration_ms: 1048.720125
  type: 'test'
  ...
# Subtest: Certification manual review rejects a future or mismatched answer pin without writing
ok 682 - Certification manual review rejects a future or mismatched answer pin without writing
  ---
  duration_ms: 331.902458
  type: 'test'
  ...
# Subtest: Certification single-choice scores correct, incorrect, and unanswered responses
ok 683 - Certification single-choice scores correct, incorrect, and unanswered responses
  ---
  duration_ms: 2.377708
  type: 'test'
  ...
# Subtest: Certification multiple-choice distinguishes exact, proper subset, and wrong-option responses
ok 684 - Certification multiple-choice distinguishes exact, proper subset, and wrong-option responses
  ---
  duration_ms: 1.275416
  type: 'test'
  ...
# Subtest: exam scoring reports raw count and percentage with unanswered diagnostics and no pass inference
ok 685 - exam scoring reports raw count and percentage with unanswered diagnostics and no pass inference
  ---
  duration_ms: 7.832416
  type: 'test'
  ...
# Subtest: Certification Diagnostic Baseline is the exact 40-item package-declared secondary mode
ok 686 - Certification Diagnostic Baseline is the exact 40-item package-declared secondary mode
  ---
  duration_ms: 857.911292
  type: 'test'
  ...
# Subtest: Certification Focus Practice is the bundled Free package primary entry and remains node-local
ok 687 - Certification Focus Practice is the bundled Free package primary entry and remains node-local
  ---
  duration_ms: 259.834042
  type: 'test'
  ...
# Subtest: Certification Scenario Practice is excluded from the bundled Free package and direct entry fails
ok 688 - Certification Scenario Practice is excluded from the bundled Free package and direct entry fails
  ---
  duration_ms: 266.54525
  type: 'test'
  ...
# Subtest: Certification Weak Area Review is evidence-conditioned by the bundled Free package profile
ok 689 - Certification Weak Area Review is evidence-conditioned by the bundled Free package profile
  ---
  duration_ms: 225.368667
  type: 'test'
  ...
# Subtest: Certification Mixed Practice is excluded from the bundled Free package and direct entry fails
ok 690 - Certification Mixed Practice is excluded from the bundled Free package and direct entry fails
  ---
  duration_ms: 312.276959
  type: 'test'
  ...
# Subtest: Certification Quick Review is evidence-conditioned and capped by the bundled Free package profile
ok 691 - Certification Quick Review is evidence-conditioned and capped by the bundled Free package profile
  ---
  duration_ms: 375.483834
  type: 'test'
  ...
# Subtest: scores single choice correct, incorrect, and unanswered answers
ok 692 - scores single choice correct, incorrect, and unanswered answers
  ---
  duration_ms: 10.816875
  type: 'test'
  ...
# Subtest: scores multiple select only on exact option-set match
ok 693 - scores multiple select only on exact option-set match
  ---
  duration_ms: 1.277333
  type: 'test'
  ...
# Subtest: calculates domain and tag scores and preserves flagged ids
ok 694 - calculates domain and tag scores and preserves flagged ids
  ---
  duration_ms: 2.640584
  type: 'test'
  ...
# Subtest: choice display order is shuffled once from stable IDs and remains reproducible for resume
ok 695 - choice display order is shuffled once from stable IDs and remains reproducible for resume
  ---
  duration_ms: 816.348209
  type: 'test'
  ...
# Subtest: interaction rendering follows the persisted order while correctness remains keyed by option ID
ok 696 - interaction rendering follows the persisted order while correctness remains keyed by option ID
  ---
  duration_ms: 320.588083
  type: 'test'
  ...
# Subtest: validates explicit Algorithms hierarchy links and rejects every broken child relation
ok 697 - validates explicit Algorithms hierarchy links and rejects every broken child relation
  ---
  duration_ms: 53.022791
  type: 'test'
  ...
# Subtest: rejects former string Details, unsupported rich blocks, and unregistered image assets
ok 698 - rejects former string Details, unsupported rich blocks, and unregistered image assets
  ---
  duration_ms: 3.13875
  type: 'test'
  ...
# Subtest: uses mandatory Details when a single-choice response omits the correct option without an optional specific explanation
ok 699 - uses mandatory Details when a single-choice response omits the correct option without an optional specific explanation
  ---
  duration_ms: 3.241041
  type: 'test'
  ...
# Subtest: runtime has no network or test-fixture ingress and Algorithms has no legacy group/item contract
ok 700 - runtime has no network or test-fixture ingress and Algorithms has no legacy group/item contract
  ---
  duration_ms: 88.089083
  type: 'test'
  ...
# Subtest: direct entry to excluded Algorithms declared-scope modes fails without substitution
ok 701 - direct entry to excluded Algorithms declared-scope modes fails without substitution
  ---
  duration_ms: 870.462167
  type: 'test'
  ...
# Subtest: deferred-feedback practice projection withholds correctness and authored feedback after a durable per-item attempt
ok 702 - deferred-feedback practice projection withholds correctness and authored feedback after a durable per-item attempt
  ---
  duration_ms: 999.73725
  type: 'test'
  ...
# Subtest: deferred-feedback summary reads timing, length, and authored feedback from completed durable records
ok 703 - deferred-feedback summary reads timing, length, and authored feedback from completed durable records
  ---
  duration_ms: 375.402541
  type: 'test'
  ...
# Subtest: explicitly ended practice exposes a partial summary without inventing a completed score
ok 704 - explicitly ended practice exposes a partial summary without inventing a completed score
  ---
  duration_ms: 432.396792
  type: 'test'
  ...
# Subtest: Algorithms runtime persists due_queue source and makes only that session eligible for review retention
ok 705 - Algorithms runtime persists due_queue source and makes only that session eligible for review retention
  ---
  duration_ms: 1185.233375
  type: 'test'
  ...
# Subtest: Algorithms Custom Practice persists its chosen timing while consuming the declared Guided blueprint
ok 706 - Algorithms Custom Practice persists its chosen timing while consuming the declared Guided blueprint
  ---
  duration_ms: 514.556333
  type: 'test'
  ...
# Subtest: production lifecycle starts Custom Practice from the pinned Guided blueprint
ok 707 - production lifecycle starts Custom Practice from the pinned Guided blueprint
  ---
  duration_ms: 516.577208
  type: 'test'
  ...
# Subtest: Algorithms runtime rejects malformed review requests before selecting or persisting a session
ok 708 - Algorithms runtime rejects malformed review requests before selecting or persisting a session
  ---
  duration_ms: 251.116625
  type: 'test'
  ...
# Subtest: the verified Coding package resolves its hash-pinned local feedback diagram
ok 709 - the verified Coding package resolves its hash-pinned local feedback diagram
  ---
  duration_ms: 947.703541
  type: 'test'
  ...
# Subtest: the verified Coding Free package is the closed authority for its four approved modes
ok 710 - the verified Coding Free package is the closed authority for its four approved modes
  ---
  duration_ms: 1124.46625
  type: 'test'
  ...
# Subtest: completed Algorithms practice replaces its runner with the session-keyed summary route
ok 711 - completed Algorithms practice replaces its runner with the session-keyed summary route
  ---
  duration_ms: 7.303167
  type: 'test'
  ...
# Subtest: practice summary reloads the immutable result and runner navigation requires verified completion
ok 712 - practice summary reloads the immutable result and runner navigation requires verified completion
  ---
  duration_ms: 7.005833
  type: 'test'
  ...
# Subtest: practice question review is a readonly session surface with bounded navigation and a return to its result
ok 713 - practice question review is a readonly session surface with bounded navigation and a return to its result
  ---
  duration_ms: 1.185291
  type: 'test'
  ...
# Subtest: session control labels identify the dimension, ordering position, and command
ok 714 - session control labels identify the dimension, ordering position, and command
  ---
  duration_ms: 8.231292
  type: 'test'
  ...
# Subtest: coding review pending keeps SessionShell navigation while using neutral response anatomy
ok 715 - coding review pending keeps SessionShell navigation while using neutral response anatomy
  ---
  duration_ms: 1.166208
  type: 'test'
  ...
# Subtest: interactive Algorithms session controls use real 48-point minimum geometry without hit-area substitutes
ok 716 - interactive Algorithms session controls use real 48-point minimum geometry without hit-area substitutes
  ---
  duration_ms: 2.197375
  type: 'test'
  ...
# Subtest: simulation accessibility respects motion, focus, and touch-target constraints
ok 717 - simulation accessibility respects motion, focus, and touch-target constraints
  ---
  duration_ms: 0.404334
  type: 'test'
  ...
# Subtest: canonical session surfaces expose deterministic state and do not group interactive descendants
ok 718 - canonical session surfaces expose deterministic state and do not group interactive descendants
  ---
  duration_ms: 2.590875
  type: 'test'
  ...
# Subtest: practice exit makes abandonment a single explicit decision in a modal
ok 719 - practice exit makes abandonment a single explicit decision in a modal
  ---
  duration_ms: 0.9455
  type: 'test'
  ...
# Subtest: standalone practice conflict and unavailable states respect both safe-area edges
ok 720 - standalone practice conflict and unavailable states respect both safe-area edges
  ---
  duration_ms: 0.72375
  type: 'test'
  ...
# Subtest: large text can grow session chrome and controls without fixed interactive heights
ok 721 - large text can grow session chrome and controls without fixed interactive heights
  ---
  duration_ms: 2.138083
  type: 'test'
  ...
# Subtest: bottom navigation preserves one-line visual labels while keeping every tab semantically named
ok 722 - bottom navigation preserves one-line visual labels while keeping every tab semantically named
  ---
  duration_ms: 1.529333
  type: 'test'
  ...
# Subtest: bottom navigation uses theme-appropriate separators without altering the light overlay
ok 723 - bottom navigation uses theme-appropriate separators without altering the light overlay
  ---
  duration_ms: 1.717375
  type: 'test'
  ...
# Subtest: Practice Hub keeps the quiet-layered recommendation readable at large text and removes the competing stats card
ok 724 - Practice Hub keeps the quiet-layered recommendation readable at large text and removes the competing stats card
  ---
  duration_ms: 0.790333
  type: 'test'
  ...
# Subtest: Practice Hub retains its mode layout and canonical ownership
ok 725 - Practice Hub retains its mode layout and canonical ownership
  ---
  duration_ms: 3.042459
  type: 'test'
  ...
# Subtest: Practice Question Shell keeps the Figma prompt-to-answer rhythm
ok 726 - Practice Question Shell keeps the Figma prompt-to-answer rhythm
  ---
  duration_ms: 0.6815
  type: 'test'
  ...
# Subtest: certification exam stacks descriptive actions so large text cannot clip flagging or navigation
ok 727 - certification exam stacks descriptive actions so large text cannot clip flagging or navigation
  ---
  duration_ms: 1.572916
  type: 'test'
  ...
# Subtest: practice runtime selectors are derived from the canonical session projection without entering speech labels
ok 728 - practice runtime selectors are derived from the canonical session projection without entering speech labels
  ---
  duration_ms: 1.19925
  type: 'test'
  ...
# Subtest: rich feedback renders semantic blocks with accessible code, headings, lists, callouts, and local images
ok 729 - rich feedback renders semantic blocks with accessible code, headings, lists, callouts, and local images
  ---
  duration_ms: 0.660792
  type: 'test'
  ...
# Subtest: dry-run regression starts the recommended session directly and proves its live timer
ok 730 - dry-run regression starts the recommended session directly and proves its live timer
  ---
  duration_ms: 6.406084
  type: 'test'
  ...
# Subtest: dry-run regression ends early into a truthful partial summary
ok 731 - dry-run regression ends early into a truthful partial summary
  ---
  duration_ms: 1.350875
  type: 'test'
  ...
# Subtest: Algorithms presentation metadata covers exactly the generated structural roadmap
ok 732 - Algorithms presentation metadata covers exactly the generated structural roadmap
  ---
  duration_ms: 4.778125
  type: 'test'
  ...
# Subtest: Algorithms runtime derives roadmap parent relationships and mental units from the generated SOT
ok 733 - Algorithms runtime derives roadmap parent relationships and mental units from the generated SOT
  ---
  duration_ms: 1.672333
  type: 'test'
  ...
# Subtest: Custom Practice atSessionEnd withholds correctness, Reason, Details, and distractor explanations after every submit
ok 734 - Custom Practice atSessionEnd withholds correctness, Reason, Details, and distractor explanations after every submit
  ---
  duration_ms: 2361.194084
  type: 'test'
  ...
# Subtest: Custom Practice atSessionEnd reloads its complete feedback from the canonical result after relaunch
ok 735 - Custom Practice atSessionEnd reloads its complete feedback from the canonical result after relaunch
  ---
  duration_ms: 1537.431042
  type: 'test'
  ...
# Subtest: Custom Practice afterEachAnswer journals each submitted response, exposes immediate feedback, advances, and finalizes one summary
ok 736 - Custom Practice afterEachAnswer journals each submitted response, exposes immediate feedback, advances, and finalizes one summary
  ---
  duration_ms: 2892.077833
  type: 'test'
  ...
# Subtest: Custom Practice resolves eligible and skipped reinserts only from its profile-owned immutable slots
ok 737 - Custom Practice resolves eligible and skipped reinserts only from its profile-owned immutable slots
  ---
  duration_ms: 955.887042
  type: 'test'
  ...
# Subtest: Custom Practice rejects learner reinsert overrides before it prepares a session
ok 738 - Custom Practice rejects learner reinsert overrides before it prepares a session
  ---
  duration_ms: 356.106417
  type: 'test'
  ...
# Subtest: Custom Practice resume preserves the selected durable at-session-end timing
ok 739 - Custom Practice resume preserves the selected durable at-session-end timing
  ---
  duration_ms: 449.801292
  type: 'test'
  ...
# Subtest: resume rejects an active session that lacks a canonical feedback timing
ok 740 - resume rejects an active session that lacks a canonical feedback timing
  ---
  duration_ms: 1.286208
  type: 'test'
  ...
# Subtest: M1 Custom 10 derives real item and option identities from the pinned Algorithms package
ok 741 - M1 Custom 10 derives real item and option identities from the pinned Algorithms package
  ---
  duration_ms: 946.020583
  type: 'test'
  ...
# Subtest: M1 flow uses only runtime selectors for the complete deterministic session
ok 742 - M1 flow uses only runtime selectors for the complete deterministic session
  ---
  duration_ms: 2.653958
  type: 'test'
  ...
# Subtest: M2 Custom 10 at session end derives real item, option, and outcome identities from the pinned Algorithms package
ok 743 - M2 Custom 10 at session end derives real item, option, and outcome identities from the pinned Algorithms package
  ---
  duration_ms: 1100.850208
  type: 'test'
  ...
# Subtest: M2 flow uses stable selectors for Custom setup, deferred feedback, summary review, progress, and completed-session relaunch
ok 744 - M2 flow uses stable selectors for Custom setup, deferred feedback, summary review, progress, and completed-session relaunch
  ---
  duration_ms: 8.153792
  type: 'test'
  ...
# Subtest: M3 keeps the same Custom Practice session and withholds feedback across leave, kill, and resume
ok 745 - M3 keeps the same Custom Practice session and withholds feedback across leave, kill, and resume
  ---
  duration_ms: 7.053875
  type: 'test'
  ...
# Subtest: M4 restores the exact Custom Practice durable feedback after leave, kill, and resume
ok 746 - M4 restores the exact Custom Practice durable feedback after leave, kill, and resume
  ---
  duration_ms: 0.710875
  type: 'test'
  ...
# Subtest: M5 reuses the complete M1 flow and proves a terminal session has no active resume path after relaunch
ok 747 - M5 reuses the complete M1 flow and proves a terminal session has no active resume path after relaunch
  ---
  duration_ms: 0.415958
  type: 'test'
  ...
# Subtest: M6 and M7 seed their real first Custom Practice item from the pinned package
ok 748 - M6 and M7 seed their real first Custom Practice item from the pinned package
  ---
  duration_ms: 1035.394084
  type: 'test'
  ...
# Subtest: M6 performs a real scheduled due review after the canonical audit clock advance
ok 749 - M6 performs a real scheduled due review after the canonical audit clock advance
  ---
  duration_ms: 1.615292
  type: 'test'
  ...
# Subtest: M7 materializes remediation through the canonical weak-area review session
ok 750 - M7 materializes remediation through the canonical weak-area review session
  ---
  duration_ms: 16.328125
  type: 'test'
  ...
# Subtest: RC Algorithms bootstrap resets learning data and explicitly selects the Algorithms track
ok 751 - RC Algorithms bootstrap resets learning data and explicitly selects the Algorithms track
  ---
  duration_ms: 4.855792
  type: 'test'
  ...
# Subtest: RC Algorithms iOS runner validates and passes explicit capture inputs only to the final Maestro flow
ok 752 - RC Algorithms iOS runner validates and passes explicit capture inputs only to the final Maestro flow
  ---
  duration_ms: 0.67
  type: 'test'
  ...
# Subtest: Design Interview lifecycle persists an answer, resumes the exact session, and completes with a verified result
ok 753 - Design Interview lifecycle persists an answer, resumes the exact session, and completes with a verified result
  ---
  duration_ms: 813.654542
  type: 'test'
  ...
# Subtest: Design Interview runtime prepares, submits, and finalizes one immutable session for every installed track
ok 754 - Design Interview runtime prepares, submits, and finalizes one immutable session for every installed track
  ---
  duration_ms: 646.656333
  type: 'test'
  ...
# Subtest: Design Interview scoring covers choice, ordering, and decision matrix interactions from the installed frontend package
ok 755 - Design Interview scoring covers choice, ordering, and decision matrix interactions from the installed frontend package
  ---
  duration_ms: 221.94325
  type: 'test'
  ...
# Subtest: Design session mode titles match the learner-facing journey
ok 756 - Design session mode titles match the learner-facing journey
  ---
  duration_ms: 2.960583
  type: 'test'
  ...
# Subtest: Design result names its exact package topic and exposes missing mapping
ok 757 - Design result names its exact package topic and exposes missing mapping
  ---
  duration_ms: 1.257042
  type: 'test'
  ...
1..757
# tests 757
# suites 0
# pass 757
# fail 0
# cancelled 0
# skipped 0
# todo 0
# duration_ms 37703.385375

> patternly@0.1.0 validate:content-boundary
> node scripts/validateContentBoundary.mjs

CONTENT_BOUNDARY_CHECK=passed

> patternly@0.1.0 validate:runtime-privacy-boundary
> node scripts/validateRuntimePrivacyBoundary.mjs

RUNTIME_PRIVACY_BOUNDARY_CHECK=passed
