
> patternly@0.1.0 qa:static
> npm run recovery:check && npm run typecheck && npm test && npm run validate:content-boundary && npm run validate:runtime-privacy-boundary


> patternly@0.1.0 recovery:check
> node scripts/checkRecoveryBaseline.mjs

RECOVERY_INVENTORY_CHECK=passed
RECOVERY_ACTIVE_SOURCE_FILES=449
RECOVERY_ACTIVE_TESTS=307
RECOVERY_TEST_CASES=1736
RECOVERY_STAGE_1_BOUNDARIES=passed

> patternly@0.1.0 typecheck
> tsc --noEmit


> patternly@0.1.0 test
> node --import tsx --test 'src/**/*.test.ts' 'src/**/*.test.mjs' 'scripts/**/*.test.ts' 'scripts/**/*.test.mjs'

✔ learning kernel and registry boundaries exclude family content and platform owners (4.299792ms)
✔ families do not import one another and source contains no replacement bridge (36.9775ms)
✔ application mutations depend on repositories rather than raw storage internals (0.708959ms)
✔ canonical lifecycle use cases have no React, storage implementation, or family-scoring dependency (7.217792ms)
✔ the public storage barrel does not expose raw keys or codec (3.242125ms)
✔ AUD-02D starts child before auth and records expired baseline before observation (8.900625ms)
✔ child readiness waits for readiness and races early completion (0.990291ms)
✔ nonzero child completion remains a hard failure (0.071042ms)
✔ bounded cleanup leaves a naturally completed child alone (0.237667ms)
✔ timeout stops the child, its owned backend, then confirms port release (5.994333ms)
✔ cleanup is bounded and retains each cleanup failure (9.54375ms)
✔ cleanup context keeps the original failure first (0.890417ms)
✔ listener ownership requires a complete ancestry chain to the exact runner (0.234167ms)
✔ backend signal uses only the group captured by successful ownership proof (3.027125ms)
✔ failed backend ownership proof skips backend signal and reports secondary failure (3.461667ms)
✔ AUD-02D evidence manifest snapshots redact credentials without mutating live case records (20.133ms)
✔ AUD-02D evidence redaction scrubs text artifacts atomically and scans every regular file (42.87625ms)
✔ AUD-02D evidence redaction rejects symbolic links under the output root (9.749416ms)
✔ AUD-02D evidence scan removes later unsafe credential files after an earlier directory symlink (16.612084ms)
✔ AUD-02D matrix is exactly bound to the nine-track candidate lock (3.029125ms)
✔ Custom Practice matrix includes every 10/20/40 by timing combination (0.45875ms)
✔ coordinating runner binds every case to clean sources, one install, native identity and stable bundle bytes (2.5945ms)
✔ AUD-02D validates smoke profile for Metro and owns active backend through pre-premium runtime cases (2.017083ms)
✔ AUD-02D non-exam premium runners receive their declared premium flows (1.641542ms)
✔ AUD-02D resolves and validates the exact local Expo iOS AppEntry launch asset (1.59575ms)
✔ smoke entitlement probe exchanges ordinary auth for a generation-pinned token without persisting secrets (0.652292ms)
✔ smoke auth errors persist only HTTP status and safe error.code (1.410541ms)
✔ AUD-02D Maestro flows cover track readiness and all setup selectors before session start (25.253416ms)
✔ auth preflight extended waits are recorded and flows without assertions remain rejected (15.031375ms)
✔ feedback lifecycle flows resume, complete ten answers and open the result review (17.591042ms)
✔ result review selects the caller-provided question while retaining its occurrence root (9.523458ms)
✔ all new AUD-02D Maestro YAML documents parse and contain executable assertion commands (19.614333ms)
✔ Expo and npm expose one canonical Patternly identity (6.133875ms)
✔ RC runners, runtime-audit URLs, and every Maestro flow share the Patternly identity (10.7695ms)
✔ build identity cutover leaves canonical learning-data keys unchanged (0.147083ms)
✔ sandbox builds validate the same closed public environment schema as the installed app (2.980791ms)
✔ runtime mode is explicit and persists in public Expo config (0.291625ms)
✔ sandbox and release reject mode/configuration mismatches (0.279833ms)
✔ release app config always rejects the checked-in public legal payload (1.985667ms)
✔ release public legal links use the configured public environment parser and match the legal record (0.73725ms)
✔ smoke is explicit, locally bound, and permits debug App Check (0.189458ms)
✔ remote artifacts require their public Firebase configuration before prebuild (0.186875ms)
✔ only iOS remote artifacts require the public RevenueCat Apple SDK key before prebuild (0.33975ms)
✔ remote artifacts require production App Check providers before prebuild (0.145833ms)
✔ sandbox and release accept only production App Check provider pairs (2.754583ms)
✔ sandbox uses the one tracked native Firebase registration while release requires production file variables (0.28875ms)
✔ explicit iOS sandbox and release require iOS configuration and ignore Android-only configuration (0.910542ms)
✔ explicit Android sandbox and release require Android configuration and ignore iOS-only configuration (0.797292ms)
✔ without an explicit native target, sandbox and release require both platform configurations (0.856917ms)
✔ explicit iOS and Android builds always require shared Firebase public configuration (0.260208ms)
✔ candidate lock binds the exact nine bundled artifacts (12.58325ms)
✔ candidate lock rejects bundled bytes outside the candidate (10.131083ms)
✔ CI bootstrap binds the actual current v3 lock to all nine verified bundled artifacts (947.030083ms)
▶ CI bootstrap fails closed for malformed v3 metadata without an active v2 fallback
  ✔ old schema (6.315416ms)
  ✔ extra root field (5.609584ms)
  ✔ missing track (6.911958ms)
  ✔ extra track (5.33575ms)
  ✔ duplicate track (6.0255ms)
  ✔ mixed pin (6.28825ms)
  ✔ source mismatch (4.903417ms)
  ✔ malformed pin (3.817834ms)
  ✔ mixed release (4.714209ms)
  ✔ bad checksum (5.63575ms)
  ✔ bad manifest digest (4.692958ms)
  ✔ bad candidate identity (6.215166ms)
  ✔ wrong candidate path (8.312542ms)
✔ CI bootstrap fails closed for malformed v3 metadata without an active v2 fallback (85.62675ms)
▶ CI bootstrap rejects valid-shaped metadata that disagrees with actual bundled hashes or versions
  ✔ bundledContentLockSha256 (115.924167ms)
  ✔ checksumSha256 (484.342459ms)
  ✔ contentVersion (394.116708ms)
✔ CI bootstrap rejects valid-shaped metadata that disagrees with actual bundled hashes or versions (996.373792ms)
✔ both QA jobs share the strict pin reader and retain mandatory candidate and actual checkout identity gates (1.263167ms)
✔ historical bootstrap preserves the exact frozen lock and distinct producer checkout (372.7385ms)
✔ Metro selects Certification Exam review fixtures only in smoke and keeps disabled peer inert (609.474083ms)
✔ QA installs the frontend lock before native and root verification (2.550292ms)
✔ EAS release configuration has explicit version, runtime, and channel policy (0.897625ms)
✔ EAS source archives exclude generated native output, artifacts, and credentials (1.88975ms)
✔ exports exactly Coding and AWS from current ordinary Free pools with source-bound authored feedback (1308.7695ms)
✔ snapshot check accepts exact bytes and rejects missing or stale generated content (0.469166ms)
✔ rejects source, identity, current locks/admission/receipts, family, and resolved Free-pool mismatches for each demo (3.72925ms)
✔ production exporter rejects the current incomplete canonical source before creating output (230.133542ms)
✔ synthetic seven-locale artifacts are marked unapproved and contain complete, interpolated drafts (19.860375ms)
✔ app legal exports retain the same output as parameterized template rendering (1.738625ms)
✔ release gate and exporter use the same canonical source fingerprint (772.537459ms)
✔ launch readiness CI is the complete exact-four-SHA owning gate (8.923667ms)
✔ mutations of any required SHA input fail closed (2.694125ms)
✔ mutations of each fixed repository slug, ref, path and fetch depth fail closed (2.533667ms)
✔ mutations of historical lock resolution or app content roots fail closed (1.772958ms)
✔ mutations of every exact-head or clean-worktree assertion fail closed (1.710834ms)
✔ mutations of toolchain and every npm ci owning gate fail closed (40.146375ms)
✔ mutations of the web server wait, base URL and cleanup fail closed (7.267333ms)
✔ mutations of backend sibling roots and content/web gate commands fail closed (7.201292ms)
✔ mutations of manifest creation, verification and enforced release fail closed (13.805583ms)
✔ mutations of JSON validation, unconditional uploads and final outcome enforcement fail closed (7.489833ms)
✔ moving candidate refs, write permissions or secrets fail closed (1.643542ms)
✔ Metro selects proposal fixtures only in the smoke runtime (790.608459ms)
✔ one journal contract, materializer, verifier, and coordinator remain (1.046792ms)
✔ mutation failure has one boundary owner and presentation cannot recreate durable state (36.72425ms)
✔ features and track semantics cannot import storage or repository implementations (7.364667ms)
✔ Algorithms runtime composition has no persistence binding (0.5465ms)
✔ Coding Interview read projections do not create a barrel cycle through the session facade (0.205625ms)
✔ one family-neutral foreground timer is bound only in application composition, never in presentation (5.019291ms)
✔ training-session identity has one lifecycle authority and no obsolete runtime port (8.80725ms)
✔ old active exam persistence owner and feature services are deleted (37.53425ms)
✔ Certification answers cannot recreate the deleted selector or competing writer (27.109208ms)
✔ Certification presentation reads materialized feedback without owning family scoring (12.202958ms)
✔ Certification durable Practice state has one exact projection, recovery command, and shared notice mapper (0.907709ms)
✔ Certification route handoffs use exact resume intent and cannot hide failures behind start fallbacks (0.897833ms)
✔ presentation routes use application ports without persistence internals (20.026625ms)
✔ startup recovery uses canonical bootstrap recovery (0.134959ms)
✔ release-native configuration excludes canonical learning storage from backup and unneeded ingress (0.732083ms)
✔ Android privacy transforms are reproducible without generated native projects (0.566625ms)
✔ iOS backup transform is reproducible without a generated AppDelegate (0.117291ms)
✔ clean iOS output declares current data collection without tracking or remote notifications (5.644333ms)
✔ Expo platform configuration declares the supported phone-only native matrix (0.826125ms)
✔ Premium node offers and their local fixture transport share one smoke-only Metro module (610.879417ms)
✔ release Metro source selections cannot expose the local Premium offer or payload (33.20425ms)
✔ provider auth fixture runtime resolves to smoke implementation only for smoke (582.880916ms)
✔ non-smoke provider fixture peer contains no token-generation or provider-auth SDK calls (5.132667ms)
✔ recovery integration refuses missing producer pins before starting emulators (55.931541ms)
✔ recovery integration refuses blank producer pins before starting emulators (55.643167ms)
✔ an explicit producer pin file retains the exact repository HEAD fence (93.310084ms)
﹣ mobile recovery coordinator, secure-store fixture and adapter complete real HTTP recovery operations (0.650583ms) # SKIP
﹣ HTTP session revoke conflicts with an unacknowledged recovery result and succeeds after its ACK (0.23925ms) # SKIP
﹣ same-operation concurrent HTTP recovery consumes return the persisted real Admin winner (0.055459ms) # SKIP
﹣ HTTP account deletion supersedes an unacknowledged recovery result and removes its proof-bound data (0.042042ms) # SKIP
✔ launch readiness report is deterministic and exposes the unresolved release blockers (1130.980583ms)
✔ release readiness reports missing, malformed, and complete public legal configuration safely (3167.479625ms)
✔ launch readiness rejects a forged runtime admission (745.489166ms)
✔ release gate fails while the readiness report contains blockers (735.32125ms)
✔ enforced release gate requires a verified four-repository manifest (1012.026958ms)
✔ launch readiness fails closed when the content evidence checkout is dirty (360.070875ms)
✔ explicit report output is written after inspection and does not dirty either worktree (1237.273458ms)
✔ owning validator rejects stale identity and malformed readiness semantics (5386.82775ms)
✔ enforced mode still writes a valid report before returning exit 1 (859.134416ms)
✔ CLI rejects malformed arguments and physical output paths inside either worktree (986.066333ms)
✔ launch readiness fails closed when the application release lock provenance is invalid (764.137291ms)
✔ launch readiness fails closed when the application evidence checkout is dirty (611.352166ms)
✔ launch readiness admits external evidence only when its envelope is bound and self-integral (2415.025875ms)
✔ physical-device evidence is optional through freeze and mandatory at go (2356.678833ms)
✔ stage contract keeps PO, provider, store, and device evidence out of local and freeze (2455.056167ms)
✔ creates deterministic portable identity with repositories, locks, build, configuration, and evidence (3553.98375ms)
✔ verifies exact HEADs, clean worktrees, hashes and current content/OpenAPI owning checks (2107.141083ms)
✔ CLI create output can be copied to another external directory and verified (3828.519ms)
✔ enforced releaseGate reports a verified manifest identity without absolute paths (2843.505667ms)
✔ releaseGate accepts only a physical receipt for the exact embedded manifest and build (4937.378625ms)
✔ runtime receipt rejects every mismatch with the verified embedded artifact (0.906708ms)
✔ enforced releaseGate writes portable reports for invalid and missing manifests (1433.073167ms)
✔ rejects missing, extra and duplicate repository roles plus the legacy two-SHA shape (5.4915ms)
✔ rejects wrong manifest identity, stale candidate/track scope and wrong repository SHA (1092.731833ms)
✔ rejects modified evidence before accepting a portable reference (356.921791ms)
✔ rejects changed iOS build, public configuration, and signing evidence bytes (1669.4925ms)
✔ rejects absolute, traversal and symlink references (4.301375ms)
✔ rejects dirty repositories and output paths inside or through symlinked parents (43.610167ms)
✔ local profile dotenv parser has no process side effect (1.651583ms)
✔ the default iOS command uses the local profile and sandbox remains explicit (0.255958ms)
✔ smoke profile requires explicit matching local E2E endpoints (0.37425ms)
✔ sandbox profile rejects every local auth override (0.111083ms)
✔ smoke emulator probe reports profile, origin, and action on failure (0.292458ms)
✔ Auth probe requires the documented emulator configuration response (4.640833ms)
✔ API readiness waits for dependencies and rejects false checks (9.08975ms)
✔ failed smoke preflight cannot spawn Expo (5008.293167ms)
✔ sync replaces the whole generated directory with an exact validated set (109.306125ms)
✔ sync accepts a complete GCP Exam envelope inside the artifact lock boundary (59.208417ms)
✔ sync accepts the exact Coding Mock profile with its ordered 40-question pool (92.121708ms)
✔ sync accepts and preserves each exact per-track Design Interview simulation profile (115.140875ms)
✔ sync rejects Design profile identity, deadline, stage, response, criterion, rubric, and scoring drift (300.605375ms)
✔ sync rejects Coding Mock profiles that drift from the declared strict contract (229.151417ms)
✔ sync continues to accept a legacy GCP artifact without simulation metadata (63.720875ms)
✔ sync rejects malformed GCP profiles before replacing the target even when lock SHA is recomputed (339.1955ms)
✔ check mode proves byte parity and never writes inside the application root (94.28025ms)
✔ check fails on byte drift without repairing it (73.402208ms)
✔ producer failure preserves the existing complete target and cleans staging (64.406959ms)
✔ failed second rename rolls back the previous directory (88.997292ms)
✔ an interrupted target-to-backup move is recovered before replacement (110.495333ms)
✔ validation rejects extra files, duplicate IDs, tampering, and symlink entries (45.424584ms)
✔ validation rejects a missing or misnamed artifact and an unsorted lock (27.84875ms)
✔ failed first rename preserves the target byte-for-byte and leaves no transaction debris (92.715917ms)
✔ a symlinked target parent fails before staging and cannot write outside appRoot (14.322834ms)
✔ dirty producer state fails before build or application write (15.971834ms)
✔ check rejects a temporary root inside appRoot before any app-tree write (80.931625ms)
CONTENT_BOUNDARY_CHECK=passed
✔ content boundary rejects global fetch ingress but ignores property fetch methods (0.553ms)
✔ content boundary rejects legacy identity types and fields in active runtime code (0.168833ms)
✔ content boundary rejects legacy published-bank contracts and family catalogs (0.087667ms)
✔ content boundary permits legacy shape only at fail-closed boundaries (0.375ms)
✔ content boundary never permits removed family architecture through explicit allowlists (0.073333ms)
✔ content boundary permits quoted legacy keys used only by fail-closed rejection guards (0.266209ms)
✔ recognizes only an enumerated ContentPreparationGate state (1.232125ms)
✔ waits through transient hierarchy failures and returns once a gate state is visible (0.2855ms)
✔ fails closed at the bounded deadline when no gate state is visible (0.320458ms)
✔ deletion authorization expires, binds both UID and generation, and cannot be replayed (1.754666ms)
✔ deletion authorization reports a live grant without consuming it (0.251166ms)
✔ foreground refresh guard skips only a current live deletion grant (0.297042ms)
✔ a foreground refresh queued behind prepareDeletion skips the issued grant without consuming it (1.9515ms)
✔ wrong reauthentication never issues a deletion grant or reaches deletion (0.364708ms)
✔ a session change after reauthentication prevents grant issuance (0.340792ms)
✔ deletion authorization prepares the backend session after reauthentication and before issuing the grant (0.398125ms)
✔ deletion authorization fails closed when backend session preparation fails (0.53025ms)
✔ deletion authorization fails closed when the session changes during backend session preparation (0.3665ms)
✔ verify-before email mutation reports pending work while the current email stays unchanged (0.476ms)
✔ password mutation failures remain failures after successful reauthentication (0.367375ms)
✔ sensitive command lane rejects a concurrent different command (0.799ms)
✔ a second login waits until the first account's Firebase sign-out settles (0.397208ms)
✔ sensitive command lane waits for an active command only through the refresh path (0.269375ms)
✔ waiting refresh drains a command that starts at the idle microtask boundary (0.426417ms)
✔ an active refresh settles before a command claims the lane, even when refresh fails (0.438417ms)
✔ two commands waiting for one refresh leave only the first command admitted (0.487125ms)
✔ refresh holds are refcounted and idempotent while explicit commands remain available (0.405375ms)
✔ prompt hold lifecycle releases exactly once across success, cancel, error, and unmount paths (0.36925ms)
✔ a prompt callback can submit during a refresh hold before its queued foreground refresh (0.573375ms)
✔ a prompt callback during an active refresh keeps queued refresh and submit serialized (0.63525ms)
✔ auth command composition keeps provider credentials and hold-only deletion wiring (1.596167ms)
✔ account snapshot and outbox use one exact canonical identity contract (12.807416ms)
✔ stored account state rejects removed protocol and content schema fields (0.482125ms)
✔ guest adoption choice is canonical and survives a durable reread (0.3705ms)
✔ stored account state fails closed instead of assigning missing outbox sequence (1.199916ms)
✔ account export distinguishes recent authentication, revoked sessions, transport, limits, and 5xx (1.951416ms)
✔ validates the account export envelope before any file is created (1.9705ms)
✔ rejects partial profiles and malformed section entries (0.190375ms)
✔ writes to the cache-prefixed filename and deletes after sharing (0.174084ms)
✔ deletes the temporary file when the share sheet rejects (0.11975ms)
✔ does not create a file when system sharing is unavailable (0.091417ms)
✔ classifies cache file construction failures without rejecting (0.090333ms)
✔ a changed account session is rejected before sharing and the file is deleted (0.120166ms)
✔ reports a failed final cleanup and leaves bootstrap responsible for retry (0.105583ms)
✔ bootstrap cleanup without an active storage profile preserves all export files (0.143541ms)
✔ account export cache cleanup is limited to the selected local profile (0.338709ms)
✔ profile cleanup leaves legacy unscoped exports because their owner cannot be proven (0.123083ms)
✔ guest-merge materialization accepts its timestamp-free contract only when active track is unambiguous (1.387458ms)
✔ requestEmailChange preserves the global classifier and exposes only the email conflict locally (0.647292ms)
✔ requestEmailChange keeps operational failures in their existing categories (0.098042ms)
✔ requestEmailChange owns the contextual mapper without changing the Firebase client contract (0.425833ms)
✔ foreground scheduler coalesces duplicate active events and runs a newer return after the current refresh (2.28525ms)
✔ foreground scheduler cleanup cancels queued work and drops stale intents (0.465041ms)
✔ ODK-E2E-041 keeps a runnable guest goal to account restart journey (0.736541ms)
✔ ODK-E2E-041 preserves the per-track dismissal and restart proof (0.281166ms)
✔ ODK-E2E-041 covers an existing goal on a clean device and an account without a goal (0.277042ms)
✔ ODK-E2E-041 data evidence covers identity, atomic goal-plan validation, recovery, and explicit UI states (2.953042ms)
✔ ODK-E2E-041 visual matrix maps every required journey to executable evidence (1.127208ms)
✔ public environment and Firebase client configuration fail closed (1.522583ms)
✔ Firebase account configuration requires core fields and accepts only valid optional Google IDs (0.309ms)
✔ native App Check composes either provider, both providers, or an explicit unavailable state (1.76325ms)
✔ only the explicit local smoke runtime finalizes every password-identity command without verification side effects (0.306542ms)
✔ account entry copy makes the destructive choice and code acknowledgement explicit (0.919292ms)
✔ account entry owns one terminal choice and keeps synced account controls separate (2.095916ms)
✔ account recovery owns one status message, a truthful retry, and a sign-out exit (2.222041ms)
✔ current-account ISSUE defer requires an explicit sign-in, canonical session check, and persistent identity fence (0.857125ms)
✔ account recovery back action follows live navigator history (0.497917ms)
✔ signed-out sign-in presentation is independent of pending remote revocation (1.532958ms)
✔ local sign-out persists its block before closing scope and never invokes remote preparation (0.825458ms)
✔ completed sign-out cannot publish signed-out state over a newly authenticated UID (0.75025ms)
✔ explicit login and registration Auth mutations serialize with local sign-out (0.778416ms)
✔ restored matching logout block closes scope and remains pending until manual retry (0.792084ms)
✔ foreground identity publication keeps the latest account data and rejects stale generations (0.18025ms)
✔ queued identity refresh is rejected by the production guard after sign-out or UID switch (0.348583ms)
✔ email security composition delegates refresh to the global foreground owner (0.61875ms)
✔ the foreground owner retries plan recovery at bootstrap, reconnect, foreground, and its durable timer (0.222209ms)
✔ sign-in keeps guest access visible and uses the approved Google logo asset (1.455791ms)
✔ registration keeps consent presentation separate from the boolean domain contract (4.01375ms)
✔ both recovery-code surfaces warn before copying through the guarded clipboard (1.488375ms)
✔ unconfigured account entry never composes Google OAuth without typed provider configuration (1.0115ms)
✔ a guest transition resets navigation into the application session (0.221417ms)
✔ secure auth persistence stores only a Firebase refresh-token-shaped record (0.549959ms)
✔ secure auth persistence isolates Firebase metadata from the saved auth user (2.159084ms)
✔ startup waits for persisted auth resolution before choosing the entry screen or Home (1.338666ms)
✔ account finalization coordinator shares one in-flight and completed result per generation (0.716833ms)
✔ account finalization coordinator drops late results after invalidation and disposal (0.434541ms)
✔ read-only generation capture cannot reactivate a session during sign-out (0.111417ms)
✔ account restore has a bounded initialization recovery path (0.636292ms)
✔ App Check has an explicit unavailable state and never fabricates a token (0.08575ms)
✔ account failures expose explicit provider, network, expiry, and revoked-session states (1.318417ms)
✔ cold account_not_found clears persisted Firebase auth or exposes a truthful sign-out retry (0.340041ms)
✔ privacy requests expose App Check failures as unavailable (0.121125ms)
✔ account sync preserves known validation failures without persisting arbitrary error messages (12.579542ms)
✔ deletion retries after a revoked or stale session and leaves a verified local tombstone (3.207458ms)
✔ deletion cleanup removes the complete canonical learning namespace while preserving device records and recovery markers (0.5015ms)
✔ a completed marker from an earlier account does not block a later bound account (0.842291ms)
✔ a preflight journal failure does not create a deletion operation and pending retry cannot start one (3.495417ms)
✔ response loss resolves a matching remote operation and rejects mismatched status without local cleanup (1.933708ms)
✔ local deletion cleanup resumes after a failed key removal without issuing another remote delete (1.184458ms)
✔ account deletion remains pending until reminders are disabled and retry does not repeat remote deletion (0.934375ms)
✔ server reauthentication failures remain reauthentication failures with the pending marker intact (0.598333ms)
✔ an uncertain server deletion failure resolves through the bound operation status (1.037167ms)
✔ a durable terminal learning commit uploads once when Home retries pending data (75.54825ms)
✔ concurrent Home retries share one offline attempt and preserve durable pending state (25.679708ms)
✔ a concurrent local session start during upload keeps the interrupted Home sync retryable (120.356542ms)
✔ a concurrent local session start during download keeps the interrupted Home sync retryable (121.971625ms)
✔ Home pending retry honors binding, state, and durable recovery guards without remote calls (1.5045ms)
✔ bound restart exposes a projection for a locally saved session without remote reads or writes (0.996792ms)
✔ resume requires matching installation and account-state bindings (0.518875ms)
✔ a pending learning journal blocks bound account sync without clearing the journal (1.032458ms)
✔ a deferred upload state resumes locally and syncs idempotently after finalization (22.008083ms)
✔ discard deletes guest records and goals but preserves device preferences and performs no remote writes (2.015417ms)
✔ discard restores existing account records unchanged without uploading guest data (1.077333ms)
✔ failed account fetch keeps guest data and the approved discard plan for retry (0.720959ms)
✔ existing-account login restores remote data without offering or uploading guest adoption (0.7435ms)
✔ one separable invalid remote plan restores Home data, quarantines its version, and resolves after replacement sync (149.438625ms)
✔ normal no-plan remote state creates no recovery incident (11.361ms)
✔ learning plan recovery reserves before a read and commits the replacement with its ACK (15.560208ms)
✔ learning plan recovery persists failed attempts and respects the durable due time (21.098541ms)
✔ learning plan recovery drops stale responses after a generation, incident, or account ownership change (33.683125ms)
✔ invalid plan recovery fails closed on bad envelope, duplicate identity, uncertain goal, or ownership (57.995541ms)
✔ transfer applies an explicit guest conflict resolution once and completes durably (5.992666ms)
✔ guest adoption quarantines one invalid plan while materializing its goal and unambiguous active track (2.418333ms)
✔ offline transfer retry reuses the durable confirmation and never uploads a duplicate guest snapshot (1.404625ms)
✔ discard resumes after partial-index failure without reconstructing a guest upload (2.2375ms)
✔ discard resumes after binding failure without reconstructing a guest upload (1.946083ms)
✔ discard resumes after finish failure without reconstructing a guest upload (1.781833ms)
✔ discard rejects another account and pending adoption without changing guest data (0.25325ms)
✔ a stale adoption confirmation is cleared so retry can request a fresh preview (0.315875ms)
✔ discard blocks an active guest session before fetching or deleting data (0.300959ms)
✔ concurrent discard calls make one transition and keep the guest outbox empty before fetching (3.371708ms)
✔ a session start requested while discard fetches waits and is preserved after materialization (4.60675ms)
✔ malformed remote records keep the guest dataset and durable approved discard plan (0.577875ms)
✔ pending materialization blocks lifecycle account deletion without losing the marker (0.181292ms)
✔ a durable adoption confirmation blocks a new learning commit (0.525833ms)
✔ unreadable mutation journal blocks discard before deleting guest data (0.265458ms)
✔ authenticated reset restores history without uploading tombstones and preserves local context (25.991542ms)
✔ authenticated reset rejects pending account context without changing state or calling the API (3.281167ms)
✔ canonical clean synced state remains eligible for the guarded reset (1.2845ms)
✔ authenticated reset exposes the remote-restore guard and keeps it after a fetch failure (1.7735ms)
✔ a failed remote restore retains the reset guard and account binding (1.48125ms)
✔ a failed local reset keeps the pre-reset marker and retries the same journal safely (7.684542ms)
✔ concurrent authenticated reset requests share one guarded operation (17.2815ms)
✔ reset guard blocks outbox synthesis for a canonical acknowledged record (0.349333ms)
✔ only confirmed offline to confirmed online is a reconnect (0.92075ms)
✔ recovery-code issuance preserves invalid credentials from reauthentication (0.741167ms)
✔ ordinary Firebase identity exchanges before /me and blocks its custom-token observer event (1.93775ms)
✔ a custom-token recovery session with an authorization generation bypasses exchange (0.205125ms)
▶ recovery requires its exact generation and never exchanges a missing or mismatched claim
  ✔ rejects generation null (0.352417ms)
  ✔ rejects generation 1 (0.088875ms)
  ✔ rejects generation 3 (0.083542ms)
✔ recovery requires its exact generation and never exchanges a missing or mismatched claim (0.846792ms)
✔ a generation change after exchange prevents token sign-in and /me (0.157459ms)
▶ custom-token exchange requires a valid authorization generation before /me
  ✔ rejects claim undefined (0.195583ms)
  ✔ rejects claim 0 (0.112458ms)
  ✔ rejects claim 1 (0.141541ms)
✔ custom-token exchange requires a valid authorization generation before /me (0.70325ms)
▶ recovery issue session restore requires a current explicit sign-in intent and matching UID
  ✔ before the user chooses sign-in (0.184792ms)
  ✔ after the pending intent expires (0.06975ms)
  ✔ after restart has lost the pending intent (0.069292ms)
  ✔ when Firebase is bound to another UID (0.066583ms)
✔ recovery issue session restore requires a current explicit sign-in intent and matching UID (0.614375ms)
▶ recovery issue session restore rejects a present mismatched or malformed generation before exchange
  ✔ present wrong generation (0.108958ms)
  ✔ malformed Firebase claim (0.096291ms)
✔ recovery issue session restore rejects a present mismatched or malformed generation before exchange (0.323834ms)
✔ a missing recovery generation restores only for current explicit intent, then checks the exact generation (0.135667ms)
✔ recovery intent expiring during exchange prevents observer release and Firebase sign-in (0.098458ms)
✔ a recovery sign-in returning another generation fails before ACK or /me (0.145542ms)
✔ account-bound Premium cache stays scoped away from a retained guest profile (9.15875ms)
✔ sign-out clears only the authenticated account Premium cache before closing its account profile (1.723375ms)
✔ sign-out clears the authenticated account cache from a retained adoption-pending guest profile (0.780292ms)
✔ sign-out preserves a foreign-account cache instead of deleting it (0.473542ms)
✔ unknown ownership and invalid cache records return localCleanupFailure without deleting data (0.895959ms)
✔ a profile switch invalidates cleanup against the previous captured scope (0.816542ms)
✔ sign-out returns stale and preserves a new active guest profile (0.84525ms)
✔ a cache remove failure stays explicit while sign-out still clears Auth (0.367042ms)
✔ an SDK failure remains signOutPending when owned-cache cleanup also fails (0.383625ms)
✔ guest transition lock admits one command and denies a concurrent command before side effects (0.532958ms)
✔ guest transition lock releases after both success and failure (0.324ms)
✔ Home presents a non-blocking recover-plan notice with durable dismissal (0.919667ms)
✔ learning plan recovery uses capped exponential retry delays and an inclusive due boundary (2.658083ms)
✔ resumes a pending revoke, validates the replacement session, then clears the exact durable marker (1.072041ms)
✔ keeps the durable marker when the replacement token changes authorization generation (0.34575ms)
✔ never clears the durable marker after the session command becomes stale (0.165292ms)
✔ rejects a command that becomes stale while local completion is persisted (0.155458ms)
✔ same UID and generation join one pending-revocation batch (0.513542ms)
✔ a new generation waits, re-reads the marker, and retries only after the stale owner settles (4.240208ms)
✔ a different UID never consumes or completes the stale owner's marker (0.446208ms)
✔ a failed exact-operation replay retains its pending marker (0.214667ms)
✔ automatic session revocation keeps sign-in on loading and exposes pending recovery only on failure (0.728917ms)
✔ Premium refreshes run in request order and continue after a failed provider read (1.109667ms)
✔ confirmed offline admission consults only the account-bound cache (0.549084ms)
✔ online and unknown reachability require a fresh result and never fall back to cache (0.233ms)
✔ restored Auth resolves /me before selecting and activating its exact account scope (1.198667ms)
✔ UID change while /me is pending prevents account selection and activation (0.330542ms)
✔ /me failure leaves prepared storage closed without selecting a profile (0.151208ms)
✔ only a current restored account_not_found signs out persisted Auth (0.0775ms)
✔ provisional provider cancellation returns to sign-in only when its blocked UID owns the null Auth event (0.137416ms)
✔ delayed null after sign-out promise resolution consumes the still-owned provider cancellation (0.101417ms)
✔ replacement sign-in invalidates cancellation intent before a delayed stale null callback (0.064334ms)
✔ Auth loss locks the rendered account state before closing its profile scope (0.097917ms)
✔ local account sign-out verifies the durable block before locking, closing, and calling Firebase (0.182125ms)
✔ logout receipt validation requires the exact pending pair or completed receipt (0.132042ms)
✔ owned-cache cleanup failure is explicit after Firebase sign-out and never reports success (0.150208ms)
✔ Firebase failure remains signOutPending even when owned-cache cleanup fails (0.128625ms)
✔ failed local control write closes access and attempts Firebase sign-out but stays a failure (0.109208ms)
✔ SDK failure after an unverified control write remains signOutPending without cache cleanup (0.09925ms)
✔ retrying sign-out for the exact completed UID-operation receipt still clears local Auth (0.09575ms)
✔ a retained Auth retry rejects blocked receipts for a different UID or operation (0.1485ms)
✔ unverified local control read-back attempts Firebase sign-out only when no scoped marker is recoverable (0.098167ms)
✔ when a scoped operation is durable, control-write failure retains Auth for a recoverable retry (0.085625ms)
✔ restore locks only for a matching scoped logout marker missing from the control journal (0.093875ms)
✔ pending remote revoke blocks profile preparation only for its matching Auth UID (0.057167ms)
✔ authenticated scope checks and repairs incomplete logout before publishing profile preparation (0.157458ms)
✔ scope guard rechecks Auth generation after reading an absent marker (0.070625ms)
✔ a completed revoke receipt clears the scoped marker before profile startup continues (0.074875ms)
✔ failed completed-marker cleanup keeps the authenticated profile closed (0.081708ms)
✔ a UID switch while fallback control persistence is pending closes only the captured scope (0.119041ms)
✔ fallback setup failure never cleans cache from a blocked-only receipt (0.079291ms)
✔ stale sign-out completion closes its scope without publishing over the newer identity (0.064ms)
✔ Firebase sign-out failure retains the matching block for manual retry (0.110333ms)
✔ Auth rejection remains pending until durable local sign-out reports success (0.093541ms)
✔ ambiguous saved Guest profiles are reported as a choice requirement (0.101166ms)
✔ guest preparation failure closes the scope and returns to signed-out login (0.061042ms)
✔ Guest selection keeps the signed-out account entry mounted when no scope is active (0.038583ms)
✔ restored Guest validates persisted access before selecting or activating its scope (0.100792ms)
✔ invalid restored Guest access stays closed (0.052208ms)
✔ fresh installation opens Guest only after explicit choice (1.245458ms)
✔ preparation gate opens registry metadata without activating or reading a profile (0.697166ms)
✔ logout-control corruption or storage failure fails closed with an explicit retry surface (0.103875ms)
✔ preferences remain on defaults until storage activation emits the ready event (0.113792ms)
✔ preparation failure is explicit, retryable, and counts only reserved lost-key retries (0.093958ms)
✔ key-loss recovery preserves delayed confirmed removal and requires preparation again afterward (1.312292ms)
✔ mapped provider identity exchanges, signs in with the returned session token, then finalizes (0.955542ms)
✔ unmapped provider identity remains provisional on the same UID without registration or finalization (0.162041ms)
▶ stale UID or generation rejects before exchange and after an async boundary
  ✔ UID changed before run (0.307209ms)
  ✔ generation changed while exchange is pending (0.134083ms)
✔ stale UID or generation rejects before exchange and after an async boundary (0.665291ms)
✔ duplicate concurrent classification shares one in-flight result (0.160125ms)
✔ issue result stays private through a deferred final identity read: exact (2.17175ms)
✔ issue result stays private through a deferred final identity read: different_uid (0.102708ms)
✔ issue result stays private through a deferred final identity read: different_generation (0.068333ms)
✔ issue result stays private through a deferred final identity read: signed_out (0.083541ms)
✔ issue result stays private through a deferred final identity read: read_failure (0.0755ms)
✔ issue result stays private through a deferred final identity read: stale_revision (0.052291ms)
✔ missing or unreadable initial identity cannot read a generation for a different account (0.091834ms)
✔ provider gates subscription and closes scoped access before releasing rejected issue results (0.36875ms)
✔ issue persists operation identity before POST and blocks profile preparation until saved ACK (2.654208ms)
✔ vault persistence failure prevents both issue and consume requests (0.424417ms)
✔ restored issue with an authenticated UID but missing generation remains blocked and hides codes (0.308833ms)
✔ defer requires a valid proven mismatch and retains a hidden issue after restart without remote effects (0.53775ms)
✔ durably deferred issue permits signed-out preparation without changing the retained operation (0.391708ms)
✔ signed-out preparation remains blocked before durable defer (0.145667ms)
✔ defer accepts a same-UID generation mismatch only after the live claim proves it (0.1995ms)
✔ old issue codes return only after an explicit resume on the original identity (0.286291ms)
✔ identity change during defer persistence keeps the marker but leaves profile preparation blocked (0.18775ms)
✔ deferred issue cannot be overwritten by new issue or consume and write failure retains the old record (1.358542ms)
✔ synchronous identity suspension redacts an in-flight status result and preserves durable codes (0.331833ms)
✔ identity swap during initial issue POST persists codes but never exposes or ACKs them (0.23575ms)
✔ consume persists code before POST, keeps custom token out of durable and visible state, then ACKs the matching SDK identity (0.510792ms)
✔ signed-in UID with a malformed generation is not treated as signed out for pending consume (0.118458ms)
✔ cold matching consume identity ACKs without another SDK sign-in (0.105458ms)
✔ signed-out restart first records server result, then explicit resume signs in and ACKs (0.196833ms)
✔ an issue provider retry reuses its saved operation ID rather than allocating a new one (0.117125ms)
✔ explicit replacement confirms delivery_unconfirmed, saves one backup before POST, and exposes only the durable new result (0.370292ms)
✔ replacement vault write failure prevents POST and retains the old operation and codes (0.191708ms)
✔ lost replacement POST and exact missing-status response preserve both records and the same new ID (0.291875ms)
✔ explicit retry of a persisted replacement GETs first and reuses its saved ID (0.208209ms)
✔ generic retry, restart reconciliation, and unconfirmed start are status-only for pending replacements (0.31375ms)
✔ replacement refuses a malformed or cross-generation result and keeps the old backup durable (0.288167ms)
✔ authoritative delivery_unconfirmed ends the current replacement backup without allocating another ID (0.155417ms)
✔ a separate explicit confirmation after confirmed replacement expiry starts a new backed-up ID (0.195292ms)
✔ replacement status auth and service errors retain the old backup without POST (0.200792ms)
✔ confirmed ACK and superseded replacement statuses resolve the backup as terminal (0.179ms)
✔ confirmed replacement expiry stays explicit and retains prior codes until separate confirmation (0.337916ms)
✔ storage recovery audit command exposes only the documented presentation fixtures in development smoke (0.583666ms)
✔ storage recovery audit command is unavailable outside development smoke (0.075791ms)
✔ storage recovery audit command rejects unrelated or expanded commands (0.106125ms)
✔ Activity read model keeps terminal history semantics and includes completed sessions without answers (17.200417ms)
✔ Activity read model surfaces a corrupt canonical result instead of presenting an empty history (0.953834ms)
✔ Activity read model treats repository issues as an explicit storage failure (0.338125ms)
✔ Activity read model reuses the caller's attempts read when supplied (0.225625ms)
✔ Activity full history keeps unavailable sessions as immutable summaries (1.531042ms)
✔ Activity read owner invalidates late focus reads and lets the newest retry win (0.350542ms)
✔ Activity read owner keeps current read failures explicit (0.157416ms)
✔ bootstrap surfaces unavailable active sessions before content preparation or resume (62.462583ms)
✔ bootstrap emits a bounded diagnostic for a content-stage failure (5.792208ms)
✔ bootstrap reports the last canonical repository step for a repository failure (0.339166ms)
✔ AUD-02D feedback flows match canonical selected answers and conditional reinsert plan (524.413917ms)
✔ a correct GCP simulation answer recorded before due time does not advance older review evidence at finalization (307.415875ms)
▶ due-answer boundaries preserve the two-success rule and the exact-current-session guard
  ✔ before-counter-zero (18.565042ms)
  ✔ before-counter-one (22.551583ms)
  ✔ equal-counter-zero (20.2755ms)
  ✔ equal-counter-one (18.165417ms)
  ✔ after-counter-zero (22.360166ms)
  ✔ after-counter-one (17.157917ms)
  ✔ persistent exact-reference review from the same session remains unchanged (17.060833ms)
✔ due-answer boundaries preserve the two-success rule and the exact-current-session guard (137.12025ms)
✔ journal replay applies one eligible due success exactly once after draft-cleanup interruption (21.99175ms)
✔ Coding weak-area review with explicit due_queue does not use a historical miss as fallback evidence (242.173625ms)
✔ actual lifecycle persists only due current refs, shortens to available due content, and does not append miss fallback (451.930334ms)
✔ actual lifecycle rejects empty due evidence with no session write and preserves the historical attempt (0.832125ms)
✔ explicit session_misses is unavailable before lifecycle persistence (0.28025ms)
✔ a single-source Design weak-area review keeps its existing due-only default without reviewSource (0.406625ms)
✔ single-source Certification weak-area review also keeps its due-only default without reviewSource (0.268208ms)
✔ due review selection rejects future and stale artifact/version/track references without fallback (0.488125ms)
✔ invalid review sources and refs are rejected on practice and simulation before selection (0.254333ms)
✔ actual lifecycle rejects review source on a simulation before any durable session write (0.367916ms)
✔ real loader prepares all 29 modes across nine tracks (288.312417ms)
✔ real canonical questions submit and score all five interaction types (42.194208ms)
✔ actual Design runtime rejects a sparse ordering response before creating an outcome (5.48725ms)
✔ evidence permits one item and multi-source Coding review requires an explicit source (0.388292ms)
✔ coding review preserves identity and resolves after two due successes (1.633666ms)
✔ resume and query boundaries reject tampering, foreign attempts and old pins (4.809916ms)
✔ Claude Focus persists selectable feedback, scores single and multi-select, and finalizes complete evidence (38.368209ms)
✔ reinsert resolves exact branch after three durable intervening submissions and preserves ordinary branch on correct (7.649958ms)
✔ GCP simulation prepares the profile-weighted immutable 50-item plan and exact snapshot (14.119875ms)
✔ GCP simulation validates draft occurrence keys, completeness, flags, revision, and deadline (19.751333ms)
✔ GCP simulation finalization scores only complete responses and partitions all 50 occurrences (30.199792ms)
✔ Coding Mock consumes its exact ordered 40-question profile with foreground timer and shared draft runtime (2.496041ms)
✔ Design Interview Simulation uses each exact track profile, resumes durable stage text, and finalizes completeness only (2.387583ms)
✔ Design Interview Simulation timeout can finalize a partial draft without assigning semantic correctness (0.395458ms)
✔ ordinary sessions expand practiced coverage across coding, design and certification pools (337.15425ms)
✔ selection ignores attempts outside its pool or exact content pin and handles exhaustion (0.39175ms)
✔ a never-attempted question stays uncovered even when its unit has attempt history (0.167375ms)
✔ single choice feedback exposes selected incorrect, omitted correct and remaining neutral (0.959125ms)
✔ multi choice feedback preserves every selected and correct combination (0.112125ms)
✔ choice feedback rejects a mismatched response contract (0.241542ms)
✔ authored choice messages follow selected incorrect and omitted correct stable IDs in authored order (0.300541ms)
✔ multiple choice messages include only selected wrong and omitted correct targets regardless of response order (0.101166ms)
✔ message projection preserves absent-message and non-choice behavior, and freezes provided empty results (0.085542ms)
✔ real GCP and Coding artifacts deliver exact selected-wrong authored messages (546.826042ms)
MC_REACHABLE coding-interview-dsa-problem-solving completedRound=7
MC_REACHABLE claude-certified-architect-professional-certification completedRound=5
✔ actual GCP practice choice orders vary between session identities and survive durable resume unchanged (369.33425ms)
✔ resume accepts a fingerprint-bound legal choice permutation without requiring regeneration (19.018917ms)
✔ all 16077 actual items preserve control membership, ID answers and non-choice order without exposing an answer to the ranker (2911.743041ms)
✔ all real 29 practice modes and canonical simulation profiles prepare valid frozen orders with unchanged question selection (50.599083ms)
✔ legacy source orders remain valid; malformed orders, stale pins and unstored permutation changes fail resume (2.056291ms)
✔ actual Coding conditional repeat retains the source prepared order after three durable intervening answers and rebind (80.374084ms)
✔ MC becomes reachable through completed canonical sessions and real persisted history without changing selection policy (1641.985292ms)
✔ actual Frontend Design ordering feedback follows missing adjacent relations across all legal permutations (429.690584ms)
✔ ordering message projection is absent outside ordering or when authored messages are absent (0.133292ms)
✔ invalid ordering responses are rejected before authored diagnostics are inferred (0.353958ms)
✔ projects exact HTTPS sources in authored order without normalizing query or hash (1.029458ms)
✔ rejects non-HTTPS, malformed and missing sources without inventing a fallback (6.502916ms)
✔ opens the exact projected URL and reports success or failure explicitly (0.512ms)
✔ rejects unsafe or malformed source URLs without calling the opener (0.313375ms)
✔ projects the exact URL from an accepted certification artifact without changing the artifact (6.214ms)
✔ all 440 actual multiple-choice items reject every wrong-containing subset independently of oracle parity (415.708958ms)
✔ actual practice runtime writes zero-point incorrect attempt/review, survives repository rebind and preserves authored feedback (81.795ms)
✔ actual Coding Mock simulation finalization records wrong-containing response as incorrect zero, preserving other answers (27.247542ms)
✔ ODK-096 AWS Free focus selects unique 10/20/40 question plans from the current canonical node (1811.49125ms)
✔ ODK-096 AWS evidence-conditioned review truthfully shortens to due evidence and fails closed without it (1174.7585ms)
✔ ODK-097 Design Tradeoff sessions use the exact free node and unique 10/20/40 items (343.091792ms)
✔ ODK-097 Design Review is due-only, truthfully shortens, and fails closed without eligible evidence (15.347333ms)
✔ ODK-097 Review evidence rejects stale, wrong-artifact, and cross-track entries (0.294791ms)
✔ ODK-097 Coding due entries remain identity-scoped without consuming historical misses (0.408ms)
✔ Certification Exam Simulation authorizes before preparation resolution and starts durably only when allowed (703.289458ms)
✔ completed exam review projects answered and unanswered items across the complete fixed plan (584.249708ms)
✔ fully unanswered completed exam projects all 50 items without creating attempts (11.260167ms)
✔ exam result rejects tampered partition, attempt scores, and profile evidence (15.095958ms)
✔ active Certification projection strips answers, explanations and feedback structurally (1.001708ms)
✔ deferred feedback remains absent after durable submit while immediate feedback is unchanged (0.28675ms)
✔ immediate Certification feedback returns only authored messages for selected incorrect IDs (0.136375ms)
✔ completed review evidence fails closed when durable outcome aggregates are missing or inconsistent (0.178459ms)
✔ completed practice projector preserves the canonical five-state answer matrix (315.787625ms)
✔ practice review rejects altered identity, coverage, attempts, score, and resolution (1.74625ms)
✔ Certification route preserves domains and sends an exact Premium node through facade to Gate A before mutation (574.006792ms)
✔ coding facade converts every supported UI response into the canonical response union (1.234834ms)
✔ completed Coding practice is readable and review uses the same completed projection (816.487167ms)
✔ completed conditional-reinsert practice projects the final replaced occurrence order (376.504333ms)
✔ abandoned Coding summary keeps its separate existing projection and performs no read writes (19.688833ms)
✔ completed Mock result stays pending until exact saved content validation finishes (96.471541ms)
✔ completed result rejects a source-session attempt outside the saved occurrence plan (211.546083ms)
✔ completed result rejects a removed attempt and a scorer/result mismatch (131.322ms)
✔ completed result rejects a mismatched family, completion time, or answer coverage (168.034792ms)
✔ completed result rejects attempts with a different mode or resolved item (187.779042ms)
✔ completed result rejects duplicate attempts, invalid responses, and stale artifact references (177.634166ms)
✔ completed result rejects persisted counts and points that disagree with committed attempts (148.467875ms)
✔ completed result ignores valid attempts belonging to an unrelated session (161.23475ms)
✔ startAlgorithmsSession adapts feedback timing on the actual lifecycle request (1.098417ms)
✔ Coding Mock flags persist in the active draft and reappear after lifecycle resume (739.313125ms)
✔ Coding Mock persists a response, finalizes, and reads all 40 completed review rows (168.28925ms)
✔ Coding immediate practice feedback survives durable submit and lifecycle rebind (26.904ms)
✔ resolves an exact canonical artifact by track, content version, and SHA (314.81025ms)
✔ resolves only the question identified by a canonical ResolvedContentRef (0.329625ms)
✔ prepares Certification Exam Simulation from the exact canonical artifact profile (16.521458ms)
✔ prepares Coding Mock from the exact canonical artifact profile and ordered 40-question pool (3.940375ms)
✔ all three actual Design pools deliver exact authored wrong-option feedback after durable submit and rebind (1343.148583ms)
✔ Design choice diagnostics stay hidden for a failed journal write and committed-only response (14.2655ms)
✔ manual Design Simulation completion requires every non-empty stage (1.15225ms)
✔ home snapshot resolves canonical track metadata (615.548458ms)
▶ actual Home command rejects profile changes after Activity reads and before publication, including A/B/A
  ✔ same profile publishes actual persisted answers (93.908417ms)
  ✔ same-profile attempt committed after parallel reads rejects stale HomeShell publication (28.876125ms)
  ✔ same-profile attempt committed after the final dashboard await rejects publication (41.809667ms)
  ✔ A→B after Activity read rejects publication (13.552583ms)
  ✔ A→B→A after Activity read rejects publication (14.288458ms)
  ✔ active transition at entry prevents reads and publication (6.654792ms)
  ✔ transition starts during the last read and prevents publication (16.600292ms)
✔ actual Home command rejects profile changes after Activity reads and before publication, including A/B/A (873.917416ms)
✔ Home fence rejects persisted goal and accepted-plan changes (46.274625ms)
✔ Home fence rejects persisted review and attempt additions (1.486125ms)
✔ Home fence rejects terminal, active, and result-only session evidence writes (9.969375ms)
✔ Home fence observes selected-track changes, including from a null-track snapshot (0.53575ms)
✔ Home fence preserves onboarding fallback and ignores unrelated reminder settings (0.641291ms)
✔ Home fence fails closed for active journals and corrupt canonical session indexes (6.815875ms)
✔ actual artifact→repository→Home presenter includes local Monday before UTC Monday and excludes future answers (565.419625ms)
✔ all nine canonical tracks use the same activity count without turning it into completion (493.942917ms)
✔ active exclusion, ended-early history and old package facts remain distinct from completed sessions (2.250458ms)
✔ civil Monday boundaries agree in Warsaw/Los Angeles and across both DST transitions (1.405459ms)
✔ same question new attempts count separately, identical IDs once, conflicting IDs unavailable (0.515375ms)
✔ invalid relevant record/context never becomes empty activity; repository corruption still throws (6.818417ms)
✔ weekly text and accessibility label share real translated plural values in seven locales (9.294625ms)
✔ actual memory profile router separates A/B history and reconstructs A after storage reopening offline (28.626959ms)
✔ removed simulation response path is unavailable (590.636875ms)
✔ A before journal persistence leaves no durable outcome (7.5525ms)
✔ B after journal persistence recovers complete (4.842333ms)
✔ C after attempt write does not duplicate (3.207708ms)
✔ D after review writes no duplicate evidence (15.2715ms)
✔ E after session no twice advance (5.8825ms)
✔ F all writes before verification (3.284583ms)
✔ G verification before clear safely replays (3.480208ms)
✔ resolved review deletion is physical and safely replays after force-close (2.171959ms)
✔ resolved review deletion recovers when its index update fails (16.005042ms)
✔ manual review removal recovers after index switch but before physical deletion (2.27075ms)
✔ session abandonment persists abandoned session before clearing active pointer (18.932833ms)
✔ session abandonment replay is idempotent (3.357209ms)
✔ abandonment recovers identically after every durable write boundary (26.581833ms)
✔ abandonment does not navigate before durability (0.71175ms)
✔ local answer commit defers snapshot and outbox construction until account synchronization (14.547833ms)
✔ failed pending-sync write retains the verified journal and recovers without duplicating the answer (3.597ms)
✔ clear local history is one journaled learning-state mutation (16.448791ms)
✔ clear local history copy covers progress and review data (0.181208ms)
✔ clear local history preserves the one guest installation and local dataset identity (2.050125ms)
✔ reset recovers a pending command before deleting its fully materialized learning state (17.864458ms)
✔ reset failure remains explicit and recovery is identical after every deletion boundary (20.065792ms)
✔ journal durability precedes idempotent materialization and recovery (9.911083ms)
✔ journal phase advances only one immutable step at a time (7.674208ms)
✔ journaled command rejects a conflicting pending command (4.81275ms)
✔ journal has a versioned SHA-256 command identity and rejects stale expected revisions (2.725209ms)
✔ journal construction rejects writes that cross exact resolved artifact identities (0.288834ms)
✔ practice submission recovers identically after every durable write boundary (48.05725ms)
✔ concurrent conflicting journal persists use one CAS winner and ownership-checked clear (1.539792ms)
✔ materializes one attempt (5.509458ms)
✔ materializes one review entry (1.743292ms)
✔ rejects an unsupported write kind instead of silently materializing it (0.631833ms)
✔ materializes one session (1.305583ms)
✔ clears active session pointer (0.508041ms)
✔ materializes a complete training outcome in canonical order (1.215833ms)
✔ replays a fully materialized journal without duplicate effects (1.428709ms)
✔ resumes after only attempt write completed (1.140375ms)
✔ resumes after attempt and review writes completed (1.256084ms)
✔ resumes after session write completed (1.398542ms)
✔ rejects conflicting immutable attempt (0.729708ms)
✔ rejects conflicting session record (0.745875ms)
✔ rejects conflicting review record (0.562125ms)
✔ preserves active journal after write failure (8.458ms)
✔ does nothing when no journal exists (0.960416ms)
✔ recovers a journal before any writes (36.775916ms)
✔ recovers partially materialized (3.767292ms)
✔ fully materialized unverified (3.312708ms)
✔ verified journal whose clear failed (3.685583ms)
✔ accepts ident immutable attempt (2.68625ms)
✔ rejects conflicting immutable attempt (1.572334ms)
✔ rejects conflicting active journal (4.749792ms)
✔ blocks corrupt journal (0.203583ms)
✔ blocks journal read failure (0.192083ms)
✔ preserves journal after materialization failure (1.401459ms)
✔ preserves journal after verification failure (5.198083ms)
✔ preserves journal after journal clear failure (9.486834ms)
✔ rejects a semantically malformed persisted journal and retains it (0.424292ms)
✔ rejects an unknown persisted write and retains its journal (0.292333ms)
✔ rejects an old persisted journal without an exact artifact SHA-256 (0.328125ms)
✔ rejects incomplete operation plans before persistence (0.297167ms)
✔ rejects duplicate write targets before persistence (19.739959ms)
✔ rejects destructive writes that do not belong to the operation (0.650583ms)
✔ rejects attempts and reviews that conflict with the durable session plan (1.483208ms)
✔ rejects an immediate submit for a planned but non-current occurrence (0.479833ms)
✔ rejects contradictory review actions and duplicate terminal item outcomes (0.594584ms)
✔ accepts a review update that retains its original durable source identity (0.748958ms)
✔ rejects a fabricated historical source on a nonexistent review identity (0.304375ms)
✔ rejects an explicit review update when its durable identity does not exist (0.469541ms)
✔ rejects a persisted plan with a corrupt fingerprint and retains it (0.273125ms)
✔ idempotent repeated recovery (1.933125ms)
✔ does not require remote content (1.771791ms)
✔ does not recalc scoring (2.206166ms)
✔ does not generate IDs (1.7875ms)
✔ verifies a complete materialized mutation (9.89525ms)
✔ rejects missing attempt (0.761833ms)
✔ rejects conflicting attempt (0.998334ms)
✔ rejects missing review entry (0.398375ms)
✔ rejects conflicting review entry (0.459208ms)
✔ rejects missing session (0.476625ms)
✔ rejects conflicting session (0.633292ms)
✔ rejects active session pointer that should be cleared (0.448208ms)
✔ propagates storage read failure (0.357917ms)
✔ preserves active journal after verification failure (4.724084ms)
✔ an occurrence-keyed draft persists, edits, and resumes without learning side effects (5.0215ms)
✔ draft persistence rejects unknown occurrences and mismatched session scope (1.51275ms)
✔ immediate-feedback sessions cannot persist draft responses (0.822416ms)
✔ clear local history removes the resumable draft (25.657375ms)
✔ Algorithms finalization commits exactly answered occurrences and deletes the matching draft (23.348458ms)
✔ Algorithms finalization rejects attempts that do not correspond exactly to answered draft occurrences (3.671542ms)
✔ Algorithms finalization rejects a stale cleanup draft before journal persistence or outcome writes (0.642833ms)
✔ force-close replay completes an Algorithms finalization idempotently at the draft-delete boundary (4.890125ms)
✔ duplicate content occurrences keep distinct attempts and consolidate review to the latest planned transition (5.188375ms)
✔ finalization can resolve a review through an exact transition attempt (16.573667ms)
✔ journaled transition delete rejects a same-id review conflict before outcome writes and replays exact or absent identity (23.946667ms)
✔ Algorithms finalization recovers idempotently across every canonical write boundary (30.318625ms)
✔ persisted finalization journal preflights a stale durable draft before replaying any outcome write (1.879125ms)
✔ draft saves are locked as soon as a finalization journal is pending (1.477416ms)
✔ a draft save started before journal persistence rechecks immediately before writing (1.132458ms)
✔ actual canonical proposal plus repositories: attempts arriving after async resolve cannot persist (758.137417ms)
✔ calendar changing during plan construction is checked immediately before CAS (2.824ms)
✔ accepted-plan replacement after proposal creation cannot be overwritten (14.734042ms)
✔ evidence and calendar changes invalidate a proposal editor without writing (4.380583ms)
✔ same-scope uncertain accept acknowledges exact durable command even with active journal, without another write (9.647791ms)
✔ same-scope uncertain editor acknowledgement does not re-run the write or proposal freshness (11.556667ms)
✔ uncertain accepted result and editors do not leak into a replacement storage scope (9.780125ms)
✔ actual profile router A/B/A republishes a new lease; old editor, in-flight and terminal result remain stale (28.231292ms)
✔ replay of a terminal acceptance after a later edit cannot reconcile old reminders (3.775666ms)
▶ goal changes after uncertain durable writes cannot acknowledge a stale pair or reconcile reminders
  ✔ accept (2.553417ms)
  ✔ editor (4.181833ms)
✔ goal changes after uncertain durable writes cannot acknowledge a stale pair or reconcile reminders (7.2225ms)
✔ uncertain editor retry rechecks goal synchronously after its async read (12.038ms)
✔ proposal editor preserves retained slot IDs, drops removed IDs, sorts days, and saves revision one (24.785458ms)
✔ accepted plan edit explicitly reads a snapshot, increments plan revision, and stale sessions do not commit (1.991375ms)
✔ direct accept and proposal editor share plan CAS and retry after idempotent success (0.515417ms)
✔ parallel proposal acceptance shares one promise and one durable save (0.463583ms)
✔ parallel acceptance for one proposal across tracks never shares the in-flight success (0.414042ms)
✔ accepted result cache is scoped by proposal and track identity (1.111458ms)
✔ pending acceptance retry is scoped by proposal and track identity (1.480958ms)
✔ storage uncertainty keeps the editor session and retries through durable command reconciliation (1.227583ms)
✔ accepted-plan retry reconciles its durable command before checking refreshed content context (0.881875ms)
✔ a replacement proposal keeps plan identity and increments plan revision (1.985375ms)
✔ a target-date replacement remains explicit and atomically updates the accepted plan identity (1.4795ms)
✔ accepted plan freshness checks content version, artifact SHA, and timezone (0.324875ms)
✔ proposal creation rejects a local-day change during package resolution (591.835791ms)
✔ proposal resolution rejects a timezone change during package resolution (9.748584ms)
✔ unchanged persisted GCP inputs stay ready through the synchronous commit guard (2.210416ms)
✔ a newly persisted exact-package attempt stales the proposal; immutable replay adds no evidence (3.86475ms)
✔ a persisted review becoming due within the same local day stales its proposal (3.376166ms)
✔ a persisted goal revision change stales its proposal (2.077167ms)
▶ corrupt, dangling, and journaled evidence reads are errors, never empty histories
  ✔ corrupt-index (0.391041ms)
  ✔ dangling-attempt (0.175875ms)
  ✔ active-journal (1.688042ms)
✔ corrupt, dangling, and journaled evidence reads are errors, never empty histories (2.888459ms)
✔ storage profile replacement during package resolution stales creation (0.387917ms)
✔ an injected canonical-package artifact change stales the synchronous guard (1.775833ms)
✔ exact duplicate evidence preserves order and conflicting duplicate IDs fail closed (7.858625ms)
✔ a repository read failure after package await remains retryable (0.453042ms)
✔ plan accept saves first and returns the synced reminder outcome (1.059625ms)
✔ a saved plan remains successful with a durable pending reminder result (0.159208ms)
✔ a terminal cleared reminder outcome is not relabeled as pending (0.110083ms)
✔ stale acceptance and failed evidence do not reconcile local reminders (0.118542ms)
✔ actual canonical producer preserves a versioned completion rule in the hashed artifact (961.222334ms)
✔ Home rejects a goal change during exact package resolution instead of publishing an old generation (531.910042ms)
✔ real producer → verified canonical runtime → persisted evidence → Home and proposal use the same rule (1757.31525ms)
▶ Progress consumes actual shared evidence without claiming completion from minimum attempt volume
  ✔ targeted (763.263625ms)
  ✔ learn_at_own_pace (402.374834ms)
✔ Progress consumes actual shared evidence without claiming completion from minimum attempt volume (2864.343458ms)
✔ shared evidence is package-wide across plan revisions, exact by artifact, deduplicated, and partial is not correct (1898.567667ms)
✔ absent actual policies stay unknown in both actual Home and proposal for all nine current tracks (918.596334ms)
✔ actual Home none and Progress unavailable preserve honest status, actions and retry semantics (78.021792ms)
✔ producer and actual consumer reject the same malformed v1 rule vectors and hash binds a valid rule (990.959875ms)
✔ Home rejects evidence changes and journal failure inside exact resolution (1803.537042ms)
✔ matching-package phantom question IDs fail instead of contributing fabricated progress (1663.708958ms)
✔ actual profile router A/B/A rejects old Home snapshot even when account A learning data is unchanged (1466.662958ms)
✔ actual persisted reviews share exact qualification and due cutoff; phantom matching review fails closed (1902.623333ms)
✔ future exact-package evidence cannot complete proposal while Home rejects the same facts (1978.9295ms)
ℹ {"home":"unavailable","reason":"calculation_error","proposal":"generator_error"}
✔ captured instant rejects same-day future answers by one millisecond without silently dropping them (1481.539208ms)
✔ past and exactly captured answers remain eligible despite later materialization, duplicates and historical future evidence (1280.454959ms)
✔ absent production rule does not hide future exact-package facts as unknown (7.962958ms)
✔ clock rollback blocks real proposal resolve and acceptance before goal-plan CAS or reminders (1455.584417ms)
✔ current producer rebuild preserves all nine rule-free artifact bytes and exact app lock (3825.302875ms)
✔ P05 persisted 25 attempts / 5 correct in latest 10 cannot predict completion today (642.546375ms)
✔ P05 evaluator result cannot become an achievable target merely because volume is met (4.485416ms)
✔ P05 evaluator, proposal copy and canonical guidance presentation agree in all seven locales (14.802042ms)
✔ missing actual rule stays unknown before quality guard even when there are many persisted attempts (3.836708ms)
✔ minimum exactly met still needs quality, while own pace and shortfall keep their target semantics (3.267125ms)
✔ current completed window permits zero-work; later incorrect durable attempts restore the quality limit (12.4535ms)
✔ applies no-goal, paused-goal, no-plan and freshness precedence (32.816416ms)
✔ maps plan paused, completed, overdue boundaries and open-ended targets (1.969375ms)
✔ maps capacity, typed forecast status and all unavailable reasons without recomputing (16.532833ms)
✔ requires full forecast identity and maps malformed foreign forecasts to calculation_error (5.57675ms)
✔ returns frozen, typed presentation values and ignores immutable fact arrays (0.609083ms)
✔ maps every guidance state, reason, message key, action and fact variant (36.116333ms)
✔ accepts canonical overdue guidance with an unavailable forecast (0.968125ms)
✔ covers no-target text facts for paused and completed states (0.485917ms)
✔ uses native English and Polish plural categories for pace facts (2.579667ms)
✔ formats civil dates in the supplied timezone without UTC day drift (5.853208ms)
✔ rejects invalid locale, timezone, date and unknown runtime variants explicitly (1.037708ms)
✔ rejects a secondary action outside its two allowed states and inconsistent missing secondary (0.249667ms)
✔ fails closed for missing translations and unresolved placeholders (4.833209ms)
✔ fails closed when the selected English or Polish plural suffix is missing (0.854583ms)
✔ does not mutate guidance input and keeps the presentation deeply immutable (9.315208ms)
✔ keeps locale resource keys flat and exactly in parity (2.434959ms)
✔ explicit enable materializes only the exact accepted plan slots and full identity (28.917166ms)
✔ reconcile never requests permission and returns permission_denied as pending (0.890667ms)
✔ explicit enable is the only path that requests permission and persists a denied retry (1.006166ms)
✔ disable cancels every native reminder before persisting disabled state and fails closed on cancellation errors (2.180167ms)
✔ permission pending retains existing native IDs for a later retry (1.9945ms)
✔ timezone mismatch clears durable and native schedules without publishing (0.337833ms)
✔ source absence and terminal plan states are separate closed outcomes (0.624958ms)
✔ a paused goal is a separate closed outcome and clears native schedules (0.214375ms)
✔ an expected identity from another active track stays pending and is persisted for retry (1.469667ms)
✔ full source identity mismatch is fail-closed before scheduling (0.26425ms)
✔ legacy cancellation-only journal is cancelled before the current plan is scheduled (0.853166ms)
✔ journal-created slots are trusted only when the discovered native identity and day match (0.883167ms)
✔ post-read plan change is concurrent_change and leaves a retryable journal (0.8575ms)
✔ post-read device timezone change is concurrent_change and does not publish (0.83675ms)
✔ scheduler failure is pending and never reports synced (0.65475ms)
✔ serialized duplicate enables schedule each accepted slot only once (0.636625ms)
✔ retry resumes a durable journal after scheduler failure (1.442333ms)
✔ retry reuses a native schedule when journal persistence failed after scheduling (1.4695ms)
✔ a newer accepted plan replaces schedules and cancels the previous native IDs (1.458208ms)
✔ corrupt durable journal becomes scheduler_failure instead of publishing (0.325667ms)
✔ selecting a track persists locally and marks a synced account pending (2.154541ms)
✔ selecting a track on a guest installation persists locally without account sync (0.374333ms)
✔ track selection waits for earlier account materialization and remains the final local choice (8.04625ms)
✔ active track read waits for materialization and returns its settled state without side effects (1.675333ms)
✔ operational diagnostics classify failures without exposing raw details (0.562542ms)
✔ bootstrap observers receive only the canonical bounded event (0.71925ms)
✔ a throwing diagnostic observer cannot alter the operation (0.150625ms)
✔ explicit practice routes skip the stored-track read and do not load reviews for roadmap/setup (334.910708ms)
✔ Hub review evidence is limited to due entries for the active track and exact artifact (0.273292ms)
✔ a missing stored track stays an explicit empty selection (0.12375ms)
✔ practice read surfaces storage issues instead of treating a partial read as empty (0.375292ms)
✔ release offer map is empty and the local smoke offer is explicit and isolated (5.206834ms)
✔ exact installed offer composes app-owned mode in the shared runtime without entering Free discovery (671.881042ms)
✔ review view keeps unavailable entries separate and never makes them due (1.558584ms)
✔ stored unavailable reviews are readable without resolving content metadata (5.384292ms)
✔ foreground timer checkpoints monotonic segments with an explicit drift bound and never counts closed-app wall time (3.382042ms)
✔ foreground timer rejects stale checkpoints and retains the previous durable checkpoint (0.63575ms)
✔ foreground enter and leave checkpoint authoritative time outside the UI (3.425042ms)
✔ Coding Mock audit advancement checkpoints the monotonic foreground countdown before canonical expiry finalization (1.013417ms)
✔ Coding Mock audit advancement requires its exact foreground session owner (1.174209ms)
✔ ordinary practice publishes a live elapsed timer without a countdown (0.887375ms)
✔ one family-neutral timer initializes and restores ordinary Certification foreground time (0.454125ms)
✔ absolute-deadline Certification Exam remains outside the foreground timer owner (0.25375ms)
✔ absolute-deadline draft save commits before expiry without creating a foreground timer (3.645458ms)
✔ absolute-deadline draft save finalizes and blocks the commit at and after expiry (7.182792ms)
✔ a durable foreground timer from another family is rejected instead of reused (0.507083ms)
✔ AppState foreground transitions and force-close recovery never count background or closed-app time (0.626334ms)
✔ periodic checkpoint publishes a live projection refresh (0.716416ms)
✔ local reset barrier waits for an in-flight checkpoint before durable clear and blocks late callbacks (0.505334ms)
✔ local reset barrier is single-flight and rejects timer commands until durable reset settles (0.262833ms)
✔ failed durable reset releases only cleared runtime state and permits exact durable restore (0.282875ms)
✔ reset followed by a new session cannot observe or recreate the prior persisted timer (0.43475ms)
✔ controlled timer refreshes consecutive visible labels without a durable write each second (0.336542ms)
✔ periodic checkpoint uses the declared durable interval with an exact write count (0.432833ms)
✔ force-close immediately before and after the checkpoint boundary resumes within the declared drift (0.459167ms)
✔ expiry clamps to zero, checkpoints first, and finalizes exactly once (0.303125ms)
✔ a response-save checkpoint that crosses countdown expiry finalizes before any draft save can follow (0.394583ms)
✔ manual and expiry use the same injected finalization operation (0.421ms)
✔ manual finalization checkpoints the active foreground segment before it freezes the result (0.236875ms)
✔ practice completion checkpoint freezes the captured tick until verified release (0.391792ms)
✔ a completed timer checkpoint is not released before completion is verified (0.434084ms)
✔ concurrent Finish handoffs share one timer checkpoint and one completion result (0.373ms)
✔ missing persisted timer on resume is a typed application recovery failure (0.145708ms)
✔ resume repairs a durable timer checkpoint that precedes the session aggregate (0.241541ms)
✔ repeated resume of a repaired timer does not write another session checkpoint (0.211958ms)
✔ resume rejects a durable timer checkpoint that is behind the session aggregate (0.642959ms)
✔ a failed durable timer repair remains a blocking recovery error (4.704417ms)
✔ Coding Mock countdown audit command is exact and requires a development smoke runtime (0.745542ms)
✔ production and malformed countdown commands never reach the timer owner (0.151542ms)
✔ an exact development smoke command delegates countdown advancement to the foreground timer owner (0.105166ms)
✔ injected audit clock drives normal scheduling and both due retention outcomes without storage mutation (9.387333ms)
✔ injected audit clock rejects an advance outside the ISO date range without changing its offset (0.960416ms)
✔ passive runtime selectors are attached to visible content rather than containers with interactive descendants (0.915375ms)
✔ active-session resume uses the single recommendation card and a separate continue control (2.120583ms)
✔ Home uses the approved compact presentation without changing recommendation ownership (0.806167ms)
✔ progress, simulation, and simulation summary selectors use canonical identities (2.534791ms)
✔ configuration snapshot is validated, frozen, and preserved for deterministic resume (2.43475ms)
✔ resume rejects a different mode or durable item and option plan (0.357708ms)
✔ content validation rejects missing, duplicate, and unknown durable option IDs (0.366291ms)
✔ durable progress hydrates prior attempts and the answered current item in plan order (0.702625ms)
✔ duplicate exact content items are distinct through immutable occurrence identities (0.35ms)
✔ foreground accumulation persists only the supplied active interval (0.200375ms)
✔ start failure rejects without exposing a session (0.159917ms)
✔ a new session is not returned before its durable write resolves (0.134208ms)
✔ advance failure rejects and cannot expose the next position (0.2105ms)
✔ runtime-audit parser recognizes only documented reset and clock-advance commands (1.143708ms)
✔ unsupported and malformed runtime-audit URLs do not invoke reset (0.220042ms)
✔ runtime-audit reset is unavailable in production and reaches only the lifecycle facade in development (0.180667ms)
✔ development reset still restores a clean baseline when an interrupted journal cannot recover (0.651583ms)
✔ new training sessions have one application entry and no prepare-only bypass (50.170584ms)
✔ Premium package download has one account-owned application entry (44.046708ms)
✔ Free and unavailable Coding Mock access fail before package resolution, preparation, or mutation (589.721583ms)
✔ Premium Coding Mock starts the exact 40-item product mode and immutable profile identity (0.613834ms)
✔ Coding Mock resume, draft save, and finalization each authorize once before one exact resolution (3.117208ms)
✔ expired Coding Mock draft-save boundary aborts before package resolution or draft persistence (1.328ms)
✔ active Coding Mock reauthorizes before exact resolution and resume validation (0.995417ms)
✔ all three Design simulations require Premium before create and resume, then prepare exact profile identity (3.191084ms)
✔ every Design mode denies before package resolution, preparation, and session mutation (0.834084ms)
✔ only declared Premium simulation product modes bypass node-based admission (1.314833ms)
✔ Free node starts without consulting Premium admission (578.998209ms)
✔ Premium plans require admission before durable session start (0.790666ms)
✔ a Free-first mixed plan checks every item before durable start (0.720625ms)
✔ training lifecycle resolves canonical runtime (561.903ms)
✔ Progress week counts durable completed sessions, not distinct answers or earlier sessions (587.933542ms)
✔ A durable completed session without answers remains one completed session (2.44575ms)
✔ all nine tracks and all three Progress branches use the same durable weekly session facts (492.510042ms)
✔ active answers, abandoned activity, prior-week and future sessions never become completed this week (1.73825ms)
✔ Monday is a civil boundary in the supplied zone, independent of elapsed DST hours (1.101125ms)
✔ history remains activity across valid content versions, and duplicate session IDs count once or fail conflict (1.027708ms)
✔ invalid calendar facts stay explicitly unavailable, and corrupt repository data is never zero activity (26.667834ms)
✔ weekly title plural forms are rendered by the actual translator in all seven locales (28.020833ms)
✔ Activity read cannot publish account A sessions after an actual profile router switch to B (21.390667ms)
✔ Metro transforms SVG sources into React Native components (0.636916ms)
✔ Metro keeps defaults and blocks only absolute local profile dotenv files (16.912875ms)
✔ Patternly mark SVG family stays deterministic and raster-free (1.072875ms)
✔ launcher source and generated assets are present (0.814375ms)
✔ Expo points to the canonical Patternly launcher assets (20.564708ms)
✔ route ambient layer is the default shared background for every Screen (10.414042ms)
✔ ambient keeps randomized routes and signals without rectangular glow layers (0.554833ms)
✔ a release at 2999ms cancels and never confirms (1.326625ms)
✔ a release at exactly 3000ms confirms once (0.12425ms)
✔ one controller instance survives setup cleanup setup and can confirm after reactivation (0.115375ms)
✔ a stale RAF from a deactivated setup cannot update the reactivated gesture (0.183958ms)
✔ the controller cannot be configured with a threshold below 3000ms (0.118584ms)
✔ time passing and RAF readiness never confirm before release (0.124208ms)
✔ a backward clock reading cancels the gesture fail-closed (0.094542ms)
✔ a non-finite clock reading cancels the gesture fail-closed (0.151ms)
✔ repeated releases cannot duplicate a completed gesture (0.093459ms)
✔ moving outside the measured bounds cancels the gesture (0.137167ms)
✔ background termination and disabled changes cancel without confirming (0.120709ms)
✔ disabling immediately before release rejects the current gesture (0.076333ms)
✔ release is rejected while the controller is inactive (0.062541ms)
✔ destroying the controller cancels a held gesture and ignores later input (0.068541ms)
✔ a new gesture starts from zero after an early release and progress is clamped (0.099375ms)
✔ reset cancels a scheduled RAF and does not invoke the completion callback (0.07075ms)
✔ the component wires native responder cancellation and a simple full-surface progress fill (0.521792ms)
✔ destructive text layers meet their contrast thresholds (0.311334ms)
✔ navigation context owns the approved 16/22/600 semantic token (0.692208ms)
✔ shared and goal headers preserve long context at 200 percent text (1.659167ms)
✔ back controls keep a 44 point target while context can reflow (0.208ms)
✔ approved exceptions remain local and tab typography stays out of scope (0.52625ms)
✔ goal error keeps the same accessible navigation context as loading and ready states (0.145916ms)
✔ shared visual effects have one theme-token owner (31.3085ms)
✔ screens and components resolve colors exclusively through the active theme (12.133625ms)
✔ all branded navigation headers use the one AppShellHeader path (27.427375ms)
✔ answer review pending uses the shared review shell anatomy without fabricated values (0.36175ms)
✔ route coverage has one native or inline shell owner and preserves active-session specialization (1.704334ms)
✔ the headerless practice route owns every Algorithms and Certification render branch (0.555667ms)
✔ the shared header owns accessible back geometry and long-copy reflow without navigation fallback (1.264125ms)
✔ Screen and SessionShell remain the only general and active-session page owners (9.011916ms)
✔ representative Home, Settings, setup, session, and result routes keep canonical ownership (2.29925ms)
✔ Progress follows the current Figma section copy and 200% text contract (0.430333ms)
✔ Activity rows preserve the variable-height Figma copy at large text (0.169291ms)
✔ simulation review remains explicitly unavailable (0.104083ms)
✔ answer review keeps its explicit unavailable state (0.124791ms)
✔ simulation active shell uses the Figma question and action-footer variant (0.42825ms)
✔ Practice setup keeps one canonical back action and recovery copy names learner-visible consequences (0.973833ms)
✔ lost-key recovery uses the typed failure code and the canonical hold-to-remove operation (0.717875ms)
✔ lost-key recovery keeps removal, success, error, and bootstrap transitions explicit (0.284709ms)
✔ manual lost-key retries are process-local and automatic bootstrap does not spend the limit (0.154917ms)
✔ recovery surface centers recovery states and gives success its own concise layout (0.43175ms)
✔ unavailable active content is a typed gate with explicit abandon and retry paths (0.109416ms)
✔ bootstrap diagnostics are wired only through the development branch as one structural observer (0.282208ms)
✔ the recovery presentation fixture is development-smoke only and never calls storage operations (0.132833ms)
✔ session fingerprint uses canonical artifact and occurrence identity (2.494ms)
✔ counts only settled failed manual attempts and hides retry after five failures (0.584083ms)
✔ success closes the recovery episode and re-enables retries (0.102208ms)
✔ background and rerender do not reset the process-local episode state (0.072583ms)
✔ node package scope is null during transition without reading the stale selected profile (0.563792ms)
✔ Premium package errors have distinct localized-copy keys and actionable recovery policy (3.345083ms)
✔ profile completion settles before lifecycle composition and resume authorization (0.893084ms)
✔ application bootstrap wires account completion ahead of lifecycle composition (0.271541ms)
✔ recovery locale uses the first device language and supports Polish regional tags (0.815375ms)
✔ recovery locale fails to English for unsupported or malformed native values (0.121042ms)
✔ BESD14 exact two-unit payloads and preserved items match sources with retired identities absent (966.803917ms)
✔ BESD14 real pre-answer view models expose authored facts and controls without feedback or answer fields (22.043125ms)
✔ BESD14 fixed-ID scoring and authored Reason, Details and diagnostics survive every option and reversed order (7.723709ms)
✔ BIZQ-01 bundled loader and pre-submit projection preserve the corrected source contract (923.039667ms)
✔ BIZQ-01 replaced identities from an old package do not enter current due retrieval (0.272833ms)
✔ current canonical bundle carries the exact reviewed source while pre-submit hides authored feedback (330.853709ms)
✔ all24 saved legal permutations preserve every selected stable ID, score and authored feedback (2.451208ms)
✔ real current Coding practice rejects an old-package active session instead of substituting new content (10.529458ms)
✔ OOD16 frozen bindings cover the seven final 17-item payloads (6.046583ms)
✔ OOD16 preserves the complete B01 source unit in the current artifact (793.498208ms)
✔ OOD16 OOD-N01-B02 source payloads, replacement identities and retired IDs are exact (1.342417ms)
✔ OOD16 OOD-N01-B02 real choice scoring, accessibility and submitted feedback follow fixed option IDs (2.325083ms)
✔ OOD16 OOD-N01-B03 source payloads, replacement identities and retired IDs are exact (1.151167ms)
✔ OOD16 OOD-N01-B03 real choice scoring, accessibility and submitted feedback follow fixed option IDs (23.978042ms)
✔ OOD16 OOD-N01-B04 source payloads, replacement identities and retired IDs are exact (0.869125ms)
✔ OOD16 OOD-N01-B04 real choice scoring, accessibility and submitted feedback follow fixed option IDs (4.403666ms)
✔ OOD16 OOD-N01-B05 source payloads, replacement identities and retired IDs are exact (0.979666ms)
✔ OOD16 OOD-N01-B05 real choice scoring, accessibility and submitted feedback follow fixed option IDs (1.195292ms)
✔ OOD16 OOD-N01-B06 source payloads, replacement identities and retired IDs are exact (0.870791ms)
✔ OOD16 OOD-N01-B06 real choice scoring, accessibility and submitted feedback follow fixed option IDs (0.856041ms)
✔ OOD16 OOD-N01-B07 source payloads, replacement identities and retired IDs are exact (0.767916ms)
✔ OOD16 OOD-N01-B07 real choice scoring, accessibility and submitted feedback follow fixed option IDs (0.808291ms)
✔ OOD16 OOD-N01-B08 source payloads, replacement identities and retired IDs are exact (0.722333ms)
✔ OOD16 OOD-N01-B08 real choice scoring, accessibility and submitted feedback follow fixed option IDs (0.766417ms)
✔ OOD16 all three actual canonical mode pools contain the full current 136-question node (27.064291ms)
✔ OOD17 frozen bindings cover the eight frozen 19-item payloads (7.071791ms)
✔ OOD17 preserves all 136 accepted N01 source and artifact objects (565.470333ms)
✔ OOD17 OOD-N02-B01 source payloads, replacement identities and retired IDs are exact (1.679333ms)
✔ OOD17 OOD-N02-B01 real choice scoring, accessibility and submitted feedback follow fixed option IDs (3.066042ms)
✔ OOD17 OOD-N02-B02 source payloads, replacement identities and retired IDs are exact (1.284958ms)
✔ OOD17 OOD-N02-B02 real choice scoring, accessibility and submitted feedback follow fixed option IDs (1.220459ms)
✔ OOD17 OOD-N02-B03 source payloads, replacement identities and retired IDs are exact (0.871042ms)
✔ OOD17 OOD-N02-B03 real choice scoring, accessibility and submitted feedback follow fixed option IDs (1.000667ms)
✔ OOD17 OOD-N02-B04 source payloads, replacement identities and retired IDs are exact (0.843958ms)
✔ OOD17 OOD-N02-B04 real choice scoring, accessibility and submitted feedback follow fixed option IDs (0.913458ms)
✔ OOD17 OOD-N02-B05 source payloads, replacement identities and retired IDs are exact (0.97975ms)
✔ OOD17 OOD-N02-B05 real choice scoring, accessibility and submitted feedback follow fixed option IDs (1.194958ms)
✔ OOD17 OOD-N02-B06 source payloads, replacement identities and retired IDs are exact (0.997459ms)
✔ OOD17 OOD-N02-B06 real choice scoring, accessibility and submitted feedback follow fixed option IDs (1.128916ms)
✔ OOD17 OOD-N02-B07 source payloads, replacement identities and retired IDs are exact (0.930541ms)
✔ OOD17 OOD-N02-B07 real choice scoring, accessibility and submitted feedback follow fixed option IDs (1.31925ms)
✔ OOD17 OOD-N02-B08 source payloads, replacement identities and retired IDs are exact (0.99575ms)
✔ OOD17 OOD-N02-B08 real choice scoring, accessibility and submitted feedback follow fixed option IDs (1.151083ms)
✔ OOD17 N02 source quality does not widen the three ordinary N01 mode pools (0.4985ms)
✔ OOD19 frozen bindings cover all nine reviewed 18-item payloads (2.942042ms)
✔ OOD19 preserves all 136 accepted N01 and 152 accepted N02 source and runtime objects (606.502833ms)
✔ OOD19 OOD-N03-B01 source and runtime match frozen payload; predecessors are retired (2.233958ms)
✔ OOD19 OOD-N03-B01 real scoring, reversed-option invariance and learner feedback use stable IDs (4.777166ms)
✔ OOD19 OOD-N03-B02 source and runtime match frozen payload; predecessors are retired (4.336625ms)
✔ OOD19 OOD-N03-B02 real scoring, reversed-option invariance and learner feedback use stable IDs (1.280083ms)
✔ OOD19 OOD-N03-B03 source and runtime match frozen payload; predecessors are retired (1.446125ms)
✔ OOD19 OOD-N03-B03 real scoring, reversed-option invariance and learner feedback use stable IDs (1.40175ms)
✔ OOD19 OOD-N03-B04 source and runtime match frozen payload; predecessors are retired (1.666125ms)
✔ OOD19 OOD-N03-B04 real scoring, reversed-option invariance and learner feedback use stable IDs (3.170292ms)
✔ OOD19 OOD-N03-B05 source and runtime match frozen payload; predecessors are retired (5.132833ms)
✔ OOD19 OOD-N03-B05 real scoring, reversed-option invariance and learner feedback use stable IDs (1.095584ms)
✔ OOD19 OOD-N03-B06 source and runtime match frozen payload; predecessors are retired (0.851625ms)
✔ OOD19 OOD-N03-B06 real scoring, reversed-option invariance and learner feedback use stable IDs (0.921166ms)
✔ OOD19 OOD-N03-B07 source and runtime match frozen payload; predecessors are retired (0.719584ms)
✔ OOD19 OOD-N03-B07 real scoring, reversed-option invariance and learner feedback use stable IDs (0.861208ms)
✔ OOD19 OOD-N03-B08 source and runtime match frozen payload; predecessors are retired (0.690542ms)
✔ OOD19 OOD-N03-B08 real scoring, reversed-option invariance and learner feedback use stable IDs (0.855583ms)
✔ OOD19 OOD-N03-B09 source and runtime match frozen payload; predecessors are retired (0.711542ms)
✔ OOD19 OOD-N03-B09 real scoring, reversed-option invariance and learner feedback use stable IDs (0.740084ms)
✔ OOD19 leaves three ordinary N01 pools at 136 and does not grant N03 eligibility (2.247667ms)
✔ OOD source replacement is the exact bundled and eligible canonical item with new scored option identities (555.526084ms)
✔ OOD12 consumer resolves only the source-bound completed switch outcomes replacement in the existing learning pool (582.776041ms)
✔ OOD13 exact cohort is source-identical and eligible with retired identities absent (690.252ms)
✔ OOD13 reviewed answer identities score independently of option position with exact authored diagnostics (0.9855ms)
✔ Design simulation profiles preserve exact per-track identity and reference-only evaluation (236.94575ms)
✔ Design simulation schema rejects identity, stage, response, criteria, rubric, and semantic-scoring drift (392.008583ms)
✔ ProductModeConfig preserves the complete available 9-track mode matrix (1.545125ms)
✔ ODK-097 app Design modes stay in parity with the current producer profiles (1.893834ms)
✔ mode policies preserve feedback, elapsed timer, reinsert and evidence behavior (0.193625ms)
✔ selection pools are non-empty, local, and large enough for every requested length (51.219459ms)
✔ simulation mode is bound to the exact GCP profile, family, and mode (0.578083ms)
✔ Coding Mock product mode binds only its declared Coding Interview profile (0.178ms)
✔ GCP Diagnostic preserves the verified exact ordered 40-question plan (0.151ms)
✔ declared but uninstalled modes fail closed with a stable unavailable error (0.178084ms)
✔ validated production configuration is recursively immutable (0.094833ms)
✔ validator rejects duplicate, missing, additional, and non-canonical config shapes (2.168333ms)
✔ validator rejects foreign identities, empty pools, bad lengths, and policy mismatches (1.865ms)
✔ validator rejects foreign questions, Diagnostic reordering, bad evidence and unsupported interactions (611.085416ms)
✔ validator rejects missing, duplicate, empty and foreign canonical artifacts (8577.139958ms)
✔ all nine canonical artifacts validate with exact inventory and stable learner whitespace (328.803667ms)
✔ canonical scoring matches the producer oracle exhaustively (809.423125ms)
✔ all interactions expose completeness and immutable AttemptResult semantics (4.571083ms)
✔ dimension scoring ignores inherited selections exactly like the producer oracle (5.853542ms)
✔ dimension responses reject sparse arrays and alias-normalization collisions (1.632667ms)
✔ ordering response completeness rejects sparse own slots and inherited holes (1.086209ms)
✔ validator fails closed on exact keys, identities, membership and scoring consistency (129.716375ms)
✔ catalog verifies bytes before exposing frozen lookups and exact artifact metadata (334.210584ms)
✔ optional GCP simulation profile is strict, complete, immutable and covered by its artifact hash (1171.290833ms)
✔ Coding Mock profile validation requires its strict declared ordered 40-question pool (704.386625ms)
✔ canonical runtime catalog exposes all locked tracks, modes, pools, and exact artifact identities (726.915542ms)
✔ injected loader failures are visible and do not poison the active cache (81.47075ms)
✔ canonical runtime catalog hashes artifacts sequentially and preserves artifact order (743.911708ms)
✔ public owner retries after a failed cached load and then preserves cache identity (5085.214417ms)
✔ canonical runtime catalog caches only a validated active catalog (0.136125ms)
✖ historical content release lock remains covered by frozen release manifests (39.303167ms)
✔ bundled canonical release matches the current producer builder (4359.233958ms)
✔ current canonical builder preserves the ODK-096 inventory and approved AWS identity without repinning history (3574.097334ms)
✔ node package verifier enforces exact transport headers, hashes, schema and app minimum (20.031042ms)
✔ install keeps old exact package resolvable after new activation and rolls back on failed reread or activation (663.568083ms)
✔ installed exact cache is isolated across profile changes and lazily rehydrates on return (487.747375ms)
✔ stale profile hydration cannot register records after an in-flight profile switch (499.028958ms)
✔ package hash and gzip output size reject corrupt, oversized, and truncated packages (0.531667ms)
✔ 404 and interrupted downloads do not replace an active package (0.71825ms)
✔ backend package admission failures keep their typed status and code (0.281041ms)
✔ filesystem adapter leaves the old MMKV pointer on move or pointer-write failure and keeps valid history (1206.601833ms)
✔ pointer activation rolls back after a write-then-throw and a mismatching read-back (3.68125ms)
✔ retry replaces only an inactive partial final left by an interrupted file move (1.777416ms)
✔ canonical admission exposes nine launch tracks (962.008958ms)
✔ Coding Mock stays outside ordinary modes and resolves its exact declared profile (2.880875ms)
✔ content report description is optional, trimmed and bounded (2.108125ms)
✔ content report description rejects obvious contact and secret data (0.383708ms)
✔ ordinary technical language is not mistaken for a secret (0.081834ms)
✔ a new family carries payload, response, result, and evidence without a global union (2.431916ms)
✔ kernel accepts open track ids and enforces canonical session invariants (2.021041ms)
✔ attempt result constructor enforces kind, range, and component totals (0.316042ms)
✔ attempt, evidence, reasons, and learning evidence stay family neutral (0.33675ms)
✔ lifecycle record guards and completed-result coverage are explicit (0.286417ms)
✔ LearningPlan v1 guard requires the complete strict shape and canonical slot order (21.759542ms)
✔ accepted target snapshot follows T4 goal meaning and canonical null dates (0.719083ms)
✔ generates one stable 18:00 slot per normalized preferred day for every goal type (33.944375ms)
✔ uses due review priority, otherwise package scope, without item identifiers (0.591ms)
✔ event boundaries are strict-before while deadline and checkpoint are inclusive (0.63625ms)
✔ missing target date is open-ended before an unknown completion rule (1.137542ms)
✔ C3 unknown is explicit with a target; in-progress uses remaining attempts and completed has no remaining work (0.9605ms)
✔ S12 is the only capacity source and shortfall preserves all counts without slots or attainability (0.929709ms)
✔ leap-day and DST-neutral occurrence counting use calendar dates, not elapsed local milliseconds (1.012459ms)
✔ does not mutate preferred day order or mutable input values and returns frozen output (1.262833ms)
✔ rejects malformed or inconsistent input with the one explicit error class (7.533791ms)
✔ uses the explicit formulas, includes today, and excludes an event target day (28.477042ms)
✔ minimum observation age is inclusive: six days gives seven days, five gives six (2.896667ms)
✔ trend starts at thirteen days and applies strict ten-percent boundaries (18.461542ms)
✔ trend handles zero-to-zero, zero-to-positive, and positive-to-zero windows after age fourteen (1.634667ms)
✔ completed work is zero work even without future occurrences or observations (0.391167ms)
✔ returns each honest unavailable business reason (1.669917ms)
✔ requires a concrete non-negative completion requirement (1.308958ms)
✔ returns calculation_error when the projected calendar date is not representable (1.218167ms)
✔ uses full immutable facts and does not double-count session questions (2.685291ms)
✔ handles DST, leap-day calendar arithmetic, and today occurrences without elapsed milliseconds (3.991292ms)
✔ rejects malformed numbers, dates, timezones, future facts, and inconsistent sessions (6.163291ms)
✔ completion rule validates explicit v1 bounds (0.962583ms)
✔ completion is unknown without a package rule and otherwise uses the exact rolling window (15.275334ms)
✔ completion filters full package identity, deduplicates exact retries, and rejects malformed or conflicting durable evidence (0.785667ms)
✔ same instant ordering is stable by id (0.17075ms)
✔ ResolvedContentRef has exactly four canonical-safe fields and is frozen (1.261292ms)
✔ ResolvedContentRef rejects null, extra fields, unsafe identities, and SHA casing without normalization (0.478917ms)
✔ ResolvedContentRef key is versioned, deterministic, and field-boundary safe (0.360417ms)
✔ tombstones are immutable, tagged, minimal, and contain no recursive legacy fields (0.287666ms)
✔ resolution result is exact, frozen, and distinguishes resolved from tombstone (0.23525ms)
✔ public domain barrel exposes strict contracts but not the legacy decoder/mapper (0.094667ms)
✔ registry resolves current tracks in canonical launch order without a default (1.351417ms)
✔ a new track and family register without modifying the learning kernel (0.162834ms)
✔ incorrect and partial attempts create remediation entries with source and taxonomy evidence (3.12475ms)
✔ correct Algorithms attempt creates scheduled retrieval while correct Certification attempt creates none (0.222167ms)
✔ review transition counts only after due, resets on incorrect and partial, and resolves after two eligible successes (0.284875ms)
✔ same-session correction does not resolve persistent review and only canonical reasons exist (0.148667ms)
✔ ordinary Algorithms practice cannot resolve persistent review after due (0.1045ms)
✔ session creation preserves requested and actual lengths, immutable item order, option order, and no response (1.687ms)
✔ active session advances and persisted current position resumes deterministically (0.261792ms)
✔ session supports valid direct navigation but rejects an invalid item index (0.463334ms)
✔ completion fixes position at the final item and cannot advance (0.179458ms)
✔ abandonment preserves committed position and cannot advance (0.170291ms)
✔ session rejects mismatched track, content version, duplicate references, and invalid completion position (0.19ms)
✔ runtime admission resolves the exact candidate lock for every canonical launch track (669.493667ms)
✔ pending status waits while the target is not reflected by both identity sources (0.647125ms)
✔ pending status confirms only matching verified Firebase and backend identities (0.100333ms)
✔ one-sided email or verification agreement remains waiting (0.121291ms)
✔ a different authenticated UID is unavailable and does not expose the old request as success (0.074208ms)
✔ refresh failure takes priority over matching cached identity data (1.796458ms)
✔ legacy recovery-code retry keeps an invalid credential on its password field (2.86625ms)
✔ delete account switches from identity confirmation to the hold action (4.37375ms)
✔ delete account password failures stay attached to Password (0.187375ms)
✔ email validation identifies the address field for all sign-in providers (2.533791ms)
✔ reauthentication errors identify a password only when that field exists (0.281291ms)
✔ password change validation identifies the edited password field (0.172292ms)
✔ recovery-code wrong-password failures identify the current password (0.140708ms)
✔ general errors and non-field security failures retain their existing banner presentation (0.226625ms)
✔ editing another field preserves its error; editing the affected field clears it (0.3275ms)
✔ password-change field errors use the localized field-specific copy (5.584125ms)
✔ welcome screen keeps its mark, localized copy, and entry actions (1.706291ms)
✔ a recovery-code operation for a different account keeps codes hidden and offers explicit sign-in resolution (1.918917ms)
✔ a confirmed account mismatch offers a separately explicit current-account transition (0.283791ms)
✔ missing generation does not offer a defer action and deferred codes remain hidden (0.219083ms)
✔ unconfirmed delivery keeps unsaved codes available and offers an explicit status retry (0.163458ms)
✔ available result with persisted saved intent hides codes and offers an explicit ACK retry (0.185542ms)
✔ unconfirmed or blocked saved intent does not promise an available ACK (0.4095ms)
✔ acknowledged issue is terminal and no longer blocks a replacement chosen by the user (0.100417ms)
✔ server-confirmed non-acknowledged terminal status requires an explicit continue action (0.095292ms)
✔ a consume operation for another account offers explicit resume without an automatic retry (0.087875ms)
✔ loading or unavailable vault state blocks code issuance until recovery state is known (0.143708ms)
✔ all account locales provide the recovery operation states and explicit mismatch actions (1.181083ms)
✔ recovery panel resolves nested messages with the app's flat-key configuration (6.008125ms)
✔ terminal continuation does not render a wrong-account warning (0.237417ms)
✔ analytics lookup uses canonical identity (912.616167ms)
✔ Certification Exam runner uses exact resume, route-keyed reads and expired result navigation (2.092ms)
✔ exam response changes persist the canonical choice response before publishing the refreshed selection (0.953083ms)
✔ all exam draft writes and navigation share one in-flight action lane (2.211167ms)
✔ a durable navigator move closes the navigator while a failed projection read exposes retry (1.111333ms)
✔ exam actions describe navigation and finish confirmation, including unanswered questions (1.079292ms)
✔ review fixture accepts only named development smoke cases and exact deep links (0.960208ms)
✔ reopening the same fixture case creates a fresh launch identity (0.132375ms)
✔ fixture readers are optional screen seams and production readers remain the default (0.94725ms)
✔ fixture creates validator-approved fixed-50 canonical evidence without partial or persistence shortcuts (839.537916ms)
✔ memory readers require the fixture session identity and preserve read-only evidence (5.857291ms)
✔ ready fixture calls the supplied opener with each exact projected source URL (18.998042ms)
✔ source-failure fixture records exact opener attempt but never calls external URL opening (5.427875ms)
✔ practice answer matrix exposes actual completed summary, five feedback previews, and full review (12.097333ms)
✔ Metro disabled runtime is explicitly unavailable outside smoke (0.13475ms)
✔ completed single-select review distinguishes the learner answer from the omitted correct answer (2.672791ms)
✔ completed multi-select review preserves every selected, correct and omitted state (0.470083ms)
✔ a request change makes an in-flight interval refresh stale before publication (1.334583ms)
✔ a newer same-request refresh wins over an older success (0.1625ms)
✔ slow overlapping interval reads keep publishing when they complete in order (0.129708ms)
✔ a newer successful refresh suppresses an older error (0.145958ms)
✔ a newer successful refresh suppresses an older expiry (0.093667ms)
✔ a newer same-request rejection wins over an older success (0.148583ms)
✔ a newer same-request expiry wins over an older success (0.107541ms)
✔ unmount cleanup invalidates an in-flight expiry read before publication (0.124959ms)
✔ request change during start-on-miss prevents starting or rereading a replacement exam (0.165ms)
✔ unmount cleanup during start-on-miss prevents the after-start interval read (0.200334ms)
✔ current start-on-miss refreshes after the new exam is started (0.14675ms)
✔ request change during expected resume prevents the old session from publishing (0.108959ms)
✔ expected resume failure never falls back to starting a new exam (0.132625ms)
✔ the current expiry outcome carries its session id for guarded navigation (0.096375ms)
✔ Exam Review has one local header owner and returns to the exact result session (0.796458ms)
✔ Previous and Next preserve their question navigation and boundary disabling (0.203792ms)
✔ Unanswered uses shared feedback with complete details expanded and reporting unchanged (0.15275ms)
✔ opaque result evidence preserves all answered outcomes including partial credit (1.028ms)
✔ missing, malformed and inconsistent evidence does not invent zero scores (0.1365ms)
✔ a real zero and an absent abandoned score remain distinct (0.100625ms)
✔ invalid points stay unavailable without clamping (0.09725ms)
✔ exact historical maximum corrects display without mutating durable evidence (0.100208ms)
✔ backend diagnostics records prerequisite and sync preparation failures before final status (1.877708ms)
✔ successful backend diagnostics still verify sync apply, deduplication, conflict, and read-after (0.838292ms)
✔ GoalCadenceScreen passes its selected app locale into the calendar (0.647375ms)
✔ the rendered month, weekday headings and accessible dates all use that locale (23.025292ms)
✔ month boundaries, leap days and week starts build complete selectable grids (0.34825ms)
✔ the selected date is exposed through button state and its press updates the pending date (0.262459ms)
✔ only English starts on Sunday and all other supported locales start on Monday (0.100167ms)
✔ Activity opens only resolver-owned result destinations (0.998333ms)
✔ Activity result routing fails closed for inline-only records (0.303875ms)
✔ Activity navigation preserves the original session identity (0.159083ms)
✔ Activity renders unavailable history as an explicit detail surface without runtime navigation (0.624667ms)
✔ Activity detail disclosures are mutually exclusive and expose expanded state (0.336417ms)
✔ goal cadence is a reachable root route backed by the canonical repository (1.812833ms)
✔ Progress owns the goal entry point for the active track (0.138667ms)
✔ Settings opens the shared goal screen with its return context (0.170833ms)
✔ active goal summary only exposes Save while editing (0.132708ms)
✔ active goal summary keeps the reminder draft noninteractive (0.173083ms)
✔ goal status and selected day labels use onPrimary on filled backgrounds (0.132792ms)
✔ preferred-day shortcuts preserve domain ids and translate every EN/PL label (0.300292ms)
✔ goal reminders are a read-only preferred-day draft in both create and active summary (0.257125ms)
✔ target dates use the shared localized calendar with cancellable drafts and an explicit ISO commit (0.805ms)
✔ goal editing uses local keyboard avoidance while preserving the shared sticky footer (0.229666ms)
✔ goal loading keeps its back action separate from the busy content announcement (2.8835ms)
✔ goal templates are sourced from every canonical track descriptor (1.329125ms)
✔ default goal is valid and keeps optional date unset (0.294958ms)
✔ goal persistence guard rejects invalid cadence, date, track template, and extra fields (0.266708ms)
✔ goal normalizer derives ordered cadence from legacy targets and every day count (0.309875ms)
✔ goal repository normalizes legacy records on read without repairing storage (0.590041ms)
✔ empty legacy goals remain readable, but saving an empty selection is rejected without data loss (0.490292ms)
✔ goal repository rejects a zero target with selected days without repairing the record (0.228125ms)
✔ saving a goal persists the normalized cadence while preserving other fields (0.227459ms)
✔ goal repository persists one canonical record per track (0.1895ms)
✔ target-date projection follows goal type and explicit own-pace saves remove only legacy dates (0.268208ms)
✔ saved ISO dates initialize the native picker at local noon and preserve leap days (2.224833ms)
✔ empty dates initialize to device-local today at noon (0.421792ms)
✔ non-empty saved dates must satisfy the persisted ISO calendar-date contract (0.923875ms)
✔ local calendar dates round-trip across a daylight-saving transition (0.709125ms)
✔ guest privacy request copy separates acceptance from unconfirmed email delivery (1.434125ms)
✔ guest privacy retry identity survives restart without persisting a session token (1.103083ms)
✔ choosing the first track reloads Home data for that selected track (0.6915ms)
✔ a failed Home shell read keeps the learner in a retryable state on the canonical load path (0.153708ms)
✔ Home focus retries only eligible pending account data and clears route tab suppression on local navigation (0.229917ms)
✔ Home keeps resume-required handling internal instead of showing sync implementation details (0.479583ms)
✔ the first Home visit replaces repeated empty metrics with one honest next-step state (0.8925ms)
✔ goal invitation stays optional for guest and healthy account, reloads after Goal, and persists dismissal per track (0.319875ms)
✔ Home stacks quiet-layered context and decision metadata at large text sizes (1.032458ms)
✔ editor route carries only editor identity and never silently loads a plan (0.6235ms)
✔ editor commits through the runtime wrapper and keeps reminder retry visible (0.245625ms)
✔ learning plan fixture URL accepts only the explicit development smoke case enum (0.998ms)
✔ reopening the same fixture URL creates a fresh launch identity (0.128625ms)
✔ named proposal fixture cases produce domain-generated screen states with the declared schedule shape (3032.434833ms)
✔ fixture actions report one in-memory call and never report storage success (6006.454916ms)
✔ delayed loading remains pending before it resolves to the ready view (3004.070458ms)
✔ disabled fixture peer is an explicit unavailable implementation (2.211291ms)
✔ proposal route carries only identity and resolves the in-memory proposal (0.783625ms)
✔ proposal accepts through the plan/reminder runtime and preserves pending saves (0.141ms)
✔ proposal keeps explicit states, edit actions and localized copy (0.179334ms)
✔ every proposal screen branch leaves the top safe area to its stack header (0.153917ms)
✔ ready and shortened proposals use the review title and a two-action footer (0.228166ms)
✔ goal type is the card heading while target and selected days remain visible (0.147333ms)
✔ review title is localized in all seven locales and removed goal-context copy is dead (0.130959ms)
✔ shortfall and saved-plan actions retain their existing semantics (0.166333ms)
✔ goal save still opens a proposal only after its existing reminder reconciliation (0.498167ms)
✔ target guidance retry performs a real canonical snapshot reload (0.628416ms)
✔ authenticated required narrative validation returns inline error before either create command (1.051417ms)
✔ guest invalid email validation returns field error before either create command (0.185917ms)
✔ valid submissions route exactly once and trim optional values (0.256791ms)
✔ Progress model preserves canonical guidance and completion without a volume ratio (32.532125ms)
✔ Progress model never creates a self-link for completed guidance (1.83225ms)
✔ Progress model does not offer a new plan session while one is active (11.635875ms)
✔ Progress model keeps none guidance explicit for no goal, paused goal and no plan (4.784375ms)
✔ Progress model fails closed for a foreign active track or unavailable snapshot (11.469708ms)
✔ Progress rejects invalid count, minimum, window and quality rather than presenting false completion (15.111083ms)
✔ track selection turns an active-track read rejection into an explicit retryable unavailable state (0.656709ms)
✔ track selection retains the local choice and offers the same command again after a save rejection (0.253583ms)
✔ track selection waits for clean reminder reconciliation before completing (0.248625ms)
✔ track selection stacks dense rows and actions instead of clipping large text (0.689333ms)
✔ Algorithms bootstrap accepts a reachable large-text control without requiring full card visibility (0.089417ms)
✔ track cards use the canonical Figma icon mapping for every active track (0.156917ms)
✔ track selection mirrors the Figma returning and switching footer states (0.423ms)
✔ Activity groups durable terminal sessions and keeps the row projection truthful (41.455625ms)
✔ Activity identifies an absolute-deadline completion without relabeling manual abandonment (0.254833ms)
✔ Activity interaction matrix opens only summaries supported by durable family evidence (0.368083ms)
✔ Activity track filter returns only records for the selected canonical track (0.123042ms)
✔ Activity uses local calendar days and Monday-based calendar weeks (0.281ms)
✔ Activity keeps local midnight and relative labels correct across a DST boundary (0.133125ms)
✔ Activity date labels format relative words and month names from the selected locale (14.646292ms)
✔ Activity keeps unavailable archival summaries separate from runtime navigation facts (2.108792ms)
✔ Activity never exposes an unknown archived track identity (0.336542ms)
✔ Claude Progress metadata exactly covers the seven blueprint-linked node IDs (1.097416ms)
✔ Google Cloud Progress metadata exactly covers the four scoring domains (0.173375ms)
✔ unknown, aliased, and cross-track IDs remain explicitly unavailable (0.139791ms)
✔ every authored title and description has exact EN and PL locale entries (1.156542ms)
✔ Progress renders authored meaning in Current focus and Performance evidence (0.437958ms)
✔ Claude Progress with zero attempts stays empty without inventing a score (565.169875ms)
✔ home progress uses canonical tracks (555.982166ms)
✔ Coding Interview Home uses the canonical dashboard projection for guided practice (285.835333ms)
✔ Coding Interview Home recommends due review from canonical counts (0.149917ms)
✔ track evidence rows stay informational while local show-more behavior remains (1.696875ms)
✔ empty progress keeps practice as the primary action and exposes global activity (0.319417ms)
✔ the shared Home shell opens the track-aware Practice Hub from empty Progress (0.544708ms)
✔ Home passes canonical sessions and exact row navigation into Progress (0.330458ms)
✔ Progress receives the single canonical Home plan snapshot and guidance action owner (0.608667ms)
✔ Completed guidance does not render a Progress self-link (0.340792ms)
✔ verified ready plan exposes existing edit action in all seven locales, independent of completion rule (31.709041ms)
✔ existing editor/resume guidance actions are never duplicated (5.951459ms)
✔ absent/unavailable plan or absent handler does not expose the editor entry (5.247ms)
✔ opening editor from Progress does not mutate model, active session or primary guidance (1.425125ms)
✔ Settings names guest and signed-out entry honestly and never offers guest sign-out (2.24625ms)
✔ Settings preserves authenticated identity and distinguishes synchronized from repair states (0.457042ms)
✔ Settings treats synced account data with durable warnings as needing attention (0.246916ms)
✔ Settings maps only the resume-required sign-out pair to canonical localized copy (1.555625ms)
✔ Settings blocks invalid actions while account lifecycle work is busy and keeps recovery states available (0.375084ms)
✔ Your data presents an explicit action/details/privacy matrix for every account state (1.278125ms)
✔ Your data distinguishes the timeout recovery action from other unavailable reasons (0.153875ms)
✔ Your data keeps details and privacy access exclusive to authenticated and exact guest states (0.129375ms)
✔ Recovery-pending copy is translated in every supported data locale (1.059208ms)
✔ Premium offer stacks copy and actions instead of squeezing copy beside the action (0.653583ms)
✔ certification exam premium admission maps each outcome explicitly (0.519916ms)
✔ Practice Hub keeps the exam offer visible and routes each admission outcome (2.048084ms)
✔ answer cards show state through the card and letter without a redundant status row (0.759875ms)
✔ practice and review keep correctness and selection in accessibility semantics (0.164958ms)
✔ practice completion handoff retains canonical question identity (584.047666ms)
✔ both practice JSX adapters pass authored message arrays through unchanged (41.0895ms)
✔ Design practice JSX adapter forwards optional choice and ordering messages only from existing feedback (15.487166ms)
✔ Details JSX gates authored messages on expansion and keeps their text scalable (33.249584ms)
✔ structured Claude feedback renders explanatory text without leaking block metadata (1.009084ms)
✔ feedback detail projection keeps scalar and nested explanatory values (0.132958ms)
✔ practice selects a canonical pool (649.020292ms)
✔ GCP practice topic comes from its node mode after the diagnostic-first mode (391.584375ms)
✔ Certification Exam Simulation is offered only for a validated prepared profile (0.889042ms)
✔ Coding Mock is offered only for the validated Coding simulation profile without changing practice modes (0.212708ms)
✔ Design Weak Area Review stays unavailable without review evidence (0.175208ms)
✔ practice session exit resets navigation above the closed session (2.637625ms)
✔ practice session exit can return to the hub without a topic override (0.131667ms)
✔ the canonical Custom Practice hero opens setup without a duplicate mode row (0.612042ms)
✔ Design mode entries open setup so learners can select the configured session length (0.163583ms)
✔ Claude structured question presentation is selected only from canonical track identity (0.748333ms)
✔ structured presentation preserves authored prompt and constraint strings (0.132333ms)
✔ structured constraints have localized semantics and stable identity (1.952666ms)
✔ primary session CTA routes activations through the phase-identity carry-over guard (0.598667ms)
✔ fixture chrome reuses the Practice shell slots without adding a nested scroll owner (0.566416ms)
✔ practice screens turn unsupported package, topic, and mode reads into exits (1.667791ms)
✔ Design simulation uses its dedicated result and cannot enter objective setup (0.282625ms)
✔ all selected Design modes require Premium admission before their canonical route (0.311125ms)
✔ practice route changes cannot submit stale setup controls and preserve track identity (0.394083ms)
✔ changing track returns through the Home root and drops practice route overrides (0.153584ms)
✔ Hub uses its displayed primary mode and package length defaults (0.142583ms)
✔ Home practice navigation preserves track identity and unavailable topics keep their context (0.26475ms)
✔ all practice runners prevent native removal and replay the exact action after leave confirmation (1.74925ms)
✔ Certification and Design unlock actions only after the refreshed projection commits (0.8765ms)
✔ Custom Practice accepts its package-declared length and persists its selected feedback timing (246.526917ms)
✔ Coding Interview simulation resume targets its durable profile route (0.86125ms)
✔ Custom Practice setup rejects every unsupported session length (0.274458ms)
✔ Custom Practice requires a selected timing while predefined Algorithms modes retain fixed timings (0.185125ms)
✔ rejects an Algorithms session length that the selected mode does not declare (0.113542ms)
✔ Independent Practice direct entry fails because it is excluded from the bundled Free package (0.158166ms)
✔ Certification resume routes preserve exact immutable configuration for package modes (0.468625ms)
✔ Certification resume rejects stale, cross-track, exam, and non-active sessions explicitly (0.224375ms)
✔ only Claude Focus exposes selectable feedback while other Certification setup stays fixed (0.302625ms)
✔ Practice Setup uses the package default until the learner or route selects a supported length (0.161542ms)
✔ every active track has the contract-defined Practice exit copy (1.162917ms)
✔ Practice exit rejects missing and unknown track identities without a fallback (0.348333ms)
✔ Practice presentation never discloses feedback before the durable feedback boundary (1.683584ms)
✔ Practice presentation permits response edits before a journal exists (0.279458ms)
✔ Practice action model separates final feedback from the durable Finish command (1.620959ms)
✔ Deferred feedback keeps the submit CTA and saving status aligned (0.263791ms)
✔ Practice pending phases retain a stable unsafe-action lock (0.21775ms)
✔ primary action carry-over guard blocks only fast phase changes and permits same-phase retries (0.410583ms)
✔ Practice operation notice mapping remains one family-neutral interpretation (0.770792ms)
✔ Durable recovery notices stay learner-facing in English and Polish (3.048166ms)
✔ Premium session preparation failures map to localized next steps (0.726542ms)
✔ Practice local choice selection survives only the same editable occurrence (0.485208ms)
✔ Scoped local response preserves all authored control types for the same editable occurrence (0.312917ms)
✔ Scoped local response resets when the session or occurrence identity changes (0.167792ms)
✔ Scoped durable response is authoritative over an unsent local response (0.162417ms)
✔ Practice durable choice response wins and response-less locked state clears (0.181917ms)
✔ Practice response renderer consumes application feedback states without scoring in UI (0.448208ms)
✔ Single-select feedback projects selected-correct and every remaining disabled state (0.483167ms)
✔ The visible ordering is a complete response before the learner moves an element (0.206834ms)
✔ Practice feedback labels distinguish selection from correctness (0.095416ms)
✔ Practice checked semantics include only answers the learner selected (4.889125ms)
✔ source links expose exact targets and unavailable has no press handler (1.331875ms)
✔ source open failure is explicit and never changes answer or report state (0.196959ms)
✔ every canonical practice session preserves projected sources at the shared feedback boundary (0.119667ms)
✔ fresh response requires exactly one matching provider-backed item with strict UTC dates (2.287584ms)
✔ confirmed account change removes the previous account cache and fails closed if removal fails (0.566583ms)
✔ active and grace expire exactly at their provider dates; negative states deny (0.37175ms)
✔ clock rollback and account switch deny, and a fresh response cannot reduce observed wall time (0.162708ms)
✔ cache writes before offline authorization; failed writes, invalid refresh and account change fail closed (0.916292ms)
✔ content reports are reachable from canonical practice details (0.814333ms)
✔ report affordance uses the canonical bounded button without changing its open-only action (0.864625ms)
✔ report input is intentionally content-free beyond bounded item context (1.644875ms)
✔ guest report disclosure is short by default and exposes accessible details (0.459958ms)
✔ Review presents unavailable entries in a separate section with scoped removal confirmation (0.577291ms)
✔ review screen keeps unavailable rows out of due and upcoming sections (1.06525ms)
✔ track presentation exposes only the concrete Google Cloud track (0.639208ms)
✔ active track naming is complete in the Polish presentation dictionary (1.719208ms)
✔ review presentation uses the concrete track title when taxonomy context is absent (0.795375ms)
✔ review translates known track and cloud taxonomy labels while preserving authored taxonomy (0.341334ms)
✔ dynamic track titles cross the translation boundary and long header copy can shrink (1.258458ms)
✔ rapid typing coalesces to the latest value (183.696459ms)
✔ an edit arriving during a write is persisted after it (0.398042ms)
✔ one drain preserves dirty values for multiple stages (181.994833ms)
✔ failure retains dirty data and a later flush retries it (182.184791ms)
✔ flush waits for the latest in-flight edit before resolving (0.42975ms)
✔ a local response draft is visible only for its own occurrence (0.501958ms)
✔ save transition clears before projection refresh and restores the keyed draft on failure (0.485959ms)
✔ practice SessionShell uses natural action geometry while simulation keeps its fixed footer (1.408584ms)
✔ SessionShell keeps the Figma top bar in one row at large text (1.390208ms)
✔ SessionShell keeps chrome readable without allowing it to crowd out authored content (1.135166ms)
✔ session timers keep the Figma value-only visual label while retaining spoken context (0.469958ms)
✔ Practice sessions reset their scroll viewport when the canonical item changes (0.152708ms)
✔ Button chrome remains usable while supporting up to 200 percent text (0.074166ms)
✔ final simulation action saves an answered response before finish and lets an unanswered final occurrence finish (0.934583ms)
✔ simulation question navigator has the approved states, accessible labels, and large-text grid adaptation (1.981667ms)
✔ simulation operation surface renders only declared state actions and never a generic retry (1.84275ms)
✔ navigator jumps retain the current question in an explicit locked presentation (0.177417ms)
✔ button loading decoration stays outside the accessible busy control (0.197209ms)
✔ simulation pause/end uses one Figma action sheet and keeps the destructive command reachable (0.310458ms)
✔ simulation finish confirmation uses the Figma action-required copy and review dismissal (0.27725ms)
✔ simulation result presentation distinguishes pending, verified, scoreless, and rejected reads (0.526667ms)
✔ keyed result reads discard a previous request after the session changes (1.032667ms)
✔ focus loss and unmount invalidation prevent late read errors from publishing (0.143708ms)
✔ retry starts a new generation and publishes only its successful result (1.723708ms)
✔ blur or unmount invalidates the latest retry token (0.308708ms)
✔ the current rejected result read stays an explicit error (0.330333ms)
✔ non-final simulation CTA labels, disables, and invokes only save-and-continue (2.125708ms)
✔ an unanswered non-final simulation occurrence keeps the Figma Save and continue CTA disabled (0.140792ms)
✔ simulation result and review are exposed only through the verified result reader (1.2295ms)
✔ active simulation surface fills the viewport and keeps navigator presentation outside the approved active screen (1.984583ms)
✔ simulation confirmation reuses the session chrome owner with its Figma frozen-state geometry (1.050291ms)
✔ simulation preparation owns neutral question and response geometry (0.275166ms)
✔ simulation statuses localize their projection copy and expose pending operation semantics (0.198625ms)
✔ Simulation navigator accepts complete unique projections for each supported session length (0.693375ms)
✔ Simulation completion metrics are withheld before the verified completed projection (0.134042ms)
✔ all seven locales preserve namespace, key, leaf, array and token contracts (50.413375ms)
✔ plural suffix groups match the English source (23.192375ms)
✔ identical English values stay within the reviewed exception list (16.323875ms)
✔ i18next has no language or namespace fallback (3.129333ms)
✔ translation AST collection stays on literal first arguments (297.045166ms)
✔ scoped Practice, result, review, and session-shell literals exist in both locales (105.825875ms)
✔ practice presentation output strings are keys in both locales (0.771333ms)
✔ admitted practice mode titles, details, and unavailable reasons are locale keys (0.842ms)
✔ local remote-client boundary is explicit and has no implicit endpoint (1.022375ms)
✔ public environment accepts the complete sandbox-only Firebase domain configuration (0.356833ms)
✔ public environment rejects extra keys, incomplete values, unsafe URLs, and production Firebase defaults (0.368333ms)
✔ runtime privacy keeps console and raw errors forbidden inside adapters and rejects sibling client paths (324.717583ms)
✔ explicit local fixture works only inside the development smoke boundary (1.591166ms)
✔ client rejects an unconfigured environment and missing authentication (1.599458ms)
✔ account session exchange sends an empty authenticated request and parses its custom token (13.775042ms)
✔ account session exchange rejects a missing custom token (0.375292ms)
✔ account registration validates and preserves distinct Terms and Privacy evidence (1.022792ms)
✔ session revocation accepts only the exact operation and a nonempty replacement token (0.971375ms)
✔ recovery operation methods use the canonical paths, proof body, and authentication modes (1.6845ms)
✔ recovery operation parsers reject malformed, mismatched, and extended server results (2.0495ms)
✔ recovery calls reject invalid operation IDs and proofs before token acquisition or network use (0.238125ms)
✔ recovery calls preserve typed server failures and Retry-After (0.314333ms)
✔ content package transport uses the authenticated App Check API and returns binary response headers (8.944959ms)
✔ content package transport caps streamed response bodies at two MiB (0.975625ms)
✔ content package transport preserves typed backend admission codes (0.618333ms)
✔ mobile requests fail before transport when App Check is unavailable (0.180125ms)
✔ canonical progress transport has no protocol query or version labels (1.095709ms)
✔ client rejects removed protocol fields before sending a sync request (0.128459ms)
✔ client accepts canonical identity lengths supported by content (0.609292ms)
✔ client turns removed identity metadata in a response into a schema conflict (1.26625ms)
✔ Apple nonce boundary hashes the Expo request and preserves the Firebase raw nonce (1.192042ms)
✔ authorization generation claim identifies exchanged sessions and rejects malformed values (0.338209ms)
✔ authorization generation reads force-refresh claims for the same current Firebase identity (0.550625ms)
✔ authorization generation refresh rejects a result after the Firebase identity changes (0.155542ms)
✔ local Firebase sign-out retries and verifies persisted-user removal after SDK persistence rejection (0.626792ms)
✔ local Firebase sign-out stays failed if Auth still has a user or persistence cannot be verified (0.479209ms)
✔ Firebase configuration exposes the deny-all rules and the one semantic account-record index (1.995792ms)
✔ keeps pre-market Firebase Hosting unpublished and loopback-only (68.773ms)
✔ provider fixture URL accepts only the strict local emulator command and opaque identity (1.45175ms)
✔ provider fixture URL rejects extra, duplicate, reordered, malformed, and credential-bearing parameters (0.379375ms)
✔ provider fixture guard requires explicit development smoke and loopback emulator/API project (0.134916ms)
✔ Google mock OIDC token uses a stable synthetic subject and no real account fields (1.120791ms)
✔ Apple fixture feeds a fresh raw nonce through the production OAuthCredential builder (1.555042ms)
✔ Firebase Auth Emulator is unavailable outside explicit development E2E (1.100875ms)
✔ Firebase Auth Emulator requires the canonical local development origin (0.179792ms)
✔ local builds keep public legal links explicitly unavailable without configuration (0.608041ms)
✔ missing public URL fails closed instead of inferring a destination (1.467708ms)
✔ configured public legal links preserve the validated contract destinations (0.348708ms)
✔ canonical serialization sorts object keys without changing array order (0.743334ms)
✔ fingerprint payload carries the canonical serializer version (0.175334ms)
✔ canonical-json-v1 is NFC-normalized, rejects duplicate keys, and counts UTF-8 bytes (0.433084ms)
✔ SHA-256 identities are stable, opaque, and response-sensitive (0.380209ms)
✔ native byte hashing passes an owned TypedArray to expo-crypto (0.592875ms)
✔ platform-neutral SHA-256 matches standard UTF-8 vectors (0.886042ms)
✔ session identity is anchored to canonical track, version, and artifact SHA (521.267916ms)
✔ goal days map to Expo weekly weekdays where Sunday is one (0.917292ms)
✔ config requires non-empty key and authenticated account (0.604959ms)
✔ adapter is iOS-only and validates monthly product terms (0.551667ms)
✔ purchase cancellation and failures are explicit (0.257834ms)
✔ configuration is single-flight across concurrent actions (0.153334ms)
✔ copy stores only a digest and schedules cleanup for five minutes (2.151959ms)
✔ expired unchanged recovery codes are cleared (0.363167ms)
✔ scheduled timer callback performs the due cleanup (4.03825ms)
✔ later clipboard content is never removed (0.313958ms)
✔ restart reconciliation schedules a pending cleanup without reading the clipboard early (0.211125ms)
✔ copy failure rolls back unchanged clipboard content instead of leaving an unmanaged secret (0.36675ms)
✔ durable marker is written before recovery codes reach the clipboard (0.577958ms)
✔ failed system cleanup keeps the marker and schedules a retry (0.241667ms)
✔ an uncertain rejected clipboard write preserves recovery when the written value cannot be cleared (0.226292ms)
✔ vault round-trips only the versioned recovery record and clears it (1.763792ms)
✔ vault persists a strict current-account defer marker in the retained issue record (0.656291ms)
✔ vault rejects malformed records without leaking parser errors or deleting evidence (0.195125ms)
✔ vault rejects duplicate or malformed recovery codes before storage (0.131375ms)
✔ vault round-trips exactly one same-account replacement backup without recursive lineage (0.186292ms)
✔ vault rejects replacement backups with mismatched identity, operation ID, or recursive/extended shape (0.437916ms)
✔ vault reports write and clear failures explicitly (0.202959ms)
✔ a fresh install creates only an encrypted canonical slot (3.913542ms)
✔ legacy data is copied, verified and encrypted before ready, then purged after a cold reopen (1.829083ms)
✔ every interrupted manifest transition resumes without losing the legacy source (22.667334ms)
✔ requested key rotation switches slots without losing data and removes the old key after a cold reopen (3.231ms)
✔ missing keys and corrupt manifests fail closed (1.074583ms)
✔ closed storage failure codes survive a native module realm boundary without message parsing (0.132416ms)
✔ a completed store still requires its immutable transfer marker (0.9615ms)
✔ explicit unavailable-data reset removes slots, manifests and keys (3.40375ms)
✔ failed unavailable-data reset reports the error and a repeated reset completes partial removal (6.452459ms)
✔ stores one strict, versioned record with only operation identity metadata (1.8105ms)
✔ duplicate UID and operation ID remains one pending entry and verified state (0.303458ms)
✔ operation IDs must be UUIDv4 both on writes and when loading persisted records (0.454958ms)
✔ a version-one pending record is rejected instead of migrated (0.225458ms)
✔ a stale UID or operation cannot clear a newer block (12.393209ms)
✔ verified UID or null Auth can clear the matching block while retaining pending work (0.430292ms)
✔ a queued null-Auth clear rechecks its guard inside the serialized mutation (0.323917ms)
✔ another UID cannot alter a different UID's pending operation (0.231416ms)
✔ verified remote completion removes only the exact UID and operation pair (0.431708ms)
✔ completion rechecks its guard after the async read and keeps the pending marker when stale (0.322583ms)
✔ completion records a durable tombstone when read-back cannot verify pending removal (0.275166ms)
✔ an unavailable confirmation read still leaves pending or an exact completed tombstone (0.296167ms)
✔ corrupt or unknown-version records fail closed without being overwritten (0.4285ms)
✔ read and write errors fail closed; an interrupted persisted write is safe to retry (0.292833ms)
✔ a write is not accepted until read-back matches exactly (0.113666ms)
✔ snapshots are deeply immutable and independent of later mutations (0.208959ms)
✔ transactions serialize across control instances in the JavaScript runtime (0.171875ms)
✔ prepare opens the router without publishing or reading a scoped key (2.238375ms)
✔ prepared inspection exposes registry metadata and freshness without opening profile storage (1.061542ms)
✔ prepared guest validation reads only access markers without publishing storage (1.882125ms)
✔ prepared authenticated recovery promotes only a matching bound guest (2.926583ms)
✔ closing an active profile revokes returned clients and preserves prepared metadata (0.820334ms)
✔ deferred activation does not wake preferences until the caller approves the profile scope (0.489542ms)
✔ prepared account selection commits and reloads while keeping scoped storage closed (1.75575ms)
✔ changed prepared account selection can activate the refreshed profile without app reload (0.516625ms)
✔ prepared account selection refuses Auth that becomes stale before the registry commit (0.321959ms)
✔ prepared guest selection refreshes metadata and activates after commit without app reload (1.205042ms)
✔ implicit prepared guest selection fails closed when multiple preserved guests exist (0.600542ms)
✔ prepare for an existing legacy owner reads only migration metadata (0.821541ms)
✔ prepare for an existing legacy guest reads only migration metadata (0.420209ms)
✔ activation is required and publishes only matching prepared profile metadata (0.666416ms)
✔ mismatched activation fails closed (0.507958ms)
✔ prepare failure clears any previously published scoped client (0.70475ms)
✔ prepare revokes previously returned scoped storage references (0.790459ms)
✔ legacy owner remains byte-for-byte visible only through its own logical scope (2.826375ms)
✔ an unchosen empty welcome profile stays fresh across restarts until guest markers are written (1.084917ms)
✔ an existing storage key prevents missing registry metadata from being classified as fresh (0.414875ms)
✔ explicit selection of the initial guest provisions its unbound access markers (0.590875ms)
✔ a selected modern guest keeps its earlier independent dataset identity and scoped data (0.657875ms)
✔ a completed modern guest adoption promotes only its matching account and permits a new guest (2.838666ms)
✔ valid adoption-pending legacy guest marker remains readable during profile registry migration (0.240958ms)
✔ legacy guest migration keeps the verified marker dataset ID despite a different generated identity (0.232542ms)
✔ a persisted mismatched legacy guest ID still validates its raw unbound guest markers (0.219334ms)
✔ a selected guest receives an isolated, durable namespace without changing legacy bytes (0.63275ms)
✔ a later exact owner login selects the unchanged legacy scope before local reads (0.683708ms)
✔ switching away from a modern account never reads its scoped payload (0.521083ms)
✔ malformed profile registry blocks instead of choosing a storage namespace (0.132292ms)
✔ concurrent guest selections claim one transition and cannot commit competing profiles (0.351084ms)
✔ selectGuest reuses the selected guest with the same profile ID and stored data (0.414959ms)
✔ selectGuest fails closed when the selected guest marker cannot be verified (0.211458ms)
✔ selectGuest returns a typed ambiguity error without writing when multiple guests are preserved (1.04825ms)
✔ one canonical guest and two account scopes survive restart without cross-scope access (1.911542ms)
✔ existing guest reselection rejects non-guest IDs without changing the registry (0.182584ms)
✔ failed existing guest registry commit leaves the current scope closed (2.696ms)
✔ visible legal documents index all seven locales directly (1.083834ms)
✔ unapproved locale documents fail closed in release and never fall back to English (0.162417ms)
✔ visible legal screens request the selected locale directly (0.6995ms)
✔ accepts the current legal variable shape in test mode and preserves checkout flag boolean (2.143917ms)
✔ seven-locale legal drafts require all locales and explicit unapproved test-only markers (1.520667ms)
✔ legal variables select the local fixture for local mode and the checked-in JSON for release mode (525.26175ms)
✔ legal variable CLI resolver uses distinct sources and never falls back for missing or invalid release JSON (3.696041ms)
✔ reports missing keys, locales and unexpected keys by field path (1.2085ms)
✔ rejects empty, whitespace-only and padded localized values (1.204833ms)
✔ release mode rejects recognized placeholders and test mode allows them (1.095792ms)
✔ public privacy and terms links require canonical HTTPS paths without query or fragment (1.83575ms)
✔ accepts complete production-like legal values in release mode (0.461666ms)
✔ CLI passes test mode and release mode rejects placeholders with field paths (392.412958ms)
✔ provider registration binds the complete canonical English and Polish documents to their loaded versions (5.564792ms)
✔ provider registration fails closed for draft locales and incomplete release legal configuration (0.551583ms)
✔ language settings audit command is exact and development-smoke only (0.532417ms)
✔ language settings audit route renders the production screen without account or preference commands (0.311875ms)
✔ the loading-state inventory stays complete as pending surfaces evolve (20.174125ms)
✔ LoadingState is the compact accessible generic pending status (0.668791ms)
✔ EmptyState is the centered retained-content/unavailable status primitive (0.223333ms)
✔ exactly the one remaining generic pending branch uses LoadingState (9.117041ms)
✔ C1 screens own local review and exam loading geometry (0.236166ms)
✔ bootstrap, roadmap, and setup own their phase or screen loading geometry (1.189792ms)
✔ Home shell owns tab-specific glass loading geometry and keeps navigation usable (0.923334ms)
✔ Practice Hub keeps its local pending geometry while the scoped read model owns state (0.36075ms)
✔ specialized practice sessions share one neutral question and response loading skeleton (0.433ms)
✔ Activity owns its glass loading skeleton (0.4895ms)
✔ Coding Interview scope owns its glass loading skeleton (0.306541ms)
✔ exam review owns its glass loading skeleton (0.110916ms)
✔ exam result owns its glass loading skeleton (0.343541ms)
✔ coding practice result owns its glass loading skeleton (0.341791ms)
✔ mistakes review owns its glass loading skeleton (0.324166ms)
✔ SkeletonShape owns the shared clipped glass primitive (0.289833ms)
✔ Skeleton glass motion uses one native driver loop and resets on lifecycle changes (0.234958ms)
✔ Skeleton glass motion stays static while Reduce Motion is unresolved or fails (0.13375ms)
✔ pending data is distinct from true empty and onboarding outcomes (0.735125ms)
✔ the six read owners end rejected reads in explicit unavailable EmptyStates (0.851292ms)
✔ scoped practice reads honor explicit route identity and only load reviews on Hub (0.7195ms)
✔ route-keyed read states block A under B and publish only their captured request (0.215584ms)
✔ queue reads clear stale resolved data before pending or unavailable (0.193125ms)
✔ specialized session preparation stays local while completion uses the generic status (0.325792ms)
✔ Interview Simulation result reads stay pending until the verified 40-item projection (0.294ms)
✔ navigation screens do not re-enter the public navigation barrel at runtime (4.119ms)
✔ bottom navigation labels stay canonical (2.721333ms)
✔ primary Home and Practice CTAs route to Practice Hub (0.281542ms)
✔ Home change track CTA routes to track selection (0.156917ms)
✔ shell safety model exposes no gamified status fields (0.233125ms)
✔ Practice review weak items routes to canonical review queue (0.179542ms)
✔ bootstrap owns one branded phase-aware loading surface with no synthetic completion (2.87325ms)
✔ generic LoadingState no longer carries the startup animation variant (0.345292ms)
✔ app preferences default to English content locale and device appearance (1.931833ms)
✔ app preferences retain an explicitly selected Polish locale (0.661958ms)
✔ settings storage retains every supported manual language (0.462042ms)
✔ translations resolve common UI copy through i18next (1.688458ms)
✔ all seven runtime locales expose translated settings, nested legal and data copy (1.431375ms)
✔ nested legal and data translations resolve and interpolate in English and Polish (0.371167ms)
✔ Legal information distinguishes device storage, account sync, local reset, account deletion, and retained deletion evidence (0.497125ms)
✔ Legal hub keeps full rules in local documents and presents only proven request timeframes (0.577167ms)
✔ sentence keys containing dots remain literal in common (0.2845ms)
✔ flat common labels containing colons remain literal keys (0.161666ms)
✔ flat learningPlan plural resources remain addressable and mutable (0.876459ms)
✔ namespace normalization rejects dotted-key collisions atomically regardless of source order (0.429167ms)
✔ language changes persist all supported choices without changing appearance (0.259417ms)
✔ a failed language write rejects and preserves the previous saved choice for retry (0.358125ms)
✔ system locale resolver recognizes all supported targets and regional/case variants (1.131292ms)
✔ unknown and malformed system locale values resolve explicitly to temporary English (0.18875ms)
✔ all manual choices remain authoritative and settings offer seven languages (0.159041ms)
✔ i18next does not silently fill missing keys from another locale (1.447875ms)
✔ notification settings renders only the accepted plan slots and follows the stored settings entry (0.833167ms)
✔ hook proves readiness only from accepted plan and at least one slot (0.148791ms)
✔ structural failures and absent plans expose no permission or activation controls (0.638125ms)
✔ accepted disabled plan may show permission and enable action (0.084083ms)
✔ only a synced result is presented as active with a turn-off action (0.07775ms)
✔ durable pending failures expose retry and neutral cancel, never active wording (0.090541ms)
✔ pending retry and cancel actions call the existing retry and disable paths (0.150875ms)
✔ seven locales have distinct reminder-draft and cancellation copy with no goal return copy (0.246125ms)
✔ notification settings keeps lifecycle-safe request coordination (0.102292ms)
✔ notification settings mutations are single-flight before asynchronous work starts (0.580834ms)
✔ a read that started before a mutation cannot overwrite the completed mutation (0.114167ms)
✔ a read started during a mutation stays stale while a later idle read can commit (1.19ms)
✔ a foreground read during a mutation is skipped before it can leave loading asserted (0.234416ms)
✔ Settings exposes account and participant navigation actions plus conditional developer verification actions (1.368791ms)
✔ Legal information exposes distinct personal-rights and non-personal-recovery entries (0.226833ms)
✔ Legal information scopes missing public configuration to external support and keeps local documents available (0.433292ms)
✔ Legal request form keeps validation inline, field-specific, and API-free (0.367417ms)
✔ Settings account presentation names guest, authenticated, and unavailable states and keeps sign-out provider-owned (0.850917ms)
✔ Settings keeps the backend verification group explicitly development-only (0.169792ms)
✔ grouped settings rows follow the Figma 200% text geometry (0.22925ms)
✔ InfoBlock and ListRow remount native text when live Dynamic Type scale changes (0.2095ms)
✔ Settings heading has no redundant description and locale keeps goal copy (0.221083ms)
✔ Premium keeps a localized Settings context while retaining the back action (0.349541ms)
✔ Your data keeps the Settings entry label and names its local header consistently (0.411958ms)
✔ Your data owns an exhaustive account-state action matrix and wires the mapped controls (1.008958ms)
✔ Your data export copy matches the complete JSON scope and the system share or save action (0.285042ms)
✔ Settings app identity follows the Figma footer geometry (0.244042ms)
✔ Settings keeps appearance values readable at large text (0.126667ms)
✔ shared supporting list-row text uses the Figma fractional line height (0.417625ms)
✔ appearance selection owns the typed accessible radio choice flow (0.315625ms)
✔ language selection owns the typed accessible radio choice flow (0.288708ms)
✔ System language detail follows the device locale independently from the selected app locale (0.322792ms)
✔ InfoBlock exposes opt-in alert semantics for dynamic settings errors (0.058209ms)
✔ appearance choices use the Figma preview variants without changing language choices (0.103833ms)
✔ settings bottom sheets use the Figma elevated shell and modal accessibility boundary (0.295292ms)
✔ information topics keep a stable locale-independent selection and explicit next-page affordance (0.320875ms)
✔ active sessions stay local and block account snapshot export (4.554625ms)
✔ canonical account records round trip through remote materialization (2.356042ms)
✔ remote materialization keeps the newest active track independent of input order and acknowledges both records (4.625458ms)
✔ remote materialization rejects missing or invalid updatedAt (0.578875ms)
✔ equal updatedAt selects the same active track using canonical identity (0.738833ms)
✔ snapshot and materialization preserve one exact goal-plan bundle (25.488125ms)
✔ bound account sync validates a goal and learning plan as one sync-plan bundle (9.652875ms)
✔ bound account sync builds one retryable canonical outbox and acknowledges it (1.708542ms)
✔ bound account outbox creates an explicit tombstone for a deleted acknowledged record (10.035209ms)
✔ reselecting an acknowledged active track tombstones the previously acknowledged track (1.442791ms)
✔ pending mutation IDs stay stable across an uncertain retry (2.620583ms)
✔ removed identity metadata is rejected before persistence (0.406958ms)
✔ deleted records keep their exact durable identity and tombstone state (0.229583ms)
✔ canonical repository bootstrap requires an already active storage scope (1.492708ms)
✔ canonical repositories use individual immutable records and one active session (2.301083ms)
✔ training sessions permit free navigation while rejecting regressing foreground time and missing active records (1.253084ms)
✔ active sessions persist only preallocated conditional reinsert resolutions (13.157792ms)
✔ terminal sessions are immutable except for identical recovery replay (0.638875ms)
✔ strict guards accept resolved identities and reject mismatches, tombstones, and legacy identity fields (2.14875ms)
✔ strict session reads reject a legacy-shaped stored record without inference (0.625416ms)
✔ canonical repository bootstrap reports the exact six steps in order (2.060666ms)
✔ canonical repository bootstrap isolates a throwing step observer without wrapping failures (0.406833ms)
✔ typed stores keep unavailable records outside strict runtime keys and reject legacy identity fields (3.845958ms)
✔ abandon unavailable active writes terminal archival history before removing the tombstone (1.208708ms)
✔ removing an unavailable review removes only that entry (2.032125ms)
✔ stored unavailable indexes fail closed when a record is malformed (0.357875ms)
✔ committed unavailable-active repair preserves active order and removes only archive IDs from the index (0.741542ms)
✔ committed unavailable-active repair is an idempotent no-op for an already exact active index (0.316625ms)
✔ committed unavailable-active repair treats an expected-revision race as a typed conflict without retry or partial write (0.4935ms)
✔ committed unavailable-active repair reports a verification mismatch after one index write without retry (0.432333ms)
✔ committed unavailable-active repair fails typed and makes no partial write for invalid index or record state (2.305167ms)
✔ committed unavailable-active repair removes archive-only IDs while preserving their records (1.014208ms)
✔ learning-state reset clears all three private content-identity stores (0.697916ms)
✔ report form submission persists a queued local outbox entry when backend is unavailable (6.049792ms)
✔ report outbox normalizes an omitted note and rejects obvious private data before persistence (0.5375ms)
✔ report outbox requires App Check, then accepts with the same idempotency key (1.019792ms)
✔ throwing native App Check provider leaves a report failed and retryable (0.581458ms)
✔ failed transport is retryable without creating a new report identity (0.579125ms)
✔ a lost response keeps the original report identity and accepts duplicate confirmation (0.733541ms)
✔ cleanup failure never claims accepted and preserves the retrying record (0.464792ms)
✔ canonical bootstrap purges legacy accepted entries but preserves uncertain reports (97.457166ms)
✔ local outbox removes unconfirmed reports after 30 days and preserves newer retries (0.4535ms)
✔ canonical runtime transport flushes once after readiness and is torn down without fallback (0.478292ms)
✔ restart readiness replays queued, retrying, and failed records with their original identities (0.94025ms)
✔ readiness flush and a concurrent submit share one in-flight send and one cleanup (0.367542ms)
✔ teardown during an in-flight response leaves the entry retryable for duplicate reconciliation (0.365834ms)
✔ goal onboarding dismissal is durable, idempotent, and scoped per track (1.058333ms)
✔ goal onboarding dismissal rejects unsupported stored records (0.36975ms)
✔ goal snapshots expose canonical revisions and CAS advances them (1.9765ms)
✔ goal snapshot CAS rejects stale create and update without changing durable data (0.633375ms)
✔ legacy goal access stays compatible and snapshot writes keep goal validation (0.314ms)
✔ goal snapshot CAS rejects a reentrant create for the same canonical key (0.370375ms)
✔ guest access is an explicit durable decision and can be cleared for account entry (0.988792ms)
✔ provisions one validated guest installation and preserves it across repeated bootstrap (102.335875ms)
✔ guest access requires an existing unbound installation and rejects retained account data (0.480334ms)
✔ corrupt or unsupported guest installation records block without replacement (0.751375ms)
✔ guest installation blocks coercible identifiers and non-v4 UUID records (0.365875ms)
✔ valid later binding states are preserved without adopting or regenerating an installation (18.827084ms)
✔ identity or write failure blocks before recovery/content and leaves no partial guest record (0.925458ms)
✔ guest installation rejects malformed generated identities without writing (0.19575ms)
✔ bootstrap blocks corrupt guest access before content without replacing it (0.166583ms)
✔ inconsistent installation bindings block bootstrap and guest access without replacement (0.373166ms)
✔ persistent plan read returns its canonical envelope revision (44.035292ms)
✔ dual-key CAS rejects stale goal and plan revisions and accepts one idempotent command retry (4.953834ms)
✔ compound lock sorts and deduplicates keys and rejects reentrant acquisition (0.403667ms)
✔ write uncertainty can be retried by command id, while a failure before persistence is not a false success (2.842541ms)
✔ accepts a journal whose scope and writes use one exact resolved artifact (7.623125ms)
✔ uses the complete resolved reference when validating attempt and session relationships (1.539917ms)
✔ requires an exact lowercase artifact SHA and rejects legacy top-level identity fields (0.471666ms)
✔ permits a reset journal only with a null artifact scope (0.471875ms)
✔ stores and reads the complete plan identity, slot identity, and envelope revision (54.233209ms)
✔ legacy settings migrate to enabled-only state while retaining every native notification id (0.51325ms)
✔ legacy daily settings retain the one native id during migration (0.21125ms)
✔ legacy journals become cancellation-only journals and cannot restore their old desired slots (0.493291ms)
✔ rejects duplicate days or slot IDs in a canonical settings record (0.875208ms)
✔ rejects identity without commandId, contentVersion, or a valid artifact SHA (0.51175ms)
✔ Premium testing override is unavailable outside sandbox and local development runtimes (0.812584ms)
✔ Premium testing override persists only for a sandbox or local development runtime (0.192625ms)
✔ keeps the same question distinct across immutable artifact SHA-256 values (3.85525ms)
✔ preserves durable identity conflicts for one resolved content reference (1.616292ms)
✔ rejects a durable ID rewrite across artifact identities before writing either entry (0.570625ms)
✔ preserves index order while updating and removing canonical entries (14.141917ms)
✔ rejects legacy identity fields, mixed records, tombstones, and non-lowercase artifact hashes (0.48725ms)
✔ reads only strict canonical entries from durable storage (0.311417ms)
✔ clears all canonical review records and the index (0.243583ms)
✔ repository codec distinguishes absence and corrupt JSON (1.182416ms)
✔ canonical storage uses envelopes and rejects an unsupported schema identity (1.352833ms)
✔ the atomic track cutover rejects every persisted former track identity without translating it (2.804167ms)
✔ draft replacement verifies its expected revision (1.612333ms)
✔ bootstrap blocks an inconsistent active-session reference and a missing required draft (81.304708ms)
✔ bootstrap runs resolution only after recovery/content validation and exposes profile/content mismatch as blocking (49.253375ms)
✔ one MMKV native adapter is infrastructure-owned and runtime access stays bounded (96.388792ms)
✔ cutover removes old storage and remote content paths (617.32175ms)
✔ canonical keys use the one Patternly namespace (0.532875ms)
✔ initializes and reuses the exact canonical metadata payload (1.576833ms)
✔ fails closed when stored metadata has an unknown shape or newer schema (0.541583ms)
✔ practice answer fixture completes ten canonical submissions with the exact mixed interaction outcomes (601.068625ms)
✔ fixture construction uses canonical runtime methods and has no persistence path (0.356791ms)
✔ runtime selectors are deterministic and use the canonical grammar (4.401291ms)
✔ Premium offer setup selectors are deterministic and valid (0.376708ms)
✔ Design Interview save selectors distinguish persistence status and retry (0.383959ms)
✔ runtime selectors preserve canonical identities without learner-visible copy (1.761333ms)
✔ runtime selectors preserve case-sensitive authored item identities (0.150709ms)
✔ session metadata selectors expose validated lifecycle values without learner copy (0.156ms)
✔ complexity selectors encode authored notation without weakening the selector grammar (0.345542ms)
✔ runtime selectors keep distinct runtime entities distinct (0.2845ms)
✔ unavailable recovery and review selectors remain stable and distinct (0.192875ms)
✔ runtime selector factories reject values that cannot be represented in the contract (0.193166ms)
✔ goal selectors expose stable target-date input and field-error identities (0.08925ms)
✔ learning plan selectors use the closed primary states and stable slot identities (0.461959ms)
✔ learning plan editor retry selectors distinguish save from start-existing (0.097375ms)
✔ notification selectors keep plan slots and closed error states typed (0.198583ms)
✔ target date guidance selectors expose every closed state and reason (0.382459ms)
✔ Home plan selectors expose every closed unavailable reason (7.198583ms)
✔ Progress plan selectors expose typed completion, day and unavailable identities (0.621458ms)
✔ journey resolves canonical track mode and pool (603.60375ms)
✔ onDanger keeps destructive button text above normal-text contrast in both themes (1.288417ms)
✔ onPrimary keeps goal status and selected day labels above normal-text contrast in both themes (0.268709ms)
✔ RC Certification Maestro flows change, restore, persist, resume, finish, and review the 50-item exam (2.162ms)
✔ RC Android runner requires the explicit current dev-client and evidence destination (0.187166ms)
✔ RC iOS runner requires one booted simulator and the same explicit evidence contract (0.158291ms)
✔ RC iOS certification smoke requires local credentials and authenticates only when Settings offers account entry (0.99025ms)
✔ Free Certification Exam flow resets once, reaches the Premium paywall, and retries after a cold restart without reset (0.907125ms)
✔ RC iOS timeout runner prepares one local exam, advances the audit clock, and captures timeout review evidence (0.712541ms)
✔ Certification progress derives practice, exam, outcome, taxonomy, review, and repeated-mistake signals (15.135041ms)
✔ Certification progress has explicit empty state and no synthetic learning metrics (1.705834ms)
✔ Certification progress ignores same-version evidence from another exact content package (0.53625ms)
✔ Certification result keeps truthful session metrics and routes Focus domains through the canonical formatter (0.6385ms)
✔ Certification Focus domain formatter resolves only a canonical roadmap node (0.741959ms)
✔ direct entry to excluded Algorithms declared-scope modes fails without substitution (759.873416ms)
✔ completed Algorithms practice replaces its runner with the session-keyed summary route (0.9795ms)
✔ practice summary reloads the immutable result and runner navigation requires verified completion (2.374125ms)
✔ practice question review is a readonly session surface with bounded navigation and a return to its result (0.390417ms)
✔ session control labels identify the dimension, ordering position, and command (6.304416ms)
✔ coding review pending keeps SessionShell navigation while using neutral response anatomy (0.29375ms)
✔ interactive Algorithms session controls use real 48-point minimum geometry without hit-area substitutes (1.14ms)
✔ simulation accessibility respects motion, focus, and touch-target constraints (0.200833ms)
✔ canonical session surfaces expose deterministic state and do not group interactive descendants (0.921042ms)
✔ practice exit makes abandonment a single explicit decision in a modal (0.596542ms)
✔ standalone practice conflict and unavailable states respect both safe-area edges (0.199375ms)
✔ large text can grow session chrome and controls without fixed interactive heights (0.35025ms)
✔ bottom navigation preserves one-line visual labels while keeping every tab semantically named (0.166625ms)
✔ bottom navigation uses theme-appropriate separators without altering the light overlay (0.258709ms)
✔ Practice Hub keeps the quiet-layered recommendation readable at large text and removes the competing stats card (0.220959ms)
✔ Practice Hub retains its mode layout and canonical ownership (1.797167ms)
✔ Practice Question Shell keeps the Figma prompt-to-answer rhythm (0.708875ms)
✔ certification exam stacks descriptive actions so large text cannot clip flagging or navigation (0.628417ms)
✔ practice runtime selectors are derived from the canonical session projection without entering speech labels (1.467ms)
✔ dry-run regression starts the recommended session directly and proves its live timer (0.885542ms)
✔ dry-run regression ends early into a truthful partial summary (0.189667ms)
✔ Algorithms presentation metadata covers exactly the generated structural roadmap (1.427834ms)
✔ Algorithms runtime derives roadmap parent relationships and mental units from the generated SOT (0.239958ms)
✔ AUD-02B runner fails closed outside the existing booted iPhone 17 app and local evidence setup (1.481042ms)
✔ AUD-02B executes authenticated Free, Premium, and expiry phases in order with the exact audit URL (0.43325ms)
✔ AUD-02B owns only its local backend process and gates both entitlement phases on readiness (0.631458ms)
✔ AUD-02B Free evidence selects Coding Mock and repeats the paywall after clearState:false relaunch (1.064959ms)
✔ AUD-02B Premium evidence restores the same 40-question draft before manual finalization and endpoint review (0.609833ms)
✔ AUD-02B expiry invokes only the exact Coding Mock command and captures finalized unanswered review (0.169333ms)
✔ Custom Practice resume preserves the selected durable at-session-end timing (220.198041ms)
✔ resume rejects an active session that lacks a canonical feedback timing (0.262209ms)
✔ M3 keeps the same Custom Practice session and withholds feedback across leave, kill, and resume (1.041125ms)
✔ M4 restores the exact Custom Practice durable feedback after leave, kill, and resume (0.170708ms)
✔ M5 reuses the complete M1 flow and proves a terminal session has no active resume path after relaunch (0.12025ms)
✔ RC Algorithms bootstrap resets learning data and explicitly selects the Algorithms track (1.331708ms)
✔ RC Algorithms iOS runner validates and passes explicit capture inputs only to the final Maestro flow (0.342291ms)
✔ AUD-02C runner is pinned to one existing iPhone 17 and ordered local entitlement phases (0.846458ms)
✔ AUD-02C flows prove Free denial, durable resume, manual result, timeout result, and rubric review (0.49975ms)
✔ AUD-02C premium and timeout flows preserve each response before saved status without keyboard commands (1.72375ms)
✔ Design session mode titles match the learner-facing journey (0.76ms)
✔ Design result names its exact package topic and exposes missing mapping (0.489125ms)
ℹ tests 1836
ℹ suites 0
ℹ pass 1831
ℹ fail 1
ℹ cancelled 0
ℹ skipped 4
ℹ todo 0
ℹ duration_ms 47891.88525

✖ failing tests:

test at src/content/contentReleaseCrossRepo.test.ts:2:2336
✖ historical content release lock remains covered by frozen release manifests (39.303167ms)
  Error: ENOENT: no such file or directory, open '/private/tmp/patternly-content-historical-aud02a/artifacts/releases/patternly-launch-2026-08-25-01/release.json'
      at readFileSync (node:fs:483:20)
      at TestContext.<anonymous> (/Users/lukaszkurczab/Desktop/Projects/Patternly/patternly/src/content/contentReleaseCrossRepo.test.ts:83:32)
      at Test.runInAsyncScope (node:async_hooks:227:14)
      at Test.run (node:internal/test_runner/test:1402:25)
      at Test.start (node:internal/test_runner/test:1262:17)
      at startSubtestAfterBootstrap (node:internal/test_runner/harness:387:17) {
    errno: -2,
    code: 'ENOENT',
    syscall: 'open',
    path: '/private/tmp/patternly-content-historical-aud02a/artifacts/releases/patternly-launch-2026-08-25-01/release.json'
  }
