
> patternly@0.1.0 qa:static
> npm run recovery:check && npm run typecheck && npm test && npm run validate:content-boundary && npm run validate:runtime-privacy-boundary


> patternly@0.1.0 recovery:check
> node scripts/checkRecoveryBaseline.mjs

RECOVERY_INVENTORY_CHECK=passed
RECOVERY_ACTIVE_SOURCE_FILES=449
RECOVERY_ACTIVE_TESTS=310
RECOVERY_TEST_CASES=1749
RECOVERY_STAGE_1_BOUNDARIES=passed

> patternly@0.1.0 typecheck
> tsc --noEmit


> patternly@0.1.0 test
> node --import tsx --test 'src/**/*.test.ts' 'src/**/*.test.mjs' 'scripts/**/*.test.ts' 'scripts/**/*.test.mjs'

✔ learning kernel and registry boundaries exclude family content and platform owners (13.954292ms)
✔ families do not import one another and source contains no replacement bridge (83.133959ms)
✔ application mutations depend on repositories rather than raw storage internals (1.696041ms)
✔ canonical lifecycle use cases have no React, storage implementation, or family-scoring dependency (1.83525ms)
✔ the public storage barrel does not expose raw keys or codec (0.532334ms)
✔ AUD-02D starts child before auth and records expired baseline before observation (15.228667ms)
✔ child readiness waits for readiness and races early completion (6.872916ms)
✔ nonzero child completion remains a hard failure (0.200916ms)
✔ bounded cleanup leaves a naturally completed child alone (1.209084ms)
✔ timeout stops the child, its owned backend, then confirms port release (10.125041ms)
✔ cleanup is bounded and retains each cleanup failure (5.759375ms)
✔ cleanup context keeps the original failure first (0.876625ms)
✔ listener ownership requires a complete ancestry chain to the exact runner (1.544125ms)
✔ backend signal uses only the group captured by successful ownership proof (10.691583ms)
✔ failed backend ownership proof skips backend signal and reports secondary failure (6.333791ms)
✔ AUD-02D evidence manifest snapshots redact credentials without mutating live case records (61.356709ms)
✔ AUD-02D evidence redaction scrubs text artifacts atomically and scans every regular file (135.633958ms)
✔ AUD-02D evidence redaction rejects symbolic links under the output root (11.197208ms)
✔ AUD-02D evidence scan removes later unsafe credential files after an earlier directory symlink (10.677625ms)
✔ AUD-02D matrix is exactly bound to the nine-track candidate lock (13.386792ms)
✔ Custom Practice matrix includes every 10/20/40 by timing combination (2.079ms)
✔ coordinating runner binds every case to clean sources, one install, native identity and stable bundle bytes (12.653583ms)
✔ AUD-02D validates smoke profile for Metro and owns active backend through pre-premium runtime cases (4.231791ms)
✔ AUD-02D non-exam premium runners receive their declared premium flows (1.482083ms)
✔ AUD-02D resolves and validates the exact local Expo iOS AppEntry launch asset (2.661459ms)
✔ smoke entitlement probe exchanges ordinary auth for a generation-pinned token without persisting secrets (1.966291ms)
✔ smoke auth errors persist only HTTP status and safe error.code (2.183459ms)
✔ AUD-02D Maestro flows cover track readiness and all setup selectors before session start (39.094625ms)
✔ auth preflight extended waits are recorded and flows without assertions remain rejected (24.203333ms)
✔ feedback lifecycle flows resume, complete ten answers and open the result review (37.6645ms)
✔ result review selects the caller-provided question while retaining its occurrence root (13.414084ms)
✔ all new AUD-02D Maestro YAML documents parse and contain executable assertion commands (23.778167ms)
✔ Expo and npm expose one canonical Patternly identity (7.961083ms)
✔ RC runners, runtime-audit URLs, and every Maestro flow share the Patternly identity (28.101625ms)
✔ build identity cutover leaves canonical learning-data keys unchanged (0.516542ms)
✔ sandbox builds validate the same closed public environment schema as the installed app (41.525708ms)
✔ runtime mode is explicit and persists in public Expo config (0.87075ms)
✔ sandbox and release reject mode/configuration mismatches (1.459166ms)
✔ release app config always rejects the checked-in public legal payload (9.725875ms)
✔ release public legal links use the configured public environment parser and match the legal record (117.321084ms)
✔ smoke is explicit, locally bound, and permits debug App Check (3.559625ms)
✔ remote artifacts require their public Firebase configuration before prebuild (1.125458ms)
✔ only iOS remote artifacts require the public RevenueCat Apple SDK key before prebuild (8.054834ms)
✔ remote artifacts require production App Check providers before prebuild (0.661542ms)
✔ sandbox and release accept only production App Check provider pairs (13.109958ms)
✔ sandbox uses the one tracked native Firebase registration while release requires production file variables (2.558166ms)
✔ explicit iOS sandbox and release require iOS configuration and ignore Android-only configuration (4.887958ms)
✔ explicit Android sandbox and release require Android configuration and ignore iOS-only configuration (4.808917ms)
✔ without an explicit native target, sandbox and release require both platform configurations (6.132291ms)
✔ explicit iOS and Android builds always require shared Firebase public configuration (0.850208ms)
✔ candidate lock binds the exact nine bundled artifacts (47.438375ms)
✔ candidate lock rejects bundled bytes outside the candidate (46.783375ms)
✔ CI bootstrap binds the actual current v3 lock to all nine verified bundled artifacts (1737.348333ms)
▶ CI bootstrap fails closed for malformed v3 metadata without an active v2 fallback
  ✔ old schema (4.18625ms)
  ✔ extra root field (5.516416ms)
  ✔ missing track (4.74075ms)
  ✔ extra track (4.524292ms)
  ✔ duplicate track (8.047583ms)
  ✔ mixed pin (12.013542ms)
  ✔ source mismatch (8.761959ms)
  ✔ malformed pin (7.695375ms)
  ✔ mixed release (11.616375ms)
  ✔ bad checksum (15.251792ms)
  ✔ bad manifest digest (15.21275ms)
  ✔ bad candidate identity (6.900208ms)
  ✔ wrong candidate path (34.869125ms)
✔ CI bootstrap fails closed for malformed v3 metadata without an active v2 fallback (144.383667ms)
▶ CI bootstrap rejects valid-shaped metadata that disagrees with actual bundled hashes or versions
  ✔ bundledContentLockSha256 (832.402459ms)
  ✔ checksumSha256 (1964.398875ms)
  ✔ contentVersion (3333.813292ms)
✔ CI bootstrap rejects valid-shaped metadata that disagrees with actual bundled hashes or versions (6137.390458ms)
✔ both QA jobs share the strict pin reader and retain mandatory candidate and actual checkout identity gates (3.4975ms)
✔ historical bootstrap preserves the exact frozen lock and distinct producer checkout (618.491291ms)
✔ Metro selects Certification Exam review fixtures only in smoke and keeps disabled peer inert (1863.658417ms)
✔ QA installs the frontend lock before native and root verification (1.533ms)
✔ EAS release configuration has explicit version, runtime, and channel policy (2.988041ms)
✔ EAS source archives exclude generated native output, artifacts, and credentials (1.163958ms)
✖ exports exactly Coding and AWS from current ordinary Free pools with source-bound authored feedback (1688.320833ms)
✔ snapshot check accepts exact bytes and rejects missing or stale generated content (0.748917ms)
✖ rejects source, identity, current locks/admission/receipts, family, and resolved Free-pool mismatches for each demo (1017.63525ms)
✔ production exporter rejects the current incomplete canonical source before creating output (558.941ms)
✔ synthetic seven-locale artifacts are marked unapproved and contain complete, interpolated drafts (25.908209ms)
✔ app legal exports retain the same output as parameterized template rendering (0.494291ms)
✔ release gate and exporter use the same canonical source fingerprint (1114.769791ms)
✔ launch readiness CI is the complete exact-four-SHA owning gate (13.649166ms)
✔ mutations of any required SHA input fail closed (8.271125ms)
✔ mutations of each fixed repository slug, ref, path and fetch depth fail closed (9.698917ms)
✔ mutations of historical lock resolution or app content roots fail closed (4.930042ms)
✔ mutations of every exact-head or clean-worktree assertion fail closed (5.749792ms)
✔ mutations of toolchain and every npm ci owning gate fail closed (25.277166ms)
✔ mutations of the web server wait, base URL and cleanup fail closed (4.963916ms)
✔ mutations of backend sibling roots and content/web gate commands fail closed (13.373209ms)
✔ mutations of manifest creation, verification and enforced release fail closed (24.942541ms)
✔ mutations of JSON validation, unconditional uploads and final outcome enforcement fail closed (10.140208ms)
✔ moving candidate refs, write permissions or secrets fail closed (1.562541ms)
✔ Metro selects proposal fixtures only in the smoke runtime (1869.800292ms)
✔ one journal contract, materializer, verifier, and coordinator remain (4.073584ms)
✔ mutation failure has one boundary owner and presentation cannot recreate durable state (97.085375ms)
✔ features and track semantics cannot import storage or repository implementations (26.644958ms)
✔ Algorithms runtime composition has no persistence binding (1.103375ms)
✔ Coding Interview read projections do not create a barrel cycle through the session facade (0.616458ms)
✔ one family-neutral foreground timer is bound only in application composition, never in presentation (15.946333ms)
✔ training-session identity has one lifecycle authority and no obsolete runtime port (25.8575ms)
✔ old active exam persistence owner and feature services are deleted (105.252542ms)
✔ Certification answers cannot recreate the deleted selector or competing writer (96.529ms)
✔ Certification presentation reads materialized feedback without owning family scoring (35.279792ms)
✔ Certification durable Practice state has one exact projection, recovery command, and shared notice mapper (2.244959ms)
✔ Certification route handoffs use exact resume intent and cannot hide failures behind start fallbacks (2.853917ms)
✔ presentation routes use application ports without persistence internals (22.493334ms)
✔ startup recovery uses canonical bootstrap recovery (0.355542ms)
✔ release-native configuration excludes canonical learning storage from backup and unneeded ingress (9.039083ms)
✔ Android privacy transforms are reproducible without generated native projects (2.261708ms)
✔ iOS backup transform is reproducible without a generated AppDelegate (0.660375ms)
✔ clean iOS output declares current data collection without tracking or remote notifications (32.23675ms)
✔ Expo platform configuration declares the supported phone-only native matrix (6.272333ms)
✔ Premium node offers and their local fixture transport share one smoke-only Metro module (1591.704917ms)
✔ release Metro source selections cannot expose the local Premium offer or payload (73.786042ms)
✔ provider auth fixture runtime resolves to smoke implementation only for smoke (1561.92425ms)
✔ non-smoke provider fixture peer contains no token-generation or provider-auth SDK calls (21.347416ms)
✔ recovery integration refuses missing producer pins before starting emulators (119.728667ms)
✔ recovery integration refuses blank producer pins before starting emulators (138.5685ms)
✔ an explicit producer pin file retains the exact repository HEAD fence (230.734333ms)
﹣ mobile recovery coordinator, secure-store fixture and adapter complete real HTTP recovery operations (1.200917ms) # SKIP
﹣ HTTP session revoke conflicts with an unacknowledged recovery result and succeeds after its ACK (0.463292ms) # SKIP
﹣ same-operation concurrent HTTP recovery consumes return the persisted real Admin winner (0.174625ms) # SKIP
﹣ HTTP account deletion supersedes an unacknowledged recovery result and removes its proof-bound data (0.116125ms) # SKIP
✖ launch readiness report is deterministic and exposes the unresolved release blockers (2468.285125ms)
✔ release readiness reports missing, malformed, and complete public legal configuration safely (6951.591875ms)
✔ launch readiness rejects a forged runtime admission (2141.442334ms)
✔ release gate fails while the readiness report contains blockers (1799.850667ms)
✔ enforced release gate requires a verified four-repository manifest (3008.252833ms)
✔ launch readiness fails closed when the content evidence checkout is dirty (863.370333ms)
✖ explicit report output is written after inspection and does not dirty either worktree (3160.21875ms)
✔ owning validator rejects stale identity and malformed readiness semantics (9780.989541ms)
✔ enforced mode still writes a valid report before returning exit 1 (1632.63725ms)
✔ CLI rejects malformed arguments and physical output paths inside either worktree (1759.67875ms)
✔ launch readiness fails closed when the application release lock provenance is invalid (1271.105792ms)
✔ launch readiness fails closed when the application evidence checkout is dirty (1989.236375ms)
✔ launch readiness admits external evidence only when its envelope is bound and self-integral (3434.631667ms)
✔ physical-device evidence is optional through freeze and mandatory at go (4222.9275ms)
✔ stage contract keeps PO, provider, store, and device evidence out of local and freeze (3405.235667ms)
✖ creates deterministic portable identity with repositories, locks, build, configuration, and evidence (1.0955ms)
✖ verifies exact HEADs, clean worktrees, hashes and current content/OpenAPI owning checks (0.302083ms)
✖ CLI create output can be copied to another external directory and verified (0.127458ms)
✖ enforced releaseGate reports a verified manifest identity without absolute paths (0.105833ms)
✖ releaseGate accepts only a physical receipt for the exact embedded manifest and build (0.141375ms)
✖ runtime receipt rejects every mismatch with the verified embedded artifact (0.106083ms)
✖ enforced releaseGate writes portable reports for invalid and missing manifests (0.098083ms)
✖ rejects missing, extra and duplicate repository roles plus the legacy two-SHA shape (0.118833ms)
✖ rejects wrong manifest identity, stale candidate/track scope and wrong repository SHA (0.192375ms)
✖ rejects modified evidence before accepting a portable reference (0.189209ms)
✖ rejects changed iOS build, public configuration, and signing evidence bytes (0.087792ms)
✖ rejects absolute, traversal and symlink references (0.185125ms)
✖ rejects dirty repositories and output paths inside or through symlinked parents (0.066083ms)
✔ local profile dotenv parser has no process side effect (3.91325ms)
✔ the default iOS command uses the local profile and sandbox remains explicit (5.4625ms)
✔ smoke profile requires explicit matching local E2E endpoints (1.009041ms)
✔ sandbox profile rejects every local auth override (0.307291ms)
✔ smoke emulator probe reports profile, origin, and action on failure (0.742625ms)
✔ Auth probe requires the documented emulator configuration response (0.571333ms)
✔ API readiness waits for dependencies and rejects false checks (15.624459ms)
✔ failed smoke preflight cannot spawn Expo (5006.061834ms)
✔ sync replaces the whole generated directory with an exact validated set (200.146875ms)
✔ sync accepts a complete GCP Exam envelope inside the artifact lock boundary (129.865042ms)
✔ sync accepts the exact Coding Mock profile with its ordered 40-question pool (141.173916ms)
✔ sync accepts and preserves each exact per-track Design Interview simulation profile (206.002875ms)
✔ sync rejects Design profile identity, deadline, stage, response, criterion, rubric, and scoring drift (466.725958ms)
✔ sync rejects Coding Mock profiles that drift from the declared strict contract (431.467ms)
✔ sync continues to accept a legacy GCP artifact without simulation metadata (101.603625ms)
✔ sync rejects malformed GCP profiles before replacing the target even when lock SHA is recomputed (727.927666ms)
✔ check mode proves byte parity and never writes inside the application root (469.45175ms)
✔ check fails on byte drift without repairing it (144.179ms)
✔ producer failure preserves the existing complete target and cleans staging (132.161167ms)
✔ failed second rename rolls back the previous directory (119.252917ms)
✔ an interrupted target-to-backup move is recovered before replacement (195.883666ms)
✔ validation rejects extra files, duplicate IDs, tampering, and symlink entries (92.942167ms)
✔ validation rejects a missing or misnamed artifact and an unsorted lock (82.990083ms)
✔ failed first rename preserves the target byte-for-byte and leaves no transaction debris (189.953209ms)
✔ a symlinked target parent fails before staging and cannot write outside appRoot (41.340625ms)
✔ dirty producer state fails before build or application write (33.615709ms)
✔ check rejects a temporary root inside appRoot before any app-tree write (87.669208ms)
CONTENT_BOUNDARY_CHECK=passed
✔ content boundary rejects global fetch ingress but ignores property fetch methods (2.268167ms)
✔ content boundary rejects legacy identity types and fields in active runtime code (0.647792ms)
✔ content boundary rejects legacy published-bank contracts and family catalogs (0.390584ms)
✔ content boundary permits legacy shape only at fail-closed boundaries (1.883125ms)
✔ content boundary never permits removed family architecture through explicit allowlists (0.437958ms)
✔ content boundary permits quoted legacy keys used only by fail-closed rejection guards (0.602958ms)
✔ recognizes only an enumerated ContentPreparationGate state (2.037833ms)
✔ waits through transient hierarchy failures and returns once a gate state is visible (0.64075ms)
✔ fails closed at the bounded deadline when no gate state is visible (1.097417ms)
✔ deletion authorization expires, binds both UID and generation, and cannot be replayed (2.747459ms)
✔ deletion authorization reports a live grant without consuming it (0.571417ms)
✔ foreground refresh guard skips only a current live deletion grant (0.512292ms)
✔ a foreground refresh queued behind prepareDeletion skips the issued grant without consuming it (2.584333ms)
✔ wrong reauthentication never issues a deletion grant or reaches deletion (0.508917ms)
✔ a session change after reauthentication prevents grant issuance (0.312125ms)
✔ deletion authorization prepares the backend session after reauthentication and before issuing the grant (0.613834ms)
✔ deletion authorization fails closed when backend session preparation fails (0.450416ms)
✔ deletion authorization fails closed when the session changes during backend session preparation (0.418333ms)
✔ verify-before email mutation reports pending work while the current email stays unchanged (0.720333ms)
✔ password mutation failures remain failures after successful reauthentication (0.532666ms)
✔ sensitive command lane rejects a concurrent different command (1.665708ms)
✔ a second login waits until the first account's Firebase sign-out settles (0.772458ms)
✔ sensitive command lane waits for an active command only through the refresh path (0.464125ms)
✔ waiting refresh drains a command that starts at the idle microtask boundary (0.907375ms)
✔ an active refresh settles before a command claims the lane, even when refresh fails (0.447541ms)
✔ two commands waiting for one refresh leave only the first command admitted (0.563459ms)
✔ refresh holds are refcounted and idempotent while explicit commands remain available (0.523375ms)
✔ prompt hold lifecycle releases exactly once across success, cancel, error, and unmount paths (0.318459ms)
✔ a prompt callback can submit during a refresh hold before its queued foreground refresh (0.685833ms)
✔ a prompt callback during an active refresh keeps queued refresh and submit serialized (0.709916ms)
✔ auth command composition keeps provider credentials and hold-only deletion wiring (3.6675ms)
✔ account snapshot and outbox use one exact canonical identity contract (30.579292ms)
✔ stored account state rejects removed protocol and content schema fields (1.42ms)
✔ guest adoption choice is canonical and survives a durable reread (1.904875ms)
✔ stored account state fails closed instead of assigning missing outbox sequence (4.414083ms)
✔ account export distinguishes recent authentication, revoked sessions, transport, limits, and 5xx (3.001125ms)
✔ validates the account export envelope before any file is created (3.884208ms)
✔ rejects partial profiles and malformed section entries (0.6155ms)
✔ writes to the cache-prefixed filename and deletes after sharing (0.501041ms)
✔ deletes the temporary file when the share sheet rejects (0.319583ms)
✔ does not create a file when system sharing is unavailable (0.231791ms)
✔ classifies cache file construction failures without rejecting (0.222208ms)
✔ a changed account session is rejected before sharing and the file is deleted (0.476042ms)
✔ reports a failed final cleanup and leaves bootstrap responsible for retry (0.370708ms)
✔ bootstrap cleanup without an active storage profile preserves all export files (0.41325ms)
✔ account export cache cleanup is limited to the selected local profile (0.63575ms)
✔ profile cleanup leaves legacy unscoped exports because their owner cannot be proven (0.428791ms)
✔ guest-merge materialization accepts its timestamp-free contract only when active track is unambiguous (4.766708ms)
✔ requestEmailChange preserves the global classifier and exposes only the email conflict locally (1.5425ms)
✔ requestEmailChange keeps operational failures in their existing categories (0.428542ms)
✔ requestEmailChange owns the contextual mapper without changing the Firebase client contract (0.947792ms)
✔ foreground scheduler coalesces duplicate active events and runs a newer return after the current refresh (3.795958ms)
✔ foreground scheduler cleanup cancels queued work and drops stale intents (1.032042ms)
✔ ODK-E2E-041 keeps a runnable guest goal to account restart journey (3.34125ms)
✔ ODK-E2E-041 preserves the per-track dismissal and restart proof (1.146209ms)
✔ ODK-E2E-041 covers an existing goal on a clean device and an account without a goal (0.822834ms)
✔ ODK-E2E-041 data evidence covers identity, atomic goal-plan validation, recovery, and explicit UI states (2.724667ms)
✔ ODK-E2E-041 visual matrix maps every required journey to executable evidence (2.278042ms)
✔ public environment and Firebase client configuration fail closed (12.664125ms)
✔ Firebase account configuration requires core fields and accepts only valid optional Google IDs (1.826291ms)
✔ native App Check composes either provider, both providers, or an explicit unavailable state (12.775958ms)
✔ only the explicit local smoke runtime finalizes every password-identity command without verification side effects (1.734417ms)
✔ account entry copy makes the destructive choice and code acknowledgement explicit (2.845375ms)
✔ account entry owns one terminal choice and keeps synced account controls separate (5.262625ms)
✔ account recovery owns one status message, a truthful retry, and a sign-out exit (5.361458ms)
✔ current-account ISSUE defer requires an explicit sign-in, canonical session check, and persistent identity fence (1.779333ms)
✔ account recovery back action follows live navigator history (1.091ms)
✔ signed-out sign-in presentation is independent of pending remote revocation (5.51025ms)
✔ local sign-out persists its block before closing scope and never invokes remote preparation (2.506125ms)
✔ completed sign-out cannot publish signed-out state over a newly authenticated UID (1.01425ms)
✔ explicit login and registration Auth mutations serialize with local sign-out (1.500584ms)
✔ restored matching logout block closes scope and remains pending until manual retry (2.033917ms)
✔ foreground identity publication keeps the latest account data and rejects stale generations (0.888333ms)
✔ queued identity refresh is rejected by the production guard after sign-out or UID switch (1.080291ms)
✔ email security composition delegates refresh to the global foreground owner (2.525792ms)
✔ the foreground owner retries plan recovery at bootstrap, reconnect, foreground, and its durable timer (0.628625ms)
✔ sign-in keeps guest access visible and uses the approved Google logo asset (4.59375ms)
✔ registration keeps consent presentation separate from the boolean domain contract (7.030916ms)
✔ both recovery-code surfaces warn before copying through the guarded clipboard (2.849334ms)
✔ unconfigured account entry never composes Google OAuth without typed provider configuration (1.353458ms)
✔ a guest transition resets navigation into the application session (0.441667ms)
✔ secure auth persistence stores only a Firebase refresh-token-shaped record (1.148ms)
✔ secure auth persistence isolates Firebase metadata from the saved auth user (1.658042ms)
✔ startup waits for persisted auth resolution before choosing the entry screen or Home (1.954ms)
✔ account finalization coordinator shares one in-flight and completed result per generation (0.668417ms)
✔ account finalization coordinator drops late results after invalidation and disposal (0.862833ms)
✔ read-only generation capture cannot reactivate a session during sign-out (0.254958ms)
✔ account restore has a bounded initialization recovery path (1.776166ms)
✔ App Check has an explicit unavailable state and never fabricates a token (0.270708ms)
✔ account failures expose explicit provider, network, expiry, and revoked-session states (0.972291ms)
✔ cold account_not_found clears persisted Firebase auth or exposes a truthful sign-out retry (0.895959ms)
✔ privacy requests expose App Check failures as unavailable (0.640667ms)
✔ account sync preserves known validation failures without persisting arbitrary error messages (31.728958ms)
✔ deletion retries after a revoked or stale session and leaves a verified local tombstone (8.001375ms)
✔ deletion cleanup removes the complete canonical learning namespace while preserving device records and recovery markers (1.028458ms)
✔ a completed marker from an earlier account does not block a later bound account (1.905167ms)
✔ a preflight journal failure does not create a deletion operation and pending retry cannot start one (11.926084ms)
✔ response loss resolves a matching remote operation and rejects mismatched status without local cleanup (2.688791ms)
✔ local deletion cleanup resumes after a failed key removal without issuing another remote delete (2.666ms)
✔ account deletion remains pending until reminders are disabled and retry does not repeat remote deletion (3.976375ms)
✔ server reauthentication failures remain reauthentication failures with the pending marker intact (1.873625ms)
✔ an invalid deletion acknowledgement keeps the same operation pending until an explicit retry verifies proof (42.363041ms)
✔ an uncertain server deletion failure resolves through the bound operation status (2.001917ms)
✔ a durable terminal learning commit uploads once when Home retries pending data (197.275417ms)
✔ concurrent Home retries share one offline attempt and preserve durable pending state (204.005709ms)
✔ a concurrent local session start during upload keeps the interrupted Home sync retryable (422.0935ms)
✔ a concurrent local session start during download keeps the interrupted Home sync retryable (533.843584ms)
✔ Home pending retry honors binding, state, and durable recovery guards without remote calls (5.895625ms)
✔ bound restart exposes a projection for a locally saved session without remote reads or writes (3.388875ms)
✔ resume requires matching installation and account-state bindings (1.932958ms)
✔ a pending learning journal blocks bound account sync without clearing the journal (3.896541ms)
✔ a deferred upload state resumes locally and syncs idempotently after finalization (285.183ms)
✔ discard deletes guest records and goals but preserves device preferences and performs no remote writes (9.01125ms)
✔ discard restores existing account records unchanged without uploading guest data (4.770292ms)
✔ failed account fetch keeps guest data and the approved discard plan for retry (3.051167ms)
✔ existing-account login restores remote data without offering or uploading guest adoption (2.626875ms)
✔ one separable invalid remote plan restores Home data, quarantines its version, and resolves after replacement sync (885.070167ms)
✔ normal no-plan remote state creates no recovery incident (59.532041ms)
✔ learning plan recovery reserves before a read and commits the replacement with its ACK (49.374041ms)
✔ learning plan recovery persists failed attempts and respects the durable due time (33.274208ms)
✔ learning plan recovery drops stale responses after a generation, incident, or account ownership change (99.526916ms)
✔ invalid plan recovery fails closed on bad envelope, duplicate identity, uncertain goal, or ownership (230.247125ms)
✔ transfer applies an explicit guest conflict resolution once and completes durably (9.279083ms)
✔ guest adoption quarantines one invalid plan while materializing its goal and unambiguous active track (8.199292ms)
✔ offline transfer retry reuses the durable confirmation and never uploads a duplicate guest snapshot (4.051583ms)
✔ discard resumes after partial-index failure without reconstructing a guest upload (8.83025ms)
✔ discard resumes after binding failure without reconstructing a guest upload (5.6935ms)
✔ discard resumes after finish failure without reconstructing a guest upload (9.409209ms)
✔ discard rejects another account and pending adoption without changing guest data (0.727167ms)
✔ a stale adoption confirmation is cleared so retry can request a fresh preview (1.13425ms)
✔ discard blocks an active guest session before fetching or deleting data (1.150875ms)
✔ concurrent discard calls make one transition and keep the guest outbox empty before fetching (2.055291ms)
✔ a session start requested while discard fetches waits and is preserved after materialization (12.801584ms)
✔ malformed remote records keep the guest dataset and durable approved discard plan (1.192375ms)
✔ pending materialization blocks lifecycle account deletion without losing the marker (0.51625ms)
✔ a durable adoption confirmation blocks a new learning commit (1.425417ms)
✔ unreadable mutation journal blocks discard before deleting guest data (0.678833ms)
✔ authenticated reset restores history without uploading tombstones and preserves local context (70.453791ms)
✔ authenticated reset rejects pending account context without changing state or calling the API (14.886833ms)
✔ canonical clean synced state remains eligible for the guarded reset (4.622083ms)
✔ authenticated reset exposes the remote-restore guard and keeps it after a fetch failure (21.228875ms)
✔ a failed remote restore retains the reset guard and account binding (5.955375ms)
✔ a failed local reset keeps the pre-reset marker and retries the same journal safely (19.6565ms)
✔ concurrent authenticated reset requests share one guarded operation (24.58225ms)
✔ reset guard blocks outbox synthesis for a canonical acknowledged record (0.708833ms)
✔ only confirmed offline to confirmed online is a reconnect (2.257209ms)
✔ recovery-code issuance preserves invalid credentials from reauthentication (14.1655ms)
✔ ordinary Firebase identity exchanges before /me and blocks its custom-token observer event (3.1095ms)
✔ a custom-token recovery session with an authorization generation bypasses exchange (0.406084ms)
▶ recovery requires its exact generation and never exchanges a missing or mismatched claim
  ✔ rejects generation null (0.916958ms)
  ✔ rejects generation 1 (0.219916ms)
  ✔ rejects generation 3 (0.192417ms)
✔ recovery requires its exact generation and never exchanges a missing or mismatched claim (2.098625ms)
✔ a generation change after exchange prevents token sign-in and /me (0.586959ms)
▶ custom-token exchange requires a valid authorization generation before /me
  ✔ rejects claim undefined (0.534875ms)
  ✔ rejects claim 0 (0.286625ms)
  ✔ rejects claim 1 (0.359792ms)
✔ custom-token exchange requires a valid authorization generation before /me (1.916125ms)
▶ recovery issue session restore requires a current explicit sign-in intent and matching UID
  ✔ before the user chooses sign-in (0.508459ms)
  ✔ after the pending intent expires (0.181792ms)
  ✔ after restart has lost the pending intent (0.153666ms)
  ✔ when Firebase is bound to another UID (0.167459ms)
✔ recovery issue session restore requires a current explicit sign-in intent and matching UID (1.658041ms)
▶ recovery issue session restore rejects a present mismatched or malformed generation before exchange
  ✔ present wrong generation (0.319084ms)
  ✔ malformed Firebase claim (0.311666ms)
✔ recovery issue session restore rejects a present mismatched or malformed generation before exchange (0.995541ms)
✔ a missing recovery generation restores only for current explicit intent, then checks the exact generation (0.399667ms)
✔ recovery intent expiring during exchange prevents observer release and Firebase sign-in (0.515625ms)
✔ a recovery sign-in returning another generation fails before ACK or /me (0.53175ms)
✔ account-bound Premium cache stays scoped away from a retained guest profile (16.520584ms)
✔ sign-out clears only the authenticated account Premium cache before closing its account profile (4.5065ms)
✔ sign-out clears the authenticated account cache from a retained adoption-pending guest profile (2.615625ms)
✔ sign-out preserves a foreign-account cache instead of deleting it (1.817125ms)
✔ unknown ownership and invalid cache records return localCleanupFailure without deleting data (3.131334ms)
✔ a profile switch invalidates cleanup against the previous captured scope (2.16175ms)
✔ sign-out returns stale and preserves a new active guest profile (2.389708ms)
✔ a cache remove failure stays explicit while sign-out still clears Auth (1.140292ms)
✔ an SDK failure remains signOutPending when owned-cache cleanup also fails (11.457208ms)
✔ guest transition lock admits one command and denies a concurrent command before side effects (1.857292ms)
✔ guest transition lock releases after both success and failure (3.310709ms)
✔ Home presents a non-blocking recover-plan notice with durable dismissal (2.470459ms)
✔ learning plan recovery uses capped exponential retry delays and an inclusive due boundary (4.165333ms)
✔ resumes a pending revoke, validates the replacement session, then clears the exact durable marker (4.735125ms)
✔ keeps the durable marker when the replacement token changes authorization generation (1.47075ms)
✔ never clears the durable marker after the session command becomes stale (0.479833ms)
✔ rejects a command that becomes stale while local completion is persisted (0.407583ms)
✔ same UID and generation join one pending-revocation batch (1.21475ms)
✔ a new generation waits, re-reads the marker, and retries only after the stale owner settles (47.090292ms)
✔ a different UID never consumes or completes the stale owner's marker (1.558583ms)
✔ a failed exact-operation replay retains its pending marker (0.64775ms)
✔ automatic session revocation keeps sign-in on loading and exposes pending recovery only on failure (2.188791ms)
✔ Premium refreshes run in request order and continue after a failed provider read (3.967709ms)
✔ confirmed offline admission consults only the account-bound cache (3.555792ms)
✔ online and unknown reachability require a fresh result and never fall back to cache (1.014709ms)
✔ restored Auth resolves /me before selecting and activating its exact account scope (4.880291ms)
✔ UID change while /me is pending prevents account selection and activation (1.507125ms)
✔ /me failure leaves prepared storage closed without selecting a profile (0.435ms)
✔ a malformed successful /me response cannot select or activate an account profile (58.162917ms)
✔ only a current restored account_not_found signs out persisted Auth (0.283291ms)
✔ provisional provider cancellation returns to sign-in only when its blocked UID owns the null Auth event (0.359333ms)
✔ delayed null after sign-out promise resolution consumes the still-owned provider cancellation (2.393541ms)
✔ replacement sign-in invalidates cancellation intent before a delayed stale null callback (0.240959ms)
✔ Auth loss locks the rendered account state before closing its profile scope (0.280541ms)
✔ local account sign-out verifies the durable block before locking, closing, and calling Firebase (0.671208ms)
✔ logout receipt validation requires the exact pending pair or completed receipt (0.242167ms)
✔ owned-cache cleanup failure is explicit after Firebase sign-out and never reports success (0.309583ms)
✔ Firebase failure remains signOutPending even when owned-cache cleanup fails (0.3115ms)
✔ failed local control write closes access and attempts Firebase sign-out but stays a failure (0.25625ms)
✔ SDK failure after an unverified control write remains signOutPending without cache cleanup (0.262875ms)
✔ retrying sign-out for the exact completed UID-operation receipt still clears local Auth (0.27225ms)
✔ a retained Auth retry rejects blocked receipts for a different UID or operation (0.423042ms)
✔ unverified local control read-back attempts Firebase sign-out only when no scoped marker is recoverable (0.2345ms)
✔ when a scoped operation is durable, control-write failure retains Auth for a recoverable retry (0.224792ms)
✔ restore locks only for a matching scoped logout marker missing from the control journal (0.259084ms)
✔ pending remote revoke blocks profile preparation only for its matching Auth UID (0.165458ms)
✔ authenticated scope checks and repairs incomplete logout before publishing profile preparation (0.407834ms)
✔ scope guard rechecks Auth generation after reading an absent marker (0.197125ms)
✔ a completed revoke receipt clears the scoped marker before profile startup continues (0.210917ms)
✔ failed completed-marker cleanup keeps the authenticated profile closed (0.234583ms)
✔ a UID switch while fallback control persistence is pending closes only the captured scope (0.329583ms)
✔ fallback setup failure never cleans cache from a blocked-only receipt (0.310958ms)
✔ stale sign-out completion closes its scope without publishing over the newer identity (0.250208ms)
✔ Firebase sign-out failure retains the matching block for manual retry (0.3805ms)
✔ Auth rejection remains pending until durable local sign-out reports success (0.241958ms)
✔ ambiguous saved Guest profiles are reported as a choice requirement (0.257167ms)
✔ guest preparation failure closes the scope and returns to signed-out login (0.173791ms)
✔ Guest selection keeps the signed-out account entry mounted when no scope is active (0.1115ms)
✔ restored Guest validates persisted access before selecting or activating its scope (0.262083ms)
✔ invalid restored Guest access stays closed (0.145459ms)
✔ fresh installation opens Guest only after explicit choice (0.169458ms)
✔ preparation gate opens registry metadata without activating or reading a profile (2.229458ms)
✔ logout-control corruption or storage failure fails closed with an explicit retry surface (0.308167ms)
✔ preferences remain on defaults until storage activation emits the ready event (0.340667ms)
✔ preparation failure is explicit, retryable, and counts only reserved lost-key retries (0.304458ms)
✔ key-loss recovery preserves delayed confirmed removal and requires preparation again afterward (0.284458ms)
✔ mapped provider identity exchanges, signs in with the returned session token, then finalizes (4.094541ms)
✔ unmapped provider identity remains provisional on the same UID without registration or finalization (0.638917ms)
▶ stale UID or generation rejects before exchange and after an async boundary
  ✔ UID changed before run (1.100667ms)
  ✔ generation changed while exchange is pending (0.489125ms)
✔ stale UID or generation rejects before exchange and after an async boundary (2.40125ms)
✔ duplicate concurrent classification shares one in-flight result (0.528542ms)
✔ issue result stays private through a deferred final identity read: exact (3.36125ms)
✔ issue result stays private through a deferred final identity read: different_uid (0.324208ms)
✔ issue result stays private through a deferred final identity read: different_generation (0.222959ms)
✔ issue result stays private through a deferred final identity read: signed_out (0.188875ms)
✔ issue result stays private through a deferred final identity read: read_failure (0.215959ms)
✔ issue result stays private through a deferred final identity read: stale_revision (0.186625ms)
✔ missing or unreadable initial identity cannot read a generation for a different account (0.284792ms)
✔ provider gates subscription and closes scoped access before releasing rejected issue results (1.151041ms)
✔ issue persists operation identity before POST and blocks profile preparation until saved ACK (8.898667ms)
✔ vault persistence failure prevents both issue and consume requests (1.343917ms)
✔ restored issue with an authenticated UID but missing generation remains blocked and hides codes (1.027833ms)
✔ defer requires a valid proven mismatch and retains a hidden issue after restart without remote effects (8.10575ms)
✔ durably deferred issue permits signed-out preparation without changing the retained operation (2.132834ms)
✔ signed-out preparation remains blocked before durable defer (0.452458ms)
✔ defer accepts a same-UID generation mismatch only after the live claim proves it (0.57425ms)
✔ old issue codes return only after an explicit resume on the original identity (0.76575ms)
✔ identity change during defer persistence keeps the marker but leaves profile preparation blocked (0.509834ms)
✔ deferred issue cannot be overwritten by new issue or consume and write failure retains the old record (2.629917ms)
✔ synchronous identity suspension redacts an in-flight status result and preserves durable codes (0.733709ms)
✔ identity swap during initial issue POST persists codes but never exposes or ACKs them (0.545708ms)
✔ consume persists code before POST, keeps custom token out of durable and visible state, then ACKs the matching SDK identity (4.966375ms)
✔ signed-in UID with a malformed generation is not treated as signed out for pending consume (0.56625ms)
✔ cold matching consume identity ACKs without another SDK sign-in (0.480125ms)
✔ signed-out restart first records server result, then explicit resume signs in and ACKs (0.752875ms)
✔ an issue provider retry reuses its saved operation ID rather than allocating a new one (0.420083ms)
✔ explicit replacement confirms delivery_unconfirmed, saves one backup before POST, and exposes only the durable new result (1.274ms)
✔ replacement vault write failure prevents POST and retains the old operation and codes (0.661541ms)
✔ lost replacement POST and exact missing-status response preserve both records and the same new ID (1.605792ms)
✔ explicit retry of a persisted replacement GETs first and reuses its saved ID (0.736791ms)
✔ generic retry, restart reconciliation, and unconfirmed start are status-only for pending replacements (0.901375ms)
✔ replacement refuses a malformed or cross-generation result and keeps the old backup durable (0.945458ms)
✔ authoritative delivery_unconfirmed ends the current replacement backup without allocating another ID (0.481583ms)
✔ a separate explicit confirmation after confirmed replacement expiry starts a new backed-up ID (0.912708ms)
✔ replacement status auth and service errors retain the old backup without POST (3.059292ms)
✔ confirmed ACK and superseded replacement statuses resolve the backup as terminal (0.767166ms)
✔ confirmed replacement expiry stays explicit and retains prior codes until separate confirmation (0.683583ms)
✔ storage recovery audit command exposes only the documented presentation fixtures in development smoke (1.968625ms)
✔ storage recovery audit command is unavailable outside development smoke (0.472625ms)
✔ storage recovery audit command rejects unrelated or expanded commands (0.318792ms)
✔ Activity read model keeps terminal history semantics and includes completed sessions without answers (119.42525ms)
✔ Activity read model surfaces a corrupt canonical result instead of presenting an empty history (2.072625ms)
✔ Activity read model treats repository issues as an explicit storage failure (0.840709ms)
✔ Activity read model reuses the caller's attempts read when supplied (1.128667ms)
✔ Activity full history keeps unavailable sessions as immutable summaries (24.724875ms)
✔ Activity read owner invalidates late focus reads and lets the newest retry win (2.735209ms)
✔ Activity read owner keeps current read failures explicit (3.573417ms)
✔ bootstrap surfaces unavailable active sessions before content preparation or resume (215.36275ms)
✔ bootstrap emits a bounded diagnostic for a content-stage failure (13.84ms)
✔ bootstrap reports the last canonical repository step for a repository failure (3.320208ms)
✔ AUD-02D feedback flows match canonical selected answers and conditional reinsert plan (6101.724417ms)
✔ a correct GCP simulation answer recorded before due time does not advance older review evidence at finalization (3323.178792ms)
▶ due-answer boundaries preserve the two-success rule and the exact-current-session guard
  ✔ before-counter-zero (187.929541ms)
  ✔ before-counter-one (165.71975ms)
  ✔ equal-counter-zero (178.076792ms)
  ✔ equal-counter-one (203.0355ms)
  ✔ after-counter-zero (158.226958ms)
  ✔ after-counter-one (95.453125ms)
  ✔ persistent exact-reference review from the same session remains unchanged (100.206125ms)
✔ due-answer boundaries preserve the two-success rule and the exact-current-session guard (1100.054875ms)
✔ journal replay applies one eligible due success exactly once after draft-cleanup interruption (122.2715ms)
✔ Coding weak-area review with explicit due_queue does not use a historical miss as fallback evidence (2801.093125ms)
✔ actual lifecycle persists only due current refs, shortens to available due content, and does not append miss fallback (1950.72925ms)
✔ actual lifecycle rejects empty due evidence with no session write and preserves the historical attempt (12.50175ms)
✔ explicit session_misses is unavailable before lifecycle persistence (1.409458ms)
✔ a single-source Design weak-area review keeps its existing due-only default without reviewSource (1.358958ms)
✔ single-source Certification weak-area review also keeps its due-only default without reviewSource (0.851083ms)
✔ due review selection rejects future and stale artifact/version/track references without fallback (1.918417ms)
✔ invalid review sources and refs are rejected on practice and simulation before selection (0.968417ms)
✔ actual lifecycle rejects review source on a simulation before any durable session write (1.19975ms)
✔ real loader prepares all 29 modes across nine tracks (1837.968208ms)
✔ real canonical questions submit and score all five interaction types (98.845167ms)
✔ actual Design runtime rejects a sparse ordering response before creating an outcome (7.4285ms)
✔ evidence permits one item and multi-source Coding review requires an explicit source (0.905792ms)
✔ coding review preserves identity and resolves after two due successes (6.409459ms)
✔ resume and query boundaries reject tampering, foreign attempts and old pins (23.87375ms)
✔ Claude Focus persists selectable feedback, scores single and multi-select, and finalizes complete evidence (205.001167ms)
✔ reinsert resolves exact branch after three durable intervening submissions and preserves ordinary branch on correct (46.685333ms)
✔ GCP simulation prepares the profile-weighted immutable 50-item plan and exact snapshot (57.703959ms)
✔ GCP simulation validates draft occurrence keys, completeness, flags, revision, and deadline (58.881959ms)
✔ GCP simulation finalization scores only complete responses and partitions all 50 occurrences (48.989458ms)
✔ Coding Mock consumes its exact ordered 40-question profile with foreground timer and shared draft runtime (21.022208ms)
✔ Design Interview Simulation uses each exact track profile, resumes durable stage text, and finalizes completeness only (5.193875ms)
✔ Design Interview Simulation timeout can finalize a partial draft without assigning semantic correctness (1.019083ms)
✔ ordinary sessions expand practiced coverage across coding, design and certification pools (1802.76075ms)
✔ selection ignores attempts outside its pool or exact content pin and handles exhaustion (5.964625ms)
✔ a never-attempted question stays uncovered even when its unit has attempt history (8.517167ms)
✔ single choice feedback exposes selected incorrect, omitted correct and remaining neutral (12.053375ms)
✔ multi choice feedback preserves every selected and correct combination (3.679167ms)
✔ choice feedback rejects a mismatched response contract (1.049875ms)
✔ authored choice messages follow selected incorrect and omitted correct stable IDs in authored order (0.91575ms)
✔ multiple choice messages include only selected wrong and omitted correct targets regardless of response order (1.1445ms)
✔ message projection preserves absent-message and non-choice behavior, and freezes provided empty results (0.275084ms)
✔ real GCP and Coding artifacts deliver exact selected-wrong authored messages (2215.847583ms)
MC_REACHABLE coding-interview-dsa-problem-solving completedRound=7
MC_REACHABLE claude-certified-architect-professional-certification completedRound=5
✔ actual GCP practice choice orders vary between session identities and survive durable resume unchanged (1352.047333ms)
✔ resume accepts a fingerprint-bound legal choice permutation without requiring regeneration (3.712042ms)
✔ all 16077 actual items preserve control membership, ID answers and non-choice order without exposing an answer to the ranker (9270.723541ms)
✔ all real 29 practice modes and canonical simulation profiles prepare valid frozen orders with unchanged question selection (355.892334ms)
✔ legacy source orders remain valid; malformed orders, stale pins and unstored permutation changes fail resume (23.210083ms)
✔ actual Coding conditional repeat retains the source prepared order after three durable intervening answers and rebind (220.3825ms)
✔ MC becomes reachable through completed canonical sessions and real persisted history without changing selection policy (3256.954125ms)
✔ actual Frontend Design ordering feedback follows missing adjacent relations across all legal permutations (1362.753125ms)
✔ ordering message projection is absent outside ordering or when authored messages are absent (0.316083ms)
✔ invalid ordering responses are rejected before authored diagnostics are inferred (1.067542ms)
✔ projects exact HTTPS sources in authored order without normalizing query or hash (5.4495ms)
✔ rejects non-HTTPS, malformed and missing sources without inventing a fallback (0.338792ms)
✔ opens the exact projected URL and reports success or failure explicitly (0.367458ms)
✔ rejects unsafe or malformed source URLs without calling the opener (0.52225ms)
✔ projects the exact URL from an accepted certification artifact without changing the artifact (10.927166ms)
✔ all 440 actual multiple-choice items reject every wrong-containing subset independently of oracle parity (1084.694625ms)
✔ actual practice runtime writes zero-point incorrect attempt/review, survives repository rebind and preserves authored feedback (154.757333ms)
✔ actual Coding Mock simulation finalization records wrong-containing response as incorrect zero, preserving other answers (12.918583ms)
✔ ODK-096 AWS Free focus selects unique 10/20/40 question plans from the current canonical node (2930.820417ms)
✔ ODK-096 AWS evidence-conditioned review truthfully shortens to due evidence and fails closed without it (3969.545042ms)
✔ ODK-097 Design Tradeoff sessions use the exact free node and unique 10/20/40 items (727.324666ms)
✔ ODK-097 Design Review is due-only, truthfully shortens, and fails closed without eligible evidence (34.641167ms)
✔ ODK-097 Review evidence rejects stale, wrong-artifact, and cross-track entries (0.829042ms)
✔ ODK-097 Coding due entries remain identity-scoped without consuming historical misses (2.957375ms)
✔ Certification Exam Simulation authorizes before preparation resolution and starts durably only when allowed (1306.378417ms)
✔ completed exam review projects answered and unanswered items across the complete fixed plan (1914.866208ms)
✔ fully unanswered completed exam projects all 50 items without creating attempts (19.935417ms)
✔ exam result rejects tampered partition, attempt scores, and profile evidence (126.274292ms)
✔ active Certification projection strips answers, explanations and feedback structurally (4.572333ms)
✔ deferred feedback remains absent after durable submit while immediate feedback is unchanged (0.982ms)
✔ immediate Certification feedback returns only authored messages for selected incorrect IDs (0.430541ms)
✔ completed review evidence fails closed when durable outcome aggregates are missing or inconsistent (0.597084ms)
✔ completed practice projector preserves the canonical five-state answer matrix (1221.585709ms)
✔ practice review rejects altered identity, coverage, attempts, score, and resolution (8.899167ms)
✔ Certification route preserves domains and sends an exact Premium node through facade to Gate A before mutation (2308.3925ms)
✔ coding facade converts every supported UI response into the canonical response union (5.21125ms)
✔ completed Coding practice is readable and review uses the same completed projection (2142.777666ms)
✔ completed conditional-reinsert practice projects the final replaced occurrence order (1362.500375ms)
✔ abandoned Coding summary keeps its separate existing projection and performs no read writes (84.213583ms)
✔ completed Mock result stays pending until exact saved content validation finishes (346.293959ms)
✔ completed result rejects a source-session attempt outside the saved occurrence plan (426.687666ms)
✔ completed result rejects a removed attempt and a scorer/result mismatch (412.788083ms)
✔ completed result rejects a mismatched family, completion time, or answer coverage (340.408167ms)
✔ completed result rejects attempts with a different mode or resolved item (321.267583ms)
✔ completed result rejects duplicate attempts, invalid responses, and stale artifact references (353.074125ms)
✔ completed result rejects persisted counts and points that disagree with committed attempts (283.237042ms)
✔ completed result ignores valid attempts belonging to an unrelated session (299.491875ms)
✔ startAlgorithmsSession adapts feedback timing on the actual lifecycle request (2.474292ms)
✔ Coding Mock flags persist in the active draft and reappear after lifecycle resume (2721.151333ms)
✔ Coding Mock persists a response, finalizes, and reads all 40 completed review rows (181.023ms)
✔ Coding immediate practice feedback survives durable submit and lifecycle rebind (58.845459ms)
✔ resolves an exact canonical artifact by track, content version, and SHA (1461.394458ms)
✔ resolves only the question identified by a canonical ResolvedContentRef (4.067208ms)
✔ prepares Certification Exam Simulation from the exact canonical artifact profile (107.455459ms)
✔ prepares Coding Mock from the exact canonical artifact profile and ordered 40-question pool (19.760292ms)
✔ all three actual Design pools deliver exact authored wrong-option feedback after durable submit and rebind (3487.43925ms)
✔ Design choice diagnostics stay hidden for a failed journal write and committed-only response (43.186333ms)
✔ manual Design Simulation completion requires every non-empty stage (1.983833ms)
✔ home snapshot resolves canonical track metadata (1208.780125ms)
▶ actual Home command rejects profile changes after Activity reads and before publication, including A/B/A
  ✔ same profile publishes actual persisted answers (261.153625ms)
  ✔ same-profile attempt committed after parallel reads rejects stale HomeShell publication (127.734166ms)
  ✔ same-profile attempt committed after the final dashboard await rejects publication (58.473083ms)
  ✔ A→B after Activity read rejects publication (23.470875ms)
  ✔ A→B→A after Activity read rejects publication (23.183958ms)
  ✔ active transition at entry prevents reads and publication (22.523875ms)
  ✔ transition starts during the last read and prevents publication (32.549792ms)
✔ actual Home command rejects profile changes after Activity reads and before publication, including A/B/A (1954.1835ms)
✔ Home fence rejects persisted goal and accepted-plan changes (46.98ms)
✔ Home fence rejects persisted review and attempt additions (3.786125ms)
✔ Home fence rejects terminal, active, and result-only session evidence writes (5.998333ms)
✔ Home fence observes selected-track changes, including from a null-track snapshot (0.765875ms)
✔ Home fence preserves onboarding fallback and ignores unrelated reminder settings (2.385625ms)
✔ Home fence fails closed for active journals and corrupt canonical session indexes (11.800667ms)
✔ actual artifact→repository→Home presenter includes local Monday before UTC Monday and excludes future answers (1559.496709ms)
✔ all nine canonical tracks use the same activity count without turning it into completion (1084.653084ms)
✔ active exclusion, ended-early history and old package facts remain distinct from completed sessions (6.550083ms)
✔ civil Monday boundaries agree in Warsaw/Los Angeles and across both DST transitions (5.901084ms)
✔ same question new attempts count separately, identical IDs once, conflicting IDs unavailable (1.533166ms)
✔ invalid relevant record/context never becomes empty activity; repository corruption still throws (6.907208ms)
✔ weekly text and accessibility label share real translated plural values in seven locales (35.06725ms)
✔ actual memory profile router separates A/B history and reconstructs A after storage reopening offline (33.15375ms)
✔ removed simulation response path is unavailable (1314.861042ms)
✔ A before journal persistence leaves no durable outcome (107.640459ms)
✔ B after journal persistence recovers complete (36.457042ms)
✔ C after attempt write does not duplicate (8.953959ms)
✔ D after review writes no duplicate evidence (10.355292ms)
✔ E after session no twice advance (7.839875ms)
✔ F all writes before verification (8.280375ms)
✔ G verification before clear safely replays (11.858125ms)
✔ resolved review deletion is physical and safely replays after force-close (13.830459ms)
✔ resolved review deletion recovers when its index update fails (13.849125ms)
✔ manual review removal recovers after index switch but before physical deletion (30.9705ms)
✔ session abandonment persists abandoned session before clearing active pointer (105.587208ms)
✔ session abandonment replay is idempotent (13.363917ms)
✔ abandonment recovers identically after every durable write boundary (42.754834ms)
✔ abandonment does not navigate before durability (1.923417ms)
✔ local answer commit defers snapshot and outbox construction until account synchronization (64.96075ms)
✔ failed pending-sync write retains the verified journal and recovers without duplicating the answer (17.089625ms)
✔ clear local history is one journaled learning-state mutation (30.118667ms)
✔ clear local history copy covers progress and review data (0.649708ms)
✔ clear local history preserves the one guest installation and local dataset identity (8.147625ms)
✔ reset recovers a pending command before deleting its fully materialized learning state (14.943708ms)
✔ reset failure remains explicit and recovery is identical after every deletion boundary (56.990792ms)
✔ journal durability precedes idempotent materialization and recovery (45.849ms)
✔ journal phase advances only one immutable step at a time (6.978084ms)
✔ journaled command rejects a conflicting pending command (16.341417ms)
✔ journal has a versioned SHA-256 command identity and rejects stale expected revisions (3.464208ms)
✔ journal construction rejects writes that cross exact resolved artifact identities (0.675875ms)
✔ practice submission recovers identically after every durable write boundary (129.243291ms)
✔ concurrent conflicting journal persists use one CAS winner and ownership-checked clear (5.915041ms)
✔ materializes one attempt (21.951875ms)
✔ materializes one review entry (6.193167ms)
✔ rejects an unsupported write kind instead of silently materializing it (2.79525ms)
✔ materializes one session (5.528541ms)
✔ clears active session pointer (1.726209ms)
✔ materializes a complete training outcome in canonical order (3.744625ms)
✔ replays a fully materialized journal without duplicate effects (5.090166ms)
✔ resumes after only attempt write completed (3.557333ms)
✔ resumes after attempt and review writes completed (3.851333ms)
✔ resumes after session write completed (4.203541ms)
✔ rejects conflicting immutable attempt (4.532333ms)
✔ rejects conflicting session record (2.348292ms)
✔ rejects conflicting review record (1.648666ms)
✔ preserves active journal after write failure (14.909875ms)
✔ does nothing when no journal exists (2.816042ms)
✔ recovers a journal before any writes (43.464292ms)
✔ recovers partially materialized (18.620375ms)
✔ fully materialized unverified (58.107791ms)
✔ verified journal whose clear failed (10.4245ms)
✔ accepts ident immutable attempt (8.238916ms)
✔ rejects conflicting immutable attempt (12.28825ms)
✔ rejects conflicting active journal (28.579334ms)
✔ blocks corrupt journal (2.701542ms)
✔ blocks journal read failure (0.754833ms)
✔ preserves journal after materialization failure (12.056583ms)
✔ preserves journal after verification failure (4.279125ms)
✔ preserves journal after journal clear failure (9.85ms)
✔ rejects a semantically malformed persisted journal and retains it (2.5025ms)
✔ rejects an unknown persisted write and retains its journal (4.650333ms)
✔ rejects an old persisted journal without an exact artifact SHA-256 (1.259458ms)
✔ rejects incomplete operation plans before persistence (5.882333ms)
✔ rejects duplicate write targets before persistence (3.260625ms)
✔ rejects destructive writes that do not belong to the operation (22.821ms)
✔ rejects attempts and reviews that conflict with the durable session plan (3.103667ms)
✔ rejects an immediate submit for a planned but non-current occurrence (1.148875ms)
✔ rejects contradictory review actions and duplicate terminal item outcomes (1.572708ms)
✔ accepts a review update that retains its original durable source identity (1.991834ms)
✔ rejects a fabricated historical source on a nonexistent review identity (1.094666ms)
✔ rejects an explicit review update when its durable identity does not exist (2.329ms)
✔ rejects a persisted plan with a corrupt fingerprint and retains it (1.876709ms)
✔ idempotent repeated recovery (6.811958ms)
✔ does not require remote content (17.867917ms)
✔ does not recalc scoring (10.330375ms)
✔ does not generate IDs (22.432333ms)
✔ verifies a complete materialized mutation (67.577958ms)
✔ rejects missing attempt (2.319667ms)
✔ rejects conflicting attempt (4.757208ms)
✔ rejects missing review entry (1.366125ms)
✔ rejects conflicting review entry (6.759792ms)
✔ rejects missing session (1.288ms)
✔ rejects conflicting session (1.511875ms)
✔ rejects active session pointer that should be cleared (1.189583ms)
✔ propagates storage read failure (0.928916ms)
✔ preserves active journal after verification failure (9.322542ms)
✔ an occurrence-keyed draft persists, edits, and resumes without learning side effects (11.58575ms)
✔ draft persistence rejects unknown occurrences and mismatched session scope (1.288084ms)
✔ immediate-feedback sessions cannot persist draft responses (0.70625ms)
✔ clear local history removes the resumable draft (18.026083ms)
✔ Algorithms finalization commits exactly answered occurrences and deletes the matching draft (45.973167ms)
✔ Algorithms finalization rejects attempts that do not correspond exactly to answered draft occurrences (12.5745ms)
✔ Algorithms finalization rejects a stale cleanup draft before journal persistence or outcome writes (3.39875ms)
✔ force-close replay completes an Algorithms finalization idempotently at the draft-delete boundary (25.782125ms)
✔ duplicate content occurrences keep distinct attempts and consolidate review to the latest planned transition (14.429167ms)
✔ finalization can resolve a review through an exact transition attempt (15.531709ms)
✔ journaled transition delete rejects a same-id review conflict before outcome writes and replays exact or absent identity (50.23875ms)
✔ Algorithms finalization recovers idempotently across every canonical write boundary (97.210583ms)
✔ persisted finalization journal preflights a stale durable draft before replaying any outcome write (6.437417ms)
✔ draft saves are locked as soon as a finalization journal is pending (5.257167ms)
✔ a draft save started before journal persistence rechecks immediately before writing (5.481667ms)
✔ actual canonical proposal plus repositories: attempts arriving after async resolve cannot persist (1443.095ms)
✔ calendar changing during plan construction is checked immediately before CAS (26.804292ms)
✔ accepted-plan replacement after proposal creation cannot be overwritten (15.862667ms)
✔ evidence and calendar changes invalidate a proposal editor without writing (11.061209ms)
✔ same-scope uncertain accept acknowledges exact durable command even with active journal, without another write (15.818542ms)
✔ same-scope uncertain editor acknowledgement does not re-run the write or proposal freshness (10.990375ms)
✔ uncertain accepted result and editors do not leak into a replacement storage scope (10.4105ms)
✔ actual profile router A/B/A republishes a new lease; old editor, in-flight and terminal result remain stale (23.99025ms)
✔ replay of a terminal acceptance after a later edit cannot reconcile old reminders (10.080166ms)
▶ goal changes after uncertain durable writes cannot acknowledge a stale pair or reconcile reminders
  ✔ accept (6.202708ms)
  ✔ editor (11.478875ms)
✔ goal changes after uncertain durable writes cannot acknowledge a stale pair or reconcile reminders (18.664292ms)
✔ uncertain editor retry rechecks goal synchronously after its async read (8.3915ms)
✔ proposal editor preserves retained slot IDs, drops removed IDs, sorts days, and saves revision one (61.113833ms)
✔ accepted plan edit explicitly reads a snapshot, increments plan revision, and stale sessions do not commit (3.543834ms)
✔ direct accept and proposal editor share plan CAS and retry after idempotent success (1.266667ms)
✔ parallel proposal acceptance shares one promise and one durable save (1.152333ms)
✔ parallel acceptance for one proposal across tracks never shares the in-flight success (3.882584ms)
✔ accepted result cache is scoped by proposal and track identity (2.890334ms)
✔ pending acceptance retry is scoped by proposal and track identity (2.112709ms)
✔ storage uncertainty keeps the editor session and retries through durable command reconciliation (7.495416ms)
✔ accepted-plan retry reconciles its durable command before checking refreshed content context (2.140291ms)
✔ a replacement proposal keeps plan identity and increments plan revision (1.772917ms)
✔ a target-date replacement remains explicit and atomically updates the accepted plan identity (8.447333ms)
✔ accepted plan freshness checks content version, artifact SHA, and timezone (1.299167ms)
✔ proposal creation rejects a local-day change during package resolution (1336.72325ms)
✔ proposal resolution rejects a timezone change during package resolution (16.395375ms)
✔ unchanged persisted GCP inputs stay ready through the synchronous commit guard (7.693583ms)
✔ a newly persisted exact-package attempt stales the proposal; immutable replay adds no evidence (11.900042ms)
✔ a persisted review becoming due within the same local day stales its proposal (21.444417ms)
✔ a persisted goal revision change stales its proposal (7.151166ms)
▶ corrupt, dangling, and journaled evidence reads are errors, never empty histories
  ✔ corrupt-index (0.765667ms)
  ✔ dangling-attempt (0.434291ms)
  ✔ active-journal (6.911333ms)
✔ corrupt, dangling, and journaled evidence reads are errors, never empty histories (9.201375ms)
✔ storage profile replacement during package resolution stales creation (0.957125ms)
✔ an injected canonical-package artifact change stales the synchronous guard (6.085667ms)
✔ exact duplicate evidence preserves order and conflicting duplicate IDs fail closed (21.724792ms)
✔ a repository read failure after package await remains retryable (1.270708ms)
✔ plan accept saves first and returns the synced reminder outcome (2.932584ms)
✔ a saved plan remains successful with a durable pending reminder result (0.487584ms)
✔ a terminal cleared reminder outcome is not relabeled as pending (0.257917ms)
✔ stale acceptance and failed evidence do not reconcile local reminders (0.8465ms)
✔ actual canonical producer preserves a versioned completion rule in the hashed artifact (1482.409417ms)
✔ Home rejects a goal change during exact package resolution instead of publishing an old generation (1301.480583ms)
✔ real producer → verified canonical runtime → persisted evidence → Home and proposal use the same rule (3712.928917ms)
▶ Progress consumes actual shared evidence without claiming completion from minimum attempt volume
  ✔ targeted (1417.983459ms)
  ✔ learn_at_own_pace (971.419541ms)
✔ Progress consumes actual shared evidence without claiming completion from minimum attempt volume (5381.60125ms)
✔ shared evidence is package-wide across plan revisions, exact by artifact, deduplicated, and partial is not correct (3775.322208ms)
✔ absent actual policies stay unknown in both actual Home and proposal for all nine current tracks (2462.6325ms)
✔ actual Home none and Progress unavailable preserve honest status, actions and retry semantics (260.225958ms)
✔ producer and actual consumer reject the same malformed v1 rule vectors and hash binds a valid rule (1740.609666ms)
✔ Home rejects evidence changes and journal failure inside exact resolution (4897.774458ms)
✔ matching-package phantom question IDs fail instead of contributing fabricated progress (8005.698541ms)
✔ actual profile router A/B/A rejects old Home snapshot even when account A learning data is unchanged (5824.00825ms)
✔ actual persisted reviews share exact qualification and due cutoff; phantom matching review fails closed (5524.586625ms)
✔ future exact-package evidence cannot complete proposal while Home rejects the same facts (4349.216959ms)
ℹ {"home":"unavailable","reason":"calculation_error","proposal":"generator_error"}
✔ captured instant rejects same-day future answers by one millisecond without silently dropping them (4886.1455ms)
✔ past and exactly captured answers remain eligible despite later materialization, duplicates and historical future evidence (3656.405208ms)
✔ absent production rule does not hide future exact-package facts as unknown (36.192417ms)
✔ clock rollback blocks real proposal resolve and acceptance before goal-plan CAS or reminders (3837.020292ms)
✔ current producer rebuild preserves all nine rule-free artifact bytes and exact app lock (6209.916709ms)
✔ P05 persisted 25 attempts / 5 correct in latest 10 cannot predict completion today (1255.558542ms)
✔ P05 evaluator result cannot become an achievable target merely because volume is met (19.311708ms)
✔ P05 evaluator, proposal copy and canonical guidance presentation agree in all seven locales (73.4055ms)
✔ missing actual rule stays unknown before quality guard even when there are many persisted attempts (11.127084ms)
✔ minimum exactly met still needs quality, while own pace and shortfall keep their target semantics (14.331542ms)
✔ current completed window permits zero-work; later incorrect durable attempts restore the quality limit (46.247ms)
✔ applies no-goal, paused-goal, no-plan and freshness precedence (45.754167ms)
✔ maps plan paused, completed, overdue boundaries and open-ended targets (5.946083ms)
✔ maps capacity, typed forecast status and all unavailable reasons without recomputing (5.219958ms)
✔ requires full forecast identity and maps malformed foreign forecasts to calculation_error (1.621ms)
✔ returns frozen, typed presentation values and ignores immutable fact arrays (0.793041ms)
✔ maps every guidance state, reason, message key, action and fact variant (67.845209ms)
✔ accepts canonical overdue guidance with an unavailable forecast (1.836375ms)
✔ covers no-target text facts for paused and completed states (1.281125ms)
✔ uses native English and Polish plural categories for pace facts (7.093583ms)
✔ formats civil dates in the supplied timezone without UTC day drift (16.687917ms)
✔ rejects invalid locale, timezone, date and unknown runtime variants explicitly (3.259667ms)
✔ rejects a secondary action outside its two allowed states and inconsistent missing secondary (0.7545ms)
✔ fails closed for missing translations and unresolved placeholders (2.666084ms)
✔ fails closed when the selected English or Polish plural suffix is missing (1.268792ms)
✔ does not mutate guidance input and keeps the presentation deeply immutable (2.442125ms)
✔ keeps locale resource keys flat and exactly in parity (1.453708ms)
✔ explicit enable materializes only the exact accepted plan slots and full identity (53.636833ms)
✔ reconcile never requests permission and returns permission_denied as pending (1.783917ms)
✔ explicit enable is the only path that requests permission and persists a denied retry (1.591042ms)
✔ disable cancels every native reminder before persisting disabled state and fails closed on cancellation errors (8.871792ms)
✔ permission pending retains existing native IDs for a later retry (7.395542ms)
✔ timezone mismatch clears durable and native schedules without publishing (0.851667ms)
✔ source absence and terminal plan states are separate closed outcomes (1.490917ms)
✔ a paused goal is a separate closed outcome and clears native schedules (0.517792ms)
✔ an expected identity from another active track stays pending and is persisted for retry (3.860625ms)
✔ full source identity mismatch is fail-closed before scheduling (0.795416ms)
✔ legacy cancellation-only journal is cancelled before the current plan is scheduled (6.833375ms)
✔ journal-created slots are trusted only when the discovered native identity and day match (4.0415ms)
✔ post-read plan change is concurrent_change and leaves a retryable journal (3.094208ms)
✔ post-read device timezone change is concurrent_change and does not publish (4.301125ms)
✔ scheduler failure is pending and never reports synced (2.302625ms)
✔ serialized duplicate enables schedule each accepted slot only once (3.867458ms)
✔ retry resumes a durable journal after scheduler failure (11.21625ms)
✔ retry reuses a native schedule when journal persistence failed after scheduling (6.70075ms)
✔ a newer accepted plan replaces schedules and cancels the previous native IDs (6.883334ms)
✔ corrupt durable journal becomes scheduler_failure instead of publishing (1.132208ms)
✔ selecting a track persists locally and marks a synced account pending (5.885375ms)
✔ selecting a track on a guest installation persists locally without account sync (0.662125ms)
✔ track selection waits for earlier account materialization and remains the final local choice (21.0695ms)
✔ active track read waits for materialization and returns its settled state without side effects (17.924417ms)
✔ operational diagnostics classify failures without exposing raw details (10.774375ms)
✔ bootstrap observers receive only the canonical bounded event (2.223209ms)
✔ a throwing diagnostic observer cannot alter the operation (0.462459ms)
✔ explicit practice routes skip the stored-track read and do not load reviews for roadmap/setup (744.844708ms)
✔ Hub review evidence is limited to due entries for the active track and exact artifact (0.82425ms)
✔ a missing stored track stays an explicit empty selection (0.366875ms)
✔ practice read surfaces storage issues instead of treating a partial read as empty (1.128833ms)
✔ release offer map is empty and the local smoke offer is explicit and isolated (2.54525ms)
✔ exact installed offer composes app-owned mode in the shared runtime without entering Free discovery (1460.0185ms)
✔ review view keeps unavailable entries separate and never makes them due (3.928542ms)
✔ stored unavailable reviews are readable without resolving content metadata (3.587666ms)
✔ foreground timer checkpoints monotonic segments with an explicit drift bound and never counts closed-app wall time (15.522625ms)
✔ foreground timer rejects stale checkpoints and retains the previous durable checkpoint (2.262208ms)
✔ foreground enter and leave checkpoint authoritative time outside the UI (16.698416ms)
✔ Coding Mock audit advancement checkpoints the monotonic foreground countdown before canonical expiry finalization (8.726333ms)
✔ Coding Mock audit advancement requires its exact foreground session owner (3.088292ms)
✔ ordinary practice publishes a live elapsed timer without a countdown (3.51625ms)
✔ one family-neutral timer initializes and restores ordinary Certification foreground time (3.182541ms)
✔ absolute-deadline Certification Exam remains outside the foreground timer owner (0.759625ms)
✔ absolute-deadline draft save commits before expiry without creating a foreground timer (3.63875ms)
✔ absolute-deadline draft save finalizes and blocks the commit at and after expiry (1.011084ms)
✔ a durable foreground timer from another family is rejected instead of reused (1.301792ms)
✔ AppState foreground transitions and force-close recovery never count background or closed-app time (2.006ms)
✔ periodic checkpoint publishes a live projection refresh (1.327375ms)
✔ local reset barrier waits for an in-flight checkpoint before durable clear and blocks late callbacks (1.665291ms)
✔ local reset barrier is single-flight and rejects timer commands until durable reset settles (0.849709ms)
✔ failed durable reset releases only cleared runtime state and permits exact durable restore (0.839125ms)
✔ reset followed by a new session cannot observe or recreate the prior persisted timer (1.511583ms)
✔ controlled timer refreshes consecutive visible labels without a durable write each second (1.060625ms)
✔ periodic checkpoint uses the declared durable interval with an exact write count (1.279875ms)
✔ force-close immediately before and after the checkpoint boundary resumes within the declared drift (1.490583ms)
✔ expiry clamps to zero, checkpoints first, and finalizes exactly once (0.938041ms)
✔ a response-save checkpoint that crosses countdown expiry finalizes before any draft save can follow (0.998708ms)
✔ manual and expiry use the same injected finalization operation (1.266041ms)
✔ manual finalization checkpoints the active foreground segment before it freezes the result (0.713833ms)
✔ practice completion checkpoint freezes the captured tick until verified release (2.836875ms)
✔ a completed timer checkpoint is not released before completion is verified (2.048292ms)
✔ concurrent Finish handoffs share one timer checkpoint and one completion result (1.281292ms)
✔ missing persisted timer on resume is a typed application recovery failure (0.406666ms)
✔ resume repairs a durable timer checkpoint that precedes the session aggregate (1.710666ms)
✔ repeated resume of a repaired timer does not write another session checkpoint (1.114708ms)
✔ resume rejects a durable timer checkpoint that is behind the session aggregate (2.43525ms)
✔ a failed durable timer repair remains a blocking recovery error (0.998625ms)
✔ Coding Mock countdown audit command is exact and requires a development smoke runtime (2.650084ms)
✔ production and malformed countdown commands never reach the timer owner (0.475334ms)
✔ an exact development smoke command delegates countdown advancement to the foreground timer owner (0.330333ms)
✔ injected audit clock drives normal scheduling and both due retention outcomes without storage mutation (6.064458ms)
✔ injected audit clock rejects an advance outside the ISO date range without changing its offset (0.699041ms)
✔ passive runtime selectors are attached to visible content rather than containers with interactive descendants (2.805875ms)
✔ active-session resume uses the single recommendation card and a separate continue control (1.063708ms)
✔ Home uses the approved compact presentation without changing recommendation ownership (1.590791ms)
✔ progress, simulation, and simulation summary selectors use canonical identities (7.288125ms)
✔ configuration snapshot is validated, frozen, and preserved for deterministic resume (7.044625ms)
✔ resume rejects a different mode or durable item and option plan (0.837125ms)
✔ content validation rejects missing, duplicate, and unknown durable option IDs (0.840625ms)
✔ durable progress hydrates prior attempts and the answered current item in plan order (1.678208ms)
✔ duplicate exact content items are distinct through immutable occurrence identities (0.7445ms)
✔ foreground accumulation persists only the supplied active interval (0.411291ms)
✔ start failure rejects without exposing a session (0.336917ms)
✔ a new session is not returned before its durable write resolves (0.374625ms)
✔ advance failure rejects and cannot expose the next position (0.56775ms)
✔ runtime-audit parser recognizes only documented reset and clock-advance commands (3.275875ms)
✔ unsupported and malformed runtime-audit URLs do not invoke reset (1.438542ms)
✔ runtime-audit reset is unavailable in production and reaches only the lifecycle facade in development (0.645ms)
✔ development reset still restores a clean baseline when an interrupted journal cannot recover (1.991458ms)
✔ new training sessions have one application entry and no prepare-only bypass (183.922666ms)
✔ Premium package download has one account-owned application entry (103.568625ms)
✔ Free and unavailable Coding Mock access fail before package resolution, preparation, or mutation (1406.904083ms)
✔ Premium Coding Mock starts the exact 40-item product mode and immutable profile identity (1.831292ms)
✔ Coding Mock resume, draft save, and finalization each authorize once before one exact resolution (5.303542ms)
✔ expired Coding Mock draft-save boundary aborts before package resolution or draft persistence (1.019042ms)
✔ active Coding Mock reauthorizes before exact resolution and resume validation (0.928833ms)
✔ all three Design simulations require Premium before create and resume, then prepare exact profile identity (4.671291ms)
✔ every Design mode denies before package resolution, preparation, and session mutation (1.658667ms)
✔ only declared Premium simulation product modes bypass node-based admission (1.134708ms)
✔ Free node starts without consulting Premium admission (1425.047625ms)
✔ Premium plans require admission before durable session start (19.917208ms)
✔ a Free-first mixed plan checks every item before durable start (2.296292ms)
✔ training lifecycle resolves canonical runtime (1396.010959ms)
✔ Progress week counts durable completed sessions, not distinct answers or earlier sessions (1871.314167ms)
✔ A durable completed session without answers remains one completed session (6.36825ms)
✔ all nine tracks and all three Progress branches use the same durable weekly session facts (1174.74925ms)
✔ active answers, abandoned activity, prior-week and future sessions never become completed this week (18.5665ms)
✔ Monday is a civil boundary in the supplied zone, independent of elapsed DST hours (4.013292ms)
✔ history remains activity across valid content versions, and duplicate session IDs count once or fail conflict (3.013833ms)
✔ invalid calendar facts stay explicitly unavailable, and corrupt repository data is never zero activity (7.864417ms)
✔ weekly title plural forms are rendered by the actual translator in all seven locales (29.178542ms)
✔ Activity read cannot publish account A sessions after an actual profile router switch to B (43.713208ms)
✔ Metro transforms SVG sources into React Native components (2.094583ms)
✔ Metro keeps defaults and blocks only absolute local profile dotenv files (18.7195ms)
✔ Patternly mark SVG family stays deterministic and raster-free (4.224542ms)
✔ launcher source and generated assets are present (1.88775ms)
✔ Expo points to the canonical Patternly launcher assets (5.211291ms)
✔ route ambient layer is the default shared background for every Screen (3.852917ms)
✔ ambient keeps randomized routes and signals without rectangular glow layers (1.607041ms)
✔ a release at 2999ms cancels and never confirms (4.004708ms)
✔ a release at exactly 3000ms confirms once (0.377ms)
✔ one controller instance survives setup cleanup setup and can confirm after reactivation (0.362583ms)
✔ a stale RAF from a deactivated setup cannot update the reactivated gesture (0.547666ms)
✔ the controller cannot be configured with a threshold below 3000ms (0.363125ms)
✔ time passing and RAF readiness never confirm before release (0.37175ms)
✔ a backward clock reading cancels the gesture fail-closed (0.279459ms)
✔ a non-finite clock reading cancels the gesture fail-closed (0.443708ms)
✔ repeated releases cannot duplicate a completed gesture (0.290583ms)
✔ moving outside the measured bounds cancels the gesture (0.418333ms)
✔ background termination and disabled changes cancel without confirming (0.355125ms)
✔ disabling immediately before release rejects the current gesture (0.260833ms)
✔ release is rejected while the controller is inactive (0.184209ms)
✔ destroying the controller cancels a held gesture and ignores later input (0.188917ms)
✔ a new gesture starts from zero after an early release and progress is clamped (0.273416ms)
✔ reset cancels a scheduled RAF and does not invoke the completion callback (0.229667ms)
✔ the component wires native responder cancellation and a simple full-surface progress fill (1.294875ms)
✔ destructive text layers meet their contrast thresholds (0.669292ms)
✔ navigation context owns the approved 16/22/600 semantic token (2.046792ms)
✔ shared and goal headers preserve long context at 200 percent text (2.882334ms)
✔ back controls keep a 44 point target while context can reflow (0.611583ms)
✔ approved exceptions remain local and tab typography stays out of scope (1.67525ms)
✔ goal error keeps the same accessible navigation context as loading and ready states (0.54175ms)
✔ shared visual effects have one theme-token owner (63.983917ms)
✔ screens and components resolve colors exclusively through the active theme (33.303917ms)
✔ all branded navigation headers use the one AppShellHeader path (59.513959ms)
✔ answer review pending uses the shared review shell anatomy without fabricated values (0.765ms)
✔ route coverage has one native or inline shell owner and preserves active-session specialization (4.027084ms)
✔ the headerless practice route owns every Algorithms and Certification render branch (3.041334ms)
✔ the shared header owns accessible back geometry and long-copy reflow without navigation fallback (4.558208ms)
✔ Screen and SessionShell remain the only general and active-session page owners (64.028042ms)
✔ representative Home, Settings, setup, session, and result routes keep canonical ownership (7.795666ms)
✔ Progress follows the current Figma section copy and 200% text contract (1.376917ms)
✔ Activity rows preserve the variable-height Figma copy at large text (0.540708ms)
✔ simulation review remains explicitly unavailable (0.3175ms)
✔ answer review keeps its explicit unavailable state (0.345ms)
✔ simulation active shell uses the Figma question and action-footer variant (1.268667ms)
✔ Practice setup keeps one canonical back action and recovery copy names learner-visible consequences (5.589875ms)
✔ lost-key recovery uses the typed failure code and the canonical hold-to-remove operation (2.159125ms)
✔ lost-key recovery keeps removal, success, error, and bootstrap transitions explicit (0.871583ms)
✔ manual lost-key retries are process-local and automatic bootstrap does not spend the limit (0.480375ms)
✔ recovery surface centers recovery states and gives success its own concise layout (1.328292ms)
✔ unavailable active content is a typed gate with explicit abandon and retry paths (0.330458ms)
✔ bootstrap diagnostics are wired only through the development branch as one structural observer (0.880833ms)
✔ the recovery presentation fixture is development-smoke only and never calls storage operations (0.403792ms)
✔ session fingerprint uses canonical artifact and occurrence identity (3.357209ms)
✔ counts only settled failed manual attempts and hides retry after five failures (1.691625ms)
✔ success closes the recovery episode and re-enables retries (0.311333ms)
✔ background and rerender do not reset the process-local episode state (1.973ms)
✔ node package scope is null during transition without reading the stale selected profile (1.532375ms)
✔ Premium package errors have distinct localized-copy keys and actionable recovery policy (4.0185ms)
✔ profile completion settles before lifecycle composition and resume authorization (4.341875ms)
✔ application bootstrap wires account completion ahead of lifecycle composition (1.28725ms)
✔ recovery locale uses the first device language and supports Polish regional tags (1.691666ms)
✔ recovery locale fails to English for unsupported or malformed native values (2.31775ms)
✔ BESD14 exact two-unit payloads and preserved items match sources with retired identities absent (1294.6225ms)
✔ BESD14 real pre-answer view models expose authored facts and controls without feedback or answer fields (8.357584ms)
✔ BESD14 fixed-ID scoring and authored Reason, Details and diagnostics survive every option and reversed order (3.60225ms)
✔ BIZQ-01 bundled loader and pre-submit projection preserve the corrected source contract (1312.369084ms)
✔ BIZQ-01 replaced identities from an old package do not enter current due retrieval (1.412709ms)
✔ current canonical bundle carries the exact reviewed source while pre-submit hides authored feedback (740.32875ms)
✔ all24 saved legal permutations preserve every selected stable ID, score and authored feedback (13.768542ms)
✔ real current Coding practice rejects an old-package active session instead of substituting new content (18.762833ms)
✔ OOD16 frozen bindings cover the seven final 17-item payloads (9.278042ms)
✔ OOD16 preserves the complete B01 source unit in the current artifact (1372.671833ms)
✔ OOD16 OOD-N01-B02 source payloads, replacement identities and retired IDs are exact (3.680542ms)
✔ OOD16 OOD-N01-B02 real choice scoring, accessibility and submitted feedback follow fixed option IDs (6.864958ms)
✔ OOD16 OOD-N01-B03 source payloads, replacement identities and retired IDs are exact (3.578333ms)
✔ OOD16 OOD-N01-B03 real choice scoring, accessibility and submitted feedback follow fixed option IDs (3.157708ms)
✔ OOD16 OOD-N01-B04 source payloads, replacement identities and retired IDs are exact (5.5725ms)
✔ OOD16 OOD-N01-B04 real choice scoring, accessibility and submitted feedback follow fixed option IDs (3.346ms)
✔ OOD16 OOD-N01-B05 source payloads, replacement identities and retired IDs are exact (2.056917ms)
✔ OOD16 OOD-N01-B05 real choice scoring, accessibility and submitted feedback follow fixed option IDs (3.181292ms)
✔ OOD16 OOD-N01-B06 source payloads, replacement identities and retired IDs are exact (2.836208ms)
✔ OOD16 OOD-N01-B06 real choice scoring, accessibility and submitted feedback follow fixed option IDs (2.585875ms)
✔ OOD16 OOD-N01-B07 source payloads, replacement identities and retired IDs are exact (3.578125ms)
✔ OOD16 OOD-N01-B07 real choice scoring, accessibility and submitted feedback follow fixed option IDs (2.575583ms)
✔ OOD16 OOD-N01-B08 source payloads, replacement identities and retired IDs are exact (2.088084ms)
✔ OOD16 OOD-N01-B08 real choice scoring, accessibility and submitted feedback follow fixed option IDs (2.312625ms)
✔ OOD16 all three actual canonical mode pools contain the full current 136-question node (11.336667ms)
✔ OOD17 frozen bindings cover the eight frozen 19-item payloads (10.061958ms)
✔ OOD17 preserves all 136 accepted N01 source and artifact objects (1375.297709ms)
✔ OOD17 OOD-N02-B01 source payloads, replacement identities and retired IDs are exact (4.19175ms)
✔ OOD17 OOD-N02-B01 real choice scoring, accessibility and submitted feedback follow fixed option IDs (7.95325ms)
✔ OOD17 OOD-N02-B02 source payloads, replacement identities and retired IDs are exact (3.22475ms)
✔ OOD17 OOD-N02-B02 real choice scoring, accessibility and submitted feedback follow fixed option IDs (2.952458ms)
✔ OOD17 OOD-N02-B03 source payloads, replacement identities and retired IDs are exact (2.387ms)
✔ OOD17 OOD-N02-B03 real choice scoring, accessibility and submitted feedback follow fixed option IDs (3.956916ms)
✔ OOD17 OOD-N02-B04 source payloads, replacement identities and retired IDs are exact (3.241291ms)
✔ OOD17 OOD-N02-B04 real choice scoring, accessibility and submitted feedback follow fixed option IDs (2.653708ms)
✔ OOD17 OOD-N02-B05 source payloads, replacement identities and retired IDs are exact (2.710709ms)
✔ OOD17 OOD-N02-B05 real choice scoring, accessibility and submitted feedback follow fixed option IDs (5.35325ms)
✔ OOD17 OOD-N02-B06 source payloads, replacement identities and retired IDs are exact (3.535667ms)
✔ OOD17 OOD-N02-B06 real choice scoring, accessibility and submitted feedback follow fixed option IDs (3.389125ms)
✔ OOD17 OOD-N02-B07 source payloads, replacement identities and retired IDs are exact (2.576291ms)
✔ OOD17 OOD-N02-B07 real choice scoring, accessibility and submitted feedback follow fixed option IDs (3.711209ms)
✔ OOD17 OOD-N02-B08 source payloads, replacement identities and retired IDs are exact (2.149666ms)
✔ OOD17 OOD-N02-B08 real choice scoring, accessibility and submitted feedback follow fixed option IDs (2.692333ms)
✔ OOD17 N02 source quality does not widen the three ordinary N01 mode pools (1.089042ms)
✔ OOD19 frozen bindings cover all nine reviewed 18-item payloads (9.1265ms)
✔ OOD19 preserves all 136 accepted N01 and 152 accepted N02 source and runtime objects (1750.3905ms)
✔ OOD19 OOD-N03-B01 source and runtime match frozen payload; predecessors are retired (7.777541ms)
✔ OOD19 OOD-N03-B01 real scoring, reversed-option invariance and learner feedback use stable IDs (7.2535ms)
✔ OOD19 OOD-N03-B02 source and runtime match frozen payload; predecessors are retired (3.372792ms)
✔ OOD19 OOD-N03-B02 real scoring, reversed-option invariance and learner feedback use stable IDs (3.785458ms)
✔ OOD19 OOD-N03-B03 source and runtime match frozen payload; predecessors are retired (2.76025ms)
✔ OOD19 OOD-N03-B03 real scoring, reversed-option invariance and learner feedback use stable IDs (3.487458ms)
✔ OOD19 OOD-N03-B04 source and runtime match frozen payload; predecessors are retired (2.369583ms)
✔ OOD19 OOD-N03-B04 real scoring, reversed-option invariance and learner feedback use stable IDs (2.950167ms)
✔ OOD19 OOD-N03-B05 source and runtime match frozen payload; predecessors are retired (2.412708ms)
✔ OOD19 OOD-N03-B05 real scoring, reversed-option invariance and learner feedback use stable IDs (2.851792ms)
✔ OOD19 OOD-N03-B06 source and runtime match frozen payload; predecessors are retired (16.17075ms)
✔ OOD19 OOD-N03-B06 real scoring, reversed-option invariance and learner feedback use stable IDs (15.566333ms)
✔ OOD19 OOD-N03-B07 source and runtime match frozen payload; predecessors are retired (6.703167ms)
✔ OOD19 OOD-N03-B07 real scoring, reversed-option invariance and learner feedback use stable IDs (17.957583ms)
✔ OOD19 OOD-N03-B08 source and runtime match frozen payload; predecessors are retired (2.187541ms)
✔ OOD19 OOD-N03-B08 real scoring, reversed-option invariance and learner feedback use stable IDs (2.966166ms)
✔ OOD19 OOD-N03-B09 source and runtime match frozen payload; predecessors are retired (2.131792ms)
✔ OOD19 OOD-N03-B09 real scoring, reversed-option invariance and learner feedback use stable IDs (4.668958ms)
✔ OOD19 leaves three ordinary N01 pools at 136 and does not grant N03 eligibility (5.25775ms)
✔ OOD20 frozen bindings cover the nine reviewed N04 payloads and exact identity map (313.054375ms)
✔ OOD20 OOD-N04-B01 source and loaded runtime match the fixed payload and retired identities (1525.872625ms)
✔ OOD20 OOD-N04-B02 source and loaded runtime match the fixed payload and retired identities (3.901792ms)
✔ OOD20 OOD-N04-B03 source and loaded runtime match the fixed payload and retired identities (3.095458ms)
✔ OOD20 OOD-N04-B04 source and loaded runtime match the fixed payload and retired identities (2.518125ms)
✔ OOD20 OOD-N04-B05 source and loaded runtime match the fixed payload and retired identities (2.95825ms)
✔ OOD20 OOD-N04-B06 source and loaded runtime match the fixed payload and retired identities (2.637083ms)
✔ OOD20 OOD-N04-B07 source and loaded runtime match the fixed payload and retired identities (2.675917ms)
✔ OOD20 OOD-N04-B08 source and loaded runtime match the fixed payload and retired identities (2.544125ms)
✔ OOD20 OOD-N04-B09 source and loaded runtime match the fixed payload and retired identities (2.620042ms)
✔ OOD20 OOD-N04-B01 scoring, option order, feedback and pre-answer presentation use stable IDs (27.064125ms)
✔ OOD20 OOD-N04-B02 scoring, option order, feedback and pre-answer presentation use stable IDs (11.145458ms)
✔ OOD20 OOD-N04-B03 scoring, option order, feedback and pre-answer presentation use stable IDs (19.484292ms)
✔ OOD20 OOD-N04-B04 scoring, option order, feedback and pre-answer presentation use stable IDs (7.6825ms)
✔ OOD20 OOD-N04-B05 scoring, option order, feedback and pre-answer presentation use stable IDs (5.380833ms)
✔ OOD20 OOD-N04-B06 scoring, option order, feedback and pre-answer presentation use stable IDs (4.051916ms)
✔ OOD20 OOD-N04-B07 scoring, option order, feedback and pre-answer presentation use stable IDs (9.09125ms)
✔ OOD20 OOD-N04-B08 scoring, option order, feedback and pre-answer presentation use stable IDs (4.058083ms)
✔ OOD20 OOD-N04-B09 scoring, option order, feedback and pre-answer presentation use stable IDs (3.603541ms)
✔ OOD20 leaves accepted node counts and the three ordinary N01 pools unchanged (10.837625ms)
✔ OOD21 producer proof binds the frozen 153-item same-ID map and exact source files (61.3835ms)
✔ OOD21 loaded runtime matches every fixed same-ID question object (1549.392208ms)
✔ OOD21 scoring, option-order reversal, feedback targets and pre-answer view use fixed IDs (43.756084ms)
✔ OOD21 preserves accepted N01-N04 node counts and the exact ordinary N01 pools (18.8675ms)
✔ OOD19a applies exactly 25 Reason-only changes over immutable v19 payloads (1662.006208ms)
✔ OOD source replacement is the exact bundled and eligible canonical item with new scored option identities (1697.212375ms)
✔ OOD12 consumer resolves only the source-bound completed switch outcomes replacement in the existing learning pool (1502.390958ms)
✔ OOD13 exact cohort is source-identical and eligible with retired identities absent (1592.700167ms)
✔ OOD13 reviewed answer identities score independently of option position with exact authored diagnostics (3.056ms)
✔ Design simulation profiles preserve exact per-track identity and reference-only evaluation (744.342334ms)
✔ Design simulation schema rejects identity, stage, response, criteria, rubric, and semantic-scoring drift (854.856042ms)
✔ ProductModeConfig preserves the complete available 9-track mode matrix (3.037459ms)
✔ ODK-097 app Design modes stay in parity with the current producer profiles (2.564417ms)
✔ mode policies preserve feedback, elapsed timer, reinsert and evidence behavior (0.602208ms)
✔ selection pools are non-empty, local, and large enough for every requested length (118.395708ms)
✔ simulation mode is bound to the exact GCP profile, family, and mode (1.346292ms)
✔ Coding Mock product mode binds only its declared Coding Interview profile (0.451833ms)
✔ GCP Diagnostic preserves the verified exact ordered 40-question plan (0.335458ms)
✔ declared but uninstalled modes fail closed with a stable unavailable error (0.456792ms)
✔ validated production configuration is recursively immutable (0.253917ms)
✔ validator rejects duplicate, missing, additional, and non-canonical config shapes (2.268ms)
✔ validator rejects foreign identities, empty pools, bad lengths, and policy mismatches (4.196375ms)
✔ validator rejects foreign questions, Diagnostic reordering, bad evidence and unsupported interactions (1480.435084ms)
✔ validator rejects missing, duplicate, empty and foreign canonical artifacts (32395.45325ms)
✔ all nine canonical artifacts validate with exact inventory and stable learner whitespace (572.250792ms)
✔ canonical scoring matches the producer oracle exhaustively (2060.276334ms)
✔ all interactions expose completeness and immutable AttemptResult semantics (13.194084ms)
✔ dimension scoring ignores inherited selections exactly like the producer oracle (32.542666ms)
✔ dimension responses reject sparse arrays and alias-normalization collisions (4.193333ms)
✔ ordering response completeness rejects sparse own slots and inherited holes (5.724917ms)
✔ validator fails closed on exact keys, identities, membership and scoring consistency (428.834667ms)
✔ catalog verifies bytes before exposing frozen lookups and exact artifact metadata (947.686167ms)
✔ optional GCP simulation profile is strict, complete, immutable and covered by its artifact hash (2406.436875ms)
✔ Coding Mock profile validation requires its strict declared ordered 40-question pool (1761.733333ms)
✔ canonical runtime catalog exposes all locked tracks, modes, pools, and exact artifact identities (1499.691291ms)
✔ injected loader failures are visible and do not poison the active cache (138.05675ms)
✔ canonical runtime catalog hashes artifacts sequentially and preserves artifact order (1869.933459ms)
✔ public owner retries after a failed cached load and then preserves cache identity (19552.648458ms)
✔ canonical runtime catalog caches only a validated active catalog (0.33275ms)
✖ historical content release lock remains covered by frozen release manifests (57.418292ms)
✖ bundled canonical release matches the current producer builder (0.91825ms)
✖ current canonical builder preserves the ODK-096 inventory and approved AWS identity without repinning history (0.961833ms)
✔ node package verifier enforces exact transport headers, hashes, schema and app minimum (59.622125ms)
✔ install keeps old exact package resolvable after new activation and rolls back on failed reread or activation (1752.908875ms)
✔ installed exact cache is isolated across profile changes and lazily rehydrates on return (1606.950292ms)
✔ stale profile hydration cannot register records after an in-flight profile switch (1216.859334ms)
✔ package hash and gzip output size reject corrupt, oversized, and truncated packages (1.287625ms)
✔ 404 and interrupted downloads do not replace an active package (1.867875ms)
✔ backend package admission failures keep their typed status and code (0.842083ms)
✔ filesystem adapter leaves the old MMKV pointer on move or pointer-write failure and keeps valid history (3396.187333ms)
✔ pointer activation rolls back after a write-then-throw and a mismatching read-back (10.616375ms)
✔ retry replaces only an inactive partial final left by an interrupted file move (4.391333ms)
✔ canonical admission exposes nine launch tracks (1686.453125ms)
✔ Coding Mock stays outside ordinary modes and resolves its exact declared profile (1.178333ms)
✔ content report description is optional, trimmed and bounded (11.543708ms)
✔ content report description rejects obvious contact and secret data (1.394292ms)
✔ ordinary technical language is not mistaken for a secret (0.214ms)
✔ a new family carries payload, response, result, and evidence without a global union (2.28975ms)
✔ kernel accepts open track ids and enforces canonical session invariants (4.402375ms)
✔ attempt result constructor enforces kind, range, and component totals (0.89675ms)
✔ attempt, evidence, reasons, and learning evidence stay family neutral (1.10425ms)
✔ lifecycle record guards and completed-result coverage are explicit (1.017708ms)
✔ LearningPlan v1 guard requires the complete strict shape and canonical slot order (51.078084ms)
✔ accepted target snapshot follows T4 goal meaning and canonical null dates (1.620125ms)
✔ generates one stable 18:00 slot per normalized preferred day for every goal type (84.95475ms)
✔ uses due review priority, otherwise package scope, without item identifiers (5.781541ms)
✔ event boundaries are strict-before while deadline and checkpoint are inclusive (1.970459ms)
✔ missing target date is open-ended before an unknown completion rule (1.0665ms)
✔ C3 unknown is explicit with a target; in-progress uses remaining attempts and completed has no remaining work (0.929ms)
✔ S12 is the only capacity source and shortfall preserves all counts without slots or attainability (0.790292ms)
✔ leap-day and DST-neutral occurrence counting use calendar dates, not elapsed local milliseconds (2.1325ms)
✔ does not mutate preferred day order or mutable input values and returns frozen output (0.865167ms)
✔ rejects malformed or inconsistent input with the one explicit error class (2.477958ms)
✔ uses the explicit formulas, includes today, and excludes an event target day (69.592542ms)
✔ minimum observation age is inclusive: six days gives seven days, five gives six (8.698792ms)
✔ trend starts at thirteen days and applies strict ten-percent boundaries (106.633667ms)
✔ trend handles zero-to-zero, zero-to-positive, and positive-to-zero windows after age fourteen (9.16775ms)
✔ completed work is zero work even without future occurrences or observations (1.047417ms)
✔ returns each honest unavailable business reason (7.036709ms)
✔ requires a concrete non-negative completion requirement (3.974375ms)
✔ returns calculation_error when the projected calendar date is not representable (1.9735ms)
✔ uses full immutable facts and does not double-count session questions (2.24825ms)
✔ handles DST, leap-day calendar arithmetic, and today occurrences without elapsed milliseconds (3.508791ms)
✔ rejects malformed numbers, dates, timezones, future facts, and inconsistent sessions (7.733917ms)
✔ completion rule validates explicit v1 bounds (1.55325ms)
✔ completion is unknown without a package rule and otherwise uses the exact rolling window (36.991792ms)
✔ completion filters full package identity, deduplicates exact retries, and rejects malformed or conflicting durable evidence (5.716958ms)
✔ same instant ordering is stable by id (0.965125ms)
✔ ResolvedContentRef has exactly four canonical-safe fields and is frozen (3.923708ms)
✔ ResolvedContentRef rejects null, extra fields, unsafe identities, and SHA casing without normalization (1.108334ms)
✔ ResolvedContentRef key is versioned, deterministic, and field-boundary safe (1.192292ms)
✔ tombstones are immutable, tagged, minimal, and contain no recursive legacy fields (0.915ms)
✔ resolution result is exact, frozen, and distinguishes resolved from tombstone (0.575583ms)
✔ public domain barrel exposes strict contracts but not the legacy decoder/mapper (0.225792ms)
✔ registry resolves current tracks in canonical launch order without a default (15.150666ms)
✔ a new track and family register without modifying the learning kernel (1.329834ms)
✔ incorrect and partial attempts create remediation entries with source and taxonomy evidence (42.110542ms)
✔ correct Algorithms attempt creates scheduled retrieval while correct Certification attempt creates none (0.639792ms)
✔ review transition counts only after due, resets on incorrect and partial, and resolves after two eligible successes (0.769125ms)
✔ same-session correction does not resolve persistent review and only canonical reasons exist (0.434792ms)
✔ ordinary Algorithms practice cannot resolve persistent review after due (0.305584ms)
✔ session creation preserves requested and actual lengths, immutable item order, option order, and no response (13.300417ms)
✔ active session advances and persisted current position resumes deterministically (2.078541ms)
✔ session supports valid direct navigation but rejects an invalid item index (4.979791ms)
✔ completion fixes position at the final item and cannot advance (0.938292ms)
✔ abandonment preserves committed position and cannot advance (0.505791ms)
✔ session rejects mismatched track, content version, duplicate references, and invalid completion position (0.7195ms)
✔ runtime admission resolves the exact candidate lock for every canonical launch track (5006.777417ms)
✔ pending status waits while the target is not reflected by both identity sources (1.478667ms)
✔ pending status confirms only matching verified Firebase and backend identities (0.287083ms)
✔ one-sided email or verification agreement remains waiting (0.246292ms)
✔ a different authenticated UID is unavailable and does not expose the old request as success (0.160042ms)
✔ refresh failure takes priority over matching cached identity data (0.174917ms)
✔ legacy recovery-code retry keeps an invalid credential on its password field (9.854833ms)
✔ delete account switches from identity confirmation to the hold action (69.020792ms)
✔ delete account password failures stay attached to Password (0.817333ms)
✔ email validation identifies the address field for all sign-in providers (1.821709ms)
✔ reauthentication errors identify a password only when that field exists (0.509625ms)
✔ password change validation identifies the edited password field (0.613166ms)
✔ recovery-code wrong-password failures identify the current password (0.15975ms)
✔ general errors and non-field security failures retain their existing banner presentation (6.047833ms)
✔ editing another field preserves its error; editing the affected field clears it (3.458834ms)
✔ password-change field errors use the localized field-specific copy (7.497125ms)
✔ welcome screen keeps its mark, localized copy, and entry actions (1.993583ms)
✔ a recovery-code operation for a different account keeps codes hidden and offers explicit sign-in resolution (131.641291ms)
✔ a confirmed account mismatch offers a separately explicit current-account transition (5.488083ms)
✔ missing generation does not offer a defer action and deferred codes remain hidden (4.925166ms)
✔ unconfirmed delivery keeps unsaved codes available and offers an explicit status retry (1.507458ms)
✔ available result with persisted saved intent hides codes and offers an explicit ACK retry (0.262959ms)
✔ unconfirmed or blocked saved intent does not promise an available ACK (0.976958ms)
✔ acknowledged issue is terminal and no longer blocks a replacement chosen by the user (0.325875ms)
✔ server-confirmed non-acknowledged terminal status requires an explicit continue action (0.376125ms)
✔ a consume operation for another account offers explicit resume without an automatic retry (0.552875ms)
✔ loading or unavailable vault state blocks code issuance until recovery state is known (0.402375ms)
✔ all account locales provide the recovery operation states and explicit mismatch actions (116.065542ms)
✔ recovery panel resolves nested messages with the app's flat-key configuration (57.052166ms)
✔ terminal continuation does not render a wrong-account warning (0.884583ms)
✔ analytics lookup uses canonical identity (3522.519709ms)
✔ Certification Exam runner uses exact resume, route-keyed reads and expired result navigation (2.05825ms)
✔ exam response changes persist the canonical choice response before publishing the refreshed selection (0.314833ms)
✔ all exam draft writes and navigation share one in-flight action lane (1.681084ms)
✔ a durable navigator move closes the navigator while a failed projection read exposes retry (1.193709ms)
✔ exam actions describe navigation and finish confirmation, including unanswered questions (0.371291ms)
✔ review fixture accepts only named development smoke cases and exact deep links (4.317458ms)
✔ reopening the same fixture case creates a fresh launch identity (2.924917ms)
✔ fixture readers are optional screen seams and production readers remain the default (2.869958ms)
✔ fixture creates validator-approved fixed-50 canonical evidence without partial or persistence shortcuts (3072.915584ms)
✔ memory readers require the fixture session identity and preserve read-only evidence (31.10875ms)
✔ ready fixture calls the supplied opener with each exact projected source URL (25.984916ms)
✔ source-failure fixture records exact opener attempt but never calls external URL opening (62.443042ms)
✔ practice answer matrix exposes actual completed summary, five feedback previews, and full review (213.326625ms)
✔ Metro disabled runtime is explicitly unavailable outside smoke (0.645208ms)
✔ completed single-select review distinguishes the learner answer from the omitted correct answer (4.391792ms)
✔ completed multi-select review preserves every selected, correct and omitted state (0.840459ms)
✔ a request change makes an in-flight interval refresh stale before publication (2.829ms)
✔ a newer same-request refresh wins over an older success (0.565666ms)
✔ slow overlapping interval reads keep publishing when they complete in order (0.407708ms)
✔ a newer successful refresh suppresses an older error (0.408583ms)
✔ a newer successful refresh suppresses an older expiry (0.248ms)
✔ a newer same-request rejection wins over an older success (0.414625ms)
✔ a newer same-request expiry wins over an older success (0.307167ms)
✔ unmount cleanup invalidates an in-flight expiry read before publication (0.371ms)
✔ request change during start-on-miss prevents starting or rereading a replacement exam (0.502375ms)
✔ unmount cleanup during start-on-miss prevents the after-start interval read (0.59425ms)
✔ current start-on-miss refreshes after the new exam is started (0.469459ms)
✔ request change during expected resume prevents the old session from publishing (0.297125ms)
✔ expected resume failure never falls back to starting a new exam (0.378042ms)
✔ the current expiry outcome carries its session id for guarded navigation (0.265416ms)
✔ Exam Review has one local header owner and returns to the exact result session (1.507583ms)
✔ Previous and Next preserve their question navigation and boundary disabling (0.459167ms)
✔ Unanswered uses shared feedback with complete details expanded and reporting unchanged (0.522209ms)
✔ opaque result evidence preserves all answered outcomes including partial credit (29.073291ms)
✔ missing, malformed and inconsistent evidence does not invent zero scores (1.171959ms)
✔ a real zero and an absent abandoned score remain distinct (0.30125ms)
✔ invalid points stay unavailable without clamping (0.257708ms)
✔ exact historical maximum corrects display without mutating durable evidence (0.326459ms)
✔ backend diagnostics records prerequisite and sync preparation failures before final status (1.750458ms)
✔ successful backend diagnostics still verify sync apply, deduplication, conflict, and read-after (2.4115ms)
✔ GoalCadenceScreen passes its selected app locale into the calendar (3.976958ms)
✔ the rendered month, weekday headings and accessible dates all use that locale (107.813292ms)
✔ month boundaries, leap days and week starts build complete selectable grids (0.65775ms)
✔ the selected date is exposed through button state and its press updates the pending date (0.544583ms)
✔ only English starts on Sunday and all other supported locales start on Monday (0.221292ms)
✔ Activity opens only resolver-owned result destinations (3.298334ms)
✔ Activity result routing fails closed for inline-only records (0.866875ms)
✔ Activity navigation preserves the original session identity (0.480541ms)
✔ Activity renders unavailable history as an explicit detail surface without runtime navigation (2.224875ms)
✔ Activity detail disclosures are mutually exclusive and expose expanded state (1.342333ms)
✔ goal cadence is a reachable root route backed by the canonical repository (4.237875ms)
✔ Progress owns the goal entry point for the active track (0.275042ms)
✔ Settings opens the shared goal screen with its return context (0.630042ms)
✔ active goal summary only exposes Save while editing (0.289542ms)
✔ active goal summary keeps the reminder draft noninteractive (0.813333ms)
✔ goal status and selected day labels use onPrimary on filled backgrounds (0.33575ms)
✔ preferred-day shortcuts preserve domain ids and translate every EN/PL label (1.054834ms)
✔ goal reminders are a read-only preferred-day draft in both create and active summary (0.626791ms)
✔ target dates use the shared localized calendar with cancellable drafts and an explicit ISO commit (11.775209ms)
✔ goal editing uses local keyboard avoidance while preserving the shared sticky footer (0.65375ms)
✔ goal loading keeps its back action separate from the busy content announcement (0.631792ms)
✔ goal templates are sourced from every canonical track descriptor (40.812875ms)
✔ default goal is valid and keeps optional date unset (3.357792ms)
✔ goal persistence guard rejects invalid cadence, date, track template, and extra fields (2.087041ms)
✔ goal normalizer derives ordered cadence from legacy targets and every day count (2.294375ms)
✔ goal repository normalizes legacy records on read without repairing storage (4.255792ms)
✔ empty legacy goals remain readable, but saving an empty selection is rejected without data loss (1.247084ms)
✔ goal repository rejects a zero target with selected days without repairing the record (2.237875ms)
✔ saving a goal persists the normalized cadence while preserving other fields (2.244875ms)
✔ goal repository persists one canonical record per track (2.075ms)
✔ target-date projection follows goal type and explicit own-pace saves remove only legacy dates (3.260792ms)
✔ saved ISO dates initialize the native picker at local noon and preserve leap days (3.716583ms)
✔ empty dates initialize to device-local today at noon (0.253209ms)
✔ non-empty saved dates must satisfy the persisted ISO calendar-date contract (0.791125ms)
✔ local calendar dates round-trip across a daylight-saving transition (2.035791ms)
✔ guest privacy request copy separates acceptance from unconfirmed email delivery (5.033542ms)
✔ guest privacy retry identity survives restart without persisting a session token (3.354625ms)
✔ choosing the first track reloads Home data for that selected track (1.963042ms)
✔ a failed Home shell read keeps the learner in a retryable state on the canonical load path (0.427375ms)
✔ Home focus retries only eligible pending account data and clears route tab suppression on local navigation (0.661625ms)
✔ Home keeps resume-required handling internal instead of showing sync implementation details (0.388167ms)
✔ the first Home visit replaces repeated empty metrics with one honest next-step state (1.260667ms)
✔ goal invitation stays optional for guest and healthy account, reloads after Goal, and persists dismissal per track (0.958875ms)
✔ Home stacks quiet-layered context and decision metadata at large text sizes (3.581208ms)
✔ editor route carries only editor identity and never silently loads a plan (10.847167ms)
✔ editor commits through the runtime wrapper and keeps reminder retry visible (18.121875ms)
✔ learning plan fixture URL accepts only the explicit development smoke case enum (15.751292ms)
✔ reopening the same fixture URL creates a fresh launch identity (0.565917ms)
✔ named proposal fixture cases produce domain-generated screen states with the declared schedule shape (3178.525333ms)
✔ fixture actions report one in-memory call and never report storage success (6011.026709ms)
✔ delayed loading remains pending before it resolves to the ready view (3003.725334ms)
✔ disabled fixture peer is an explicit unavailable implementation (1.437ms)
✔ proposal route carries only identity and resolves the in-memory proposal (2.4045ms)
✔ proposal accepts through the plan/reminder runtime and preserves pending saves (1.471833ms)
✔ proposal keeps explicit states, edit actions and localized copy (0.670625ms)
✔ every proposal screen branch leaves the top safe area to its stack header (0.409083ms)
✔ ready and shortened proposals use the review title and a two-action footer (0.557875ms)
✔ goal type is the card heading while target and selected days remain visible (0.403875ms)
✔ review title is localized in all seven locales and removed goal-context copy is dead (0.478ms)
✔ shortfall and saved-plan actions retain their existing semantics (0.539167ms)
✔ goal save still opens a proposal only after its existing reminder reconciliation (0.28825ms)
✔ target guidance retry performs a real canonical snapshot reload (0.384875ms)
✔ authenticated required narrative validation returns inline error before either create command (5.986958ms)
✔ guest invalid email validation returns field error before either create command (0.4165ms)
✔ valid submissions route exactly once and trim optional values (0.586167ms)
✔ Progress model preserves canonical guidance and completion without a volume ratio (107.722416ms)
✔ Progress model never creates a self-link for completed guidance (2.561083ms)
✔ Progress model does not offer a new plan session while one is active (131.293ms)
✔ Progress model keeps none guidance explicit for no goal, paused goal and no plan (9.264625ms)
✔ Progress model fails closed for a foreign active track or unavailable snapshot (4.4975ms)
✔ Progress rejects invalid count, minimum, window and quality rather than presenting false completion (17.161792ms)
✔ track selection turns an active-track read rejection into an explicit retryable unavailable state (3.909083ms)
✔ track selection retains the local choice and offers the same command again after a save rejection (0.583291ms)
✔ track selection waits for clean reminder reconciliation before completing (0.500458ms)
✔ track selection stacks dense rows and actions instead of clipping large text (2.11175ms)
✔ Algorithms bootstrap accepts a reachable large-text control without requiring full card visibility (0.266417ms)
✔ track cards use the canonical Figma icon mapping for every active track (0.485ms)
✔ track selection mirrors the Figma returning and switching footer states (1.286792ms)
✔ Activity groups durable terminal sessions and keeps the row projection truthful (224.510459ms)
✔ Activity identifies an absolute-deadline completion without relabeling manual abandonment (0.723792ms)
✔ Activity interaction matrix opens only summaries supported by durable family evidence (0.991333ms)
✔ Activity track filter returns only records for the selected canonical track (0.310167ms)
✔ Activity uses local calendar days and Monday-based calendar weeks (1.186375ms)
✔ Activity keeps local midnight and relative labels correct across a DST boundary (0.848708ms)
✔ Activity date labels format relative words and month names from the selected locale (57.525791ms)
✔ Activity keeps unavailable archival summaries separate from runtime navigation facts (3.084458ms)
✔ Activity never exposes an unknown archived track identity (1.142875ms)
✔ Claude Progress metadata exactly covers the seven blueprint-linked node IDs (2.736125ms)
✔ Google Cloud Progress metadata exactly covers the four scoring domains (0.455583ms)
✔ unknown, aliased, and cross-track IDs remain explicitly unavailable (0.312959ms)
✔ every authored title and description has exact EN and PL locale entries (2.316167ms)
✔ Progress renders authored meaning in Current focus and Performance evidence (2.103459ms)
✔ Claude Progress with zero attempts stays empty without inventing a score (2729.644625ms)
✔ home progress uses canonical tracks (3240.441125ms)
✔ Coding Interview Home uses the canonical dashboard projection for guided practice (788.619042ms)
✔ Coding Interview Home recommends due review from canonical counts (0.443ms)
✔ track evidence rows stay informational while local show-more behavior remains (9.979917ms)
✔ empty progress keeps practice as the primary action and exposes global activity (1.170292ms)
✔ the shared Home shell opens the track-aware Practice Hub from empty Progress (2.534209ms)
✔ Home passes canonical sessions and exact row navigation into Progress (2.055792ms)
✔ Progress receives the single canonical Home plan snapshot and guidance action owner (7.376041ms)
✔ Completed guidance does not render a Progress self-link (0.533417ms)
✔ verified ready plan exposes existing edit action in all seven locales, independent of completion rule (119.264667ms)
✔ existing editor/resume guidance actions are never duplicated (27.8725ms)
✔ absent/unavailable plan or absent handler does not expose the editor entry (59.6545ms)
✔ opening editor from Progress does not mutate model, active session or primary guidance (4.729916ms)
✔ Settings names guest and signed-out entry honestly and never offers guest sign-out (2.497166ms)
✔ Settings preserves authenticated identity and distinguishes synchronized from repair states (0.6325ms)
✔ Settings treats synced account data with durable warnings as needing attention (0.347125ms)
✔ Settings maps only the resume-required sign-out pair to canonical localized copy (2.604917ms)
✔ Settings blocks invalid actions while account lifecycle work is busy and keeps recovery states available (0.486584ms)
✔ Your data presents an explicit action/details/privacy matrix for every account state (5.124333ms)
✔ Your data distinguishes the timeout recovery action from other unavailable reasons (0.373709ms)
✔ Your data keeps details and privacy access exclusive to authenticated and exact guest states (0.276167ms)
✔ Recovery-pending copy is translated in every supported data locale (2.12075ms)
✔ Premium offer stacks copy and actions instead of squeezing copy beside the action (1.492833ms)
✔ certification exam premium admission maps each outcome explicitly (1.512333ms)
✔ Practice Hub keeps the exam offer visible and routes each admission outcome (2.373542ms)
✔ answer cards show state through the card and letter without a redundant status row (1.663083ms)
✔ practice and review keep correctness and selection in accessibility semantics (0.308625ms)
✔ practice completion handoff retains canonical question identity (2034.466541ms)
✔ both practice JSX adapters pass authored message arrays through unchanged (170.32525ms)
✔ Design practice JSX adapter forwards optional choice and ordering messages only from existing feedback (31.045334ms)
✔ Details JSX gates authored messages on expansion and keeps their text scalable (153.608917ms)
✔ structured Claude feedback renders explanatory text without leaking block metadata (2.722917ms)
✔ feedback detail projection keeps scalar and nested explanatory values (1.812791ms)
✔ practice selects a canonical pool (1727.75875ms)
✔ GCP practice topic comes from its node mode after the diagnostic-first mode (1573.180041ms)
✔ Certification Exam Simulation is offered only for a validated prepared profile (3.378125ms)
✔ Coding Mock is offered only for the validated Coding simulation profile without changing practice modes (1.514583ms)
✔ Design Weak Area Review stays unavailable without review evidence (0.783833ms)
✔ practice session exit resets navigation above the closed session (2.736834ms)
✔ practice session exit can return to the hub without a topic override (0.301625ms)
✔ the canonical Custom Practice hero opens setup without a duplicate mode row (1.341375ms)
✔ Design mode entries open setup so learners can select the configured session length (1.122667ms)
✔ Claude structured question presentation is selected only from canonical track identity (1.538875ms)
✔ structured presentation preserves authored prompt and constraint strings (0.336375ms)
✔ structured constraints have localized semantics and stable identity (0.224208ms)
✔ primary session CTA routes activations through the phase-identity carry-over guard (0.486417ms)
✔ fixture chrome reuses the Practice shell slots without adding a nested scroll owner (1.008417ms)
✔ practice screens turn unsupported package, topic, and mode reads into exits (4.371666ms)
✔ Design simulation uses its dedicated result and cannot enter objective setup (1.218042ms)
✔ all selected Design modes require Premium admission before their canonical route (1.698375ms)
✔ practice route changes cannot submit stale setup controls and preserve track identity (1.29275ms)
✔ changing track returns through the Home root and drops practice route overrides (0.997917ms)
✔ Hub uses its displayed primary mode and package length defaults (0.541125ms)
✔ Home practice navigation preserves track identity and unavailable topics keep their context (0.851041ms)
✔ all practice runners prevent native removal and replay the exact action after leave confirmation (1.505708ms)
✔ Certification and Design unlock actions only after the refreshed projection commits (2.398459ms)
✔ Custom Practice accepts its package-declared length and persists its selected feedback timing (1214.47ms)
✔ Coding Interview simulation resume targets its durable profile route (1.658125ms)
✔ Custom Practice setup rejects every unsupported session length (0.4195ms)
✔ Custom Practice requires a selected timing while predefined Algorithms modes retain fixed timings (0.798458ms)
✔ rejects an Algorithms session length that the selected mode does not declare (0.406834ms)
✔ Independent Practice direct entry fails because it is excluded from the bundled Free package (0.43475ms)
✔ Certification resume routes preserve exact immutable configuration for package modes (1.292417ms)
✔ Certification resume rejects stale, cross-track, exam, and non-active sessions explicitly (0.654125ms)
✔ only Claude Focus exposes selectable feedback while other Certification setup stays fixed (0.809041ms)
✔ Practice Setup uses the package default until the learner or route selects a supported length (0.4375ms)
✔ every active track has the contract-defined Practice exit copy (2.694041ms)
✔ Practice exit rejects missing and unknown track identities without a fallback (1.097542ms)
✔ Practice presentation never discloses feedback before the durable feedback boundary (2.119334ms)
✔ Practice presentation permits response edits before a journal exists (0.842ms)
✔ Practice action model separates final feedback from the durable Finish command (13.960417ms)
✔ Deferred feedback keeps the submit CTA and saving status aligned (0.581917ms)
✔ Practice pending phases retain a stable unsafe-action lock (0.49725ms)
✔ primary action carry-over guard blocks only fast phase changes and permits same-phase retries (0.705583ms)
✔ Practice operation notice mapping remains one family-neutral interpretation (0.910083ms)
✔ Durable recovery notices stay learner-facing in English and Polish (27.792334ms)
✔ Premium session preparation failures map to localized next steps (1.379208ms)
✔ Practice local choice selection survives only the same editable occurrence (0.647417ms)
✔ Scoped local response preserves all authored control types for the same editable occurrence (0.401791ms)
✔ Scoped local response resets when the session or occurrence identity changes (0.219666ms)
✔ Scoped durable response is authoritative over an unsent local response (0.247375ms)
✔ Practice durable choice response wins and response-less locked state clears (0.229833ms)
✔ Practice response renderer consumes application feedback states without scoring in UI (0.845959ms)
✔ Single-select feedback projects selected-correct and every remaining disabled state (0.315167ms)
✔ The visible ordering is a complete response before the learner moves an element (0.372959ms)
✔ Practice feedback labels distinguish selection from correctness (0.230833ms)
✔ Practice checked semantics include only answers the learner selected (7.845125ms)
✔ source links expose exact targets and unavailable has no press handler (2.327708ms)
✔ source open failure is explicit and never changes answer or report state (0.390125ms)
✔ every canonical practice session preserves projected sources at the shared feedback boundary (0.315333ms)
✔ fresh response requires exactly one matching provider-backed item with strict UTC dates (7.193209ms)
✔ confirmed account change removes the previous account cache and fails closed if removal fails (1.655667ms)
✔ active and grace expire exactly at their provider dates; negative states deny (1.159458ms)
✔ clock rollback and account switch deny, and a fresh response cannot reduce observed wall time (0.469875ms)
✔ cache writes before offline authorization; failed writes, invalid refresh and account change fail closed (2.48975ms)
✔ content reports are reachable from canonical practice details (3.344625ms)
✔ report affordance uses the canonical bounded button without changing its open-only action (1.945ms)
✔ report input is intentionally content-free beyond bounded item context (0.634917ms)
✔ guest report disclosure is short by default and exposes accessible details (0.457292ms)
✔ Review presents unavailable entries in a separate section with scoped removal confirmation (5.29675ms)
✔ review screen keeps unavailable rows out of due and upcoming sections (2.520916ms)
✔ track presentation exposes only the concrete Google Cloud track (1.381292ms)
✔ active track naming is complete in the Polish presentation dictionary (14.163042ms)
✔ review presentation uses the concrete track title when taxonomy context is absent (2.267792ms)
✔ review translates known track and cloud taxonomy labels while preserving authored taxonomy (6.181834ms)
✔ dynamic track titles cross the translation boundary and long header copy can shrink (3.465667ms)
✔ rapid typing coalesces to the latest value (190.167458ms)
✔ an edit arriving during a write is persisted after it (0.949167ms)
✔ one drain preserves dirty values for multiple stages (183.018917ms)
✔ failure retains dirty data and a later flush retries it (182.946375ms)
✔ flush waits for the latest in-flight edit before resolving (0.620375ms)
✔ a local response draft is visible only for its own occurrence (1.57325ms)
✔ save transition clears before projection refresh and restores the keyed draft on failure (3.037792ms)
✔ practice SessionShell uses natural action geometry while simulation keeps its fixed footer (3.562042ms)
✔ SessionShell keeps the Figma top bar in one row at large text (4.816833ms)
✔ SessionShell keeps chrome readable without allowing it to crowd out authored content (0.278584ms)
✔ session timers keep the Figma value-only visual label while retaining spoken context (1.101083ms)
✔ Practice sessions reset their scroll viewport when the canonical item changes (1.138417ms)
✔ Button chrome remains usable while supporting up to 200 percent text (0.279833ms)
✔ final simulation action saves an answered response before finish and lets an unanswered final occurrence finish (2.92ms)
✔ simulation question navigator has the approved states, accessible labels, and large-text grid adaptation (9.1685ms)
✔ simulation operation surface renders only declared state actions and never a generic retry (4.226875ms)
✔ navigator jumps retain the current question in an explicit locked presentation (0.466542ms)
✔ button loading decoration stays outside the accessible busy control (0.448542ms)
✔ simulation pause/end uses one Figma action sheet and keeps the destructive command reachable (0.809083ms)
✔ simulation finish confirmation uses the Figma action-required copy and review dismissal (0.742208ms)
✔ simulation result presentation distinguishes pending, verified, scoreless, and rejected reads (4.994875ms)
✔ keyed result reads discard a previous request after the session changes (2.6445ms)
✔ focus loss and unmount invalidation prevent late read errors from publishing (0.32275ms)
✔ retry starts a new generation and publishes only its successful result (0.26325ms)
✔ blur or unmount invalidates the latest retry token (0.252709ms)
✔ the current rejected result read stays an explicit error (0.292291ms)
✔ non-final simulation CTA labels, disables, and invokes only save-and-continue (20.714625ms)
✔ an unanswered non-final simulation occurrence keeps the Figma Save and continue CTA disabled (0.282708ms)
✔ simulation result and review are exposed only through the verified result reader (3.160333ms)
✔ active simulation surface fills the viewport and keeps navigator presentation outside the approved active screen (0.847959ms)
✔ simulation confirmation reuses the session chrome owner with its Figma frozen-state geometry (1.0955ms)
✔ simulation preparation owns neutral question and response geometry (0.517375ms)
✔ simulation statuses localize their projection copy and expose pending operation semantics (0.411583ms)
✔ Simulation navigator accepts complete unique projections for each supported session length (5.8415ms)
✔ Simulation completion metrics are withheld before the verified completed projection (0.374417ms)
✔ all seven locales preserve namespace, key, leaf, array and token contracts (143.146792ms)
✔ plural suffix groups match the English source (87.270666ms)
✔ identical English values stay within the reviewed exception list (57.537958ms)
✔ i18next has no language or namespace fallback (24.151125ms)
✔ translation AST collection stays on literal first arguments (1104.405958ms)
✔ scoped Practice, result, review, and session-shell literals exist in both locales (514.671417ms)
✔ practice presentation output strings are keys in both locales (4.107708ms)
✔ admitted practice mode titles, details, and unavailable reasons are locale keys (6.557375ms)
✔ local remote-client boundary is explicit and has no implicit endpoint (2.170375ms)
✔ public environment accepts the complete sandbox-only Firebase domain configuration (0.699125ms)
✔ public environment rejects extra keys, incomplete values, unsafe URLs, and production Firebase defaults (0.749875ms)
✔ runtime privacy keeps console and raw errors forbidden inside adapters and rejects sibling client paths (629.206042ms)
✔ explicit local fixture works only inside the development smoke boundary (1.613375ms)
✔ getMe validates the complete canonical profile and preserves nullable fields (51.124542ms)
✔ getMe rejects incomplete, mistyped, malformed, and extended account profiles (15.349417ms)
✔ deletion response methods bind exact proof and operation identity while preserving nullable pending proofs (12.681417ms)
✔ account and deletion parsers preserve the existing route, method, body, and auth modes (2.863125ms)
✔ client rejects an unconfigured environment and missing authentication (1.827917ms)
✔ account session exchange sends an empty authenticated request and parses its custom token (2.998708ms)
✔ account session exchange rejects a missing custom token (0.70475ms)
✔ account registration validates and preserves distinct Terms and Privacy evidence (1.866834ms)
✔ session revocation accepts only the exact operation and a nonempty replacement token (1.874917ms)
✔ recovery operation methods use the canonical paths, proof body, and authentication modes (3.755083ms)
✔ recovery operation parsers reject malformed, mismatched, and extended server results (14.342959ms)
✔ recovery calls reject invalid operation IDs and proofs before token acquisition or network use (1.056125ms)
✔ recovery calls preserve typed server failures and Retry-After (0.69975ms)
✔ content package transport uses the authenticated App Check API and returns binary response headers (41.382166ms)
✔ content package transport caps streamed response bodies at two MiB (1.716583ms)
✔ content package transport preserves typed backend admission codes (1.499875ms)
✔ mobile requests fail before transport when App Check is unavailable (0.435208ms)
✔ canonical progress transport has no protocol query or version labels (2.411792ms)
✔ client rejects removed protocol fields before sending a sync request (0.300792ms)
✔ client accepts canonical identity lengths supported by content (1.272458ms)
✔ client turns removed identity metadata in a response into a schema conflict (6.52275ms)
✔ Apple nonce boundary hashes the Expo request and preserves the Firebase raw nonce (44.961917ms)
✔ authorization generation claim identifies exchanged sessions and rejects malformed values (0.775583ms)
✔ authorization generation reads force-refresh claims for the same current Firebase identity (1.285584ms)
✔ authorization generation refresh rejects a result after the Firebase identity changes (0.38975ms)
✔ local Firebase sign-out retries and verifies persisted-user removal after SDK persistence rejection (0.572375ms)
✔ local Firebase sign-out stays failed if Auth still has a user or persistence cannot be verified (0.44325ms)
✔ Firebase configuration exposes the deny-all rules and the one semantic account-record index (3.753417ms)
✔ keeps pre-market Firebase Hosting unpublished and loopback-only (252.529333ms)
✔ provider fixture URL accepts only the strict local emulator command and opaque identity (8.258709ms)
✔ provider fixture URL rejects extra, duplicate, reordered, malformed, and credential-bearing parameters (1.372083ms)
✔ provider fixture guard requires explicit development smoke and loopback emulator/API project (0.355209ms)
✔ Google mock OIDC token uses a stable synthetic subject and no real account fields (2.8265ms)
✔ Apple fixture feeds a fresh raw nonce through the production OAuthCredential builder (4.796291ms)
✔ Firebase Auth Emulator is unavailable outside explicit development E2E (1.701708ms)
✔ Firebase Auth Emulator requires the canonical local development origin (0.384291ms)
✔ local builds keep public legal links explicitly unavailable without configuration (1.423959ms)
✔ missing public URL fails closed instead of inferring a destination (2.865166ms)
✔ configured public legal links preserve the validated contract destinations (0.719584ms)
✔ canonical serialization sorts object keys without changing array order (1.590334ms)
✔ fingerprint payload carries the canonical serializer version (8.439917ms)
✔ canonical-json-v1 is NFC-normalized, rejects duplicate keys, and counts UTF-8 bytes (1.597ms)
✔ SHA-256 identities are stable, opaque, and response-sensitive (0.767084ms)
✔ native byte hashing passes an owned TypedArray to expo-crypto (1.885708ms)
✔ platform-neutral SHA-256 matches standard UTF-8 vectors (1.89875ms)
✔ session identity is anchored to canonical track, version, and artifact SHA (1864.079667ms)
✔ goal days map to Expo weekly weekdays where Sunday is one (1.846166ms)
✔ config requires non-empty key and authenticated account (3.479666ms)
✔ adapter is iOS-only and validates monthly product terms (0.959041ms)
✔ purchase cancellation and failures are explicit (0.587584ms)
✔ configuration is single-flight across concurrent actions (0.368334ms)
✔ copy stores only a digest and schedules cleanup for five minutes (2.279208ms)
✔ expired unchanged recovery codes are cleared (0.748125ms)
✔ scheduled timer callback performs the due cleanup (13.466542ms)
✔ later clipboard content is never removed (0.800125ms)
✔ restart reconciliation schedules a pending cleanup without reading the clipboard early (0.653084ms)
✔ copy failure rolls back unchanged clipboard content instead of leaving an unmanaged secret (1.057083ms)
✔ durable marker is written before recovery codes reach the clipboard (1.60675ms)
✔ failed system cleanup keeps the marker and schedules a retry (2.981291ms)
✔ an uncertain rejected clipboard write preserves recovery when the written value cannot be cleared (0.572208ms)
✔ vault round-trips only the versioned recovery record and clears it (4.015ms)
✔ vault persists a strict current-account defer marker in the retained issue record (1.710875ms)
✔ vault rejects malformed records without leaking parser errors or deleting evidence (0.660583ms)
✔ vault rejects duplicate or malformed recovery codes before storage (0.462792ms)
✔ vault round-trips exactly one same-account replacement backup without recursive lineage (0.623792ms)
✔ vault rejects replacement backups with mismatched identity, operation ID, or recursive/extended shape (1.361667ms)
✔ vault reports write and clear failures explicitly (0.638833ms)
✔ a fresh install creates only an encrypted canonical slot (10.067792ms)
✔ legacy data is copied, verified and encrypted before ready, then purged after a cold reopen (4.397375ms)
✔ every interrupted manifest transition resumes without losing the legacy source (20.897833ms)
✔ requested key rotation switches slots without losing data and removes the old key after a cold reopen (5.086041ms)
✔ missing keys and corrupt manifests fail closed (2.323333ms)
✔ closed storage failure codes survive a native module realm boundary without message parsing (0.360041ms)
✔ a completed store still requires its immutable transfer marker (3.696041ms)
✔ explicit unavailable-data reset removes slots, manifests and keys (2.495292ms)
✔ failed unavailable-data reset reports the error and a repeated reset completes partial removal (7.815833ms)
✔ stores one strict, versioned record with only operation identity metadata (5.6415ms)
✔ duplicate UID and operation ID remains one pending entry and verified state (0.694792ms)
✔ operation IDs must be UUIDv4 both on writes and when loading persisted records (0.995834ms)
✔ a version-one pending record is rejected instead of migrated (0.491541ms)
✔ a stale UID or operation cannot clear a newer block (26.308042ms)
✔ verified UID or null Auth can clear the matching block while retaining pending work (1.154458ms)
✔ a queued null-Auth clear rechecks its guard inside the serialized mutation (1.840625ms)
✔ another UID cannot alter a different UID's pending operation (0.4955ms)
✔ verified remote completion removes only the exact UID and operation pair (0.802542ms)
✔ completion rechecks its guard after the async read and keeps the pending marker when stale (0.685542ms)
✔ completion records a durable tombstone when read-back cannot verify pending removal (0.554667ms)
✔ an unavailable confirmation read still leaves pending or an exact completed tombstone (0.569ms)
✔ corrupt or unknown-version records fail closed without being overwritten (0.904208ms)
✔ read and write errors fail closed; an interrupted persisted write is safe to retry (0.554375ms)
✔ a write is not accepted until read-back matches exactly (0.170834ms)
✔ snapshots are deeply immutable and independent of later mutations (0.374583ms)
✔ transactions serialize across control instances in the JavaScript runtime (0.265208ms)
✔ prepare opens the router without publishing or reading a scoped key (5.971875ms)
✔ prepared inspection exposes registry metadata and freshness without opening profile storage (3.241917ms)
✔ prepared guest validation reads only access markers without publishing storage (3.740917ms)
✔ prepared authenticated recovery promotes only a matching bound guest (5.316625ms)
✔ closing an active profile revokes returned clients and preserves prepared metadata (1.164ms)
✔ deferred activation does not wake preferences until the caller approves the profile scope (0.679709ms)
✔ prepared account selection commits and reloads while keeping scoped storage closed (2.047416ms)
✔ changed prepared account selection can activate the refreshed profile without app reload (3.698083ms)
✔ prepared account selection refuses Auth that becomes stale before the registry commit (2.037625ms)
✔ prepared guest selection refreshes metadata and activates after commit without app reload (3.604708ms)
✔ implicit prepared guest selection fails closed when multiple preserved guests exist (1.783917ms)
✔ prepare for an existing legacy owner reads only migration metadata (0.946708ms)
✔ prepare for an existing legacy guest reads only migration metadata (0.438875ms)
✔ activation is required and publishes only matching prepared profile metadata (0.456333ms)
✔ mismatched activation fails closed (0.441791ms)
✔ prepare failure clears any previously published scoped client (0.584542ms)
✔ prepare revokes previously returned scoped storage references (0.571166ms)
✔ legacy owner remains byte-for-byte visible only through its own logical scope (5.929584ms)
✔ an unchosen empty welcome profile stays fresh across restarts until guest markers are written (2.392541ms)
✔ an existing storage key prevents missing registry metadata from being classified as fresh (0.889583ms)
✔ explicit selection of the initial guest provisions its unbound access markers (1.260542ms)
✔ a selected modern guest keeps its earlier independent dataset identity and scoped data (6.408959ms)
✔ a completed modern guest adoption promotes only its matching account and permits a new guest (4.57475ms)
✔ valid adoption-pending legacy guest marker remains readable during profile registry migration (0.649916ms)
✔ legacy guest migration keeps the verified marker dataset ID despite a different generated identity (0.673ms)
✔ a persisted mismatched legacy guest ID still validates its raw unbound guest markers (0.656208ms)
✔ a selected guest receives an isolated, durable namespace without changing legacy bytes (1.8775ms)
✔ a later exact owner login selects the unchanged legacy scope before local reads (2.012583ms)
✔ switching away from a modern account never reads its scoped payload (6.253166ms)
✔ malformed profile registry blocks instead of choosing a storage namespace (0.393292ms)
✔ concurrent guest selections claim one transition and cannot commit competing profiles (0.8155ms)
✔ selectGuest reuses the selected guest with the same profile ID and stored data (0.983916ms)
✔ selectGuest fails closed when the selected guest marker cannot be verified (1.130041ms)
✔ selectGuest returns a typed ambiguity error without writing when multiple guests are preserved (2.108792ms)
✔ one canonical guest and two account scopes survive restart without cross-scope access (4.661958ms)
✔ existing guest reselection rejects non-guest IDs without changing the registry (0.439292ms)
✔ failed existing guest registry commit leaves the current scope closed (3.555083ms)
✔ visible legal documents index all seven locales directly (2.542667ms)
✔ unapproved locale documents fail closed in release and never fall back to English (0.372209ms)
✔ visible legal screens request the selected locale directly (1.419667ms)
✔ accepts the current legal variable shape in test mode and preserves checkout flag boolean (12.461ms)
✔ seven-locale legal drafts require all locales and explicit unapproved test-only markers (3.428291ms)
✔ legal variables select the local fixture for local mode and the checked-in JSON for release mode (1427.016959ms)
✔ legal variable CLI resolver uses distinct sources and never falls back for missing or invalid release JSON (4.329292ms)
✔ reports missing keys, locales and unexpected keys by field path (1.671916ms)
✔ rejects empty, whitespace-only and padded localized values (1.689916ms)
✔ release mode rejects recognized placeholders and test mode allows them (1.946458ms)
✔ public privacy and terms links require canonical HTTPS paths without query or fragment (4.040542ms)
✔ accepts complete production-like legal values in release mode (1.008583ms)
✔ CLI passes test mode and release mode rejects placeholders with field paths (1120.713708ms)
✔ provider registration binds the complete canonical English and Polish documents to their loaded versions (7.908ms)
✔ provider registration fails closed for draft locales and incomplete release legal configuration (0.698542ms)
✔ language settings audit command is exact and development-smoke only (1.141959ms)
✔ language settings audit route renders the production screen without account or preference commands (0.779333ms)
✔ the loading-state inventory stays complete as pending surfaces evolve (48.540541ms)
✔ LoadingState is the compact accessible generic pending status (1.32875ms)
✔ EmptyState is the centered retained-content/unavailable status primitive (0.507708ms)
✔ exactly the one remaining generic pending branch uses LoadingState (18.403292ms)
✔ C1 screens own local review and exam loading geometry (0.473375ms)
✔ bootstrap, roadmap, and setup own their phase or screen loading geometry (3.450292ms)
✔ Home shell owns tab-specific glass loading geometry and keeps navigation usable (2.593375ms)
✔ Practice Hub keeps its local pending geometry while the scoped read model owns state (0.984709ms)
✔ specialized practice sessions share one neutral question and response loading skeleton (1.678584ms)
✔ Activity owns its glass loading skeleton (1.226084ms)
✔ Coding Interview scope owns its glass loading skeleton (0.714458ms)
✔ exam review owns its glass loading skeleton (0.224458ms)
✔ exam result owns its glass loading skeleton (0.753958ms)
✔ coding practice result owns its glass loading skeleton (0.74375ms)
✔ mistakes review owns its glass loading skeleton (0.706708ms)
✔ SkeletonShape owns the shared clipped glass primitive (0.599958ms)
✔ Skeleton glass motion uses one native driver loop and resets on lifecycle changes (0.453541ms)
✔ Skeleton glass motion stays static while Reduce Motion is unresolved or fails (0.285708ms)
✔ pending data is distinct from true empty and onboarding outcomes (1.20425ms)
✔ the six read owners end rejected reads in explicit unavailable EmptyStates (1.889458ms)
✔ scoped practice reads honor explicit route identity and only load reviews on Hub (2.569416ms)
✔ route-keyed read states block A under B and publish only their captured request (1.164417ms)
✔ queue reads clear stale resolved data before pending or unavailable (0.558333ms)
✔ specialized session preparation stays local while completion uses the generic status (0.752084ms)
✔ Interview Simulation result reads stay pending until the verified 40-item projection (0.902666ms)
✔ navigation screens do not re-enter the public navigation barrel at runtime (7.031916ms)
✔ bottom navigation labels stay canonical (2.08875ms)
✔ primary Home and Practice CTAs route to Practice Hub (0.276041ms)
✔ Home change track CTA routes to track selection (0.160583ms)
✔ shell safety model exposes no gamified status fields (0.278417ms)
✔ Practice review weak items routes to canonical review queue (0.388292ms)
✔ bootstrap owns one branded phase-aware loading surface with no synthetic completion (6.470708ms)
✔ generic LoadingState no longer carries the startup animation variant (0.752292ms)
✔ app preferences default to English content locale and device appearance (3.305416ms)
✔ app preferences retain an explicitly selected Polish locale (2.551916ms)
✔ settings storage retains every supported manual language (6.783333ms)
✔ translations resolve common UI copy through i18next (5.972667ms)
✔ all seven runtime locales expose translated settings, nested legal and data copy (3.153708ms)
✔ nested legal and data translations resolve and interpolate in English and Polish (1.130167ms)
✔ Legal information distinguishes device storage, account sync, local reset, account deletion, and retained deletion evidence (1.185791ms)
✔ Legal hub keeps full rules in local documents and presents only proven request timeframes (1.37675ms)
✔ sentence keys containing dots remain literal in common (0.795917ms)
✔ flat common labels containing colons remain literal keys (0.700917ms)
✔ flat learningPlan plural resources remain addressable and mutable (6.594084ms)
✔ namespace normalization rejects dotted-key collisions atomically regardless of source order (1.086167ms)
✔ language changes persist all supported choices without changing appearance (0.583875ms)
✔ a failed language write rejects and preserves the previous saved choice for retry (3.3765ms)
✔ system locale resolver recognizes all supported targets and regional/case variants (13.920125ms)
✔ unknown and malformed system locale values resolve explicitly to temporary English (0.503709ms)
✔ all manual choices remain authoritative and settings offer seven languages (0.711125ms)
✔ i18next does not silently fill missing keys from another locale (4.458084ms)
✔ notification settings renders only the accepted plan slots and follows the stored settings entry (8.173792ms)
✔ hook proves readiness only from accepted plan and at least one slot (0.436417ms)
✔ structural failures and absent plans expose no permission or activation controls (4.21225ms)
✔ accepted disabled plan may show permission and enable action (0.258583ms)
✔ only a synced result is presented as active with a turn-off action (0.177333ms)
✔ durable pending failures expose retry and neutral cancel, never active wording (0.2215ms)
✔ pending retry and cancel actions call the existing retry and disable paths (0.337292ms)
✔ seven locales have distinct reminder-draft and cancellation copy with no goal return copy (2.276125ms)
✔ notification settings keeps lifecycle-safe request coordination (1.345375ms)
✔ notification settings mutations are single-flight before asynchronous work starts (1.324458ms)
✔ a read that started before a mutation cannot overwrite the completed mutation (6.906625ms)
✔ a read started during a mutation stays stale while a later idle read can commit (0.318ms)
✔ a foreground read during a mutation is skipped before it can leave loading asserted (0.381416ms)
✔ Settings exposes account and participant navigation actions plus conditional developer verification actions (3.810334ms)
✔ Legal information exposes distinct personal-rights and non-personal-recovery entries (0.65175ms)
✔ Legal information scopes missing public configuration to external support and keeps local documents available (1.184916ms)
✔ Legal request form keeps validation inline, field-specific, and API-free (1.074375ms)
✔ Settings account presentation names guest, authenticated, and unavailable states and keeps sign-out provider-owned (2.299125ms)
✔ Settings keeps the backend verification group explicitly development-only (0.461042ms)
✔ grouped settings rows follow the Figma 200% text geometry (0.646708ms)
✔ InfoBlock and ListRow remount native text when live Dynamic Type scale changes (0.583375ms)
✔ Settings heading has no redundant description and locale keeps goal copy (0.644166ms)
✔ Premium keeps a localized Settings context while retaining the back action (0.951792ms)
✔ Your data keeps the Settings entry label and names its local header consistently (1.001042ms)
✔ Your data owns an exhaustive account-state action matrix and wires the mapped controls (6.550417ms)
✔ Your data export copy matches the complete JSON scope and the system share or save action (0.931833ms)
✔ Settings app identity follows the Figma footer geometry (0.771625ms)
✔ Settings keeps appearance values readable at large text (0.222708ms)
✔ shared supporting list-row text uses the Figma fractional line height (0.875417ms)
✔ appearance selection owns the typed accessible radio choice flow (0.933875ms)
✔ language selection owns the typed accessible radio choice flow (0.777584ms)
✔ System language detail follows the device locale independently from the selected app locale (0.895375ms)
✔ InfoBlock exposes opt-in alert semantics for dynamic settings errors (0.170834ms)
✔ appearance choices use the Figma preview variants without changing language choices (0.284667ms)
✔ settings bottom sheets use the Figma elevated shell and modal accessibility boundary (1.04475ms)
✔ information topics keep a stable locale-independent selection and explicit next-page affordance (0.93925ms)
✔ active sessions stay local and block account snapshot export (11.18275ms)
✔ canonical account records round trip through remote materialization (12.17425ms)
✔ remote materialization keeps the newest active track independent of input order and acknowledges both records (9.02825ms)
✔ remote materialization rejects missing or invalid updatedAt (1.224375ms)
✔ equal updatedAt selects the same active track using canonical identity (1.717792ms)
✔ snapshot and materialization preserve one exact goal-plan bundle (58.227875ms)
✔ bound account sync validates a goal and learning plan as one sync-plan bundle (41.1695ms)
✔ bound account sync builds one retryable canonical outbox and acknowledges it (3.883833ms)
✔ bound account outbox creates an explicit tombstone for a deleted acknowledged record (6.103334ms)
✔ reselecting an acknowledged active track tombstones the previously acknowledged track (4.26325ms)
✔ pending mutation IDs stay stable across an uncertain retry (7.120625ms)
✔ removed identity metadata is rejected before persistence (0.714708ms)
✔ deleted records keep their exact durable identity and tombstone state (0.564959ms)
✔ canonical repository bootstrap requires an already active storage scope (11.870916ms)
✔ canonical repositories use individual immutable records and one active session (6.531541ms)
✔ training sessions permit free navigation while rejecting regressing foreground time and missing active records (3.26075ms)
✔ active sessions persist only preallocated conditional reinsert resolutions (16.126333ms)
✔ terminal sessions are immutable except for identical recovery replay (1.414541ms)
✔ strict guards accept resolved identities and reject mismatches, tombstones, and legacy identity fields (1.463541ms)
✔ strict session reads reject a legacy-shaped stored record without inference (0.663125ms)
✔ canonical repository bootstrap reports the exact six steps in order (2.334ms)
✔ canonical repository bootstrap isolates a throwing step observer without wrapping failures (0.948ms)
✔ typed stores keep unavailable records outside strict runtime keys and reject legacy identity fields (7.585917ms)
✔ abandon unavailable active writes terminal archival history before removing the tombstone (6.609375ms)
✔ removing an unavailable review removes only that entry (3.741583ms)
✔ stored unavailable indexes fail closed when a record is malformed (0.9415ms)
✔ committed unavailable-active repair preserves active order and removes only archive IDs from the index (10.088041ms)
✔ committed unavailable-active repair is an idempotent no-op for an already exact active index (0.818916ms)
✔ committed unavailable-active repair treats an expected-revision race as a typed conflict without retry or partial write (1.097125ms)
✔ committed unavailable-active repair reports a verification mismatch after one index write without retry (2.106333ms)
✔ committed unavailable-active repair fails typed and makes no partial write for invalid index or record state (2.891708ms)
✔ committed unavailable-active repair removes archive-only IDs while preserving their records (0.793125ms)
✔ learning-state reset clears all three private content-identity stores (1.389458ms)
✔ report form submission persists a queued local outbox entry when backend is unavailable (9.840083ms)
✔ report outbox normalizes an omitted note and rejects obvious private data before persistence (1.188708ms)
✔ report outbox requires App Check, then accepts with the same idempotency key (22.173709ms)
✔ throwing native App Check provider leaves a report failed and retryable (1.712667ms)
✔ failed transport is retryable without creating a new report identity (2.192291ms)
✔ a lost response keeps the original report identity and accepts duplicate confirmation (2.095625ms)
✔ cleanup failure never claims accepted and preserves the retrying record (2.272542ms)
✔ canonical bootstrap purges legacy accepted entries but preserves uncertain reports (141.283958ms)
✔ local outbox removes unconfirmed reports after 30 days and preserves newer retries (1.41675ms)
✔ canonical runtime transport flushes once after readiness and is torn down without fallback (1.41925ms)
✔ restart readiness replays queued, retrying, and failed records with their original identities (2.306458ms)
✔ readiness flush and a concurrent submit share one in-flight send and one cleanup (0.926792ms)
✔ teardown during an in-flight response leaves the entry retryable for duplicate reconciliation (0.915833ms)
✔ goal onboarding dismissal is durable, idempotent, and scoped per track (2.716458ms)
✔ goal onboarding dismissal rejects unsupported stored records (0.912042ms)
✔ goal snapshots expose canonical revisions and CAS advances them (4.790167ms)
✔ goal snapshot CAS rejects stale create and update without changing durable data (3.75175ms)
✔ legacy goal access stays compatible and snapshot writes keep goal validation (1.007958ms)
✔ goal snapshot CAS rejects a reentrant create for the same canonical key (0.847042ms)
✔ guest access is an explicit durable decision and can be cleared for account entry (2.65625ms)
✔ provisions one validated guest installation and preserves it across repeated bootstrap (124.282209ms)
✔ guest access requires an existing unbound installation and rejects retained account data (0.885084ms)
✔ corrupt or unsupported guest installation records block without replacement (1.654083ms)
✔ guest installation blocks coercible identifiers and non-v4 UUID records (1.810125ms)
✔ valid later binding states are preserved without adopting or regenerating an installation (24.426875ms)
✔ identity or write failure blocks before recovery/content and leaves no partial guest record (1.280541ms)
✔ guest installation rejects malformed generated identities without writing (0.758625ms)
✔ bootstrap blocks corrupt guest access before content without replacing it (0.761709ms)
✔ inconsistent installation bindings block bootstrap and guest access without replacement (1.164125ms)
✔ persistent plan read returns its canonical envelope revision (50.692333ms)
✔ dual-key CAS rejects stale goal and plan revisions and accepts one idempotent command retry (5.44325ms)
✔ compound lock sorts and deduplicates keys and rejects reentrant acquisition (1.021083ms)
✔ write uncertainty can be retried by command id, while a failure before persistence is not a false success (2.552625ms)
✔ accepts a journal whose scope and writes use one exact resolved artifact (18.004208ms)
✔ uses the complete resolved reference when validating attempt and session relationships (4.756541ms)
✔ requires an exact lowercase artifact SHA and rejects legacy top-level identity fields (1.389875ms)
✔ permits a reset journal only with a null artifact scope (2.512625ms)
✔ stores and reads the complete plan identity, slot identity, and envelope revision (65.389166ms)
✔ legacy settings migrate to enabled-only state while retaining every native notification id (1.34075ms)
✔ legacy daily settings retain the one native id during migration (0.578ms)
✔ legacy journals become cancellation-only journals and cannot restore their old desired slots (1.43ms)
✔ rejects duplicate days or slot IDs in a canonical settings record (2.077458ms)
✔ rejects identity without commandId, contentVersion, or a valid artifact SHA (1.212958ms)
✔ Premium testing override is unavailable outside sandbox and local development runtimes (2.243291ms)
✔ Premium testing override persists only for a sandbox or local development runtime (0.55925ms)
✔ keeps the same question distinct across immutable artifact SHA-256 values (8.020875ms)
✔ preserves durable identity conflicts for one resolved content reference (1.678208ms)
✔ rejects a durable ID rewrite across artifact identities before writing either entry (0.86775ms)
✔ preserves index order while updating and removing canonical entries (36.818792ms)
✔ rejects legacy identity fields, mixed records, tombstones, and non-lowercase artifact hashes (2.380875ms)
✔ reads only strict canonical entries from durable storage (0.830375ms)
✔ clears all canonical review records and the index (1.802958ms)
✔ repository codec distinguishes absence and corrupt JSON (4.284167ms)
✔ canonical storage uses envelopes and rejects an unsupported schema identity (3.227333ms)
✔ the atomic track cutover rejects every persisted former track identity without translating it (10.066833ms)
✔ draft replacement verifies its expected revision (3.952375ms)
✔ bootstrap blocks an inconsistent active-session reference and a missing required draft (169.188667ms)
✔ bootstrap runs resolution only after recovery/content validation and exposes profile/content mismatch as blocking (33.003917ms)
✔ one MMKV native adapter is infrastructure-owned and runtime access stays bounded (121.104875ms)
✔ cutover removes old storage and remote content paths (1193.166083ms)
✔ canonical keys use the one Patternly namespace (1.881291ms)
✔ initializes and reuses the exact canonical metadata payload (4.320125ms)
✔ fails closed when stored metadata has an unknown shape or newer schema (1.491875ms)
✔ practice answer fixture completes ten canonical submissions with the exact mixed interaction outcomes (1909.528875ms)
✔ fixture construction uses canonical runtime methods and has no persistence path (0.723542ms)
✔ runtime selectors are deterministic and use the canonical grammar (6.039042ms)
✔ Premium offer setup selectors are deterministic and valid (0.360208ms)
✔ Design Interview save selectors distinguish persistence status and retry (0.28975ms)
✔ runtime selectors preserve canonical identities without learner-visible copy (0.523125ms)
✔ runtime selectors preserve case-sensitive authored item identities (0.311667ms)
✔ session metadata selectors expose validated lifecycle values without learner copy (0.488667ms)
✔ complexity selectors encode authored notation without weakening the selector grammar (2.24225ms)
✔ runtime selectors keep distinct runtime entities distinct (1.427916ms)
✔ unavailable recovery and review selectors remain stable and distinct (3.75975ms)
✔ runtime selector factories reject values that cannot be represented in the contract (0.690333ms)
✔ goal selectors expose stable target-date input and field-error identities (0.264417ms)
✔ learning plan selectors use the closed primary states and stable slot identities (0.771ms)
✔ learning plan editor retry selectors distinguish save from start-existing (0.223625ms)
✔ notification selectors keep plan slots and closed error states typed (0.497833ms)
✔ target date guidance selectors expose every closed state and reason (1.81325ms)
✔ Home plan selectors expose every closed unavailable reason (0.98275ms)
✔ Progress plan selectors expose typed completion, day and unavailable identities (0.759833ms)
✔ journey resolves canonical track mode and pool (1930.817ms)
✔ onDanger keeps destructive button text above normal-text contrast in both themes (1.735958ms)
✔ onPrimary keeps goal status and selected day labels above normal-text contrast in both themes (0.333916ms)
✔ RC Certification Maestro flows change, restore, persist, resume, finish, and review the 50-item exam (4.574625ms)
✔ RC Android runner requires the explicit current dev-client and evidence destination (0.468083ms)
✔ RC iOS runner requires one booted simulator and the same explicit evidence contract (0.42375ms)
✔ RC iOS certification smoke requires local credentials and authenticates only when Settings offers account entry (1.634917ms)
✔ Free Certification Exam flow resets once, reaches the Premium paywall, and retries after a cold restart without reset (1.78425ms)
✔ RC iOS timeout runner prepares one local exam, advances the audit clock, and captures timeout review evidence (1.141042ms)
✔ Certification progress derives practice, exam, outcome, taxonomy, review, and repeated-mistake signals (70.645625ms)
✔ Certification progress has explicit empty state and no synthetic learning metrics (10.181583ms)
✔ Certification progress ignores same-version evidence from another exact content package (0.916916ms)
✔ Certification result keeps truthful session metrics and routes Focus domains through the canonical formatter (37.521583ms)
✔ Certification Focus domain formatter resolves only a canonical roadmap node (14.127542ms)
✔ direct entry to excluded Algorithms declared-scope modes fails without substitution (1957.907875ms)
✔ completed Algorithms practice replaces its runner with the session-keyed summary route (12.484875ms)
✔ practice summary reloads the immutable result and runner navigation requires verified completion (1.963709ms)
✔ practice question review is a readonly session surface with bounded navigation and a return to its result (11.048125ms)
✔ session control labels identify the dimension, ordering position, and command (5.16425ms)
✔ coding review pending keeps SessionShell navigation while using neutral response anatomy (0.893917ms)
✔ interactive Algorithms session controls use real 48-point minimum geometry without hit-area substitutes (2.941ms)
✔ simulation accessibility respects motion, focus, and touch-target constraints (0.584ms)
✔ canonical session surfaces expose deterministic state and do not group interactive descendants (1.85825ms)
✔ practice exit makes abandonment a single explicit decision in a modal (1.283625ms)
✔ standalone practice conflict and unavailable states respect both safe-area edges (0.473ms)
✔ large text can grow session chrome and controls without fixed interactive heights (1.275625ms)
✔ bottom navigation preserves one-line visual labels while keeping every tab semantically named (0.899959ms)
✔ bottom navigation uses theme-appropriate separators without altering the light overlay (1.087ms)
✔ Practice Hub keeps the quiet-layered recommendation readable at large text and removes the competing stats card (0.73225ms)
✔ Practice Hub retains its mode layout and canonical ownership (3.117208ms)
✔ Practice Question Shell keeps the Figma prompt-to-answer rhythm (0.682292ms)
✔ certification exam stacks descriptive actions so large text cannot clip flagging or navigation (0.778834ms)
✔ practice runtime selectors are derived from the canonical session projection without entering speech labels (1.479125ms)
✔ dry-run regression starts the recommended session directly and proves its live timer (2.410291ms)
✔ dry-run regression ends early into a truthful partial summary (0.541417ms)
✔ Algorithms presentation metadata covers exactly the generated structural roadmap (9.12725ms)
✔ Algorithms runtime derives roadmap parent relationships and mental units from the generated SOT (0.986ms)
✔ AUD-02B runner fails closed outside the existing booted iPhone 17 app and local evidence setup (2.040584ms)
✔ AUD-02B executes authenticated Free, Premium, and expiry phases in order with the exact audit URL (0.574958ms)
✔ AUD-02B owns only its local backend process and gates both entitlement phases on readiness (2.113208ms)
✔ AUD-02B Free evidence selects Coding Mock and repeats the paywall after clearState:false relaunch (1.376125ms)
✔ AUD-02B Premium evidence restores the same 40-question draft before manual finalization and endpoint review (1.323083ms)
✔ AUD-02B expiry invokes only the exact Coding Mock command and captures finalized unanswered review (0.373292ms)
✔ Custom Practice resume preserves the selected durable at-session-end timing (531.418917ms)
✔ resume rejects an active session that lacks a canonical feedback timing (0.633667ms)
✔ M3 keeps the same Custom Practice session and withholds feedback across leave, kill, and resume (2.620125ms)
✔ M4 restores the exact Custom Practice durable feedback after leave, kill, and resume (0.434709ms)
✔ M5 reuses the complete M1 flow and proves a terminal session has no active resume path after relaunch (0.27225ms)
✔ RC Algorithms bootstrap resets learning data and explicitly selects the Algorithms track (3.503917ms)
✔ RC Algorithms iOS runner validates and passes explicit capture inputs only to the final Maestro flow (2.668458ms)
✔ AUD-02C runner is pinned to one existing iPhone 17 and ordered local entitlement phases (1.904208ms)
✔ AUD-02C flows prove Free denial, durable resume, manual result, timeout result, and rubric review (1.023041ms)
✔ AUD-02C premium and timeout flows preserve each response before saved status without keyboard commands (2.192916ms)
✔ Design session mode titles match the learner-facing journey (1.640042ms)
✔ Design result names its exact package topic and exposes missing mapping (1.107667ms)
ℹ tests 1867
ℹ suites 0
ℹ pass 1843
ℹ fail 20
ℹ cancelled 0
ℹ skipped 4
ℹ todo 0
ℹ duration_ms 118018.219334

✖ failing tests:

test at scripts/exportPublicDemo.test.mjs:55:1
✖ exports exactly Coding and AWS from current ordinary Free pools with source-bound authored feedback (1688.320833ms)
  Error: Public demo source is outside the existing app admission evidence.
      at buildPublicDemoProjection (file:///Users/lukaszkurczab/Desktop/Projects/Patternly/patternly/scripts/exportPublicDemo.mjs:66:412)
      at createPublicDemoCatalog (file:///Users/lukaszkurczab/Desktop/Projects/Patternly/patternly/scripts/exportPublicDemo.mjs:126:22)
      at async TestContext.<anonymous> (file:///Users/lukaszkurczab/Desktop/Projects/Patternly/patternly/scripts/exportPublicDemo.test.mjs:56:19)
      at async Test.run (node:internal/test_runner/test:1409:7)
      at async startSubtestAfterBootstrap (node:internal/test_runner/harness:387:3)

test at scripts/exportPublicDemo.test.mjs:105:1
✖ rejects source, identity, current locks/admission/receipts, family, and resolved Free-pool mismatches for each demo (1017.63525ms)
  Error: Public demo source is outside the existing app admission evidence.
      at buildPublicDemoProjection (file:///Users/lukaszkurczab/Desktop/Projects/Patternly/patternly/scripts/exportPublicDemo.mjs:66:412)
      at TestContext.<anonymous> (file:///Users/lukaszkurczab/Desktop/Projects/Patternly/patternly/scripts/exportPublicDemo.test.mjs:108:18)
      at async Test.run (node:internal/test_runner/test:1409:7)
      at async Test.processPendingSubtests (node:internal/test_runner/test:974:7)

test at scripts/releaseGate.test.mjs:170:1
✖ launch readiness report is deterministic and exposes the unresolved release blockers (2468.285125ms)
  TypeError: Cannot read properties of null (reading 'headCommit')
      at TestContext.<anonymous> (file:///Users/lukaszkurczab/Desktop/Projects/Patternly/patternly/scripts/releaseGate.test.mjs:191:42)
      at Test.runInAsyncScope (node:async_hooks:227:14)
      at Test.run (node:internal/test_runner/test:1402:25)
      at Test.start (node:internal/test_runner/test:1262:17)
      at startSubtestAfterBootstrap (node:internal/test_runner/harness:387:17)

test at scripts/releaseGate.test.mjs:321:1
✖ explicit report output is written after inspection and does not dirty either worktree (3160.21875ms)
  TypeError: Cannot read properties of null (reading 'repository')
      at TestContext.<anonymous> (file:///Users/lukaszkurczab/Desktop/Projects/Patternly/patternly/scripts/releaseGate.test.mjs:331:42)
      at Test.runInAsyncScope (node:async_hooks:227:14)
      at Test.run (node:internal/test_runner/test:1402:25)
      at Test.processPendingSubtests (node:internal/test_runner/test:974:18)
      at Test.postRun (node:internal/test_runner/test:1542:19)
      at Test.run (node:internal/test_runner/test:1467:12)
      at async Test.processPendingSubtests (node:internal/test_runner/test:974:7)

test at scripts/releaseManifest.test.mjs:172:1
✖ creates deterministic portable identity with repositories, locks, build, configuration, and evidence (1.0955ms)
  Error: spawnSync git ENOBUFS
      at Object.spawnSync (node:internal/child_process:1160:20)
      at spawnSync (node:child_process:928:24)
      at execFileSync (node:child_process:971:15)
      at makeWorkingTreeFixture (file:///Users/lukaszkurczab/Desktop/Projects/Patternly/patternly/scripts/releaseManifest.test.mjs:108:23)
      at TestContext.<anonymous> (file:///Users/lukaszkurczab/Desktop/Projects/Patternly/patternly/scripts/releaseManifest.test.mjs:153:24)
      at TestHook.runInAsyncScope (node:async_hooks:227:14)
      at TestHook.run (node:internal/test_runner/test:1402:25)
      at TestHook.run (node:internal/test_runner/test:1757:18)
      at TestHook.run (node:internal/util:581:20)
      at Test.createHook (node:internal/test_runner/test:1117:33) {
    errno: -55,
    code: 'ENOBUFS',
    syscall: 'spawnSync git',
    path: 'git',
    spawnargs: [ 'diff', 'HEAD', '--binary' ],
    error: Error: spawnSync git ENOBUFS
        at Object.spawnSync (node:internal/child_process:1160:20)
        at spawnSync (node:child_process:928:24)
        at execFileSync (node:child_process:971:15)
        at makeWorkingTreeFixture (file:///Users/lukaszkurczab/Desktop/Projects/Patternly/patternly/scripts/releaseManifest.test.mjs:108:23)
        at TestContext.<anonymous> (file:///Users/lukaszkurczab/Desktop/Projects/Patternly/patternly/scripts/releaseManifest.test.mjs:153:24)
        at TestHook.runInAsyncScope (node:async_hooks:227:14)
        at TestHook.run (node:internal/test_runner/test:1402:25)
        at TestHook.run (node:internal/test_runner/test:1757:18)
        at TestHook.run (node:internal/util:581:20)
        at Test.createHook (node:internal/test_runner/test:1117:33),
    status: null,
    signal: 'SIGTERM',
    output: [ null, <Buffer 64 69 66 66 20 2d 2d 67 69 74 20 61 2f 65 76 69 64 65 6e 63 65 2f 63 61 6e 64 69 64 61 74 65 2d 64 65 63 69 73 69 6f 6e 73 2f 61 77 73 2d 30 32 2d 63 ... 1114062 more bytes>, <Buffer > ],
    pid: 71965,
    stdout: <Buffer 64 69 66 66 20 2d 2d 67 69 74 20 61 2f 65 76 69 64 65 6e 63 65 2f 63 61 6e 64 69 64 61 74 65 2d 64 65 63 69 73 69 6f 6e 73 2f 61 77 73 2d 30 32 2d 63 ... 1114062 more bytes>,
    stderr: <Buffer >
  }

test at scripts/releaseManifest.test.mjs:191:1
✖ verifies exact HEADs, clean worktrees, hashes and current content/OpenAPI owning checks (0.302083ms)
  Error: spawnSync git ENOBUFS
      at Object.spawnSync (node:internal/child_process:1160:20)
      at spawnSync (node:child_process:928:24)
      at execFileSync (node:child_process:971:15)
      at makeWorkingTreeFixture (file:///Users/lukaszkurczab/Desktop/Projects/Patternly/patternly/scripts/releaseManifest.test.mjs:108:23)
      at TestContext.<anonymous> (file:///Users/lukaszkurczab/Desktop/Projects/Patternly/patternly/scripts/releaseManifest.test.mjs:153:24)
      at TestHook.runInAsyncScope (node:async_hooks:227:14)
      at TestHook.run (node:internal/test_runner/test:1402:25)
      at TestHook.run (node:internal/test_runner/test:1757:18)
      at TestHook.run (node:internal/util:581:20)
      at Test.createHook (node:internal/test_runner/test:1117:33) {
    errno: -55,
    code: 'ENOBUFS',
    syscall: 'spawnSync git',
    path: 'git',
    spawnargs: [ 'diff', 'HEAD', '--binary' ],
    error: Error: spawnSync git ENOBUFS
        at Object.spawnSync (node:internal/child_process:1160:20)
        at spawnSync (node:child_process:928:24)
        at execFileSync (node:child_process:971:15)
        at makeWorkingTreeFixture (file:///Users/lukaszkurczab/Desktop/Projects/Patternly/patternly/scripts/releaseManifest.test.mjs:108:23)
        at TestContext.<anonymous> (file:///Users/lukaszkurczab/Desktop/Projects/Patternly/patternly/scripts/releaseManifest.test.mjs:153:24)
        at TestHook.runInAsyncScope (node:async_hooks:227:14)
        at TestHook.run (node:internal/test_runner/test:1402:25)
        at TestHook.run (node:internal/test_runner/test:1757:18)
        at TestHook.run (node:internal/util:581:20)
        at Test.createHook (node:internal/test_runner/test:1117:33),
    status: null,
    signal: 'SIGTERM',
    output: [ null, <Buffer 64 69 66 66 20 2d 2d 67 69 74 20 61 2f 65 76 69 64 65 6e 63 65 2f 63 61 6e 64 69 64 61 74 65 2d 64 65 63 69 73 69 6f 6e 73 2f 61 77 73 2d 30 32 2d 63 ... 1114062 more bytes>, <Buffer > ],
    pid: 71965,
    stdout: <Buffer 64 69 66 66 20 2d 2d 67 69 74 20 61 2f 65 76 69 64 65 6e 63 65 2f 63 61 6e 64 69 64 61 74 65 2d 64 65 63 69 73 69 6f 6e 73 2f 61 77 73 2d 30 32 2d 63 ... 1114062 more bytes>,
    stderr: <Buffer >
  }

test at scripts/releaseManifest.test.mjs:199:1
✖ CLI create output can be copied to another external directory and verified (0.127458ms)
  Error: spawnSync git ENOBUFS
      at Object.spawnSync (node:internal/child_process:1160:20)
      at spawnSync (node:child_process:928:24)
      at execFileSync (node:child_process:971:15)
      at makeWorkingTreeFixture (file:///Users/lukaszkurczab/Desktop/Projects/Patternly/patternly/scripts/releaseManifest.test.mjs:108:23)
      at TestContext.<anonymous> (file:///Users/lukaszkurczab/Desktop/Projects/Patternly/patternly/scripts/releaseManifest.test.mjs:153:24)
      at TestHook.runInAsyncScope (node:async_hooks:227:14)
      at TestHook.run (node:internal/test_runner/test:1402:25)
      at TestHook.run (node:internal/test_runner/test:1757:18)
      at TestHook.run (node:internal/util:581:20)
      at Test.createHook (node:internal/test_runner/test:1117:33) {
    errno: -55,
    code: 'ENOBUFS',
    syscall: 'spawnSync git',
    path: 'git',
    spawnargs: [ 'diff', 'HEAD', '--binary' ],
    error: Error: spawnSync git ENOBUFS
        at Object.spawnSync (node:internal/child_process:1160:20)
        at spawnSync (node:child_process:928:24)
        at execFileSync (node:child_process:971:15)
        at makeWorkingTreeFixture (file:///Users/lukaszkurczab/Desktop/Projects/Patternly/patternly/scripts/releaseManifest.test.mjs:108:23)
        at TestContext.<anonymous> (file:///Users/lukaszkurczab/Desktop/Projects/Patternly/patternly/scripts/releaseManifest.test.mjs:153:24)
        at TestHook.runInAsyncScope (node:async_hooks:227:14)
        at TestHook.run (node:internal/test_runner/test:1402:25)
        at TestHook.run (node:internal/test_runner/test:1757:18)
        at TestHook.run (node:internal/util:581:20)
        at Test.createHook (node:internal/test_runner/test:1117:33),
    status: null,
    signal: 'SIGTERM',
    output: [ null, <Buffer 64 69 66 66 20 2d 2d 67 69 74 20 61 2f 65 76 69 64 65 6e 63 65 2f 63 61 6e 64 69 64 61 74 65 2d 64 65 63 69 73 69 6f 6e 73 2f 61 77 73 2d 30 32 2d 63 ... 1114062 more bytes>, <Buffer > ],
    pid: 71965,
    stdout: <Buffer 64 69 66 66 20 2d 2d 67 69 74 20 61 2f 65 76 69 64 65 6e 63 65 2f 63 61 6e 64 69 64 61 74 65 2d 64 65 63 69 73 69 6f 6e 73 2f 61 77 73 2d 30 32 2d 63 ... 1114062 more bytes>,
    stderr: <Buffer >
  }

test at scripts/releaseManifest.test.mjs:266:1
✖ enforced releaseGate reports a verified manifest identity without absolute paths (0.105833ms)
  Error: spawnSync git ENOBUFS
      at Object.spawnSync (node:internal/child_process:1160:20)
      at spawnSync (node:child_process:928:24)
      at execFileSync (node:child_process:971:15)
      at makeWorkingTreeFixture (file:///Users/lukaszkurczab/Desktop/Projects/Patternly/patternly/scripts/releaseManifest.test.mjs:108:23)
      at TestContext.<anonymous> (file:///Users/lukaszkurczab/Desktop/Projects/Patternly/patternly/scripts/releaseManifest.test.mjs:153:24)
      at TestHook.runInAsyncScope (node:async_hooks:227:14)
      at TestHook.run (node:internal/test_runner/test:1402:25)
      at TestHook.run (node:internal/test_runner/test:1757:18)
      at TestHook.run (node:internal/util:581:20)
      at Test.createHook (node:internal/test_runner/test:1117:33) {
    errno: -55,
    code: 'ENOBUFS',
    syscall: 'spawnSync git',
    path: 'git',
    spawnargs: [ 'diff', 'HEAD', '--binary' ],
    error: Error: spawnSync git ENOBUFS
        at Object.spawnSync (node:internal/child_process:1160:20)
        at spawnSync (node:child_process:928:24)
        at execFileSync (node:child_process:971:15)
        at makeWorkingTreeFixture (file:///Users/lukaszkurczab/Desktop/Projects/Patternly/patternly/scripts/releaseManifest.test.mjs:108:23)
        at TestContext.<anonymous> (file:///Users/lukaszkurczab/Desktop/Projects/Patternly/patternly/scripts/releaseManifest.test.mjs:153:24)
        at TestHook.runInAsyncScope (node:async_hooks:227:14)
        at TestHook.run (node:internal/test_runner/test:1402:25)
        at TestHook.run (node:internal/test_runner/test:1757:18)
        at TestHook.run (node:internal/util:581:20)
        at Test.createHook (node:internal/test_runner/test:1117:33),
    status: null,
    signal: 'SIGTERM',
    output: [ null, <Buffer 64 69 66 66 20 2d 2d 67 69 74 20 61 2f 65 76 69 64 65 6e 63 65 2f 63 61 6e 64 69 64 61 74 65 2d 64 65 63 69 73 69 6f 6e 73 2f 61 77 73 2d 30 32 2d 63 ... 1114062 more bytes>, <Buffer > ],
    pid: 71965,
    stdout: <Buffer 64 69 66 66 20 2d 2d 67 69 74 20 61 2f 65 76 69 64 65 6e 63 65 2f 63 61 6e 64 69 64 61 74 65 2d 64 65 63 69 73 69 6f 6e 73 2f 61 77 73 2d 30 32 2d 63 ... 1114062 more bytes>,
    stderr: <Buffer >
  }

test at scripts/releaseManifest.test.mjs:286:1
✖ releaseGate accepts only a physical receipt for the exact embedded manifest and build (0.141375ms)
  Error: spawnSync git ENOBUFS
      at Object.spawnSync (node:internal/child_process:1160:20)
      at spawnSync (node:child_process:928:24)
      at execFileSync (node:child_process:971:15)
      at makeWorkingTreeFixture (file:///Users/lukaszkurczab/Desktop/Projects/Patternly/patternly/scripts/releaseManifest.test.mjs:108:23)
      at TestContext.<anonymous> (file:///Users/lukaszkurczab/Desktop/Projects/Patternly/patternly/scripts/releaseManifest.test.mjs:153:24)
      at TestHook.runInAsyncScope (node:async_hooks:227:14)
      at TestHook.run (node:internal/test_runner/test:1402:25)
      at TestHook.run (node:internal/test_runner/test:1757:18)
      at TestHook.run (node:internal/util:581:20)
      at Test.createHook (node:internal/test_runner/test:1117:33) {
    errno: -55,
    code: 'ENOBUFS',
    syscall: 'spawnSync git',
    path: 'git',
    spawnargs: [ 'diff', 'HEAD', '--binary' ],
    error: Error: spawnSync git ENOBUFS
        at Object.spawnSync (node:internal/child_process:1160:20)
        at spawnSync (node:child_process:928:24)
        at execFileSync (node:child_process:971:15)
        at makeWorkingTreeFixture (file:///Users/lukaszkurczab/Desktop/Projects/Patternly/patternly/scripts/releaseManifest.test.mjs:108:23)
        at TestContext.<anonymous> (file:///Users/lukaszkurczab/Desktop/Projects/Patternly/patternly/scripts/releaseManifest.test.mjs:153:24)
        at TestHook.runInAsyncScope (node:async_hooks:227:14)
        at TestHook.run (node:internal/test_runner/test:1402:25)
        at TestHook.run (node:internal/test_runner/test:1757:18)
        at TestHook.run (node:internal/util:581:20)
        at Test.createHook (node:internal/test_runner/test:1117:33),
    status: null,
    signal: 'SIGTERM',
    output: [ null, <Buffer 64 69 66 66 20 2d 2d 67 69 74 20 61 2f 65 76 69 64 65 6e 63 65 2f 63 61 6e 64 69 64 61 74 65 2d 64 65 63 69 73 69 6f 6e 73 2f 61 77 73 2d 30 32 2d 63 ... 1114062 more bytes>, <Buffer > ],
    pid: 71965,
    stdout: <Buffer 64 69 66 66 20 2d 2d 67 69 74 20 61 2f 65 76 69 64 65 6e 63 65 2f 63 61 6e 64 69 64 61 74 65 2d 64 65 63 69 73 69 6f 6e 73 2f 61 77 73 2d 30 32 2d 63 ... 1114062 more bytes>,
    stderr: <Buffer >
  }

test at scripts/releaseManifest.test.mjs:305:1
✖ runtime receipt rejects every mismatch with the verified embedded artifact (0.106083ms)
  Error: spawnSync git ENOBUFS
      at Object.spawnSync (node:internal/child_process:1160:20)
      at spawnSync (node:child_process:928:24)
      at execFileSync (node:child_process:971:15)
      at makeWorkingTreeFixture (file:///Users/lukaszkurczab/Desktop/Projects/Patternly/patternly/scripts/releaseManifest.test.mjs:108:23)
      at TestContext.<anonymous> (file:///Users/lukaszkurczab/Desktop/Projects/Patternly/patternly/scripts/releaseManifest.test.mjs:153:24)
      at TestHook.runInAsyncScope (node:async_hooks:227:14)
      at TestHook.run (node:internal/test_runner/test:1402:25)
      at TestHook.run (node:internal/test_runner/test:1757:18)
      at TestHook.run (node:internal/util:581:20)
      at Test.createHook (node:internal/test_runner/test:1117:33) {
    errno: -55,
    code: 'ENOBUFS',
    syscall: 'spawnSync git',
    path: 'git',
    spawnargs: [ 'diff', 'HEAD', '--binary' ],
    error: Error: spawnSync git ENOBUFS
        at Object.spawnSync (node:internal/child_process:1160:20)
        at spawnSync (node:child_process:928:24)
        at execFileSync (node:child_process:971:15)
        at makeWorkingTreeFixture (file:///Users/lukaszkurczab/Desktop/Projects/Patternly/patternly/scripts/releaseManifest.test.mjs:108:23)
        at TestContext.<anonymous> (file:///Users/lukaszkurczab/Desktop/Projects/Patternly/patternly/scripts/releaseManifest.test.mjs:153:24)
        at TestHook.runInAsyncScope (node:async_hooks:227:14)
        at TestHook.run (node:internal/test_runner/test:1402:25)
        at TestHook.run (node:internal/test_runner/test:1757:18)
        at TestHook.run (node:internal/util:581:20)
        at Test.createHook (node:internal/test_runner/test:1117:33),
    status: null,
    signal: 'SIGTERM',
    output: [ null, <Buffer 64 69 66 66 20 2d 2d 67 69 74 20 61 2f 65 76 69 64 65 6e 63 65 2f 63 61 6e 64 69 64 61 74 65 2d 64 65 63 69 73 69 6f 6e 73 2f 61 77 73 2d 30 32 2d 63 ... 1114062 more bytes>, <Buffer > ],
    pid: 71965,
    stdout: <Buffer 64 69 66 66 20 2d 2d 67 69 74 20 61 2f 65 76 69 64 65 6e 63 65 2f 63 61 6e 64 69 64 61 74 65 2d 64 65 63 69 73 69 6f 6e 73 2f 61 77 73 2d 30 32 2d 63 ... 1114062 more bytes>,
    stderr: <Buffer >
  }

test at scripts/releaseManifest.test.mjs:314:1
✖ enforced releaseGate writes portable reports for invalid and missing manifests (0.098083ms)
  Error: spawnSync git ENOBUFS
      at Object.spawnSync (node:internal/child_process:1160:20)
      at spawnSync (node:child_process:928:24)
      at execFileSync (node:child_process:971:15)
      at makeWorkingTreeFixture (file:///Users/lukaszkurczab/Desktop/Projects/Patternly/patternly/scripts/releaseManifest.test.mjs:108:23)
      at TestContext.<anonymous> (file:///Users/lukaszkurczab/Desktop/Projects/Patternly/patternly/scripts/releaseManifest.test.mjs:153:24)
      at TestHook.runInAsyncScope (node:async_hooks:227:14)
      at TestHook.run (node:internal/test_runner/test:1402:25)
      at TestHook.run (node:internal/test_runner/test:1757:18)
      at TestHook.run (node:internal/util:581:20)
      at Test.createHook (node:internal/test_runner/test:1117:33) {
    errno: -55,
    code: 'ENOBUFS',
    syscall: 'spawnSync git',
    path: 'git',
    spawnargs: [ 'diff', 'HEAD', '--binary' ],
    error: Error: spawnSync git ENOBUFS
        at Object.spawnSync (node:internal/child_process:1160:20)
        at spawnSync (node:child_process:928:24)
        at execFileSync (node:child_process:971:15)
        at makeWorkingTreeFixture (file:///Users/lukaszkurczab/Desktop/Projects/Patternly/patternly/scripts/releaseManifest.test.mjs:108:23)
        at TestContext.<anonymous> (file:///Users/lukaszkurczab/Desktop/Projects/Patternly/patternly/scripts/releaseManifest.test.mjs:153:24)
        at TestHook.runInAsyncScope (node:async_hooks:227:14)
        at TestHook.run (node:internal/test_runner/test:1402:25)
        at TestHook.run (node:internal/test_runner/test:1757:18)
        at TestHook.run (node:internal/util:581:20)
        at Test.createHook (node:internal/test_runner/test:1117:33),
    status: null,
    signal: 'SIGTERM',
    output: [ null, <Buffer 64 69 66 66 20 2d 2d 67 69 74 20 61 2f 65 76 69 64 65 6e 63 65 2f 63 61 6e 64 69 64 61 74 65 2d 64 65 63 69 73 69 6f 6e 73 2f 61 77 73 2d 30 32 2d 63 ... 1114062 more bytes>, <Buffer > ],
    pid: 71965,
    stdout: <Buffer 64 69 66 66 20 2d 2d 67 69 74 20 61 2f 65 76 69 64 65 6e 63 65 2f 63 61 6e 64 69 64 61 74 65 2d 64 65 63 69 73 69 6f 6e 73 2f 61 77 73 2d 30 32 2d 63 ... 1114062 more bytes>,
    stderr: <Buffer >
  }

test at scripts/releaseManifest.test.mjs:335:1
✖ rejects missing, extra and duplicate repository roles plus the legacy two-SHA shape (0.118833ms)
  Error: spawnSync git ENOBUFS
      at Object.spawnSync (node:internal/child_process:1160:20)
      at spawnSync (node:child_process:928:24)
      at execFileSync (node:child_process:971:15)
      at makeWorkingTreeFixture (file:///Users/lukaszkurczab/Desktop/Projects/Patternly/patternly/scripts/releaseManifest.test.mjs:108:23)
      at TestContext.<anonymous> (file:///Users/lukaszkurczab/Desktop/Projects/Patternly/patternly/scripts/releaseManifest.test.mjs:153:24)
      at TestHook.runInAsyncScope (node:async_hooks:227:14)
      at TestHook.run (node:internal/test_runner/test:1402:25)
      at TestHook.run (node:internal/test_runner/test:1757:18)
      at TestHook.run (node:internal/util:581:20)
      at Test.createHook (node:internal/test_runner/test:1117:33) {
    errno: -55,
    code: 'ENOBUFS',
    syscall: 'spawnSync git',
    path: 'git',
    spawnargs: [ 'diff', 'HEAD', '--binary' ],
    error: Error: spawnSync git ENOBUFS
        at Object.spawnSync (node:internal/child_process:1160:20)
        at spawnSync (node:child_process:928:24)
        at execFileSync (node:child_process:971:15)
        at makeWorkingTreeFixture (file:///Users/lukaszkurczab/Desktop/Projects/Patternly/patternly/scripts/releaseManifest.test.mjs:108:23)
        at TestContext.<anonymous> (file:///Users/lukaszkurczab/Desktop/Projects/Patternly/patternly/scripts/releaseManifest.test.mjs:153:24)
        at TestHook.runInAsyncScope (node:async_hooks:227:14)
        at TestHook.run (node:internal/test_runner/test:1402:25)
        at TestHook.run (node:internal/test_runner/test:1757:18)
        at TestHook.run (node:internal/util:581:20)
        at Test.createHook (node:internal/test_runner/test:1117:33),
    status: null,
    signal: 'SIGTERM',
    output: [ null, <Buffer 64 69 66 66 20 2d 2d 67 69 74 20 61 2f 65 76 69 64 65 6e 63 65 2f 63 61 6e 64 69 64 61 74 65 2d 64 65 63 69 73 69 6f 6e 73 2f 61 77 73 2d 30 32 2d 63 ... 1114062 more bytes>, <Buffer > ],
    pid: 71965,
    stdout: <Buffer 64 69 66 66 20 2d 2d 67 69 74 20 61 2f 65 76 69 64 65 6e 63 65 2f 63 61 6e 64 69 64 61 74 65 2d 64 65 63 69 73 69 6f 6e 73 2f 61 77 73 2d 30 32 2d 63 ... 1114062 more bytes>,
    stderr: <Buffer >
  }

test at scripts/releaseManifest.test.mjs:356:1
✖ rejects wrong manifest identity, stale candidate/track scope and wrong repository SHA (0.192375ms)
  Error: spawnSync git ENOBUFS
      at Object.spawnSync (node:internal/child_process:1160:20)
      at spawnSync (node:child_process:928:24)
      at execFileSync (node:child_process:971:15)
      at makeWorkingTreeFixture (file:///Users/lukaszkurczab/Desktop/Projects/Patternly/patternly/scripts/releaseManifest.test.mjs:108:23)
      at TestContext.<anonymous> (file:///Users/lukaszkurczab/Desktop/Projects/Patternly/patternly/scripts/releaseManifest.test.mjs:153:24)
      at TestHook.runInAsyncScope (node:async_hooks:227:14)
      at TestHook.run (node:internal/test_runner/test:1402:25)
      at TestHook.run (node:internal/test_runner/test:1757:18)
      at TestHook.run (node:internal/util:581:20)
      at Test.createHook (node:internal/test_runner/test:1117:33) {
    errno: -55,
    code: 'ENOBUFS',
    syscall: 'spawnSync git',
    path: 'git',
    spawnargs: [ 'diff', 'HEAD', '--binary' ],
    error: Error: spawnSync git ENOBUFS
        at Object.spawnSync (node:internal/child_process:1160:20)
        at spawnSync (node:child_process:928:24)
        at execFileSync (node:child_process:971:15)
        at makeWorkingTreeFixture (file:///Users/lukaszkurczab/Desktop/Projects/Patternly/patternly/scripts/releaseManifest.test.mjs:108:23)
        at TestContext.<anonymous> (file:///Users/lukaszkurczab/Desktop/Projects/Patternly/patternly/scripts/releaseManifest.test.mjs:153:24)
        at TestHook.runInAsyncScope (node:async_hooks:227:14)
        at TestHook.run (node:internal/test_runner/test:1402:25)
        at TestHook.run (node:internal/test_runner/test:1757:18)
        at TestHook.run (node:internal/util:581:20)
        at Test.createHook (node:internal/test_runner/test:1117:33),
    status: null,
    signal: 'SIGTERM',
    output: [ null, <Buffer 64 69 66 66 20 2d 2d 67 69 74 20 61 2f 65 76 69 64 65 6e 63 65 2f 63 61 6e 64 69 64 61 74 65 2d 64 65 63 69 73 69 6f 6e 73 2f 61 77 73 2d 30 32 2d 63 ... 1114062 more bytes>, <Buffer > ],
    pid: 71965,
    stdout: <Buffer 64 69 66 66 20 2d 2d 67 69 74 20 61 2f 65 76 69 64 65 6e 63 65 2f 63 61 6e 64 69 64 61 74 65 2d 64 65 63 69 73 69 6f 6e 73 2f 61 77 73 2d 30 32 2d 63 ... 1114062 more bytes>,
    stderr: <Buffer >
  }

test at scripts/releaseManifest.test.mjs:371:1
✖ rejects modified evidence before accepting a portable reference (0.189209ms)
  Error: spawnSync git ENOBUFS
      at Object.spawnSync (node:internal/child_process:1160:20)
      at spawnSync (node:child_process:928:24)
      at execFileSync (node:child_process:971:15)
      at makeWorkingTreeFixture (file:///Users/lukaszkurczab/Desktop/Projects/Patternly/patternly/scripts/releaseManifest.test.mjs:108:23)
      at TestContext.<anonymous> (file:///Users/lukaszkurczab/Desktop/Projects/Patternly/patternly/scripts/releaseManifest.test.mjs:153:24)
      at TestHook.runInAsyncScope (node:async_hooks:227:14)
      at TestHook.run (node:internal/test_runner/test:1402:25)
      at TestHook.run (node:internal/test_runner/test:1757:18)
      at TestHook.run (node:internal/util:581:20)
      at Test.createHook (node:internal/test_runner/test:1117:33) {
    errno: -55,
    code: 'ENOBUFS',
    syscall: 'spawnSync git',
    path: 'git',
    spawnargs: [ 'diff', 'HEAD', '--binary' ],
    error: Error: spawnSync git ENOBUFS
        at Object.spawnSync (node:internal/child_process:1160:20)
        at spawnSync (node:child_process:928:24)
        at execFileSync (node:child_process:971:15)
        at makeWorkingTreeFixture (file:///Users/lukaszkurczab/Desktop/Projects/Patternly/patternly/scripts/releaseManifest.test.mjs:108:23)
        at TestContext.<anonymous> (file:///Users/lukaszkurczab/Desktop/Projects/Patternly/patternly/scripts/releaseManifest.test.mjs:153:24)
        at TestHook.runInAsyncScope (node:async_hooks:227:14)
        at TestHook.run (node:internal/test_runner/test:1402:25)
        at TestHook.run (node:internal/test_runner/test:1757:18)
        at TestHook.run (node:internal/util:581:20)
        at Test.createHook (node:internal/test_runner/test:1117:33),
    status: null,
    signal: 'SIGTERM',
    output: [ null, <Buffer 64 69 66 66 20 2d 2d 67 69 74 20 61 2f 65 76 69 64 65 6e 63 65 2f 63 61 6e 64 69 64 61 74 65 2d 64 65 63 69 73 69 6f 6e 73 2f 61 77 73 2d 30 32 2d 63 ... 1114062 more bytes>, <Buffer > ],
    pid: 71965,
    stdout: <Buffer 64 69 66 66 20 2d 2d 67 69 74 20 61 2f 65 76 69 64 65 6e 63 65 2f 63 61 6e 64 69 64 61 74 65 2d 64 65 63 69 73 69 6f 6e 73 2f 61 77 73 2d 30 32 2d 63 ... 1114062 more bytes>,
    stderr: <Buffer >
  }

test at scripts/releaseManifest.test.mjs:379:1
✖ rejects changed iOS build, public configuration, and signing evidence bytes (0.087792ms)
  Error: spawnSync git ENOBUFS
      at Object.spawnSync (node:internal/child_process:1160:20)
      at spawnSync (node:child_process:928:24)
      at execFileSync (node:child_process:971:15)
      at makeWorkingTreeFixture (file:///Users/lukaszkurczab/Desktop/Projects/Patternly/patternly/scripts/releaseManifest.test.mjs:108:23)
      at TestContext.<anonymous> (file:///Users/lukaszkurczab/Desktop/Projects/Patternly/patternly/scripts/releaseManifest.test.mjs:153:24)
      at TestHook.runInAsyncScope (node:async_hooks:227:14)
      at TestHook.run (node:internal/test_runner/test:1402:25)
      at TestHook.run (node:internal/test_runner/test:1757:18)
      at TestHook.run (node:internal/util:581:20)
      at Test.createHook (node:internal/test_runner/test:1117:33) {
    errno: -55,
    code: 'ENOBUFS',
    syscall: 'spawnSync git',
    path: 'git',
    spawnargs: [ 'diff', 'HEAD', '--binary' ],
    error: Error: spawnSync git ENOBUFS
        at Object.spawnSync (node:internal/child_process:1160:20)
        at spawnSync (node:child_process:928:24)
        at execFileSync (node:child_process:971:15)
        at makeWorkingTreeFixture (file:///Users/lukaszkurczab/Desktop/Projects/Patternly/patternly/scripts/releaseManifest.test.mjs:108:23)
        at TestContext.<anonymous> (file:///Users/lukaszkurczab/Desktop/Projects/Patternly/patternly/scripts/releaseManifest.test.mjs:153:24)
        at TestHook.runInAsyncScope (node:async_hooks:227:14)
        at TestHook.run (node:internal/test_runner/test:1402:25)
        at TestHook.run (node:internal/test_runner/test:1757:18)
        at TestHook.run (node:internal/util:581:20)
        at Test.createHook (node:internal/test_runner/test:1117:33),
    status: null,
    signal: 'SIGTERM',
    output: [ null, <Buffer 64 69 66 66 20 2d 2d 67 69 74 20 61 2f 65 76 69 64 65 6e 63 65 2f 63 61 6e 64 69 64 61 74 65 2d 64 65 63 69 73 69 6f 6e 73 2f 61 77 73 2d 30 32 2d 63 ... 1114062 more bytes>, <Buffer > ],
    pid: 71965,
    stdout: <Buffer 64 69 66 66 20 2d 2d 67 69 74 20 61 2f 65 76 69 64 65 6e 63 65 2f 63 61 6e 64 69 64 61 74 65 2d 64 65 63 69 73 69 6f 6e 73 2f 61 77 73 2d 30 32 2d 63 ... 1114062 more bytes>,
    stderr: <Buffer >
  }

test at scripts/releaseManifest.test.mjs:415:1
✖ rejects absolute, traversal and symlink references (0.185125ms)
  Error: spawnSync git ENOBUFS
      at Object.spawnSync (node:internal/child_process:1160:20)
      at spawnSync (node:child_process:928:24)
      at execFileSync (node:child_process:971:15)
      at makeWorkingTreeFixture (file:///Users/lukaszkurczab/Desktop/Projects/Patternly/patternly/scripts/releaseManifest.test.mjs:108:23)
      at TestContext.<anonymous> (file:///Users/lukaszkurczab/Desktop/Projects/Patternly/patternly/scripts/releaseManifest.test.mjs:153:24)
      at TestHook.runInAsyncScope (node:async_hooks:227:14)
      at TestHook.run (node:internal/test_runner/test:1402:25)
      at TestHook.run (node:internal/test_runner/test:1757:18)
      at TestHook.run (node:internal/util:581:20)
      at Test.createHook (node:internal/test_runner/test:1117:33) {
    errno: -55,
    code: 'ENOBUFS',
    syscall: 'spawnSync git',
    path: 'git',
    spawnargs: [ 'diff', 'HEAD', '--binary' ],
    error: Error: spawnSync git ENOBUFS
        at Object.spawnSync (node:internal/child_process:1160:20)
        at spawnSync (node:child_process:928:24)
        at execFileSync (node:child_process:971:15)
        at makeWorkingTreeFixture (file:///Users/lukaszkurczab/Desktop/Projects/Patternly/patternly/scripts/releaseManifest.test.mjs:108:23)
        at TestContext.<anonymous> (file:///Users/lukaszkurczab/Desktop/Projects/Patternly/patternly/scripts/releaseManifest.test.mjs:153:24)
        at TestHook.runInAsyncScope (node:async_hooks:227:14)
        at TestHook.run (node:internal/test_runner/test:1402:25)
        at TestHook.run (node:internal/test_runner/test:1757:18)
        at TestHook.run (node:internal/util:581:20)
        at Test.createHook (node:internal/test_runner/test:1117:33),
    status: null,
    signal: 'SIGTERM',
    output: [ null, <Buffer 64 69 66 66 20 2d 2d 67 69 74 20 61 2f 65 76 69 64 65 6e 63 65 2f 63 61 6e 64 69 64 61 74 65 2d 64 65 63 69 73 69 6f 6e 73 2f 61 77 73 2d 30 32 2d 63 ... 1114062 more bytes>, <Buffer > ],
    pid: 71965,
    stdout: <Buffer 64 69 66 66 20 2d 2d 67 69 74 20 61 2f 65 76 69 64 65 6e 63 65 2f 63 61 6e 64 69 64 61 74 65 2d 64 65 63 69 73 69 6f 6e 73 2f 61 77 73 2d 30 32 2d 63 ... 1114062 more bytes>,
    stderr: <Buffer >
  }

test at scripts/releaseManifest.test.mjs:439:1
✖ rejects dirty repositories and output paths inside or through symlinked parents (0.066083ms)
  Error: spawnSync git ENOBUFS
      at Object.spawnSync (node:internal/child_process:1160:20)
      at spawnSync (node:child_process:928:24)
      at execFileSync (node:child_process:971:15)
      at makeWorkingTreeFixture (file:///Users/lukaszkurczab/Desktop/Projects/Patternly/patternly/scripts/releaseManifest.test.mjs:108:23)
      at TestContext.<anonymous> (file:///Users/lukaszkurczab/Desktop/Projects/Patternly/patternly/scripts/releaseManifest.test.mjs:153:24)
      at TestHook.runInAsyncScope (node:async_hooks:227:14)
      at TestHook.run (node:internal/test_runner/test:1402:25)
      at TestHook.run (node:internal/test_runner/test:1757:18)
      at TestHook.run (node:internal/util:581:20)
      at Test.createHook (node:internal/test_runner/test:1117:33) {
    errno: -55,
    code: 'ENOBUFS',
    syscall: 'spawnSync git',
    path: 'git',
    spawnargs: [ 'diff', 'HEAD', '--binary' ],
    error: Error: spawnSync git ENOBUFS
        at Object.spawnSync (node:internal/child_process:1160:20)
        at spawnSync (node:child_process:928:24)
        at execFileSync (node:child_process:971:15)
        at makeWorkingTreeFixture (file:///Users/lukaszkurczab/Desktop/Projects/Patternly/patternly/scripts/releaseManifest.test.mjs:108:23)
        at TestContext.<anonymous> (file:///Users/lukaszkurczab/Desktop/Projects/Patternly/patternly/scripts/releaseManifest.test.mjs:153:24)
        at TestHook.runInAsyncScope (node:async_hooks:227:14)
        at TestHook.run (node:internal/test_runner/test:1402:25)
        at TestHook.run (node:internal/test_runner/test:1757:18)
        at TestHook.run (node:internal/util:581:20)
        at Test.createHook (node:internal/test_runner/test:1117:33),
    status: null,
    signal: 'SIGTERM',
    output: [ null, <Buffer 64 69 66 66 20 2d 2d 67 69 74 20 61 2f 65 76 69 64 65 6e 63 65 2f 63 61 6e 64 69 64 61 74 65 2d 64 65 63 69 73 69 6f 6e 73 2f 61 77 73 2d 30 32 2d 63 ... 1114062 more bytes>, <Buffer > ],
    pid: 71965,
    stdout: <Buffer 64 69 66 66 20 2d 2d 67 69 74 20 61 2f 65 76 69 64 65 6e 63 65 2f 63 61 6e 64 69 64 61 74 65 2d 64 65 63 69 73 69 6f 6e 73 2f 61 77 73 2d 30 32 2d 63 ... 1114062 more bytes>,
    stderr: <Buffer >
  }

test at src/content/contentReleaseCrossRepo.test.ts:2:2336
✖ historical content release lock remains covered by frozen release manifests (57.418292ms)
  AssertionError [ERR_ASSERTION]: historical content checkout must match the locked producer commit
  + actual - expected
  
  + '19364f9a1167946f0b3d299a59b27864893ae01c'
  - 'cc3efca88be7e01137f10ac69a0643f06b61a350'
  
      at TestContext.<anonymous> (/Users/lukaszkurczab/Desktop/Projects/Patternly/patternly/src/content/contentReleaseCrossRepo.test.ts:72:10)
      at Test.runInAsyncScope (node:async_hooks:227:14)
      at Test.run (node:internal/test_runner/test:1402:25)
      at Test.start (node:internal/test_runner/test:1262:17)
      at startSubtestAfterBootstrap (node:internal/test_runner/harness:387:17) {
    generatedMessage: false,
    code: 'ERR_ASSERTION',
    actual: '19364f9a1167946f0b3d299a59b27864893ae01c',
    expected: 'cc3efca88be7e01137f10ac69a0643f06b61a350',
    operator: 'strictEqual',
    diff: 'simple'
  }

test at src/content/contentReleaseCrossRepo.test.ts:2:4809
✖ bundled canonical release matches the current producer builder (0.91825ms)
  AssertionError [ERR_ASSERTION]: PATTERNLY_CONTENT_EXPECTED_CURRENT_SHA is required
      at expectedCurrentContentSha (/Users/lukaszkurczab/Desktop/Projects/Patternly/patternly/src/content/contentReleaseCrossRepo.test.ts:52:10)
      at TestContext.<anonymous> (/Users/lukaszkurczab/Desktop/Projects/Patternly/patternly/src/content/contentReleaseCrossRepo.test.ts:101:30)
      at Test.runInAsyncScope (node:async_hooks:227:14)
      at Test.run (node:internal/test_runner/test:1402:25)
      at Test.processPendingSubtests (node:internal/test_runner/test:974:18)
      at Test.postRun (node:internal/test_runner/test:1542:19)
      at Test.run (node:internal/test_runner/test:1467:12)
      at async startSubtestAfterBootstrap (node:internal/test_runner/harness:387:3) {
    generatedMessage: false,
    code: 'ERR_ASSERTION',
    actual: undefined,
    expected: true,
    operator: '==',
    diff: 'simple'
  }

test at src/content/contentReleaseCrossRepo.test.ts:2:6544
✖ current canonical builder preserves the ODK-096 inventory and approved AWS identity without repinning history (0.961833ms)
  AssertionError [ERR_ASSERTION]: PATTERNLY_CONTENT_EXPECTED_CURRENT_SHA is required
      at expectedCurrentContentSha (/Users/lukaszkurczab/Desktop/Projects/Patternly/patternly/src/content/contentReleaseCrossRepo.test.ts:52:10)
      at TestContext.<anonymous> (/Users/lukaszkurczab/Desktop/Projects/Patternly/patternly/src/content/contentReleaseCrossRepo.test.ts:126:30)
      at Test.runInAsyncScope (node:async_hooks:227:14)
      at Test.run (node:internal/test_runner/test:1402:25)
      at Test.processPendingSubtests (node:internal/test_runner/test:974:18)
      at Test.postRun (node:internal/test_runner/test:1542:19)
      at Test.run (node:internal/test_runner/test:1467:12)
      at async Test.processPendingSubtests (node:internal/test_runner/test:974:7) {
    generatedMessage: false,
    code: 'ERR_ASSERTION',
    actual: undefined,
    expected: true,
    operator: '==',
    diff: 'simple'
  }
