
> patternly@0.1.0 baseline:report
> node scripts/recoveryBaselineReport.mjs


> patternly@0.1.0 qa:static
> npm run recovery:check && npm run typecheck && npm test && npm run validate:content-boundary && npm run validate:runtime-privacy-boundary


> patternly@0.1.0 recovery:check
> node scripts/checkRecoveryBaseline.mjs

RECOVERY_INVENTORY_CHECK=passed
RECOVERY_ACTIVE_SOURCE_FILES=449
RECOVERY_ACTIVE_TESTS=300
RECOVERY_TEST_CASES=1718
RECOVERY_STAGE_1_BOUNDARIES=passed
npm notice
npm notice New major version of npm available! 10.9.8 -> 12.2.0
npm notice Changelog: https://github.com/npm/cli/releases/tag/v12.2.0
npm notice To update run: npm install -g npm@12.2.0
npm notice

> patternly@0.1.0 typecheck
> tsc --noEmit

npm notice
npm notice New major version of npm available! 10.9.8 -> 12.2.0
npm notice Changelog: https://github.com/npm/cli/releases/tag/v12.2.0
npm notice To update run: npm install -g npm@12.2.0
npm notice

> patternly@0.1.0 test
> node --import tsx --test 'src/**/*.test.ts' 'src/**/*.test.mjs' 'scripts/**/*.test.ts' 'scripts/**/*.test.mjs'

TAP version 13
# Subtest: learning kernel and registry boundaries exclude family content and platform owners
ok 1 - learning kernel and registry boundaries exclude family content and platform owners
  ---
  duration_ms: 8.923625
  type: 'test'
  ...
# Subtest: families do not import one another and source contains no replacement bridge
ok 2 - families do not import one another and source contains no replacement bridge
  ---
  duration_ms: 92.207375
  type: 'test'
  ...
# Subtest: application mutations depend on repositories rather than raw storage internals
ok 3 - application mutations depend on repositories rather than raw storage internals
  ---
  duration_ms: 1.709417
  type: 'test'
  ...
# Subtest: canonical lifecycle use cases have no React, storage implementation, or family-scoring dependency
ok 4 - canonical lifecycle use cases have no React, storage implementation, or family-scoring dependency
  ---
  duration_ms: 1.53775
  type: 'test'
  ...
# Subtest: the public storage barrel does not expose raw keys or codec
ok 5 - the public storage barrel does not expose raw keys or codec
  ---
  duration_ms: 0.493458
  type: 'test'
  ...
# Subtest: AUD-02D starts child before auth and records expired baseline before observation
ok 6 - AUD-02D starts child before auth and records expired baseline before observation
  ---
  duration_ms: 7.479916
  type: 'test'
  ...
# Subtest: child readiness waits for readiness and races early completion
ok 7 - child readiness waits for readiness and races early completion
  ---
  duration_ms: 2.649917
  type: 'test'
  ...
# Subtest: nonzero child completion remains a hard failure
ok 8 - nonzero child completion remains a hard failure
  ---
  duration_ms: 0.071375
  type: 'test'
  ...
# Subtest: bounded cleanup leaves a naturally completed child alone
ok 9 - bounded cleanup leaves a naturally completed child alone
  ---
  duration_ms: 1.070875
  type: 'test'
  ...
# Subtest: timeout stops the child, its owned backend, then confirms port release
ok 10 - timeout stops the child, its owned backend, then confirms port release
  ---
  duration_ms: 3.0935
  type: 'test'
  ...
# Subtest: cleanup is bounded and retains each cleanup failure
ok 11 - cleanup is bounded and retains each cleanup failure
  ---
  duration_ms: 6.1005
  type: 'test'
  ...
# Subtest: cleanup context keeps the original failure first
ok 12 - cleanup context keeps the original failure first
  ---
  duration_ms: 0.445917
  type: 'test'
  ...
# Subtest: listener ownership requires a complete ancestry chain to the exact runner
ok 13 - listener ownership requires a complete ancestry chain to the exact runner
  ---
  duration_ms: 0.674166
  type: 'test'
  ...
# Subtest: backend signal uses only the group captured by successful ownership proof
ok 14 - backend signal uses only the group captured by successful ownership proof
  ---
  duration_ms: 2.520959
  type: 'test'
  ...
# Subtest: failed backend ownership proof skips backend signal and reports secondary failure
ok 15 - failed backend ownership proof skips backend signal and reports secondary failure
  ---
  duration_ms: 3.462292
  type: 'test'
  ...
# Subtest: AUD-02D evidence manifest snapshots redact credentials without mutating live case records
ok 16 - AUD-02D evidence manifest snapshots redact credentials without mutating live case records
  ---
  duration_ms: 28.091333
  type: 'test'
  ...
# Subtest: AUD-02D evidence redaction scrubs text artifacts atomically and scans every regular file
ok 17 - AUD-02D evidence redaction scrubs text artifacts atomically and scans every regular file
  ---
  duration_ms: 69.945542
  type: 'test'
  ...
# Subtest: AUD-02D evidence redaction rejects symbolic links under the output root
ok 18 - AUD-02D evidence redaction rejects symbolic links under the output root
  ---
  duration_ms: 15.703208
  type: 'test'
  ...
# Subtest: AUD-02D evidence scan removes later unsafe credential files after an earlier directory symlink
ok 19 - AUD-02D evidence scan removes later unsafe credential files after an earlier directory symlink
  ---
  duration_ms: 7.662208
  type: 'test'
  ...
# Subtest: AUD-02D matrix is exactly bound to the nine-track candidate lock
ok 20 - AUD-02D matrix is exactly bound to the nine-track candidate lock
  ---
  duration_ms: 7.9315
  type: 'test'
  ...
# Subtest: Custom Practice matrix includes every 10/20/40 by timing combination
ok 21 - Custom Practice matrix includes every 10/20/40 by timing combination
  ---
  duration_ms: 0.215333
  type: 'test'
  ...
# Subtest: coordinating runner binds every case to clean sources, one install, native identity and stable bundle bytes
ok 22 - coordinating runner binds every case to clean sources, one install, native identity and stable bundle bytes
  ---
  duration_ms: 3.558875
  type: 'test'
  ...
# Subtest: AUD-02D validates smoke profile for Metro and owns active backend through pre-premium runtime cases
ok 23 - AUD-02D validates smoke profile for Metro and owns active backend through pre-premium runtime cases
  ---
  duration_ms: 8.737667
  type: 'test'
  ...
# Subtest: AUD-02D non-exam premium runners receive their declared premium flows
ok 24 - AUD-02D non-exam premium runners receive their declared premium flows
  ---
  duration_ms: 5.1235
  type: 'test'
  ...
# Subtest: AUD-02D resolves and validates the exact local Expo iOS AppEntry launch asset
ok 25 - AUD-02D resolves and validates the exact local Expo iOS AppEntry launch asset
  ---
  duration_ms: 5.064917
  type: 'test'
  ...
# Subtest: smoke entitlement probe exchanges ordinary auth for a generation-pinned token without persisting secrets
ok 26 - smoke entitlement probe exchanges ordinary auth for a generation-pinned token without persisting secrets
  ---
  duration_ms: 0.826083
  type: 'test'
  ...
# Subtest: smoke auth errors persist only HTTP status and safe error.code
ok 27 - smoke auth errors persist only HTTP status and safe error.code
  ---
  duration_ms: 7.292291
  type: 'test'
  ...
# Subtest: AUD-02D Maestro flows cover track readiness and all setup selectors before session start
ok 28 - AUD-02D Maestro flows cover track readiness and all setup selectors before session start
  ---
  duration_ms: 20.473959
  type: 'test'
  ...
# Subtest: auth preflight extended waits are recorded and flows without assertions remain rejected
ok 29 - auth preflight extended waits are recorded and flows without assertions remain rejected
  ---
  duration_ms: 15.549292
  type: 'test'
  ...
# Subtest: feedback lifecycle flows resume, complete ten answers and open the result review
ok 30 - feedback lifecycle flows resume, complete ten answers and open the result review
  ---
  duration_ms: 22.752917
  type: 'test'
  ...
# Subtest: result review selects the caller-provided question while retaining its occurrence root
ok 31 - result review selects the caller-provided question while retaining its occurrence root
  ---
  duration_ms: 12.077833
  type: 'test'
  ...
# Subtest: all new AUD-02D Maestro YAML documents parse and contain executable assertion commands
ok 32 - all new AUD-02D Maestro YAML documents parse and contain executable assertion commands
  ---
  duration_ms: 28.864167
  type: 'test'
  ...
# Subtest: Expo and npm expose one canonical Patternly identity
ok 33 - Expo and npm expose one canonical Patternly identity
  ---
  duration_ms: 4.557208
  type: 'test'
  ...
# Subtest: RC runners, runtime-audit URLs, and every Maestro flow share the Patternly identity
ok 34 - RC runners, runtime-audit URLs, and every Maestro flow share the Patternly identity
  ---
  duration_ms: 14.543584
  type: 'test'
  ...
# Subtest: build identity cutover leaves canonical learning-data keys unchanged
ok 35 - build identity cutover leaves canonical learning-data keys unchanged
  ---
  duration_ms: 0.318792
  type: 'test'
  ...
# Subtest: sandbox builds validate the same closed public environment schema as the installed app
ok 36 - sandbox builds validate the same closed public environment schema as the installed app
  ---
  duration_ms: 4.460167
  type: 'test'
  ...
# Subtest: runtime mode is explicit and persists in public Expo config
ok 37 - runtime mode is explicit and persists in public Expo config
  ---
  duration_ms: 0.568542
  type: 'test'
  ...
# Subtest: sandbox and release reject mode/configuration mismatches
ok 38 - sandbox and release reject mode/configuration mismatches
  ---
  duration_ms: 0.657833
  type: 'test'
  ...
# Subtest: release app config always rejects the checked-in public legal payload
ok 39 - release app config always rejects the checked-in public legal payload
  ---
  duration_ms: 2.952916
  type: 'test'
  ...
# Subtest: release public legal links use the configured public environment parser and match the legal record
ok 40 - release public legal links use the configured public environment parser and match the legal record
  ---
  duration_ms: 0.860584
  type: 'test'
  ...
# Subtest: smoke is explicit, locally bound, and permits debug App Check
ok 41 - smoke is explicit, locally bound, and permits debug App Check
  ---
  duration_ms: 0.181834
  type: 'test'
  ...
# Subtest: remote artifacts require their public Firebase configuration before prebuild
ok 42 - remote artifacts require their public Firebase configuration before prebuild
  ---
  duration_ms: 0.2785
  type: 'test'
  ...
# Subtest: only iOS remote artifacts require the public RevenueCat Apple SDK key before prebuild
ok 43 - only iOS remote artifacts require the public RevenueCat Apple SDK key before prebuild
  ---
  duration_ms: 0.49325
  type: 'test'
  ...
# Subtest: remote artifacts require production App Check providers before prebuild
ok 44 - remote artifacts require production App Check providers before prebuild
  ---
  duration_ms: 1.24425
  type: 'test'
  ...
# Subtest: sandbox and release accept only production App Check provider pairs
ok 45 - sandbox and release accept only production App Check provider pairs
  ---
  duration_ms: 2.825625
  type: 'test'
  ...
# Subtest: sandbox uses the one tracked native Firebase registration while release requires production file variables
ok 46 - sandbox uses the one tracked native Firebase registration while release requires production file variables
  ---
  duration_ms: 0.433459
  type: 'test'
  ...
# Subtest: explicit iOS sandbox and release require iOS configuration and ignore Android-only configuration
ok 47 - explicit iOS sandbox and release require iOS configuration and ignore Android-only configuration
  ---
  duration_ms: 3.603709
  type: 'test'
  ...
# Subtest: explicit Android sandbox and release require Android configuration and ignore iOS-only configuration
ok 48 - explicit Android sandbox and release require Android configuration and ignore iOS-only configuration
  ---
  duration_ms: 1.613417
  type: 'test'
  ...
# Subtest: without an explicit native target, sandbox and release require both platform configurations
ok 49 - without an explicit native target, sandbox and release require both platform configurations
  ---
  duration_ms: 1.774792
  type: 'test'
  ...
# Subtest: explicit iOS and Android builds always require shared Firebase public configuration
ok 50 - explicit iOS and Android builds always require shared Firebase public configuration
  ---
  duration_ms: 0.278041
  type: 'test'
  ...
# Subtest: candidate lock binds the exact nine bundled artifacts
ok 51 - candidate lock binds the exact nine bundled artifacts
  ---
  duration_ms: 8.153375
  type: 'test'
  ...
# Subtest: candidate lock rejects bundled bytes outside the candidate
ok 52 - candidate lock rejects bundled bytes outside the candidate
  ---
  duration_ms: 46.084
  type: 'test'
  ...
# Subtest: CI bootstrap binds the actual current v3 lock to all nine verified bundled artifacts
ok 53 - CI bootstrap binds the actual current v3 lock to all nine verified bundled artifacts
  ---
  duration_ms: 1191.97975
  type: 'test'
  ...
# Subtest: CI bootstrap fails closed for malformed v3 metadata without an active v2 fallback
    # Subtest: old schema
    ok 1 - old schema
      ---
      duration_ms: 5.032375
      type: 'test'
      ...
    # Subtest: extra root field
    ok 2 - extra root field
      ---
      duration_ms: 6.613833
      type: 'test'
      ...
    # Subtest: missing track
    ok 3 - missing track
      ---
      duration_ms: 5.980583
      type: 'test'
      ...
    # Subtest: extra track
    ok 4 - extra track
      ---
      duration_ms: 7.00125
      type: 'test'
      ...
    # Subtest: duplicate track
    ok 5 - duplicate track
      ---
      duration_ms: 11.425583
      type: 'test'
      ...
    # Subtest: mixed pin
    ok 6 - mixed pin
      ---
      duration_ms: 5.901958
      type: 'test'
      ...
    # Subtest: source mismatch
    ok 7 - source mismatch
      ---
      duration_ms: 3.844084
      type: 'test'
      ...
    # Subtest: malformed pin
    ok 8 - malformed pin
      ---
      duration_ms: 5.671792
      type: 'test'
      ...
    # Subtest: mixed release
    ok 9 - mixed release
      ---
      duration_ms: 11.998708
      type: 'test'
      ...
    # Subtest: bad checksum
    ok 10 - bad checksum
      ---
      duration_ms: 11.367333
      type: 'test'
      ...
    # Subtest: bad manifest digest
    ok 11 - bad manifest digest
      ---
      duration_ms: 5.677
      type: 'test'
      ...
    # Subtest: bad candidate identity
    ok 12 - bad candidate identity
      ---
      duration_ms: 4.64925
      type: 'test'
      ...
    # Subtest: wrong candidate path
    ok 13 - wrong candidate path
      ---
      duration_ms: 4.914042
      type: 'test'
      ...
    1..13
ok 54 - CI bootstrap fails closed for malformed v3 metadata without an active v2 fallback
  ---
  duration_ms: 97.095958
  type: 'test'
  ...
# Subtest: CI bootstrap rejects valid-shaped metadata that disagrees with actual bundled hashes or versions
    # Subtest: bundledContentLockSha256
    ok 1 - bundledContentLockSha256
      ---
      duration_ms: 158.877542
      type: 'test'
      ...
    # Subtest: checksumSha256
    ok 2 - checksumSha256
      ---
      duration_ms: 453.281666
      type: 'test'
      ...
    # Subtest: contentVersion
    ok 3 - contentVersion
      ---
      duration_ms: 486.868083
      type: 'test'
      ...
    1..3
ok 55 - CI bootstrap rejects valid-shaped metadata that disagrees with actual bundled hashes or versions
  ---
  duration_ms: 1100.560209
  type: 'test'
  ...
# Subtest: both QA jobs share the strict pin reader and retain mandatory candidate and actual checkout identity gates
ok 56 - both QA jobs share the strict pin reader and retain mandatory candidate and actual checkout identity gates
  ---
  duration_ms: 2.984292
  type: 'test'
  ...
# Subtest: historical bootstrap preserves the exact frozen lock and distinct producer checkout
ok 57 - historical bootstrap preserves the exact frozen lock and distinct producer checkout
  ---
  duration_ms: 452.765834
  type: 'test'
  ...
# Subtest: Metro selects Certification Exam review fixtures only in smoke and keeps disabled peer inert
ok 58 - Metro selects Certification Exam review fixtures only in smoke and keeps disabled peer inert
  ---
  duration_ms: 676.379333
  type: 'test'
  ...
# Subtest: QA installs the frontend lock before native and root verification
ok 59 - QA installs the frontend lock before native and root verification
  ---
  duration_ms: 1.212458
  type: 'test'
  ...
# Subtest: EAS release configuration has explicit version, runtime, and channel policy
ok 60 - EAS release configuration has explicit version, runtime, and channel policy
  ---
  duration_ms: 1.340583
  type: 'test'
  ...
# Subtest: EAS source archives exclude generated native output, artifacts, and credentials
ok 61 - EAS source archives exclude generated native output, artifacts, and credentials
  ---
  duration_ms: 0.344125
  type: 'test'
  ...
# Subtest: production exporter rejects the current incomplete canonical source before creating output
ok 62 - production exporter rejects the current incomplete canonical source before creating output
  ---
  duration_ms: 319.270125
  type: 'test'
  ...
# Subtest: synthetic seven-locale artifacts are marked unapproved and contain complete, interpolated drafts
ok 63 - synthetic seven-locale artifacts are marked unapproved and contain complete, interpolated drafts
  ---
  duration_ms: 16.448167
  type: 'test'
  ...
# Subtest: app legal exports retain the same output as parameterized template rendering
ok 64 - app legal exports retain the same output as parameterized template rendering
  ---
  duration_ms: 0.339375
  type: 'test'
  ...
# Subtest: release gate and exporter use the same canonical source fingerprint
ok 65 - release gate and exporter use the same canonical source fingerprint
  ---
  duration_ms: 662.950833
  type: 'test'
  ...
# Subtest: launch readiness CI is the complete exact-four-SHA owning gate
ok 66 - launch readiness CI is the complete exact-four-SHA owning gate
  ---
  duration_ms: 10.707125
  type: 'test'
  ...
# Subtest: mutations of any required SHA input fail closed
ok 67 - mutations of any required SHA input fail closed
  ---
  duration_ms: 11.649125
  type: 'test'
  ...
# Subtest: mutations of each fixed repository slug, ref, path and fetch depth fail closed
ok 68 - mutations of each fixed repository slug, ref, path and fetch depth fail closed
  ---
  duration_ms: 9.198042
  type: 'test'
  ...
# Subtest: mutations of historical lock resolution or app content roots fail closed
ok 69 - mutations of historical lock resolution or app content roots fail closed
  ---
  duration_ms: 2.305125
  type: 'test'
  ...
# Subtest: mutations of every exact-head or clean-worktree assertion fail closed
ok 70 - mutations of every exact-head or clean-worktree assertion fail closed
  ---
  duration_ms: 3.152792
  type: 'test'
  ...
# Subtest: mutations of toolchain and every npm ci owning gate fail closed
ok 71 - mutations of toolchain and every npm ci owning gate fail closed
  ---
  duration_ms: 25.5325
  type: 'test'
  ...
# Subtest: mutations of the web server wait, base URL and cleanup fail closed
ok 72 - mutations of the web server wait, base URL and cleanup fail closed
  ---
  duration_ms: 5.006916
  type: 'test'
  ...
# Subtest: mutations of backend sibling roots and content/web gate commands fail closed
ok 73 - mutations of backend sibling roots and content/web gate commands fail closed
  ---
  duration_ms: 5.978917
  type: 'test'
  ...
# Subtest: mutations of manifest creation, verification and enforced release fail closed
ok 74 - mutations of manifest creation, verification and enforced release fail closed
  ---
  duration_ms: 9.59675
  type: 'test'
  ...
# Subtest: mutations of JSON validation, unconditional uploads and final outcome enforcement fail closed
ok 75 - mutations of JSON validation, unconditional uploads and final outcome enforcement fail closed
  ---
  duration_ms: 6.599792
  type: 'test'
  ...
# Subtest: moving candidate refs, write permissions or secrets fail closed
ok 76 - moving candidate refs, write permissions or secrets fail closed
  ---
  duration_ms: 0.830792
  type: 'test'
  ...
# Subtest: Metro selects proposal fixtures only in the smoke runtime
ok 77 - Metro selects proposal fixtures only in the smoke runtime
  ---
  duration_ms: 608.372875
  type: 'test'
  ...
# Subtest: one journal contract, materializer, verifier, and coordinator remain
ok 78 - one journal contract, materializer, verifier, and coordinator remain
  ---
  duration_ms: 1.074375
  type: 'test'
  ...
# Subtest: mutation failure has one boundary owner and presentation cannot recreate durable state
ok 79 - mutation failure has one boundary owner and presentation cannot recreate durable state
  ---
  duration_ms: 43.813417
  type: 'test'
  ...
# Subtest: features and track semantics cannot import storage or repository implementations
ok 80 - features and track semantics cannot import storage or repository implementations
  ---
  duration_ms: 7.373583
  type: 'test'
  ...
# Subtest: Algorithms runtime composition has no persistence binding
ok 81 - Algorithms runtime composition has no persistence binding
  ---
  duration_ms: 0.511708
  type: 'test'
  ...
# Subtest: Coding Interview read projections do not create a barrel cycle through the session facade
ok 82 - Coding Interview read projections do not create a barrel cycle through the session facade
  ---
  duration_ms: 0.234
  type: 'test'
  ...
# Subtest: one family-neutral foreground timer is bound only in application composition, never in presentation
ok 83 - one family-neutral foreground timer is bound only in application composition, never in presentation
  ---
  duration_ms: 21.957292
  type: 'test'
  ...
# Subtest: training-session identity has one lifecycle authority and no obsolete runtime port
ok 84 - training-session identity has one lifecycle authority and no obsolete runtime port
  ---
  duration_ms: 10.047666
  type: 'test'
  ...
# Subtest: old active exam persistence owner and feature services are deleted
ok 85 - old active exam persistence owner and feature services are deleted
  ---
  duration_ms: 34.719125
  type: 'test'
  ...
# Subtest: Certification answers cannot recreate the deleted selector or competing writer
ok 86 - Certification answers cannot recreate the deleted selector or competing writer
  ---
  duration_ms: 29.838708
  type: 'test'
  ...
# Subtest: Certification presentation reads materialized feedback without owning family scoring
ok 87 - Certification presentation reads materialized feedback without owning family scoring
  ---
  duration_ms: 9.197167
  type: 'test'
  ...
# Subtest: Certification durable Practice state has one exact projection, recovery command, and shared notice mapper
ok 88 - Certification durable Practice state has one exact projection, recovery command, and shared notice mapper
  ---
  duration_ms: 0.870875
  type: 'test'
  ...
# Subtest: Certification route handoffs use exact resume intent and cannot hide failures behind start fallbacks
ok 89 - Certification route handoffs use exact resume intent and cannot hide failures behind start fallbacks
  ---
  duration_ms: 0.571
  type: 'test'
  ...
# Subtest: presentation routes use application ports without persistence internals
ok 90 - presentation routes use application ports without persistence internals
  ---
  duration_ms: 17.026583
  type: 'test'
  ...
# Subtest: startup recovery uses canonical bootstrap recovery
ok 91 - startup recovery uses canonical bootstrap recovery
  ---
  duration_ms: 0.101625
  type: 'test'
  ...
# Subtest: release-native configuration excludes canonical learning storage from backup and unneeded ingress
ok 92 - release-native configuration excludes canonical learning storage from backup and unneeded ingress
  ---
  duration_ms: 0.777791
  type: 'test'
  ...
# Subtest: Android privacy transforms are reproducible without generated native projects
ok 93 - Android privacy transforms are reproducible without generated native projects
  ---
  duration_ms: 0.843958
  type: 'test'
  ...
# Subtest: iOS backup transform is reproducible without a generated AppDelegate
ok 94 - iOS backup transform is reproducible without a generated AppDelegate
  ---
  duration_ms: 0.106875
  type: 'test'
  ...
# Subtest: clean iOS output declares current data collection without tracking or remote notifications
ok 95 - clean iOS output declares current data collection without tracking or remote notifications
  ---
  duration_ms: 6.1205
  type: 'test'
  ...
# Subtest: Expo platform configuration declares the supported phone-only native matrix
ok 96 - Expo platform configuration declares the supported phone-only native matrix
  ---
  duration_ms: 1.270042
  type: 'test'
  ...
# Subtest: Premium node offers and their local fixture transport share one smoke-only Metro module
ok 97 - Premium node offers and their local fixture transport share one smoke-only Metro module
  ---
  duration_ms: 511.808708
  type: 'test'
  ...
# Subtest: release Metro source selections cannot expose the local Premium offer or payload
ok 98 - release Metro source selections cannot expose the local Premium offer or payload
  ---
  duration_ms: 25.539833
  type: 'test'
  ...
# Subtest: provider auth fixture runtime resolves to smoke implementation only for smoke
ok 99 - provider auth fixture runtime resolves to smoke implementation only for smoke
  ---
  duration_ms: 534.0735
  type: 'test'
  ...
# Subtest: non-smoke provider fixture peer contains no token-generation or provider-auth SDK calls
ok 100 - non-smoke provider fixture peer contains no token-generation or provider-auth SDK calls
  ---
  duration_ms: 4.463959
  type: 'test'
  ...
# Subtest: recovery integration refuses missing producer pins before starting emulators
ok 101 - recovery integration refuses missing producer pins before starting emulators
  ---
  duration_ms: 113.221292
  type: 'test'
  ...
# Subtest: recovery integration refuses blank producer pins before starting emulators
ok 102 - recovery integration refuses blank producer pins before starting emulators
  ---
  duration_ms: 117.499041
  type: 'test'
  ...
# Subtest: an explicit producer pin file retains the exact repository HEAD fence
ok 103 - an explicit producer pin file retains the exact repository HEAD fence
  ---
  duration_ms: 157.180666
  type: 'test'
  ...
# Subtest: mobile recovery coordinator, secure-store fixture and adapter complete real HTTP recovery operations
ok 104 - mobile recovery coordinator, secure-store fixture and adapter complete real HTTP recovery operations # SKIP
  ---
  duration_ms: 0.490875
  type: 'test'
  ...
# Subtest: HTTP session revoke conflicts with an unacknowledged recovery result and succeeds after its ACK
ok 105 - HTTP session revoke conflicts with an unacknowledged recovery result and succeeds after its ACK # SKIP
  ---
  duration_ms: 0.055
  type: 'test'
  ...
# Subtest: same-operation concurrent HTTP recovery consumes return the persisted real Admin winner
ok 106 - same-operation concurrent HTTP recovery consumes return the persisted real Admin winner # SKIP
  ---
  duration_ms: 0.037
  type: 'test'
  ...
# Subtest: HTTP account deletion supersedes an unacknowledged recovery result and removes its proof-bound data
ok 107 - HTTP account deletion supersedes an unacknowledged recovery result and removes its proof-bound data # SKIP
  ---
  duration_ms: 0.033834
  type: 'test'
  ...
# Subtest: launch readiness report is deterministic and exposes the unresolved release blockers
ok 108 - launch readiness report is deterministic and exposes the unresolved release blockers
  ---
  duration_ms: 1078.833292
  type: 'test'
  ...
# Subtest: release readiness reports missing, malformed, and complete public legal configuration safely
ok 109 - release readiness reports missing, malformed, and complete public legal configuration safely
  ---
  duration_ms: 3225.268875
  type: 'test'
  ...
# Subtest: launch readiness rejects a forged runtime admission
ok 110 - launch readiness rejects a forged runtime admission
  ---
  duration_ms: 703.091
  type: 'test'
  ...
# Subtest: release gate fails while the readiness report contains blockers
ok 111 - release gate fails while the readiness report contains blockers
  ---
  duration_ms: 632.082375
  type: 'test'
  ...
# Subtest: enforced release gate requires a verified four-repository manifest
ok 112 - enforced release gate requires a verified four-repository manifest
  ---
  duration_ms: 753.000792
  type: 'test'
  ...
# Subtest: launch readiness fails closed when the content evidence checkout is dirty
ok 113 - launch readiness fails closed when the content evidence checkout is dirty
  ---
  duration_ms: 370.503083
  type: 'test'
  ...
# Subtest: explicit report output is written after inspection and does not dirty either worktree
ok 114 - explicit report output is written after inspection and does not dirty either worktree
  ---
  duration_ms: 1097.815334
  type: 'test'
  ...
# Subtest: owning validator rejects stale identity and malformed readiness semantics
ok 115 - owning validator rejects stale identity and malformed readiness semantics
  ---
  duration_ms: 5593.96875
  type: 'test'
  ...
# Subtest: enforced mode still writes a valid report before returning exit 1
ok 116 - enforced mode still writes a valid report before returning exit 1
  ---
  duration_ms: 853.098917
  type: 'test'
  ...
# Subtest: CLI rejects malformed arguments and physical output paths inside either worktree
ok 117 - CLI rejects malformed arguments and physical output paths inside either worktree
  ---
  duration_ms: 1535.522708
  type: 'test'
  ...
# Subtest: launch readiness fails closed when the application release lock provenance is invalid
ok 118 - launch readiness fails closed when the application release lock provenance is invalid
  ---
  duration_ms: 839.537292
  type: 'test'
  ...
# Subtest: launch readiness fails closed when the application evidence checkout is dirty
ok 119 - launch readiness fails closed when the application evidence checkout is dirty
  ---
  duration_ms: 739.10425
  type: 'test'
  ...
# Subtest: launch readiness admits external evidence only when its envelope is bound and self-integral
ok 120 - launch readiness admits external evidence only when its envelope is bound and self-integral
  ---
  duration_ms: 2494.912542
  type: 'test'
  ...
# Subtest: physical-device evidence is optional through freeze and mandatory at go
ok 121 - physical-device evidence is optional through freeze and mandatory at go
  ---
  duration_ms: 2065.567542
  type: 'test'
  ...
# Subtest: stage contract keeps PO, provider, store, and device evidence out of local and freeze
ok 122 - stage contract keeps PO, provider, store, and device evidence out of local and freeze
  ---
  duration_ms: 1964.43075
  type: 'test'
  ...
# Subtest: creates deterministic portable identity with repositories, locks, build, configuration, and evidence
ok 123 - creates deterministic portable identity with repositories, locks, build, configuration, and evidence
  ---
  duration_ms: 4038.412583
  type: 'test'
  ...
# Subtest: verifies exact HEADs, clean worktrees, hashes and current content/OpenAPI owning checks
ok 124 - verifies exact HEADs, clean worktrees, hashes and current content/OpenAPI owning checks
  ---
  duration_ms: 2359.612042
  type: 'test'
  ...
# Subtest: CLI create output can be copied to another external directory and verified
ok 125 - CLI create output can be copied to another external directory and verified
  ---
  duration_ms: 4303.963208
  type: 'test'
  ...
# Subtest: enforced releaseGate reports a verified manifest identity without absolute paths
ok 126 - enforced releaseGate reports a verified manifest identity without absolute paths
  ---
  duration_ms: 3029.187458
  type: 'test'
  ...
# Subtest: releaseGate accepts only a physical receipt for the exact embedded manifest and build
ok 127 - releaseGate accepts only a physical receipt for the exact embedded manifest and build
  ---
  duration_ms: 5788.471542
  type: 'test'
  ...
# Subtest: runtime receipt rejects every mismatch with the verified embedded artifact
ok 128 - runtime receipt rejects every mismatch with the verified embedded artifact
  ---
  duration_ms: 0.692458
  type: 'test'
  ...
# Subtest: enforced releaseGate writes portable reports for invalid and missing manifests
ok 129 - enforced releaseGate writes portable reports for invalid and missing manifests
  ---
  duration_ms: 1308.63225
  type: 'test'
  ...
# Subtest: rejects missing, extra and duplicate repository roles plus the legacy two-SHA shape
ok 130 - rejects missing, extra and duplicate repository roles plus the legacy two-SHA shape
  ---
  duration_ms: 1.350666
  type: 'test'
  ...
# Subtest: rejects wrong manifest identity, stale candidate/track scope and wrong repository SHA
ok 131 - rejects wrong manifest identity, stale candidate/track scope and wrong repository SHA
  ---
  duration_ms: 729.186
  type: 'test'
  ...
# Subtest: rejects modified evidence before accepting a portable reference
ok 132 - rejects modified evidence before accepting a portable reference
  ---
  duration_ms: 267.891417
  type: 'test'
  ...
# Subtest: rejects changed iOS build, public configuration, and signing evidence bytes
ok 133 - rejects changed iOS build, public configuration, and signing evidence bytes
  ---
  duration_ms: 1406.192709
  type: 'test'
  ...
# Subtest: rejects absolute, traversal and symlink references
ok 134 - rejects absolute, traversal and symlink references
  ---
  duration_ms: 5.1295
  type: 'test'
  ...
# Subtest: rejects dirty repositories and output paths inside or through symlinked parents
ok 135 - rejects dirty repositories and output paths inside or through symlinked parents
  ---
  duration_ms: 33.151209
  type: 'test'
  ...
# Subtest: local profile dotenv parser has no process side effect
ok 136 - local profile dotenv parser has no process side effect
  ---
  duration_ms: 5.246916
  type: 'test'
  ...
# Subtest: the default iOS command uses the local profile and sandbox remains explicit
ok 137 - the default iOS command uses the local profile and sandbox remains explicit
  ---
  duration_ms: 0.514875
  type: 'test'
  ...
# Subtest: smoke profile requires explicit matching local E2E endpoints
ok 138 - smoke profile requires explicit matching local E2E endpoints
  ---
  duration_ms: 1.367834
  type: 'test'
  ...
# Subtest: sandbox profile rejects every local auth override
ok 139 - sandbox profile rejects every local auth override
  ---
  duration_ms: 0.378166
  type: 'test'
  ...
# Subtest: smoke emulator probe reports profile, origin, and action on failure
ok 140 - smoke emulator probe reports profile, origin, and action on failure
  ---
  duration_ms: 0.963708
  type: 'test'
  ...
# Subtest: Auth probe requires the documented emulator configuration response
ok 141 - Auth probe requires the documented emulator configuration response
  ---
  duration_ms: 0.235458
  type: 'test'
  ...
# Subtest: API readiness waits for dependencies and rejects false checks
ok 142 - API readiness waits for dependencies and rejects false checks
  ---
  duration_ms: 12.897875
  type: 'test'
  ...
# Subtest: failed smoke preflight cannot spawn Expo
ok 143 - failed smoke preflight cannot spawn Expo
  ---
  duration_ms: 5005.803792
  type: 'test'
  ...
# Subtest: sync replaces the whole generated directory with an exact validated set
ok 144 - sync replaces the whole generated directory with an exact validated set
  ---
  duration_ms: 98.476458
  type: 'test'
  ...
# Subtest: sync accepts a complete GCP Exam envelope inside the artifact lock boundary
ok 145 - sync accepts a complete GCP Exam envelope inside the artifact lock boundary
  ---
  duration_ms: 62.546334
  type: 'test'
  ...
# Subtest: sync accepts the exact Coding Mock profile with its ordered 40-question pool
ok 146 - sync accepts the exact Coding Mock profile with its ordered 40-question pool
  ---
  duration_ms: 35.720166
  type: 'test'
  ...
# Subtest: sync accepts and preserves each exact per-track Design Interview simulation profile
ok 147 - sync accepts and preserves each exact per-track Design Interview simulation profile
  ---
  duration_ms: 35.381833
  type: 'test'
  ...
# Subtest: sync rejects Design profile identity, deadline, stage, response, criterion, rubric, and scoring drift
ok 148 - sync rejects Design profile identity, deadline, stage, response, criterion, rubric, and scoring drift
  ---
  duration_ms: 177.213542
  type: 'test'
  ...
# Subtest: sync rejects Coding Mock profiles that drift from the declared strict contract
ok 149 - sync rejects Coding Mock profiles that drift from the declared strict contract
  ---
  duration_ms: 194.568583
  type: 'test'
  ...
# Subtest: sync continues to accept a legacy GCP artifact without simulation metadata
ok 150 - sync continues to accept a legacy GCP artifact without simulation metadata
  ---
  duration_ms: 53.400625
  type: 'test'
  ...
# Subtest: sync rejects malformed GCP profiles before replacing the target even when lock SHA is recomputed
ok 151 - sync rejects malformed GCP profiles before replacing the target even when lock SHA is recomputed
  ---
  duration_ms: 381.677209
  type: 'test'
  ...
# Subtest: check mode proves byte parity and never writes inside the application root
ok 152 - check mode proves byte parity and never writes inside the application root
  ---
  duration_ms: 79.185791
  type: 'test'
  ...
# Subtest: check fails on byte drift without repairing it
ok 153 - check fails on byte drift without repairing it
  ---
  duration_ms: 73.623
  type: 'test'
  ...
# Subtest: producer failure preserves the existing complete target and cleans staging
ok 154 - producer failure preserves the existing complete target and cleans staging
  ---
  duration_ms: 52.590708
  type: 'test'
  ...
# Subtest: failed second rename rolls back the previous directory
ok 155 - failed second rename rolls back the previous directory
  ---
  duration_ms: 77.056042
  type: 'test'
  ...
# Subtest: an interrupted target-to-backup move is recovered before replacement
ok 156 - an interrupted target-to-backup move is recovered before replacement
  ---
  duration_ms: 108.513167
  type: 'test'
  ...
# Subtest: validation rejects extra files, duplicate IDs, tampering, and symlink entries
ok 157 - validation rejects extra files, duplicate IDs, tampering, and symlink entries
  ---
  duration_ms: 27.888833
  type: 'test'
  ...
# Subtest: validation rejects a missing or misnamed artifact and an unsorted lock
ok 158 - validation rejects a missing or misnamed artifact and an unsorted lock
  ---
  duration_ms: 17.093042
  type: 'test'
  ...
# Subtest: failed first rename preserves the target byte-for-byte and leaves no transaction debris
ok 159 - failed first rename preserves the target byte-for-byte and leaves no transaction debris
  ---
  duration_ms: 79.162708
  type: 'test'
  ...
# Subtest: a symlinked target parent fails before staging and cannot write outside appRoot
ok 160 - a symlinked target parent fails before staging and cannot write outside appRoot
  ---
  duration_ms: 18.535708
  type: 'test'
  ...
# Subtest: dirty producer state fails before build or application write
ok 161 - dirty producer state fails before build or application write
  ---
  duration_ms: 13.744917
  type: 'test'
  ...
# Subtest: check rejects a temporary root inside appRoot before any app-tree write
ok 162 - check rejects a temporary root inside appRoot before any app-tree write
  ---
  duration_ms: 69.008792
  type: 'test'
  ...
# CONTENT_BOUNDARY_CHECK=passed
# Subtest: content boundary rejects global fetch ingress but ignores property fetch methods
ok 163 - content boundary rejects global fetch ingress but ignores property fetch methods
  ---
  duration_ms: 0.574125
  type: 'test'
  ...
# Subtest: content boundary rejects legacy identity types and fields in active runtime code
ok 164 - content boundary rejects legacy identity types and fields in active runtime code
  ---
  duration_ms: 0.151708
  type: 'test'
  ...
# Subtest: content boundary rejects legacy published-bank contracts and family catalogs
ok 165 - content boundary rejects legacy published-bank contracts and family catalogs
  ---
  duration_ms: 0.074084
  type: 'test'
  ...
# Subtest: content boundary permits legacy shape only at fail-closed boundaries
ok 166 - content boundary permits legacy shape only at fail-closed boundaries
  ---
  duration_ms: 0.9405
  type: 'test'
  ...
# Subtest: content boundary never permits removed family architecture through explicit allowlists
ok 167 - content boundary never permits removed family architecture through explicit allowlists
  ---
  duration_ms: 0.071875
  type: 'test'
  ...
# Subtest: content boundary permits quoted legacy keys used only by fail-closed rejection guards
ok 168 - content boundary permits quoted legacy keys used only by fail-closed rejection guards
  ---
  duration_ms: 0.050625
  type: 'test'
  ...
# Subtest: recognizes only an enumerated ContentPreparationGate state
ok 169 - recognizes only an enumerated ContentPreparationGate state
  ---
  duration_ms: 0.588208
  type: 'test'
  ...
# Subtest: waits through transient hierarchy failures and returns once a gate state is visible
ok 170 - waits through transient hierarchy failures and returns once a gate state is visible
  ---
  duration_ms: 0.159709
  type: 'test'
  ...
# Subtest: fails closed at the bounded deadline when no gate state is visible
ok 171 - fails closed at the bounded deadline when no gate state is visible
  ---
  duration_ms: 0.402708
  type: 'test'
  ...
# Subtest: deletion authorization expires, binds both UID and generation, and cannot be replayed
ok 172 - deletion authorization expires, binds both UID and generation, and cannot be replayed
  ---
  duration_ms: 0.748167
  type: 'test'
  ...
# Subtest: deletion authorization reports a live grant without consuming it
ok 173 - deletion authorization reports a live grant without consuming it
  ---
  duration_ms: 0.138667
  type: 'test'
  ...
# Subtest: foreground refresh guard skips only a current live deletion grant
ok 174 - foreground refresh guard skips only a current live deletion grant
  ---
  duration_ms: 0.105083
  type: 'test'
  ...
# Subtest: a foreground refresh queued behind prepareDeletion skips the issued grant without consuming it
ok 175 - a foreground refresh queued behind prepareDeletion skips the issued grant without consuming it
  ---
  duration_ms: 1.019959
  type: 'test'
  ...
# Subtest: wrong reauthentication never issues a deletion grant or reaches deletion
ok 176 - wrong reauthentication never issues a deletion grant or reaches deletion
  ---
  duration_ms: 0.121542
  type: 'test'
  ...
# Subtest: a session change after reauthentication prevents grant issuance
ok 177 - a session change after reauthentication prevents grant issuance
  ---
  duration_ms: 0.083875
  type: 'test'
  ...
# Subtest: deletion authorization prepares the backend session after reauthentication and before issuing the grant
ok 178 - deletion authorization prepares the backend session after reauthentication and before issuing the grant
  ---
  duration_ms: 0.099333
  type: 'test'
  ...
# Subtest: deletion authorization fails closed when backend session preparation fails
ok 179 - deletion authorization fails closed when backend session preparation fails
  ---
  duration_ms: 0.092834
  type: 'test'
  ...
# Subtest: deletion authorization fails closed when the session changes during backend session preparation
ok 180 - deletion authorization fails closed when the session changes during backend session preparation
  ---
  duration_ms: 0.24875
  type: 'test'
  ...
# Subtest: verify-before email mutation reports pending work while the current email stays unchanged
ok 181 - verify-before email mutation reports pending work while the current email stays unchanged
  ---
  duration_ms: 0.365375
  type: 'test'
  ...
# Subtest: password mutation failures remain failures after successful reauthentication
ok 182 - password mutation failures remain failures after successful reauthentication
  ---
  duration_ms: 0.124125
  type: 'test'
  ...
# Subtest: sensitive command lane rejects a concurrent different command
ok 183 - sensitive command lane rejects a concurrent different command
  ---
  duration_ms: 0.281875
  type: 'test'
  ...
# Subtest: a second login waits until the first account's Firebase sign-out settles
ok 184 - a second login waits until the first account's Firebase sign-out settles
  ---
  duration_ms: 0.158167
  type: 'test'
  ...
# Subtest: sensitive command lane waits for an active command only through the refresh path
ok 185 - sensitive command lane waits for an active command only through the refresh path
  ---
  duration_ms: 0.08775
  type: 'test'
  ...
# Subtest: waiting refresh drains a command that starts at the idle microtask boundary
ok 186 - waiting refresh drains a command that starts at the idle microtask boundary
  ---
  duration_ms: 0.12525
  type: 'test'
  ...
# Subtest: an active refresh settles before a command claims the lane, even when refresh fails
ok 187 - an active refresh settles before a command claims the lane, even when refresh fails
  ---
  duration_ms: 0.114792
  type: 'test'
  ...
# Subtest: two commands waiting for one refresh leave only the first command admitted
ok 188 - two commands waiting for one refresh leave only the first command admitted
  ---
  duration_ms: 0.098375
  type: 'test'
  ...
# Subtest: refresh holds are refcounted and idempotent while explicit commands remain available
ok 189 - refresh holds are refcounted and idempotent while explicit commands remain available
  ---
  duration_ms: 0.11075
  type: 'test'
  ...
# Subtest: prompt hold lifecycle releases exactly once across success, cancel, error, and unmount paths
ok 190 - prompt hold lifecycle releases exactly once across success, cancel, error, and unmount paths
  ---
  duration_ms: 0.083
  type: 'test'
  ...
# Subtest: a prompt callback can submit during a refresh hold before its queued foreground refresh
ok 191 - a prompt callback can submit during a refresh hold before its queued foreground refresh
  ---
  duration_ms: 0.270334
  type: 'test'
  ...
# Subtest: a prompt callback during an active refresh keeps queued refresh and submit serialized
ok 192 - a prompt callback during an active refresh keeps queued refresh and submit serialized
  ---
  duration_ms: 0.172333
  type: 'test'
  ...
# Subtest: auth command composition keeps provider credentials and hold-only deletion wiring
ok 193 - auth command composition keeps provider credentials and hold-only deletion wiring
  ---
  duration_ms: 1.5175
  type: 'test'
  ...
# Subtest: account snapshot and outbox use one exact canonical identity contract
ok 194 - account snapshot and outbox use one exact canonical identity contract
  ---
  duration_ms: 7.611583
  type: 'test'
  ...
# Subtest: stored account state rejects removed protocol and content schema fields
ok 195 - stored account state rejects removed protocol and content schema fields
  ---
  duration_ms: 0.52675
  type: 'test'
  ...
# Subtest: guest adoption choice is canonical and survives a durable reread
ok 196 - guest adoption choice is canonical and survives a durable reread
  ---
  duration_ms: 0.298292
  type: 'test'
  ...
# Subtest: stored account state fails closed instead of assigning missing outbox sequence
ok 197 - stored account state fails closed instead of assigning missing outbox sequence
  ---
  duration_ms: 1.924791
  type: 'test'
  ...
# Subtest: account export distinguishes recent authentication, revoked sessions, transport, limits, and 5xx
ok 198 - account export distinguishes recent authentication, revoked sessions, transport, limits, and 5xx
  ---
  duration_ms: 1.538166
  type: 'test'
  ...
# Subtest: validates the account export envelope before any file is created
ok 199 - validates the account export envelope before any file is created
  ---
  duration_ms: 1.9655
  type: 'test'
  ...
# Subtest: rejects partial profiles and malformed section entries
ok 200 - rejects partial profiles and malformed section entries
  ---
  duration_ms: 0.485542
  type: 'test'
  ...
# Subtest: writes to the cache-prefixed filename and deletes after sharing
ok 201 - writes to the cache-prefixed filename and deletes after sharing
  ---
  duration_ms: 0.442
  type: 'test'
  ...
# Subtest: deletes the temporary file when the share sheet rejects
ok 202 - deletes the temporary file when the share sheet rejects
  ---
  duration_ms: 0.125959
  type: 'test'
  ...
# Subtest: does not create a file when system sharing is unavailable
ok 203 - does not create a file when system sharing is unavailable
  ---
  duration_ms: 0.129541
  type: 'test'
  ...
# Subtest: classifies cache file construction failures without rejecting
ok 204 - classifies cache file construction failures without rejecting
  ---
  duration_ms: 0.080125
  type: 'test'
  ...
# Subtest: a changed account session is rejected before sharing and the file is deleted
ok 205 - a changed account session is rejected before sharing and the file is deleted
  ---
  duration_ms: 0.185792
  type: 'test'
  ...
# Subtest: reports a failed final cleanup and leaves bootstrap responsible for retry
ok 206 - reports a failed final cleanup and leaves bootstrap responsible for retry
  ---
  duration_ms: 0.092333
  type: 'test'
  ...
# Subtest: bootstrap cleanup without an active storage profile preserves all export files
ok 207 - bootstrap cleanup without an active storage profile preserves all export files
  ---
  duration_ms: 0.254125
  type: 'test'
  ...
# Subtest: account export cache cleanup is limited to the selected local profile
ok 208 - account export cache cleanup is limited to the selected local profile
  ---
  duration_ms: 1.411958
  type: 'test'
  ...
# Subtest: profile cleanup leaves legacy unscoped exports because their owner cannot be proven
ok 209 - profile cleanup leaves legacy unscoped exports because their owner cannot be proven
  ---
  duration_ms: 0.267917
  type: 'test'
  ...
# Subtest: guest-merge materialization accepts its timestamp-free contract only when active track is unambiguous
ok 210 - guest-merge materialization accepts its timestamp-free contract only when active track is unambiguous
  ---
  duration_ms: 1.670416
  type: 'test'
  ...
# Subtest: requestEmailChange preserves the global classifier and exposes only the email conflict locally
ok 211 - requestEmailChange preserves the global classifier and exposes only the email conflict locally
  ---
  duration_ms: 1.207208
  type: 'test'
  ...
# Subtest: requestEmailChange keeps operational failures in their existing categories
ok 212 - requestEmailChange keeps operational failures in their existing categories
  ---
  duration_ms: 0.1475
  type: 'test'
  ...
# Subtest: requestEmailChange owns the contextual mapper without changing the Firebase client contract
ok 213 - requestEmailChange owns the contextual mapper without changing the Firebase client contract
  ---
  duration_ms: 0.324542
  type: 'test'
  ...
# Subtest: foreground scheduler coalesces duplicate active events and runs a newer return after the current refresh
ok 214 - foreground scheduler coalesces duplicate active events and runs a newer return after the current refresh
  ---
  duration_ms: 2.243959
  type: 'test'
  ...
# Subtest: foreground scheduler cleanup cancels queued work and drops stale intents
ok 215 - foreground scheduler cleanup cancels queued work and drops stale intents
  ---
  duration_ms: 0.279958
  type: 'test'
  ...
# Subtest: ODK-E2E-041 keeps a runnable guest goal to account restart journey
ok 216 - ODK-E2E-041 keeps a runnable guest goal to account restart journey
  ---
  duration_ms: 1.172084
  type: 'test'
  ...
# Subtest: ODK-E2E-041 preserves the per-track dismissal and restart proof
ok 217 - ODK-E2E-041 preserves the per-track dismissal and restart proof
  ---
  duration_ms: 0.548458
  type: 'test'
  ...
# Subtest: ODK-E2E-041 covers an existing goal on a clean device and an account without a goal
ok 218 - ODK-E2E-041 covers an existing goal on a clean device and an account without a goal
  ---
  duration_ms: 0.413958
  type: 'test'
  ...
# Subtest: ODK-E2E-041 data evidence covers identity, atomic goal-plan validation, recovery, and explicit UI states
ok 219 - ODK-E2E-041 data evidence covers identity, atomic goal-plan validation, recovery, and explicit UI states
  ---
  duration_ms: 1.947458
  type: 'test'
  ...
# Subtest: ODK-E2E-041 visual matrix maps every required journey to executable evidence
ok 220 - ODK-E2E-041 visual matrix maps every required journey to executable evidence
  ---
  duration_ms: 1.496209
  type: 'test'
  ...
# Subtest: public environment and Firebase client configuration fail closed
ok 221 - public environment and Firebase client configuration fail closed
  ---
  duration_ms: 3.944583
  type: 'test'
  ...
# Subtest: Firebase account configuration requires core fields and accepts only valid optional Google IDs
ok 222 - Firebase account configuration requires core fields and accepts only valid optional Google IDs
  ---
  duration_ms: 0.903416
  type: 'test'
  ...
# Subtest: native App Check composes either provider, both providers, or an explicit unavailable state
ok 223 - native App Check composes either provider, both providers, or an explicit unavailable state
  ---
  duration_ms: 1.216417
  type: 'test'
  ...
# Subtest: only the explicit local smoke runtime finalizes every password-identity command without verification side effects
ok 224 - only the explicit local smoke runtime finalizes every password-identity command without verification side effects
  ---
  duration_ms: 0.778667
  type: 'test'
  ...
# Subtest: account entry copy makes the destructive choice and code acknowledgement explicit
ok 225 - account entry copy makes the destructive choice and code acknowledgement explicit
  ---
  duration_ms: 1.626208
  type: 'test'
  ...
# Subtest: account entry owns one terminal choice and keeps synced account controls separate
ok 226 - account entry owns one terminal choice and keeps synced account controls separate
  ---
  duration_ms: 1.657125
  type: 'test'
  ...
# Subtest: account recovery owns one status message, a truthful retry, and a sign-out exit
ok 227 - account recovery owns one status message, a truthful retry, and a sign-out exit
  ---
  duration_ms: 2.248209
  type: 'test'
  ...
# Subtest: current-account ISSUE defer requires an explicit sign-in, canonical session check, and persistent identity fence
ok 228 - current-account ISSUE defer requires an explicit sign-in, canonical session check, and persistent identity fence
  ---
  duration_ms: 0.704541
  type: 'test'
  ...
# Subtest: account recovery back action follows live navigator history
ok 229 - account recovery back action follows live navigator history
  ---
  duration_ms: 0.473417
  type: 'test'
  ...
# Subtest: signed-out sign-in presentation is independent of pending remote revocation
ok 230 - signed-out sign-in presentation is independent of pending remote revocation
  ---
  duration_ms: 1.517208
  type: 'test'
  ...
# Subtest: local sign-out persists its block before closing scope and never invokes remote preparation
ok 231 - local sign-out persists its block before closing scope and never invokes remote preparation
  ---
  duration_ms: 0.577959
  type: 'test'
  ...
# Subtest: completed sign-out cannot publish signed-out state over a newly authenticated UID
ok 232 - completed sign-out cannot publish signed-out state over a newly authenticated UID
  ---
  duration_ms: 0.265
  type: 'test'
  ...
# Subtest: explicit login and registration Auth mutations serialize with local sign-out
ok 233 - explicit login and registration Auth mutations serialize with local sign-out
  ---
  duration_ms: 0.487708
  type: 'test'
  ...
# Subtest: restored matching logout block closes scope and remains pending until manual retry
ok 234 - restored matching logout block closes scope and remains pending until manual retry
  ---
  duration_ms: 0.653875
  type: 'test'
  ...
# Subtest: foreground identity publication keeps the latest account data and rejects stale generations
ok 235 - foreground identity publication keeps the latest account data and rejects stale generations
  ---
  duration_ms: 0.155959
  type: 'test'
  ...
# Subtest: queued identity refresh is rejected by the production guard after sign-out or UID switch
ok 236 - queued identity refresh is rejected by the production guard after sign-out or UID switch
  ---
  duration_ms: 0.328291
  type: 'test'
  ...
# Subtest: email security composition delegates refresh to the global foreground owner
ok 237 - email security composition delegates refresh to the global foreground owner
  ---
  duration_ms: 1.004208
  type: 'test'
  ...
# Subtest: the foreground owner retries plan recovery at bootstrap, reconnect, foreground, and its durable timer
ok 238 - the foreground owner retries plan recovery at bootstrap, reconnect, foreground, and its durable timer
  ---
  duration_ms: 0.204709
  type: 'test'
  ...
# Subtest: sign-in keeps guest access visible and uses the approved Google logo asset
ok 239 - sign-in keeps guest access visible and uses the approved Google logo asset
  ---
  duration_ms: 1.326834
  type: 'test'
  ...
# Subtest: registration keeps consent presentation separate from the boolean domain contract
ok 240 - registration keeps consent presentation separate from the boolean domain contract
  ---
  duration_ms: 3.838584
  type: 'test'
  ...
# Subtest: both recovery-code surfaces warn before copying through the guarded clipboard
ok 241 - both recovery-code surfaces warn before copying through the guarded clipboard
  ---
  duration_ms: 0.855916
  type: 'test'
  ...
# Subtest: unconfigured account entry never composes Google OAuth without typed provider configuration
ok 242 - unconfigured account entry never composes Google OAuth without typed provider configuration
  ---
  duration_ms: 0.530125
  type: 'test'
  ...
# Subtest: a guest transition resets navigation into the application session
ok 243 - a guest transition resets navigation into the application session
  ---
  duration_ms: 0.096458
  type: 'test'
  ...
# Subtest: secure auth persistence stores only a Firebase refresh-token-shaped record
ok 244 - secure auth persistence stores only a Firebase refresh-token-shaped record
  ---
  duration_ms: 0.448834
  type: 'test'
  ...
# Subtest: secure auth persistence isolates Firebase metadata from the saved auth user
ok 245 - secure auth persistence isolates Firebase metadata from the saved auth user
  ---
  duration_ms: 0.70275
  type: 'test'
  ...
# Subtest: startup waits for persisted auth resolution before choosing the entry screen or Home
ok 246 - startup waits for persisted auth resolution before choosing the entry screen or Home
  ---
  duration_ms: 0.756292
  type: 'test'
  ...
# Subtest: account finalization coordinator shares one in-flight and completed result per generation
ok 247 - account finalization coordinator shares one in-flight and completed result per generation
  ---
  duration_ms: 0.234083
  type: 'test'
  ...
# Subtest: account finalization coordinator drops late results after invalidation and disposal
ok 248 - account finalization coordinator drops late results after invalidation and disposal
  ---
  duration_ms: 0.317541
  type: 'test'
  ...
# Subtest: read-only generation capture cannot reactivate a session during sign-out
ok 249 - read-only generation capture cannot reactivate a session during sign-out
  ---
  duration_ms: 0.083875
  type: 'test'
  ...
# Subtest: account restore has a bounded initialization recovery path
ok 250 - account restore has a bounded initialization recovery path
  ---
  duration_ms: 0.531208
  type: 'test'
  ...
# Subtest: App Check has an explicit unavailable state and never fabricates a token
ok 251 - App Check has an explicit unavailable state and never fabricates a token
  ---
  duration_ms: 0.094416
  type: 'test'
  ...
# Subtest: account failures expose explicit provider, network, expiry, and revoked-session states
ok 252 - account failures expose explicit provider, network, expiry, and revoked-session states
  ---
  duration_ms: 0.428583
  type: 'test'
  ...
# Subtest: cold account_not_found clears persisted Firebase auth or exposes a truthful sign-out retry
ok 253 - cold account_not_found clears persisted Firebase auth or exposes a truthful sign-out retry
  ---
  duration_ms: 0.270375
  type: 'test'
  ...
# Subtest: privacy requests expose App Check failures as unavailable
ok 254 - privacy requests expose App Check failures as unavailable
  ---
  duration_ms: 0.108833
  type: 'test'
  ...
# Subtest: account sync preserves known validation failures without persisting arbitrary error messages
ok 255 - account sync preserves known validation failures without persisting arbitrary error messages
  ---
  duration_ms: 7.851709
  type: 'test'
  ...
# Subtest: deletion retries after a revoked or stale session and leaves a verified local tombstone
ok 256 - deletion retries after a revoked or stale session and leaves a verified local tombstone
  ---
  duration_ms: 5.059709
  type: 'test'
  ...
# Subtest: deletion cleanup removes the complete canonical learning namespace while preserving device records and recovery markers
ok 257 - deletion cleanup removes the complete canonical learning namespace while preserving device records and recovery markers
  ---
  duration_ms: 0.442875
  type: 'test'
  ...
# Subtest: a completed marker from an earlier account does not block a later bound account
ok 258 - a completed marker from an earlier account does not block a later bound account
  ---
  duration_ms: 0.826625
  type: 'test'
  ...
# Subtest: a preflight journal failure does not create a deletion operation and pending retry cannot start one
ok 259 - a preflight journal failure does not create a deletion operation and pending retry cannot start one
  ---
  duration_ms: 5.221292
  type: 'test'
  ...
# Subtest: response loss resolves a matching remote operation and rejects mismatched status without local cleanup
ok 260 - response loss resolves a matching remote operation and rejects mismatched status without local cleanup
  ---
  duration_ms: 1.232583
  type: 'test'
  ...
# Subtest: local deletion cleanup resumes after a failed key removal without issuing another remote delete
ok 261 - local deletion cleanup resumes after a failed key removal without issuing another remote delete
  ---
  duration_ms: 1.039833
  type: 'test'
  ...
# Subtest: account deletion remains pending until reminders are disabled and retry does not repeat remote deletion
ok 262 - account deletion remains pending until reminders are disabled and retry does not repeat remote deletion
  ---
  duration_ms: 3.790459
  type: 'test'
  ...
# Subtest: server reauthentication failures remain reauthentication failures with the pending marker intact
ok 263 - server reauthentication failures remain reauthentication failures with the pending marker intact
  ---
  duration_ms: 3.015584
  type: 'test'
  ...
# Subtest: an uncertain server deletion failure resolves through the bound operation status
ok 264 - an uncertain server deletion failure resolves through the bound operation status
  ---
  duration_ms: 1.428125
  type: 'test'
  ...
# Subtest: a durable terminal learning commit uploads once when Home retries pending data
ok 265 - a durable terminal learning commit uploads once when Home retries pending data
  ---
  duration_ms: 53.619333
  type: 'test'
  ...
# Subtest: concurrent Home retries share one offline attempt and preserve durable pending state
ok 266 - concurrent Home retries share one offline attempt and preserve durable pending state
  ---
  duration_ms: 20.916583
  type: 'test'
  ...
# Subtest: a concurrent local session start during upload keeps the interrupted Home sync retryable
ok 267 - a concurrent local session start during upload keeps the interrupted Home sync retryable
  ---
  duration_ms: 103.596792
  type: 'test'
  ...
# Subtest: a concurrent local session start during download keeps the interrupted Home sync retryable
ok 268 - a concurrent local session start during download keeps the interrupted Home sync retryable
  ---
  duration_ms: 129.808208
  type: 'test'
  ...
# Subtest: Home pending retry honors binding, state, and durable recovery guards without remote calls
ok 269 - Home pending retry honors binding, state, and durable recovery guards without remote calls
  ---
  duration_ms: 4.802834
  type: 'test'
  ...
# Subtest: bound restart exposes a projection for a locally saved session without remote reads or writes
ok 270 - bound restart exposes a projection for a locally saved session without remote reads or writes
  ---
  duration_ms: 1.227416
  type: 'test'
  ...
# Subtest: resume requires matching installation and account-state bindings
ok 271 - resume requires matching installation and account-state bindings
  ---
  duration_ms: 0.348208
  type: 'test'
  ...
# Subtest: a pending learning journal blocks bound account sync without clearing the journal
ok 272 - a pending learning journal blocks bound account sync without clearing the journal
  ---
  duration_ms: 0.825708
  type: 'test'
  ...
# Subtest: a deferred upload state resumes locally and syncs idempotently after finalization
ok 273 - a deferred upload state resumes locally and syncs idempotently after finalization
  ---
  duration_ms: 24.874459
  type: 'test'
  ...
# Subtest: discard deletes guest records and goals but preserves device preferences and performs no remote writes
ok 274 - discard deletes guest records and goals but preserves device preferences and performs no remote writes
  ---
  duration_ms: 1.791875
  type: 'test'
  ...
# Subtest: discard restores existing account records unchanged without uploading guest data
ok 275 - discard restores existing account records unchanged without uploading guest data
  ---
  duration_ms: 0.931583
  type: 'test'
  ...
# Subtest: failed account fetch keeps guest data and the approved discard plan for retry
ok 276 - failed account fetch keeps guest data and the approved discard plan for retry
  ---
  duration_ms: 0.652792
  type: 'test'
  ...
# Subtest: existing-account login restores remote data without offering or uploading guest adoption
ok 277 - existing-account login restores remote data without offering or uploading guest adoption
  ---
  duration_ms: 0.828959
  type: 'test'
  ...
# Subtest: one separable invalid remote plan restores Home data, quarantines its version, and resolves after replacement sync
ok 278 - one separable invalid remote plan restores Home data, quarantines its version, and resolves after replacement sync
  ---
  duration_ms: 185.086208
  type: 'test'
  ...
# Subtest: normal no-plan remote state creates no recovery incident
ok 279 - normal no-plan remote state creates no recovery incident
  ---
  duration_ms: 10.024541
  type: 'test'
  ...
# Subtest: learning plan recovery reserves before a read and commits the replacement with its ACK
ok 280 - learning plan recovery reserves before a read and commits the replacement with its ACK
  ---
  duration_ms: 14.341292
  type: 'test'
  ...
# Subtest: learning plan recovery persists failed attempts and respects the durable due time
ok 281 - learning plan recovery persists failed attempts and respects the durable due time
  ---
  duration_ms: 17.097584
  type: 'test'
  ...
# Subtest: learning plan recovery drops stale responses after a generation, incident, or account ownership change
ok 282 - learning plan recovery drops stale responses after a generation, incident, or account ownership change
  ---
  duration_ms: 41.933291
  type: 'test'
  ...
# Subtest: invalid plan recovery fails closed on bad envelope, duplicate identity, uncertain goal, or ownership
ok 283 - invalid plan recovery fails closed on bad envelope, duplicate identity, uncertain goal, or ownership
  ---
  duration_ms: 73.312958
  type: 'test'
  ...
# Subtest: transfer applies an explicit guest conflict resolution once and completes durably
ok 284 - transfer applies an explicit guest conflict resolution once and completes durably
  ---
  duration_ms: 2.276625
  type: 'test'
  ...
# Subtest: guest adoption quarantines one invalid plan while materializing its goal and unambiguous active track
ok 285 - guest adoption quarantines one invalid plan while materializing its goal and unambiguous active track
  ---
  duration_ms: 2.007625
  type: 'test'
  ...
# Subtest: offline transfer retry reuses the durable confirmation and never uploads a duplicate guest snapshot
ok 286 - offline transfer retry reuses the durable confirmation and never uploads a duplicate guest snapshot
  ---
  duration_ms: 2.283875
  type: 'test'
  ...
# Subtest: discard resumes after partial-index failure without reconstructing a guest upload
ok 287 - discard resumes after partial-index failure without reconstructing a guest upload
  ---
  duration_ms: 2.126708
  type: 'test'
  ...
# Subtest: discard resumes after binding failure without reconstructing a guest upload
ok 288 - discard resumes after binding failure without reconstructing a guest upload
  ---
  duration_ms: 1.726792
  type: 'test'
  ...
# Subtest: discard resumes after finish failure without reconstructing a guest upload
ok 289 - discard resumes after finish failure without reconstructing a guest upload
  ---
  duration_ms: 1.712667
  type: 'test'
  ...
# Subtest: discard rejects another account and pending adoption without changing guest data
ok 290 - discard rejects another account and pending adoption without changing guest data
  ---
  duration_ms: 0.305791
  type: 'test'
  ...
# Subtest: a stale adoption confirmation is cleared so retry can request a fresh preview
ok 291 - a stale adoption confirmation is cleared so retry can request a fresh preview
  ---
  duration_ms: 0.314334
  type: 'test'
  ...
# Subtest: discard blocks an active guest session before fetching or deleting data
ok 292 - discard blocks an active guest session before fetching or deleting data
  ---
  duration_ms: 0.371291
  type: 'test'
  ...
# Subtest: concurrent discard calls make one transition and keep the guest outbox empty before fetching
ok 293 - concurrent discard calls make one transition and keep the guest outbox empty before fetching
  ---
  duration_ms: 0.507667
  type: 'test'
  ...
# Subtest: a session start requested while discard fetches waits and is preserved after materialization
ok 294 - a session start requested while discard fetches waits and is preserved after materialization
  ---
  duration_ms: 1.36825
  type: 'test'
  ...
# Subtest: malformed remote records keep the guest dataset and durable approved discard plan
ok 295 - malformed remote records keep the guest dataset and durable approved discard plan
  ---
  duration_ms: 0.346291
  type: 'test'
  ...
# Subtest: pending materialization blocks lifecycle account deletion without losing the marker
ok 296 - pending materialization blocks lifecycle account deletion without losing the marker
  ---
  duration_ms: 0.140625
  type: 'test'
  ...
# Subtest: a durable adoption confirmation blocks a new learning commit
ok 297 - a durable adoption confirmation blocks a new learning commit
  ---
  duration_ms: 0.4025
  type: 'test'
  ...
# Subtest: unreadable mutation journal blocks discard before deleting guest data
ok 298 - unreadable mutation journal blocks discard before deleting guest data
  ---
  duration_ms: 0.181417
  type: 'test'
  ...
# Subtest: authenticated reset restores history without uploading tombstones and preserves local context
ok 299 - authenticated reset restores history without uploading tombstones and preserves local context
  ---
  duration_ms: 32.323208
  type: 'test'
  ...
# Subtest: authenticated reset rejects pending account context without changing state or calling the API
ok 300 - authenticated reset rejects pending account context without changing state or calling the API
  ---
  duration_ms: 8.017417
  type: 'test'
  ...
# Subtest: canonical clean synced state remains eligible for the guarded reset
ok 301 - canonical clean synced state remains eligible for the guarded reset
  ---
  duration_ms: 3.0765
  type: 'test'
  ...
# Subtest: authenticated reset exposes the remote-restore guard and keeps it after a fetch failure
ok 302 - authenticated reset exposes the remote-restore guard and keeps it after a fetch failure
  ---
  duration_ms: 1.782375
  type: 'test'
  ...
# Subtest: a failed remote restore retains the reset guard and account binding
ok 303 - a failed remote restore retains the reset guard and account binding
  ---
  duration_ms: 1.306458
  type: 'test'
  ...
# Subtest: a failed local reset keeps the pre-reset marker and retries the same journal safely
ok 304 - a failed local reset keeps the pre-reset marker and retries the same journal safely
  ---
  duration_ms: 7.502166
  type: 'test'
  ...
# Subtest: concurrent authenticated reset requests share one guarded operation
ok 305 - concurrent authenticated reset requests share one guarded operation
  ---
  duration_ms: 5.00975
  type: 'test'
  ...
# Subtest: reset guard blocks outbox synthesis for a canonical acknowledged record
ok 306 - reset guard blocks outbox synthesis for a canonical acknowledged record
  ---
  duration_ms: 0.258666
  type: 'test'
  ...
# Subtest: only confirmed offline to confirmed online is a reconnect
ok 307 - only confirmed offline to confirmed online is a reconnect
  ---
  duration_ms: 1.424
  type: 'test'
  ...
# Subtest: recovery-code issuance preserves invalid credentials from reauthentication
ok 308 - recovery-code issuance preserves invalid credentials from reauthentication
  ---
  duration_ms: 0.792708
  type: 'test'
  ...
# Subtest: ordinary Firebase identity exchanges before /me and blocks its custom-token observer event
ok 309 - ordinary Firebase identity exchanges before /me and blocks its custom-token observer event
  ---
  duration_ms: 1.400625
  type: 'test'
  ...
# Subtest: a custom-token recovery session with an authorization generation bypasses exchange
ok 310 - a custom-token recovery session with an authorization generation bypasses exchange
  ---
  duration_ms: 0.130417
  type: 'test'
  ...
# Subtest: recovery requires its exact generation and never exchanges a missing or mismatched claim
    # Subtest: rejects generation null
    ok 1 - rejects generation null
      ---
      duration_ms: 0.2755
      type: 'test'
      ...
    # Subtest: rejects generation 1
    ok 2 - rejects generation 1
      ---
      duration_ms: 0.057458
      type: 'test'
      ...
    # Subtest: rejects generation 3
    ok 3 - rejects generation 3
      ---
      duration_ms: 0.051458
      type: 'test'
      ...
    1..3
ok 311 - recovery requires its exact generation and never exchanges a missing or mismatched claim
  ---
  duration_ms: 0.59875
  type: 'test'
  ...
# Subtest: a generation change after exchange prevents token sign-in and /me
ok 312 - a generation change after exchange prevents token sign-in and /me
  ---
  duration_ms: 0.17375
  type: 'test'
  ...
# Subtest: custom-token exchange requires a valid authorization generation before /me
    # Subtest: rejects claim undefined
    ok 1 - rejects claim undefined
      ---
      duration_ms: 0.232416
      type: 'test'
      ...
    # Subtest: rejects claim 0
    ok 2 - rejects claim 0
      ---
      duration_ms: 0.133875
      type: 'test'
      ...
    # Subtest: rejects claim 1
    ok 3 - rejects claim 1
      ---
      duration_ms: 0.175583
      type: 'test'
      ...
    1..3
ok 313 - custom-token exchange requires a valid authorization generation before /me
  ---
  duration_ms: 1.004375
  type: 'test'
  ...
# Subtest: recovery issue session restore requires a current explicit sign-in intent and matching UID
    # Subtest: before the user chooses sign-in
    ok 1 - before the user chooses sign-in
      ---
      duration_ms: 0.146625
      type: 'test'
      ...
    # Subtest: after the pending intent expires
    ok 2 - after the pending intent expires
      ---
      duration_ms: 0.114584
      type: 'test'
      ...
    # Subtest: after restart has lost the pending intent
    ok 3 - after restart has lost the pending intent
      ---
      duration_ms: 0.123
      type: 'test'
      ...
    # Subtest: when Firebase is bound to another UID
    ok 4 - when Firebase is bound to another UID
      ---
      duration_ms: 0.051334
      type: 'test'
      ...
    1..4
ok 314 - recovery issue session restore requires a current explicit sign-in intent and matching UID
  ---
  duration_ms: 0.559791
  type: 'test'
  ...
# Subtest: recovery issue session restore rejects a present mismatched or malformed generation before exchange
    # Subtest: present wrong generation
    ok 1 - present wrong generation
      ---
      duration_ms: 0.097875
      type: 'test'
      ...
    # Subtest: malformed Firebase claim
    ok 2 - malformed Firebase claim
      ---
      duration_ms: 0.086708
      type: 'test'
      ...
    1..2
ok 315 - recovery issue session restore rejects a present mismatched or malformed generation before exchange
  ---
  duration_ms: 0.262625
  type: 'test'
  ...
# Subtest: a missing recovery generation restores only for current explicit intent, then checks the exact generation
ok 316 - a missing recovery generation restores only for current explicit intent, then checks the exact generation
  ---
  duration_ms: 0.180667
  type: 'test'
  ...
# Subtest: recovery intent expiring during exchange prevents observer release and Firebase sign-in
ok 317 - recovery intent expiring during exchange prevents observer release and Firebase sign-in
  ---
  duration_ms: 0.09275
  type: 'test'
  ...
# Subtest: a recovery sign-in returning another generation fails before ACK or /me
ok 318 - a recovery sign-in returning another generation fails before ACK or /me
  ---
  duration_ms: 0.182833
  type: 'test'
  ...
# Subtest: account-bound Premium cache stays scoped away from a retained guest profile
ok 319 - account-bound Premium cache stays scoped away from a retained guest profile
  ---
  duration_ms: 9.006625
  type: 'test'
  ...
# Subtest: sign-out clears only the authenticated account Premium cache before closing its account profile
ok 320 - sign-out clears only the authenticated account Premium cache before closing its account profile
  ---
  duration_ms: 3.662625
  type: 'test'
  ...
# Subtest: sign-out clears the authenticated account cache from a retained adoption-pending guest profile
ok 321 - sign-out clears the authenticated account cache from a retained adoption-pending guest profile
  ---
  duration_ms: 1.015458
  type: 'test'
  ...
# Subtest: sign-out preserves a foreign-account cache instead of deleting it
ok 322 - sign-out preserves a foreign-account cache instead of deleting it
  ---
  duration_ms: 0.565291
  type: 'test'
  ...
# Subtest: unknown ownership and invalid cache records return localCleanupFailure without deleting data
ok 323 - unknown ownership and invalid cache records return localCleanupFailure without deleting data
  ---
  duration_ms: 1.31475
  type: 'test'
  ...
# Subtest: a profile switch invalidates cleanup against the previous captured scope
ok 324 - a profile switch invalidates cleanup against the previous captured scope
  ---
  duration_ms: 1.705458
  type: 'test'
  ...
# Subtest: sign-out returns stale and preserves a new active guest profile
ok 325 - sign-out returns stale and preserves a new active guest profile
  ---
  duration_ms: 1.676041
  type: 'test'
  ...
# Subtest: a cache remove failure stays explicit while sign-out still clears Auth
ok 326 - a cache remove failure stays explicit while sign-out still clears Auth
  ---
  duration_ms: 0.513916
  type: 'test'
  ...
# Subtest: an SDK failure remains signOutPending when owned-cache cleanup also fails
ok 327 - an SDK failure remains signOutPending when owned-cache cleanup also fails
  ---
  duration_ms: 0.611584
  type: 'test'
  ...
# Subtest: guest transition lock admits one command and denies a concurrent command before side effects
ok 328 - guest transition lock admits one command and denies a concurrent command before side effects
  ---
  duration_ms: 0.583583
  type: 'test'
  ...
# Subtest: guest transition lock releases after both success and failure
ok 329 - guest transition lock releases after both success and failure
  ---
  duration_ms: 0.284541
  type: 'test'
  ...
# Subtest: Home presents a non-blocking recover-plan notice with durable dismissal
ok 330 - Home presents a non-blocking recover-plan notice with durable dismissal
  ---
  duration_ms: 0.954291
  type: 'test'
  ...
# Subtest: learning plan recovery uses capped exponential retry delays and an inclusive due boundary
ok 331 - learning plan recovery uses capped exponential retry delays and an inclusive due boundary
  ---
  duration_ms: 3.802542
  type: 'test'
  ...
# Subtest: resumes a pending revoke, validates the replacement session, then clears the exact durable marker
ok 332 - resumes a pending revoke, validates the replacement session, then clears the exact durable marker
  ---
  duration_ms: 2.002833
  type: 'test'
  ...
# Subtest: keeps the durable marker when the replacement token changes authorization generation
ok 333 - keeps the durable marker when the replacement token changes authorization generation
  ---
  duration_ms: 0.3355
  type: 'test'
  ...
# Subtest: never clears the durable marker after the session command becomes stale
ok 334 - never clears the durable marker after the session command becomes stale
  ---
  duration_ms: 0.127292
  type: 'test'
  ...
# Subtest: rejects a command that becomes stale while local completion is persisted
ok 335 - rejects a command that becomes stale while local completion is persisted
  ---
  duration_ms: 0.11675
  type: 'test'
  ...
# Subtest: same UID and generation join one pending-revocation batch
ok 336 - same UID and generation join one pending-revocation batch
  ---
  duration_ms: 0.34375
  type: 'test'
  ...
# Subtest: a new generation waits, re-reads the marker, and retries only after the stale owner settles
ok 337 - a new generation waits, re-reads the marker, and retries only after the stale owner settles
  ---
  duration_ms: 2.488459
  type: 'test'
  ...
# Subtest: a different UID never consumes or completes the stale owner's marker
ok 338 - a different UID never consumes or completes the stale owner's marker
  ---
  duration_ms: 0.441
  type: 'test'
  ...
# Subtest: a failed exact-operation replay retains its pending marker
ok 339 - a failed exact-operation replay retains its pending marker
  ---
  duration_ms: 0.20625
  type: 'test'
  ...
# Subtest: automatic session revocation keeps sign-in on loading and exposes pending recovery only on failure
ok 340 - automatic session revocation keeps sign-in on loading and exposes pending recovery only on failure
  ---
  duration_ms: 0.77825
  type: 'test'
  ...
# Subtest: Premium refreshes run in request order and continue after a failed provider read
ok 341 - Premium refreshes run in request order and continue after a failed provider read
  ---
  duration_ms: 1.376459
  type: 'test'
  ...
# Subtest: confirmed offline admission consults only the account-bound cache
ok 342 - confirmed offline admission consults only the account-bound cache
  ---
  duration_ms: 0.566708
  type: 'test'
  ...
# Subtest: online and unknown reachability require a fresh result and never fall back to cache
ok 343 - online and unknown reachability require a fresh result and never fall back to cache
  ---
  duration_ms: 0.201458
  type: 'test'
  ...
# Subtest: restored Auth resolves /me before selecting and activating its exact account scope
ok 344 - restored Auth resolves /me before selecting and activating its exact account scope
  ---
  duration_ms: 1.459459
  type: 'test'
  ...
# Subtest: UID change while /me is pending prevents account selection and activation
ok 345 - UID change while /me is pending prevents account selection and activation
  ---
  duration_ms: 0.290667
  type: 'test'
  ...
# Subtest: /me failure leaves prepared storage closed without selecting a profile
ok 346 - /me failure leaves prepared storage closed without selecting a profile
  ---
  duration_ms: 0.168333
  type: 'test'
  ...
# Subtest: only a current restored account_not_found signs out persisted Auth
ok 347 - only a current restored account_not_found signs out persisted Auth
  ---
  duration_ms: 0.06625
  type: 'test'
  ...
# Subtest: provisional provider cancellation returns to sign-in only when its blocked UID owns the null Auth event
ok 348 - provisional provider cancellation returns to sign-in only when its blocked UID owns the null Auth event
  ---
  duration_ms: 0.133333
  type: 'test'
  ...
# Subtest: delayed null after sign-out promise resolution consumes the still-owned provider cancellation
ok 349 - delayed null after sign-out promise resolution consumes the still-owned provider cancellation
  ---
  duration_ms: 0.079291
  type: 'test'
  ...
# Subtest: replacement sign-in invalidates cancellation intent before a delayed stale null callback
ok 350 - replacement sign-in invalidates cancellation intent before a delayed stale null callback
  ---
  duration_ms: 0.135042
  type: 'test'
  ...
# Subtest: Auth loss locks the rendered account state before closing its profile scope
ok 351 - Auth loss locks the rendered account state before closing its profile scope
  ---
  duration_ms: 0.074083
  type: 'test'
  ...
# Subtest: local account sign-out verifies the durable block before locking, closing, and calling Firebase
ok 352 - local account sign-out verifies the durable block before locking, closing, and calling Firebase
  ---
  duration_ms: 0.309375
  type: 'test'
  ...
# Subtest: logout receipt validation requires the exact pending pair or completed receipt
ok 353 - logout receipt validation requires the exact pending pair or completed receipt
  ---
  duration_ms: 0.321083
  type: 'test'
  ...
# Subtest: owned-cache cleanup failure is explicit after Firebase sign-out and never reports success
ok 354 - owned-cache cleanup failure is explicit after Firebase sign-out and never reports success
  ---
  duration_ms: 0.386209
  type: 'test'
  ...
# Subtest: Firebase failure remains signOutPending even when owned-cache cleanup fails
ok 355 - Firebase failure remains signOutPending even when owned-cache cleanup fails
  ---
  duration_ms: 0.36075
  type: 'test'
  ...
# Subtest: failed local control write closes access and attempts Firebase sign-out but stays a failure
ok 356 - failed local control write closes access and attempts Firebase sign-out but stays a failure
  ---
  duration_ms: 0.243625
  type: 'test'
  ...
# Subtest: SDK failure after an unverified control write remains signOutPending without cache cleanup
ok 357 - SDK failure after an unverified control write remains signOutPending without cache cleanup
  ---
  duration_ms: 0.123916
  type: 'test'
  ...
# Subtest: retrying sign-out for the exact completed UID-operation receipt still clears local Auth
ok 358 - retrying sign-out for the exact completed UID-operation receipt still clears local Auth
  ---
  duration_ms: 0.112
  type: 'test'
  ...
# Subtest: a retained Auth retry rejects blocked receipts for a different UID or operation
ok 359 - a retained Auth retry rejects blocked receipts for a different UID or operation
  ---
  duration_ms: 0.147125
  type: 'test'
  ...
# Subtest: unverified local control read-back attempts Firebase sign-out only when no scoped marker is recoverable
ok 360 - unverified local control read-back attempts Firebase sign-out only when no scoped marker is recoverable
  ---
  duration_ms: 0.148
  type: 'test'
  ...
# Subtest: when a scoped operation is durable, control-write failure retains Auth for a recoverable retry
ok 361 - when a scoped operation is durable, control-write failure retains Auth for a recoverable retry
  ---
  duration_ms: 0.08775
  type: 'test'
  ...
# Subtest: restore locks only for a matching scoped logout marker missing from the control journal
ok 362 - restore locks only for a matching scoped logout marker missing from the control journal
  ---
  duration_ms: 0.092709
  type: 'test'
  ...
# Subtest: pending remote revoke blocks profile preparation only for its matching Auth UID
ok 363 - pending remote revoke blocks profile preparation only for its matching Auth UID
  ---
  duration_ms: 0.057083
  type: 'test'
  ...
# Subtest: authenticated scope checks and repairs incomplete logout before publishing profile preparation
ok 364 - authenticated scope checks and repairs incomplete logout before publishing profile preparation
  ---
  duration_ms: 0.139667
  type: 'test'
  ...
# Subtest: scope guard rechecks Auth generation after reading an absent marker
ok 365 - scope guard rechecks Auth generation after reading an absent marker
  ---
  duration_ms: 0.065416
  type: 'test'
  ...
# Subtest: a completed revoke receipt clears the scoped marker before profile startup continues
ok 366 - a completed revoke receipt clears the scoped marker before profile startup continues
  ---
  duration_ms: 0.071125
  type: 'test'
  ...
# Subtest: failed completed-marker cleanup keeps the authenticated profile closed
ok 367 - failed completed-marker cleanup keeps the authenticated profile closed
  ---
  duration_ms: 0.084708
  type: 'test'
  ...
# Subtest: a UID switch while fallback control persistence is pending closes only the captured scope
ok 368 - a UID switch while fallback control persistence is pending closes only the captured scope
  ---
  duration_ms: 0.166666
  type: 'test'
  ...
# Subtest: fallback setup failure never cleans cache from a blocked-only receipt
ok 369 - fallback setup failure never cleans cache from a blocked-only receipt
  ---
  duration_ms: 0.087292
  type: 'test'
  ...
# Subtest: stale sign-out completion closes its scope without publishing over the newer identity
ok 370 - stale sign-out completion closes its scope without publishing over the newer identity
  ---
  duration_ms: 0.070875
  type: 'test'
  ...
# Subtest: Firebase sign-out failure retains the matching block for manual retry
ok 371 - Firebase sign-out failure retains the matching block for manual retry
  ---
  duration_ms: 0.115333
  type: 'test'
  ...
# Subtest: Auth rejection remains pending until durable local sign-out reports success
ok 372 - Auth rejection remains pending until durable local sign-out reports success
  ---
  duration_ms: 0.092375
  type: 'test'
  ...
# Subtest: ambiguous saved Guest profiles are reported as a choice requirement
ok 373 - ambiguous saved Guest profiles are reported as a choice requirement
  ---
  duration_ms: 0.082084
  type: 'test'
  ...
# Subtest: guest preparation failure closes the scope and returns to signed-out login
ok 374 - guest preparation failure closes the scope and returns to signed-out login
  ---
  duration_ms: 0.062583
  type: 'test'
  ...
# Subtest: Guest selection keeps the signed-out account entry mounted when no scope is active
ok 375 - Guest selection keeps the signed-out account entry mounted when no scope is active
  ---
  duration_ms: 0.037333
  type: 'test'
  ...
# Subtest: restored Guest validates persisted access before selecting or activating its scope
ok 376 - restored Guest validates persisted access before selecting or activating its scope
  ---
  duration_ms: 0.097083
  type: 'test'
  ...
# Subtest: invalid restored Guest access stays closed
ok 377 - invalid restored Guest access stays closed
  ---
  duration_ms: 0.057125
  type: 'test'
  ...
# Subtest: fresh installation opens Guest only after explicit choice
ok 378 - fresh installation opens Guest only after explicit choice
  ---
  duration_ms: 0.061958
  type: 'test'
  ...
# Subtest: preparation gate opens registry metadata without activating or reading a profile
ok 379 - preparation gate opens registry metadata without activating or reading a profile
  ---
  duration_ms: 0.675417
  type: 'test'
  ...
# Subtest: logout-control corruption or storage failure fails closed with an explicit retry surface
ok 380 - logout-control corruption or storage failure fails closed with an explicit retry surface
  ---
  duration_ms: 0.0825
  type: 'test'
  ...
# Subtest: preferences remain on defaults until storage activation emits the ready event
ok 381 - preferences remain on defaults until storage activation emits the ready event
  ---
  duration_ms: 0.086084
  type: 'test'
  ...
# Subtest: preparation failure is explicit, retryable, and counts only reserved lost-key retries
ok 382 - preparation failure is explicit, retryable, and counts only reserved lost-key retries
  ---
  duration_ms: 0.086208
  type: 'test'
  ...
# Subtest: key-loss recovery preserves delayed confirmed removal and requires preparation again afterward
ok 383 - key-loss recovery preserves delayed confirmed removal and requires preparation again afterward
  ---
  duration_ms: 0.069208
  type: 'test'
  ...
# Subtest: mapped provider identity exchanges, signs in with the returned session token, then finalizes
ok 384 - mapped provider identity exchanges, signs in with the returned session token, then finalizes
  ---
  duration_ms: 1.346292
  type: 'test'
  ...
# Subtest: unmapped provider identity remains provisional on the same UID without registration or finalization
ok 385 - unmapped provider identity remains provisional on the same UID without registration or finalization
  ---
  duration_ms: 0.145625
  type: 'test'
  ...
# Subtest: stale UID or generation rejects before exchange and after an async boundary
    # Subtest: UID changed before run
    ok 1 - UID changed before run
      ---
      duration_ms: 0.389042
      type: 'test'
      ...
    # Subtest: generation changed while exchange is pending
    ok 2 - generation changed while exchange is pending
      ---
      duration_ms: 0.515417
      type: 'test'
      ...
    1..2
ok 386 - stale UID or generation rejects before exchange and after an async boundary
  ---
  duration_ms: 1.287375
  type: 'test'
  ...
# Subtest: duplicate concurrent classification shares one in-flight result
ok 387 - duplicate concurrent classification shares one in-flight result
  ---
  duration_ms: 0.212917
  type: 'test'
  ...
# Subtest: issue result stays private through a deferred final identity read: exact
ok 388 - issue result stays private through a deferred final identity read: exact
  ---
  duration_ms: 1.400625
  type: 'test'
  ...
# Subtest: issue result stays private through a deferred final identity read: different_uid
ok 389 - issue result stays private through a deferred final identity read: different_uid
  ---
  duration_ms: 0.080541
  type: 'test'
  ...
# Subtest: issue result stays private through a deferred final identity read: different_generation
ok 390 - issue result stays private through a deferred final identity read: different_generation
  ---
  duration_ms: 0.053584
  type: 'test'
  ...
# Subtest: issue result stays private through a deferred final identity read: signed_out
ok 391 - issue result stays private through a deferred final identity read: signed_out
  ---
  duration_ms: 0.044958
  type: 'test'
  ...
# Subtest: issue result stays private through a deferred final identity read: read_failure
ok 392 - issue result stays private through a deferred final identity read: read_failure
  ---
  duration_ms: 0.110375
  type: 'test'
  ...
# Subtest: issue result stays private through a deferred final identity read: stale_revision
ok 393 - issue result stays private through a deferred final identity read: stale_revision
  ---
  duration_ms: 0.045791
  type: 'test'
  ...
# Subtest: missing or unreadable initial identity cannot read a generation for a different account
ok 394 - missing or unreadable initial identity cannot read a generation for a different account
  ---
  duration_ms: 0.065291
  type: 'test'
  ...
# Subtest: provider gates subscription and closes scoped access before releasing rejected issue results
ok 395 - provider gates subscription and closes scoped access before releasing rejected issue results
  ---
  duration_ms: 0.362542
  type: 'test'
  ...
# Subtest: issue persists operation identity before POST and blocks profile preparation until saved ACK
ok 396 - issue persists operation identity before POST and blocks profile preparation until saved ACK
  ---
  duration_ms: 2.985083
  type: 'test'
  ...
# Subtest: vault persistence failure prevents both issue and consume requests
ok 397 - vault persistence failure prevents both issue and consume requests
  ---
  duration_ms: 0.337375
  type: 'test'
  ...
# Subtest: restored issue with an authenticated UID but missing generation remains blocked and hides codes
ok 398 - restored issue with an authenticated UID but missing generation remains blocked and hides codes
  ---
  duration_ms: 0.247625
  type: 'test'
  ...
# Subtest: defer requires a valid proven mismatch and retains a hidden issue after restart without remote effects
ok 399 - defer requires a valid proven mismatch and retains a hidden issue after restart without remote effects
  ---
  duration_ms: 0.473042
  type: 'test'
  ...
# Subtest: durably deferred issue permits signed-out preparation without changing the retained operation
ok 400 - durably deferred issue permits signed-out preparation without changing the retained operation
  ---
  duration_ms: 0.371917
  type: 'test'
  ...
# Subtest: signed-out preparation remains blocked before durable defer
ok 401 - signed-out preparation remains blocked before durable defer
  ---
  duration_ms: 0.196292
  type: 'test'
  ...
# Subtest: defer accepts a same-UID generation mismatch only after the live claim proves it
ok 402 - defer accepts a same-UID generation mismatch only after the live claim proves it
  ---
  duration_ms: 0.327958
  type: 'test'
  ...
# Subtest: old issue codes return only after an explicit resume on the original identity
ok 403 - old issue codes return only after an explicit resume on the original identity
  ---
  duration_ms: 0.249041
  type: 'test'
  ...
# Subtest: identity change during defer persistence keeps the marker but leaves profile preparation blocked
ok 404 - identity change during defer persistence keeps the marker but leaves profile preparation blocked
  ---
  duration_ms: 0.308542
  type: 'test'
  ...
# Subtest: deferred issue cannot be overwritten by new issue or consume and write failure retains the old record
ok 405 - deferred issue cannot be overwritten by new issue or consume and write failure retains the old record
  ---
  duration_ms: 0.46775
  type: 'test'
  ...
# Subtest: synchronous identity suspension redacts an in-flight status result and preserves durable codes
ok 406 - synchronous identity suspension redacts an in-flight status result and preserves durable codes
  ---
  duration_ms: 1.127542
  type: 'test'
  ...
# Subtest: identity swap during initial issue POST persists codes but never exposes or ACKs them
ok 407 - identity swap during initial issue POST persists codes but never exposes or ACKs them
  ---
  duration_ms: 0.817708
  type: 'test'
  ...
# Subtest: consume persists code before POST, keeps custom token out of durable and visible state, then ACKs the matching SDK identity
ok 408 - consume persists code before POST, keeps custom token out of durable and visible state, then ACKs the matching SDK identity
  ---
  duration_ms: 1.247041
  type: 'test'
  ...
# Subtest: signed-in UID with a malformed generation is not treated as signed out for pending consume
ok 409 - signed-in UID with a malformed generation is not treated as signed out for pending consume
  ---
  duration_ms: 0.310083
  type: 'test'
  ...
# Subtest: cold matching consume identity ACKs without another SDK sign-in
ok 410 - cold matching consume identity ACKs without another SDK sign-in
  ---
  duration_ms: 0.180584
  type: 'test'
  ...
# Subtest: signed-out restart first records server result, then explicit resume signs in and ACKs
ok 411 - signed-out restart first records server result, then explicit resume signs in and ACKs
  ---
  duration_ms: 0.236791
  type: 'test'
  ...
# Subtest: an issue provider retry reuses its saved operation ID rather than allocating a new one
ok 412 - an issue provider retry reuses its saved operation ID rather than allocating a new one
  ---
  duration_ms: 0.14125
  type: 'test'
  ...
# Subtest: explicit replacement confirms delivery_unconfirmed, saves one backup before POST, and exposes only the durable new result
ok 413 - explicit replacement confirms delivery_unconfirmed, saves one backup before POST, and exposes only the durable new result
  ---
  duration_ms: 2.24575
  type: 'test'
  ...
# Subtest: replacement vault write failure prevents POST and retains the old operation and codes
ok 414 - replacement vault write failure prevents POST and retains the old operation and codes
  ---
  duration_ms: 0.642125
  type: 'test'
  ...
# Subtest: lost replacement POST and exact missing-status response preserve both records and the same new ID
ok 415 - lost replacement POST and exact missing-status response preserve both records and the same new ID
  ---
  duration_ms: 1.1105
  type: 'test'
  ...
# Subtest: explicit retry of a persisted replacement GETs first and reuses its saved ID
ok 416 - explicit retry of a persisted replacement GETs first and reuses its saved ID
  ---
  duration_ms: 0.600625
  type: 'test'
  ...
# Subtest: generic retry, restart reconciliation, and unconfirmed start are status-only for pending replacements
ok 417 - generic retry, restart reconciliation, and unconfirmed start are status-only for pending replacements
  ---
  duration_ms: 0.446292
  type: 'test'
  ...
# Subtest: replacement refuses a malformed or cross-generation result and keeps the old backup durable
ok 418 - replacement refuses a malformed or cross-generation result and keeps the old backup durable
  ---
  duration_ms: 0.336584
  type: 'test'
  ...
# Subtest: authoritative delivery_unconfirmed ends the current replacement backup without allocating another ID
ok 419 - authoritative delivery_unconfirmed ends the current replacement backup without allocating another ID
  ---
  duration_ms: 0.192584
  type: 'test'
  ...
# Subtest: a separate explicit confirmation after confirmed replacement expiry starts a new backed-up ID
ok 420 - a separate explicit confirmation after confirmed replacement expiry starts a new backed-up ID
  ---
  duration_ms: 0.213666
  type: 'test'
  ...
# Subtest: replacement status auth and service errors retain the old backup without POST
ok 421 - replacement status auth and service errors retain the old backup without POST
  ---
  duration_ms: 0.22475
  type: 'test'
  ...
# Subtest: confirmed ACK and superseded replacement statuses resolve the backup as terminal
ok 422 - confirmed ACK and superseded replacement statuses resolve the backup as terminal
  ---
  duration_ms: 0.196458
  type: 'test'
  ...
# Subtest: confirmed replacement expiry stays explicit and retains prior codes until separate confirmation
ok 423 - confirmed replacement expiry stays explicit and retains prior codes until separate confirmation
  ---
  duration_ms: 0.235042
  type: 'test'
  ...
# Subtest: storage recovery audit command exposes only the documented presentation fixtures in development smoke
ok 424 - storage recovery audit command exposes only the documented presentation fixtures in development smoke
  ---
  duration_ms: 0.809417
  type: 'test'
  ...
# Subtest: storage recovery audit command is unavailable outside development smoke
ok 425 - storage recovery audit command is unavailable outside development smoke
  ---
  duration_ms: 0.068541
  type: 'test'
  ...
# Subtest: storage recovery audit command rejects unrelated or expanded commands
ok 426 - storage recovery audit command rejects unrelated or expanded commands
  ---
  duration_ms: 0.128958
  type: 'test'
  ...
# Subtest: Activity read model keeps terminal history semantics and includes completed sessions without answers
ok 427 - Activity read model keeps terminal history semantics and includes completed sessions without answers
  ---
  duration_ms: 15.294583
  type: 'test'
  ...
# Subtest: Activity read model surfaces a corrupt canonical result instead of presenting an empty history
ok 428 - Activity read model surfaces a corrupt canonical result instead of presenting an empty history
  ---
  duration_ms: 0.564167
  type: 'test'
  ...
# Subtest: Activity read model treats repository issues as an explicit storage failure
ok 429 - Activity read model treats repository issues as an explicit storage failure
  ---
  duration_ms: 0.1615
  type: 'test'
  ...
# Subtest: Activity read model reuses the caller's attempts read when supplied
ok 430 - Activity read model reuses the caller's attempts read when supplied
  ---
  duration_ms: 0.22025
  type: 'test'
  ...
# Subtest: Activity full history keeps unavailable sessions as immutable summaries
ok 431 - Activity full history keeps unavailable sessions as immutable summaries
  ---
  duration_ms: 2.7675
  type: 'test'
  ...
# Subtest: Activity read owner invalidates late focus reads and lets the newest retry win
ok 432 - Activity read owner invalidates late focus reads and lets the newest retry win
  ---
  duration_ms: 0.2725
  type: 'test'
  ...
# Subtest: Activity read owner keeps current read failures explicit
ok 433 - Activity read owner keeps current read failures explicit
  ---
  duration_ms: 0.15075
  type: 'test'
  ...
# Subtest: bootstrap surfaces unavailable active sessions before content preparation or resume
ok 434 - bootstrap surfaces unavailable active sessions before content preparation or resume
  ---
  duration_ms: 109.003833
  type: 'test'
  ...
# Subtest: bootstrap emits a bounded diagnostic for a content-stage failure
ok 435 - bootstrap emits a bounded diagnostic for a content-stage failure
  ---
  duration_ms: 7.560583
  type: 'test'
  ...
# Subtest: bootstrap reports the last canonical repository step for a repository failure
ok 436 - bootstrap reports the last canonical repository step for a repository failure
  ---
  duration_ms: 0.445166
  type: 'test'
  ...
# Subtest: AUD-02D feedback flows match canonical selected answers and conditional reinsert plan
ok 437 - AUD-02D feedback flows match canonical selected answers and conditional reinsert plan
  ---
  duration_ms: 659.835208
  type: 'test'
  ...
# Subtest: a correct GCP simulation answer recorded before due time does not advance older review evidence at finalization
ok 438 - a correct GCP simulation answer recorded before due time does not advance older review evidence at finalization
  ---
  duration_ms: 403.1175
  type: 'test'
  ...
# Subtest: due-answer boundaries preserve the two-success rule and the exact-current-session guard
    # Subtest: before-counter-zero
    ok 1 - before-counter-zero
      ---
      duration_ms: 29.429625
      type: 'test'
      ...
    # Subtest: before-counter-one
    ok 2 - before-counter-one
      ---
      duration_ms: 58.929875
      type: 'test'
      ...
    # Subtest: equal-counter-zero
    ok 3 - equal-counter-zero
      ---
      duration_ms: 43.546333
      type: 'test'
      ...
    # Subtest: equal-counter-one
    ok 4 - equal-counter-one
      ---
      duration_ms: 21.25975
      type: 'test'
      ...
    # Subtest: after-counter-zero
    ok 5 - after-counter-zero
      ---
      duration_ms: 22.401666
      type: 'test'
      ...
    # Subtest: after-counter-one
    ok 6 - after-counter-one
      ---
      duration_ms: 39.716583
      type: 'test'
      ...
    # Subtest: persistent exact-reference review from the same session remains unchanged
    ok 7 - persistent exact-reference review from the same session remains unchanged
      ---
      duration_ms: 23.4445
      type: 'test'
      ...
    1..7
ok 439 - due-answer boundaries preserve the two-success rule and the exact-current-session guard
  ---
  duration_ms: 239.863375
  type: 'test'
  ...
# Subtest: journal replay applies one eligible due success exactly once after draft-cleanup interruption
ok 440 - journal replay applies one eligible due success exactly once after draft-cleanup interruption
  ---
  duration_ms: 36.072792
  type: 'test'
  ...
# Subtest: Coding weak-area review with explicit due_queue does not use a historical miss as fallback evidence
ok 441 - Coding weak-area review with explicit due_queue does not use a historical miss as fallback evidence
  ---
  duration_ms: 339.685666
  type: 'test'
  ...
# Subtest: actual lifecycle persists only due current refs, shortens to available due content, and does not append miss fallback
ok 442 - actual lifecycle persists only due current refs, shortens to available due content, and does not append miss fallback
  ---
  duration_ms: 568.935417
  type: 'test'
  ...
# Subtest: actual lifecycle rejects empty due evidence with no session write and preserves the historical attempt
ok 443 - actual lifecycle rejects empty due evidence with no session write and preserves the historical attempt
  ---
  duration_ms: 0.694167
  type: 'test'
  ...
# Subtest: explicit session_misses is unavailable before lifecycle persistence
ok 444 - explicit session_misses is unavailable before lifecycle persistence
  ---
  duration_ms: 0.270583
  type: 'test'
  ...
# Subtest: a single-source Design weak-area review keeps its existing due-only default without reviewSource
ok 445 - a single-source Design weak-area review keeps its existing due-only default without reviewSource
  ---
  duration_ms: 0.628958
  type: 'test'
  ...
# Subtest: single-source Certification weak-area review also keeps its due-only default without reviewSource
ok 446 - single-source Certification weak-area review also keeps its due-only default without reviewSource
  ---
  duration_ms: 0.508042
  type: 'test'
  ...
# Subtest: due review selection rejects future and stale artifact/version/track references without fallback
ok 447 - due review selection rejects future and stale artifact/version/track references without fallback
  ---
  duration_ms: 0.92825
  type: 'test'
  ...
# Subtest: invalid review sources and refs are rejected on practice and simulation before selection
ok 448 - invalid review sources and refs are rejected on practice and simulation before selection
  ---
  duration_ms: 0.290083
  type: 'test'
  ...
# Subtest: actual lifecycle rejects review source on a simulation before any durable session write
ok 449 - actual lifecycle rejects review source on a simulation before any durable session write
  ---
  duration_ms: 0.569709
  type: 'test'
  ...
# Subtest: real loader prepares all 29 modes across nine tracks
ok 450 - real loader prepares all 29 modes across nine tracks
  ---
  duration_ms: 419.113209
  type: 'test'
  ...
# Subtest: real canonical questions submit and score all five interaction types
ok 451 - real canonical questions submit and score all five interaction types
  ---
  duration_ms: 55.47525
  type: 'test'
  ...
# Subtest: actual Design runtime rejects a sparse ordering response before creating an outcome
ok 452 - actual Design runtime rejects a sparse ordering response before creating an outcome
  ---
  duration_ms: 4.756291
  type: 'test'
  ...
# Subtest: evidence permits one item and multi-source Coding review requires an explicit source
ok 453 - evidence permits one item and multi-source Coding review requires an explicit source
  ---
  duration_ms: 1.166333
  type: 'test'
  ...
# Subtest: coding review preserves identity and resolves after two due successes
ok 454 - coding review preserves identity and resolves after two due successes
  ---
  duration_ms: 4.680208
  type: 'test'
  ...
# Subtest: resume and query boundaries reject tampering, foreign attempts and old pins
ok 455 - resume and query boundaries reject tampering, foreign attempts and old pins
  ---
  duration_ms: 3.763042
  type: 'test'
  ...
# Subtest: Claude Focus persists selectable feedback, scores single and multi-select, and finalizes complete evidence
ok 456 - Claude Focus persists selectable feedback, scores single and multi-select, and finalizes complete evidence
  ---
  duration_ms: 68.509084
  type: 'test'
  ...
# Subtest: reinsert resolves exact branch after three durable intervening submissions and preserves ordinary branch on correct
ok 457 - reinsert resolves exact branch after three durable intervening submissions and preserves ordinary branch on correct
  ---
  duration_ms: 10.847042
  type: 'test'
  ...
# Subtest: GCP simulation prepares the profile-weighted immutable 50-item plan and exact snapshot
ok 458 - GCP simulation prepares the profile-weighted immutable 50-item plan and exact snapshot
  ---
  duration_ms: 21.499333
  type: 'test'
  ...
# Subtest: GCP simulation validates draft occurrence keys, completeness, flags, revision, and deadline
ok 459 - GCP simulation validates draft occurrence keys, completeness, flags, revision, and deadline
  ---
  duration_ms: 22.202875
  type: 'test'
  ...
# Subtest: GCP simulation finalization scores only complete responses and partitions all 50 occurrences
ok 460 - GCP simulation finalization scores only complete responses and partitions all 50 occurrences
  ---
  duration_ms: 17.419833
  type: 'test'
  ...
# Subtest: Coding Mock consumes its exact ordered 40-question profile with foreground timer and shared draft runtime
ok 461 - Coding Mock consumes its exact ordered 40-question profile with foreground timer and shared draft runtime
  ---
  duration_ms: 2.061709
  type: 'test'
  ...
# Subtest: Design Interview Simulation uses each exact track profile, resumes durable stage text, and finalizes completeness only
ok 462 - Design Interview Simulation uses each exact track profile, resumes durable stage text, and finalizes completeness only
  ---
  duration_ms: 1.239334
  type: 'test'
  ...
# Subtest: Design Interview Simulation timeout can finalize a partial draft without assigning semantic correctness
ok 463 - Design Interview Simulation timeout can finalize a partial draft without assigning semantic correctness
  ---
  duration_ms: 0.87475
  type: 'test'
  ...
# Subtest: ordinary sessions expand practiced coverage across coding, design and certification pools
ok 464 - ordinary sessions expand practiced coverage across coding, design and certification pools
  ---
  duration_ms: 499.633417
  type: 'test'
  ...
# Subtest: selection ignores attempts outside its pool or exact content pin and handles exhaustion
ok 465 - selection ignores attempts outside its pool or exact content pin and handles exhaustion
  ---
  duration_ms: 0.3955
  type: 'test'
  ...
# Subtest: a never-attempted question stays uncovered even when its unit has attempt history
ok 466 - a never-attempted question stays uncovered even when its unit has attempt history
  ---
  duration_ms: 0.162
  type: 'test'
  ...
# Subtest: single choice feedback exposes selected incorrect, omitted correct and remaining neutral
ok 467 - single choice feedback exposes selected incorrect, omitted correct and remaining neutral
  ---
  duration_ms: 1.307292
  type: 'test'
  ...
# Subtest: multi choice feedback preserves every selected and correct combination
ok 468 - multi choice feedback preserves every selected and correct combination
  ---
  duration_ms: 0.185833
  type: 'test'
  ...
# Subtest: choice feedback rejects a mismatched response contract
ok 469 - choice feedback rejects a mismatched response contract
  ---
  duration_ms: 10.098209
  type: 'test'
  ...
# Subtest: authored choice messages follow selected incorrect and omitted correct stable IDs in authored order
ok 470 - authored choice messages follow selected incorrect and omitted correct stable IDs in authored order
  ---
  duration_ms: 1.029041
  type: 'test'
  ...
# Subtest: multiple choice messages include only selected wrong and omitted correct targets regardless of response order
ok 471 - multiple choice messages include only selected wrong and omitted correct targets regardless of response order
  ---
  duration_ms: 0.541667
  type: 'test'
  ...
# Subtest: message projection preserves absent-message and non-choice behavior, and freezes provided empty results
ok 472 - message projection preserves absent-message and non-choice behavior, and freezes provided empty results
  ---
  duration_ms: 0.231417
  type: 'test'
  ...
# Subtest: real GCP and Coding artifacts deliver exact selected-wrong authored messages
ok 473 - real GCP and Coding artifacts deliver exact selected-wrong authored messages
  ---
  duration_ms: 678.5315
  type: 'test'
  ...
# MC_REACHABLE coding-interview-dsa-problem-solving completedRound=7
# MC_REACHABLE claude-certified-architect-professional-certification completedRound=5
# Subtest: actual GCP practice choice orders vary between session identities and survive durable resume unchanged
ok 474 - actual GCP practice choice orders vary between session identities and survive durable resume unchanged
  ---
  duration_ms: 331.582958
  type: 'test'
  ...
# Subtest: resume accepts a fingerprint-bound legal choice permutation without requiring regeneration
ok 475 - resume accepts a fingerprint-bound legal choice permutation without requiring regeneration
  ---
  duration_ms: 1.150333
  type: 'test'
  ...
# Subtest: all 16077 actual items preserve control membership, ID answers and non-choice order without exposing an answer to the ranker
ok 476 - all 16077 actual items preserve control membership, ID answers and non-choice order without exposing an answer to the ranker
  ---
  duration_ms: 3016.855875
  type: 'test'
  ...
# Subtest: all real 29 practice modes and canonical simulation profiles prepare valid frozen orders with unchanged question selection
ok 477 - all real 29 practice modes and canonical simulation profiles prepare valid frozen orders with unchanged question selection
  ---
  duration_ms: 65.848708
  type: 'test'
  ...
# Subtest: legacy source orders remain valid; malformed orders, stale pins and unstored permutation changes fail resume
ok 478 - legacy source orders remain valid; malformed orders, stale pins and unstored permutation changes fail resume
  ---
  duration_ms: 1.956166
  type: 'test'
  ...
# Subtest: actual Coding conditional repeat retains the source prepared order after three durable intervening answers and rebind
ok 479 - actual Coding conditional repeat retains the source prepared order after three durable intervening answers and rebind
  ---
  duration_ms: 96.004667
  type: 'test'
  ...
# Subtest: MC becomes reachable through completed canonical sessions and real persisted history without changing selection policy
ok 480 - MC becomes reachable through completed canonical sessions and real persisted history without changing selection policy
  ---
  duration_ms: 1632.17275
  type: 'test'
  ...
# Subtest: actual Frontend Design ordering feedback follows missing adjacent relations across all legal permutations
ok 481 - actual Frontend Design ordering feedback follows missing adjacent relations across all legal permutations
  ---
  duration_ms: 268.048084
  type: 'test'
  ...
# Subtest: ordering message projection is absent outside ordering or when authored messages are absent
ok 482 - ordering message projection is absent outside ordering or when authored messages are absent
  ---
  duration_ms: 0.133167
  type: 'test'
  ...
# Subtest: invalid ordering responses are rejected before authored diagnostics are inferred
ok 483 - invalid ordering responses are rejected before authored diagnostics are inferred
  ---
  duration_ms: 0.2835
  type: 'test'
  ...
# Subtest: projects exact HTTPS sources in authored order without normalizing query or hash
ok 484 - projects exact HTTPS sources in authored order without normalizing query or hash
  ---
  duration_ms: 1.369417
  type: 'test'
  ...
# Subtest: rejects non-HTTPS, malformed and missing sources without inventing a fallback
ok 485 - rejects non-HTTPS, malformed and missing sources without inventing a fallback
  ---
  duration_ms: 0.140292
  type: 'test'
  ...
# Subtest: opens the exact projected URL and reports success or failure explicitly
ok 486 - opens the exact projected URL and reports success or failure explicitly
  ---
  duration_ms: 0.147333
  type: 'test'
  ...
# Subtest: rejects unsafe or malformed source URLs without calling the opener
ok 487 - rejects unsafe or malformed source URLs without calling the opener
  ---
  duration_ms: 0.085
  type: 'test'
  ...
# Subtest: projects the exact URL from an accepted certification artifact without changing the artifact
ok 488 - projects the exact URL from an accepted certification artifact without changing the artifact
  ---
  duration_ms: 6.243875
  type: 'test'
  ...
# Subtest: all 440 actual multiple-choice items reject every wrong-containing subset independently of oracle parity
ok 489 - all 440 actual multiple-choice items reject every wrong-containing subset independently of oracle parity
  ---
  duration_ms: 544.126375
  type: 'test'
  ...
# Subtest: actual practice runtime writes zero-point incorrect attempt/review, survives repository rebind and preserves authored feedback
ok 490 - actual practice runtime writes zero-point incorrect attempt/review, survives repository rebind and preserves authored feedback
  ---
  duration_ms: 83.905291
  type: 'test'
  ...
# Subtest: actual Coding Mock simulation finalization records wrong-containing response as incorrect zero, preserving other answers
ok 491 - actual Coding Mock simulation finalization records wrong-containing response as incorrect zero, preserving other answers
  ---
  duration_ms: 12.58025
  type: 'test'
  ...
# Subtest: ODK-096 AWS Free focus selects unique 10/20/40 question plans from the current canonical node
ok 492 - ODK-096 AWS Free focus selects unique 10/20/40 question plans from the current canonical node
  ---
  duration_ms: 1806.792
  type: 'test'
  ...
# Subtest: ODK-096 AWS evidence-conditioned review truthfully shortens to due evidence and fails closed without it
ok 493 - ODK-096 AWS evidence-conditioned review truthfully shortens to due evidence and fails closed without it
  ---
  duration_ms: 1204.949916
  type: 'test'
  ...
# Subtest: ODK-097 Design Tradeoff sessions use the exact free node and unique 10/20/40 items
ok 494 - ODK-097 Design Tradeoff sessions use the exact free node and unique 10/20/40 items
  ---
  duration_ms: 456.103
  type: 'test'
  ...
# Subtest: ODK-097 Design Review is due-only, truthfully shortens, and fails closed without eligible evidence
ok 495 - ODK-097 Design Review is due-only, truthfully shortens, and fails closed without eligible evidence
  ---
  duration_ms: 7.269959
  type: 'test'
  ...
# Subtest: ODK-097 Review evidence rejects stale, wrong-artifact, and cross-track entries
ok 496 - ODK-097 Review evidence rejects stale, wrong-artifact, and cross-track entries
  ---
  duration_ms: 0.368875
  type: 'test'
  ...
# Subtest: ODK-097 Coding due entries remain identity-scoped without consuming historical misses
ok 497 - ODK-097 Coding due entries remain identity-scoped without consuming historical misses
  ---
  duration_ms: 0.310125
  type: 'test'
  ...
# Subtest: Certification Exam Simulation authorizes before preparation resolution and starts durably only when allowed
ok 498 - Certification Exam Simulation authorizes before preparation resolution and starts durably only when allowed
  ---
  duration_ms: 740.343833
  type: 'test'
  ...
# Subtest: completed exam review projects answered and unanswered items across the complete fixed plan
ok 499 - completed exam review projects answered and unanswered items across the complete fixed plan
  ---
  duration_ms: 577.760625
  type: 'test'
  ...
# Subtest: fully unanswered completed exam projects all 50 items without creating attempts
ok 500 - fully unanswered completed exam projects all 50 items without creating attempts
  ---
  duration_ms: 3.614834
  type: 'test'
  ...
# Subtest: exam result rejects tampered partition, attempt scores, and profile evidence
ok 501 - exam result rejects tampered partition, attempt scores, and profile evidence
  ---
  duration_ms: 10.264042
  type: 'test'
  ...
# Subtest: active Certification projection strips answers, explanations and feedback structurally
ok 502 - active Certification projection strips answers, explanations and feedback structurally
  ---
  duration_ms: 1.41525
  type: 'test'
  ...
# Subtest: deferred feedback remains absent after durable submit while immediate feedback is unchanged
ok 503 - deferred feedback remains absent after durable submit while immediate feedback is unchanged
  ---
  duration_ms: 0.288166
  type: 'test'
  ...
# Subtest: immediate Certification feedback returns only authored messages for selected incorrect IDs
ok 504 - immediate Certification feedback returns only authored messages for selected incorrect IDs
  ---
  duration_ms: 0.103291
  type: 'test'
  ...
# Subtest: completed review evidence fails closed when durable outcome aggregates are missing or inconsistent
ok 505 - completed review evidence fails closed when durable outcome aggregates are missing or inconsistent
  ---
  duration_ms: 0.1435
  type: 'test'
  ...
# Subtest: completed practice projector preserves the canonical five-state answer matrix
ok 506 - completed practice projector preserves the canonical five-state answer matrix
  ---
  duration_ms: 428.52925
  type: 'test'
  ...
# Subtest: practice review rejects altered identity, coverage, attempts, score, and resolution
ok 507 - practice review rejects altered identity, coverage, attempts, score, and resolution
  ---
  duration_ms: 4.100042
  type: 'test'
  ...
# Subtest: Certification route preserves domains and sends an exact Premium node through facade to Gate A before mutation
ok 508 - Certification route preserves domains and sends an exact Premium node through facade to Gate A before mutation
  ---
  duration_ms: 541.965125
  type: 'test'
  ...
# Subtest: coding facade converts every supported UI response into the canonical response union
ok 509 - coding facade converts every supported UI response into the canonical response union
  ---
  duration_ms: 4.047041
  type: 'test'
  ...
# Subtest: completed Coding practice is readable and review uses the same completed projection
ok 510 - completed Coding practice is readable and review uses the same completed projection
  ---
  duration_ms: 845.45625
  type: 'test'
  ...
# Subtest: completed conditional-reinsert practice projects the final replaced occurrence order
ok 511 - completed conditional-reinsert practice projects the final replaced occurrence order
  ---
  duration_ms: 333.593708
  type: 'test'
  ...
# Subtest: abandoned Coding summary keeps its separate existing projection and performs no read writes
ok 512 - abandoned Coding summary keeps its separate existing projection and performs no read writes
  ---
  duration_ms: 18.438833
  type: 'test'
  ...
# Subtest: completed Mock result stays pending until exact saved content validation finishes
ok 513 - completed Mock result stays pending until exact saved content validation finishes
  ---
  duration_ms: 55.93975
  type: 'test'
  ...
# Subtest: completed result rejects a source-session attempt outside the saved occurrence plan
ok 514 - completed result rejects a source-session attempt outside the saved occurrence plan
  ---
  duration_ms: 189.203083
  type: 'test'
  ...
# Subtest: completed result rejects a removed attempt and a scorer/result mismatch
ok 515 - completed result rejects a removed attempt and a scorer/result mismatch
  ---
  duration_ms: 213.398792
  type: 'test'
  ...
# Subtest: completed result rejects a mismatched family, completion time, or answer coverage
ok 516 - completed result rejects a mismatched family, completion time, or answer coverage
  ---
  duration_ms: 187.9545
  type: 'test'
  ...
# Subtest: completed result rejects attempts with a different mode or resolved item
ok 517 - completed result rejects attempts with a different mode or resolved item
  ---
  duration_ms: 171.048541
  type: 'test'
  ...
# Subtest: completed result rejects duplicate attempts, invalid responses, and stale artifact references
ok 518 - completed result rejects duplicate attempts, invalid responses, and stale artifact references
  ---
  duration_ms: 209.12675
  type: 'test'
  ...
# Subtest: completed result rejects persisted counts and points that disagree with committed attempts
ok 519 - completed result rejects persisted counts and points that disagree with committed attempts
  ---
  duration_ms: 190.6635
  type: 'test'
  ...
# Subtest: completed result ignores valid attempts belonging to an unrelated session
ok 520 - completed result ignores valid attempts belonging to an unrelated session
  ---
  duration_ms: 178.303416
  type: 'test'
  ...
# Subtest: startAlgorithmsSession adapts feedback timing on the actual lifecycle request
ok 521 - startAlgorithmsSession adapts feedback timing on the actual lifecycle request
  ---
  duration_ms: 3.504375
  type: 'test'
  ...
# Subtest: Coding Mock flags persist in the active draft and reappear after lifecycle resume
ok 522 - Coding Mock flags persist in the active draft and reappear after lifecycle resume
  ---
  duration_ms: 713.55225
  type: 'test'
  ...
# Subtest: Coding Mock persists a response, finalizes, and reads all 40 completed review rows
ok 523 - Coding Mock persists a response, finalizes, and reads all 40 completed review rows
  ---
  duration_ms: 117.899708
  type: 'test'
  ...
# Subtest: Coding immediate practice feedback survives durable submit and lifecycle rebind
ok 524 - Coding immediate practice feedback survives durable submit and lifecycle rebind
  ---
  duration_ms: 14.50725
  type: 'test'
  ...
# Subtest: resolves an exact canonical artifact by track, content version, and SHA
ok 525 - resolves an exact canonical artifact by track, content version, and SHA
  ---
  duration_ms: 457.519041
  type: 'test'
  ...
# Subtest: resolves only the question identified by a canonical ResolvedContentRef
ok 526 - resolves only the question identified by a canonical ResolvedContentRef
  ---
  duration_ms: 0.361708
  type: 'test'
  ...
# Subtest: prepares Certification Exam Simulation from the exact canonical artifact profile
ok 527 - prepares Certification Exam Simulation from the exact canonical artifact profile
  ---
  duration_ms: 27.431166
  type: 'test'
  ...
# Subtest: prepares Coding Mock from the exact canonical artifact profile and ordered 40-question pool
ok 528 - prepares Coding Mock from the exact canonical artifact profile and ordered 40-question pool
  ---
  duration_ms: 6.002125
  type: 'test'
  ...
# Subtest: all three actual Design pools deliver exact authored wrong-option feedback after durable submit and rebind
ok 529 - all three actual Design pools deliver exact authored wrong-option feedback after durable submit and rebind
  ---
  duration_ms: 1200.238709
  type: 'test'
  ...
# Subtest: Design choice diagnostics stay hidden for a failed journal write and committed-only response
ok 530 - Design choice diagnostics stay hidden for a failed journal write and committed-only response
  ---
  duration_ms: 16.526375
  type: 'test'
  ...
# Subtest: manual Design Simulation completion requires every non-empty stage
ok 531 - manual Design Simulation completion requires every non-empty stage
  ---
  duration_ms: 0.564958
  type: 'test'
  ...
# Subtest: home snapshot resolves canonical track metadata
ok 532 - home snapshot resolves canonical track metadata
  ---
  duration_ms: 598.205458
  type: 'test'
  ...
# Subtest: actual Home command rejects profile changes after Activity reads and before publication, including A/B/A
    # Subtest: same profile publishes actual persisted answers
    ok 1 - same profile publishes actual persisted answers
      ---
      duration_ms: 93.811292
      type: 'test'
      ...
    # Subtest: same-profile attempt committed after parallel reads rejects stale HomeShell publication
    ok 2 - same-profile attempt committed after parallel reads rejects stale HomeShell publication
      ---
      duration_ms: 41.224792
      type: 'test'
      ...
    # Subtest: same-profile attempt committed after the final dashboard await rejects publication
    ok 3 - same-profile attempt committed after the final dashboard await rejects publication
      ---
      duration_ms: 56.959917
      type: 'test'
      ...
    # Subtest: A→B after Activity read rejects publication
    ok 4 - A→B after Activity read rejects publication
      ---
      duration_ms: 17.838375
      type: 'test'
      ...
    # Subtest: A→B→A after Activity read rejects publication
    ok 5 - A→B→A after Activity read rejects publication
      ---
      duration_ms: 19.886834
      type: 'test'
      ...
    # Subtest: active transition at entry prevents reads and publication
    ok 6 - active transition at entry prevents reads and publication
      ---
      duration_ms: 13.537958
      type: 'test'
      ...
    # Subtest: transition starts during the last read and prevents publication
    ok 7 - transition starts during the last read and prevents publication
      ---
      duration_ms: 24.0065
      type: 'test'
      ...
    1..7
ok 533 - actual Home command rejects profile changes after Activity reads and before publication, including A/B/A
  ---
  duration_ms: 891.931125
  type: 'test'
  ...
# Subtest: Home fence rejects persisted goal and accepted-plan changes
ok 534 - Home fence rejects persisted goal and accepted-plan changes
  ---
  duration_ms: 30.771917
  type: 'test'
  ...
# Subtest: Home fence rejects persisted review and attempt additions
ok 535 - Home fence rejects persisted review and attempt additions
  ---
  duration_ms: 1.495125
  type: 'test'
  ...
# Subtest: Home fence rejects terminal, active, and result-only session evidence writes
ok 536 - Home fence rejects terminal, active, and result-only session evidence writes
  ---
  duration_ms: 2.317667
  type: 'test'
  ...
# Subtest: Home fence observes selected-track changes, including from a null-track snapshot
ok 537 - Home fence observes selected-track changes, including from a null-track snapshot
  ---
  duration_ms: 0.294667
  type: 'test'
  ...
# Subtest: Home fence preserves onboarding fallback and ignores unrelated reminder settings
ok 538 - Home fence preserves onboarding fallback and ignores unrelated reminder settings
  ---
  duration_ms: 0.653958
  type: 'test'
  ...
# Subtest: Home fence fails closed for active journals and corrupt canonical session indexes
ok 539 - Home fence fails closed for active journals and corrupt canonical session indexes
  ---
  duration_ms: 18.625
  type: 'test'
  ...
# Subtest: actual artifact→repository→Home presenter includes local Monday before UTC Monday and excludes future answers
ok 540 - actual artifact→repository→Home presenter includes local Monday before UTC Monday and excludes future answers
  ---
  duration_ms: 623.337584
  type: 'test'
  ...
# Subtest: all nine canonical tracks use the same activity count without turning it into completion
ok 541 - all nine canonical tracks use the same activity count without turning it into completion
  ---
  duration_ms: 616.467583
  type: 'test'
  ...
# Subtest: active exclusion, ended-early history and old package facts remain distinct from completed sessions
ok 542 - active exclusion, ended-early history and old package facts remain distinct from completed sessions
  ---
  duration_ms: 1.862875
  type: 'test'
  ...
# Subtest: civil Monday boundaries agree in Warsaw/Los Angeles and across both DST transitions
ok 543 - civil Monday boundaries agree in Warsaw/Los Angeles and across both DST transitions
  ---
  duration_ms: 2.475125
  type: 'test'
  ...
# Subtest: same question new attempts count separately, identical IDs once, conflicting IDs unavailable
ok 544 - same question new attempts count separately, identical IDs once, conflicting IDs unavailable
  ---
  duration_ms: 0.742542
  type: 'test'
  ...
# Subtest: invalid relevant record/context never becomes empty activity; repository corruption still throws
ok 545 - invalid relevant record/context never becomes empty activity; repository corruption still throws
  ---
  duration_ms: 6.238708
  type: 'test'
  ...
# Subtest: weekly text and accessibility label share real translated plural values in seven locales
ok 546 - weekly text and accessibility label share real translated plural values in seven locales
  ---
  duration_ms: 19.913375
  type: 'test'
  ...
# Subtest: actual memory profile router separates A/B history and reconstructs A after storage reopening offline
ok 547 - actual memory profile router separates A/B history and reconstructs A after storage reopening offline
  ---
  duration_ms: 16.573042
  type: 'test'
  ...
# Subtest: removed simulation response path is unavailable
ok 548 - removed simulation response path is unavailable
  ---
  duration_ms: 633.277708
  type: 'test'
  ...
# Subtest: A before journal persistence leaves no durable outcome
ok 549 - A before journal persistence leaves no durable outcome
  ---
  duration_ms: 14.4265
  type: 'test'
  ...
# Subtest: B after journal persistence recovers complete
ok 550 - B after journal persistence recovers complete
  ---
  duration_ms: 27.552375
  type: 'test'
  ...
# Subtest: C after attempt write does not duplicate
ok 551 - C after attempt write does not duplicate
  ---
  duration_ms: 12.766209
  type: 'test'
  ...
# Subtest: D after review writes no duplicate evidence
ok 552 - D after review writes no duplicate evidence
  ---
  duration_ms: 5.670166
  type: 'test'
  ...
# Subtest: E after session no twice advance
ok 553 - E after session no twice advance
  ---
  duration_ms: 2.302
  type: 'test'
  ...
# Subtest: F all writes before verification
ok 554 - F all writes before verification
  ---
  duration_ms: 2.373583
  type: 'test'
  ...
# Subtest: G verification before clear safely replays
ok 555 - G verification before clear safely replays
  ---
  duration_ms: 2.778125
  type: 'test'
  ...
# Subtest: resolved review deletion is physical and safely replays after force-close
ok 556 - resolved review deletion is physical and safely replays after force-close
  ---
  duration_ms: 7.079875
  type: 'test'
  ...
# Subtest: resolved review deletion recovers when its index update fails
ok 557 - resolved review deletion recovers when its index update fails
  ---
  duration_ms: 2.963791
  type: 'test'
  ...
# Subtest: manual review removal recovers after index switch but before physical deletion
ok 558 - manual review removal recovers after index switch but before physical deletion
  ---
  duration_ms: 4.448208
  type: 'test'
  ...
# Subtest: session abandonment persists abandoned session before clearing active pointer
ok 559 - session abandonment persists abandoned session before clearing active pointer
  ---
  duration_ms: 13.947958
  type: 'test'
  ...
# Subtest: session abandonment replay is idempotent
ok 560 - session abandonment replay is idempotent
  ---
  duration_ms: 7.825833
  type: 'test'
  ...
# Subtest: abandonment recovers identically after every durable write boundary
ok 561 - abandonment recovers identically after every durable write boundary
  ---
  duration_ms: 31.064834
  type: 'test'
  ...
# Subtest: abandonment does not navigate before durability
ok 562 - abandonment does not navigate before durability
  ---
  duration_ms: 0.557125
  type: 'test'
  ...
# Subtest: local answer commit defers snapshot and outbox construction until account synchronization
ok 563 - local answer commit defers snapshot and outbox construction until account synchronization
  ---
  duration_ms: 24.349042
  type: 'test'
  ...
# Subtest: failed pending-sync write retains the verified journal and recovers without duplicating the answer
ok 564 - failed pending-sync write retains the verified journal and recovers without duplicating the answer
  ---
  duration_ms: 9.325083
  type: 'test'
  ...
# Subtest: clear local history is one journaled learning-state mutation
ok 565 - clear local history is one journaled learning-state mutation
  ---
  duration_ms: 19.954375
  type: 'test'
  ...
# Subtest: clear local history copy covers progress and review data
ok 566 - clear local history copy covers progress and review data
  ---
  duration_ms: 0.151125
  type: 'test'
  ...
# Subtest: clear local history preserves the one guest installation and local dataset identity
ok 567 - clear local history preserves the one guest installation and local dataset identity
  ---
  duration_ms: 4.38275
  type: 'test'
  ...
# Subtest: reset recovers a pending command before deleting its fully materialized learning state
ok 568 - reset recovers a pending command before deleting its fully materialized learning state
  ---
  duration_ms: 23.121834
  type: 'test'
  ...
# Subtest: reset failure remains explicit and recovery is identical after every deletion boundary
ok 569 - reset failure remains explicit and recovery is identical after every deletion boundary
  ---
  duration_ms: 16.556083
  type: 'test'
  ...
# Subtest: journal durability precedes idempotent materialization and recovery
ok 570 - journal durability precedes idempotent materialization and recovery
  ---
  duration_ms: 13.641625
  type: 'test'
  ...
# Subtest: journal phase advances only one immutable step at a time
ok 571 - journal phase advances only one immutable step at a time
  ---
  duration_ms: 5.006917
  type: 'test'
  ...
# Subtest: journaled command rejects a conflicting pending command
ok 572 - journaled command rejects a conflicting pending command
  ---
  duration_ms: 9.320792
  type: 'test'
  ...
# Subtest: journal has a versioned SHA-256 command identity and rejects stale expected revisions
ok 573 - journal has a versioned SHA-256 command identity and rejects stale expected revisions
  ---
  duration_ms: 3.053792
  type: 'test'
  ...
# Subtest: journal construction rejects writes that cross exact resolved artifact identities
ok 574 - journal construction rejects writes that cross exact resolved artifact identities
  ---
  duration_ms: 0.481625
  type: 'test'
  ...
# Subtest: practice submission recovers identically after every durable write boundary
ok 575 - practice submission recovers identically after every durable write boundary
  ---
  duration_ms: 28.454167
  type: 'test'
  ...
# Subtest: concurrent conflicting journal persists use one CAS winner and ownership-checked clear
ok 576 - concurrent conflicting journal persists use one CAS winner and ownership-checked clear
  ---
  duration_ms: 3.938208
  type: 'test'
  ...
# Subtest: materializes one attempt
ok 577 - materializes one attempt
  ---
  duration_ms: 8.688541
  type: 'test'
  ...
# Subtest: materializes one review entry
ok 578 - materializes one review entry
  ---
  duration_ms: 1.310958
  type: 'test'
  ...
# Subtest: rejects an unsupported write kind instead of silently materializing it
ok 579 - rejects an unsupported write kind instead of silently materializing it
  ---
  duration_ms: 3.874583
  type: 'test'
  ...
# Subtest: materializes one session
ok 580 - materializes one session
  ---
  duration_ms: 2.023084
  type: 'test'
  ...
# Subtest: clears active session pointer
ok 581 - clears active session pointer
  ---
  duration_ms: 0.983875
  type: 'test'
  ...
# Subtest: materializes a complete training outcome in canonical order
ok 582 - materializes a complete training outcome in canonical order
  ---
  duration_ms: 4.354416
  type: 'test'
  ...
# Subtest: replays a fully materialized journal without duplicate effects
ok 583 - replays a fully materialized journal without duplicate effects
  ---
  duration_ms: 5.94425
  type: 'test'
  ...
# Subtest: resumes after only attempt write completed
ok 584 - resumes after only attempt write completed
  ---
  duration_ms: 20.592416
  type: 'test'
  ...
# Subtest: resumes after attempt and review writes completed
ok 585 - resumes after attempt and review writes completed
  ---
  duration_ms: 3.893
  type: 'test'
  ...
# Subtest: resumes after session write completed
ok 586 - resumes after session write completed
  ---
  duration_ms: 8.238375
  type: 'test'
  ...
# Subtest: rejects conflicting immutable attempt
ok 587 - rejects conflicting immutable attempt
  ---
  duration_ms: 2.027666
  type: 'test'
  ...
# Subtest: rejects conflicting session record
ok 588 - rejects conflicting session record
  ---
  duration_ms: 1.953625
  type: 'test'
  ...
# Subtest: rejects conflicting review record
ok 589 - rejects conflicting review record
  ---
  duration_ms: 1.508792
  type: 'test'
  ...
# Subtest: preserves active journal after write failure
ok 590 - preserves active journal after write failure
  ---
  duration_ms: 12.487334
  type: 'test'
  ...
# Subtest: does nothing when no journal exists
ok 591 - does nothing when no journal exists
  ---
  duration_ms: 0.935334
  type: 'test'
  ...
# Subtest: recovers a journal before any writes
ok 592 - recovers a journal before any writes
  ---
  duration_ms: 15.199625
  type: 'test'
  ...
# Subtest: recovers partially materialized
ok 593 - recovers partially materialized
  ---
  duration_ms: 15.295708
  type: 'test'
  ...
# Subtest: fully materialized unverified
ok 594 - fully materialized unverified
  ---
  duration_ms: 9.019292
  type: 'test'
  ...
# Subtest: verified journal whose clear failed
ok 595 - verified journal whose clear failed
  ---
  duration_ms: 4.829875
  type: 'test'
  ...
# Subtest: accepts ident immutable attempt
ok 596 - accepts ident immutable attempt
  ---
  duration_ms: 2.560875
  type: 'test'
  ...
# Subtest: rejects conflicting immutable attempt
ok 597 - rejects conflicting immutable attempt
  ---
  duration_ms: 1.397208
  type: 'test'
  ...
# Subtest: rejects conflicting active journal
ok 598 - rejects conflicting active journal
  ---
  duration_ms: 17.145083
  type: 'test'
  ...
# Subtest: blocks corrupt journal
ok 599 - blocks corrupt journal
  ---
  duration_ms: 0.930709
  type: 'test'
  ...
# Subtest: blocks journal read failure
ok 600 - blocks journal read failure
  ---
  duration_ms: 1.1445
  type: 'test'
  ...
# Subtest: preserves journal after materialization failure
ok 601 - preserves journal after materialization failure
  ---
  duration_ms: 3.309625
  type: 'test'
  ...
# Subtest: preserves journal after verification failure
ok 602 - preserves journal after verification failure
  ---
  duration_ms: 4.2365
  type: 'test'
  ...
# Subtest: preserves journal after journal clear failure
ok 603 - preserves journal after journal clear failure
  ---
  duration_ms: 3.394417
  type: 'test'
  ...
# Subtest: rejects a semantically malformed persisted journal and retains it
ok 604 - rejects a semantically malformed persisted journal and retains it
  ---
  duration_ms: 0.431334
  type: 'test'
  ...
# Subtest: rejects an unknown persisted write and retains its journal
ok 605 - rejects an unknown persisted write and retains its journal
  ---
  duration_ms: 0.258875
  type: 'test'
  ...
# Subtest: rejects an old persisted journal without an exact artifact SHA-256
ok 606 - rejects an old persisted journal without an exact artifact SHA-256
  ---
  duration_ms: 0.349583
  type: 'test'
  ...
# Subtest: rejects incomplete operation plans before persistence
ok 607 - rejects incomplete operation plans before persistence
  ---
  duration_ms: 0.260709
  type: 'test'
  ...
# Subtest: rejects duplicate write targets before persistence
ok 608 - rejects duplicate write targets before persistence
  ---
  duration_ms: 0.416667
  type: 'test'
  ...
# Subtest: rejects destructive writes that do not belong to the operation
ok 609 - rejects destructive writes that do not belong to the operation
  ---
  duration_ms: 0.368
  type: 'test'
  ...
# Subtest: rejects attempts and reviews that conflict with the durable session plan
ok 610 - rejects attempts and reviews that conflict with the durable session plan
  ---
  duration_ms: 1.047958
  type: 'test'
  ...
# Subtest: rejects an immediate submit for a planned but non-current occurrence
ok 611 - rejects an immediate submit for a planned but non-current occurrence
  ---
  duration_ms: 0.388834
  type: 'test'
  ...
# Subtest: rejects contradictory review actions and duplicate terminal item outcomes
ok 612 - rejects contradictory review actions and duplicate terminal item outcomes
  ---
  duration_ms: 0.487042
  type: 'test'
  ...
# Subtest: accepts a review update that retains its original durable source identity
ok 613 - accepts a review update that retains its original durable source identity
  ---
  duration_ms: 0.644959
  type: 'test'
  ...
# Subtest: rejects a fabricated historical source on a nonexistent review identity
ok 614 - rejects a fabricated historical source on a nonexistent review identity
  ---
  duration_ms: 1.884875
  type: 'test'
  ...
# Subtest: rejects an explicit review update when its durable identity does not exist
ok 615 - rejects an explicit review update when its durable identity does not exist
  ---
  duration_ms: 1.255375
  type: 'test'
  ...
# Subtest: rejects a persisted plan with a corrupt fingerprint and retains it
ok 616 - rejects a persisted plan with a corrupt fingerprint and retains it
  ---
  duration_ms: 0.680792
  type: 'test'
  ...
# Subtest: idempotent repeated recovery
ok 617 - idempotent repeated recovery
  ---
  duration_ms: 4.4435
  type: 'test'
  ...
# Subtest: does not require remote content
ok 618 - does not require remote content
  ---
  duration_ms: 2.32
  type: 'test'
  ...
# Subtest: does not recalc scoring
ok 619 - does not recalc scoring
  ---
  duration_ms: 5.58125
  type: 'test'
  ...
# Subtest: does not generate IDs
ok 620 - does not generate IDs
  ---
  duration_ms: 4.588792
  type: 'test'
  ...
# Subtest: verifies a complete materialized mutation
ok 621 - verifies a complete materialized mutation
  ---
  duration_ms: 16.4565
  type: 'test'
  ...
# Subtest: rejects missing attempt
ok 622 - rejects missing attempt
  ---
  duration_ms: 2.846084
  type: 'test'
  ...
# Subtest: rejects conflicting attempt
ok 623 - rejects conflicting attempt
  ---
  duration_ms: 8.822959
  type: 'test'
  ...
# Subtest: rejects missing review entry
ok 624 - rejects missing review entry
  ---
  duration_ms: 1.966166
  type: 'test'
  ...
# Subtest: rejects conflicting review entry
ok 625 - rejects conflicting review entry
  ---
  duration_ms: 1.289416
  type: 'test'
  ...
# Subtest: rejects missing session
ok 626 - rejects missing session
  ---
  duration_ms: 1.040334
  type: 'test'
  ...
# Subtest: rejects conflicting session
ok 627 - rejects conflicting session
  ---
  duration_ms: 1.676625
  type: 'test'
  ...
# Subtest: rejects active session pointer that should be cleared
ok 628 - rejects active session pointer that should be cleared
  ---
  duration_ms: 0.778417
  type: 'test'
  ...
# Subtest: propagates storage read failure
ok 629 - propagates storage read failure
  ---
  duration_ms: 0.784292
  type: 'test'
  ...
# Subtest: preserves active journal after verification failure
ok 630 - preserves active journal after verification failure
  ---
  duration_ms: 5.867291
  type: 'test'
  ...
# Subtest: an occurrence-keyed draft persists, edits, and resumes without learning side effects
ok 631 - an occurrence-keyed draft persists, edits, and resumes without learning side effects
  ---
  duration_ms: 11.121583
  type: 'test'
  ...
# Subtest: draft persistence rejects unknown occurrences and mismatched session scope
ok 632 - draft persistence rejects unknown occurrences and mismatched session scope
  ---
  duration_ms: 0.925208
  type: 'test'
  ...
# Subtest: immediate-feedback sessions cannot persist draft responses
ok 633 - immediate-feedback sessions cannot persist draft responses
  ---
  duration_ms: 0.348041
  type: 'test'
  ...
# Subtest: clear local history removes the resumable draft
ok 634 - clear local history removes the resumable draft
  ---
  duration_ms: 6.005583
  type: 'test'
  ...
# Subtest: Algorithms finalization commits exactly answered occurrences and deletes the matching draft
ok 635 - Algorithms finalization commits exactly answered occurrences and deletes the matching draft
  ---
  duration_ms: 21.111417
  type: 'test'
  ...
# Subtest: Algorithms finalization rejects attempts that do not correspond exactly to answered draft occurrences
ok 636 - Algorithms finalization rejects attempts that do not correspond exactly to answered draft occurrences
  ---
  duration_ms: 2.885875
  type: 'test'
  ...
# Subtest: Algorithms finalization rejects a stale cleanup draft before journal persistence or outcome writes
ok 637 - Algorithms finalization rejects a stale cleanup draft before journal persistence or outcome writes
  ---
  duration_ms: 0.588917
  type: 'test'
  ...
# Subtest: force-close replay completes an Algorithms finalization idempotently at the draft-delete boundary
ok 638 - force-close replay completes an Algorithms finalization idempotently at the draft-delete boundary
  ---
  duration_ms: 16.100709
  type: 'test'
  ...
# Subtest: duplicate content occurrences keep distinct attempts and consolidate review to the latest planned transition
ok 639 - duplicate content occurrences keep distinct attempts and consolidate review to the latest planned transition
  ---
  duration_ms: 8.439917
  type: 'test'
  ...
# Subtest: finalization can resolve a review through an exact transition attempt
ok 640 - finalization can resolve a review through an exact transition attempt
  ---
  duration_ms: 3.936584
  type: 'test'
  ...
# Subtest: journaled transition delete rejects a same-id review conflict before outcome writes and replays exact or absent identity
ok 641 - journaled transition delete rejects a same-id review conflict before outcome writes and replays exact or absent identity
  ---
  duration_ms: 16.5875
  type: 'test'
  ...
# Subtest: Algorithms finalization recovers idempotently across every canonical write boundary
ok 642 - Algorithms finalization recovers idempotently across every canonical write boundary
  ---
  duration_ms: 33.649833
  type: 'test'
  ...
# Subtest: persisted finalization journal preflights a stale durable draft before replaying any outcome write
ok 643 - persisted finalization journal preflights a stale durable draft before replaying any outcome write
  ---
  duration_ms: 7.563542
  type: 'test'
  ...
# Subtest: draft saves are locked as soon as a finalization journal is pending
ok 644 - draft saves are locked as soon as a finalization journal is pending
  ---
  duration_ms: 2.461291
  type: 'test'
  ...
# Subtest: a draft save started before journal persistence rechecks immediately before writing
ok 645 - a draft save started before journal persistence rechecks immediately before writing
  ---
  duration_ms: 1.255375
  type: 'test'
  ...
# Subtest: actual canonical proposal plus repositories: attempts arriving after async resolve cannot persist
ok 646 - actual canonical proposal plus repositories: attempts arriving after async resolve cannot persist
  ---
  duration_ms: 667.289791
  type: 'test'
  ...
# Subtest: calendar changing during plan construction is checked immediately before CAS
ok 647 - calendar changing during plan construction is checked immediately before CAS
  ---
  duration_ms: 12.274166
  type: 'test'
  ...
# Subtest: accepted-plan replacement after proposal creation cannot be overwritten
ok 648 - accepted-plan replacement after proposal creation cannot be overwritten
  ---
  duration_ms: 15.25
  type: 'test'
  ...
# Subtest: evidence and calendar changes invalidate a proposal editor without writing
ok 649 - evidence and calendar changes invalidate a proposal editor without writing
  ---
  duration_ms: 3.122083
  type: 'test'
  ...
# Subtest: same-scope uncertain accept acknowledges exact durable command even with active journal, without another write
ok 650 - same-scope uncertain accept acknowledges exact durable command even with active journal, without another write
  ---
  duration_ms: 3.885084
  type: 'test'
  ...
# Subtest: same-scope uncertain editor acknowledgement does not re-run the write or proposal freshness
ok 651 - same-scope uncertain editor acknowledgement does not re-run the write or proposal freshness
  ---
  duration_ms: 3.502458
  type: 'test'
  ...
# Subtest: uncertain accepted result and editors do not leak into a replacement storage scope
ok 652 - uncertain accepted result and editors do not leak into a replacement storage scope
  ---
  duration_ms: 3.128834
  type: 'test'
  ...
# Subtest: actual profile router A/B/A republishes a new lease; old editor, in-flight and terminal result remain stale
ok 653 - actual profile router A/B/A republishes a new lease; old editor, in-flight and terminal result remain stale
  ---
  duration_ms: 7.529041
  type: 'test'
  ...
# Subtest: replay of a terminal acceptance after a later edit cannot reconcile old reminders
ok 654 - replay of a terminal acceptance after a later edit cannot reconcile old reminders
  ---
  duration_ms: 3.720542
  type: 'test'
  ...
# Subtest: goal changes after uncertain durable writes cannot acknowledge a stale pair or reconcile reminders
    # Subtest: accept
    ok 1 - accept
      ---
      duration_ms: 3.322875
      type: 'test'
      ...
    # Subtest: editor
    ok 2 - editor
      ---
      duration_ms: 3.941334
      type: 'test'
      ...
    1..2
ok 655 - goal changes after uncertain durable writes cannot acknowledge a stale pair or reconcile reminders
  ---
  duration_ms: 7.5855
  type: 'test'
  ...
# Subtest: uncertain editor retry rechecks goal synchronously after its async read
ok 656 - uncertain editor retry rechecks goal synchronously after its async read
  ---
  duration_ms: 6.46075
  type: 'test'
  ...
# Subtest: proposal editor preserves retained slot IDs, drops removed IDs, sorts days, and saves revision one
ok 657 - proposal editor preserves retained slot IDs, drops removed IDs, sorts days, and saves revision one
  ---
  duration_ms: 37.2505
  type: 'test'
  ...
# Subtest: accepted plan edit explicitly reads a snapshot, increments plan revision, and stale sessions do not commit
ok 658 - accepted plan edit explicitly reads a snapshot, increments plan revision, and stale sessions do not commit
  ---
  duration_ms: 12.481542
  type: 'test'
  ...
# Subtest: direct accept and proposal editor share plan CAS and retry after idempotent success
ok 659 - direct accept and proposal editor share plan CAS and retry after idempotent success
  ---
  duration_ms: 2.862625
  type: 'test'
  ...
# Subtest: parallel proposal acceptance shares one promise and one durable save
ok 660 - parallel proposal acceptance shares one promise and one durable save
  ---
  duration_ms: 0.684834
  type: 'test'
  ...
# Subtest: parallel acceptance for one proposal across tracks never shares the in-flight success
ok 661 - parallel acceptance for one proposal across tracks never shares the in-flight success
  ---
  duration_ms: 0.475125
  type: 'test'
  ...
# Subtest: accepted result cache is scoped by proposal and track identity
ok 662 - accepted result cache is scoped by proposal and track identity
  ---
  duration_ms: 0.414166
  type: 'test'
  ...
# Subtest: pending acceptance retry is scoped by proposal and track identity
ok 663 - pending acceptance retry is scoped by proposal and track identity
  ---
  duration_ms: 0.454416
  type: 'test'
  ...
# Subtest: storage uncertainty keeps the editor session and retries through durable command reconciliation
ok 664 - storage uncertainty keeps the editor session and retries through durable command reconciliation
  ---
  duration_ms: 0.548916
  type: 'test'
  ...
# Subtest: accepted-plan retry reconciles its durable command before checking refreshed content context
ok 665 - accepted-plan retry reconciles its durable command before checking refreshed content context
  ---
  duration_ms: 1.118583
  type: 'test'
  ...
# Subtest: a replacement proposal keeps plan identity and increments plan revision
ok 666 - a replacement proposal keeps plan identity and increments plan revision
  ---
  duration_ms: 1.075709
  type: 'test'
  ...
# Subtest: a target-date replacement remains explicit and atomically updates the accepted plan identity
ok 667 - a target-date replacement remains explicit and atomically updates the accepted plan identity
  ---
  duration_ms: 0.753958
  type: 'test'
  ...
# Subtest: accepted plan freshness checks content version, artifact SHA, and timezone
ok 668 - accepted plan freshness checks content version, artifact SHA, and timezone
  ---
  duration_ms: 0.611708
  type: 'test'
  ...
# Subtest: proposal creation rejects a local-day change during package resolution
ok 669 - proposal creation rejects a local-day change during package resolution
  ---
  duration_ms: 600.12375
  type: 'test'
  ...
# Subtest: proposal resolution rejects a timezone change during package resolution
ok 670 - proposal resolution rejects a timezone change during package resolution
  ---
  duration_ms: 10.826125
  type: 'test'
  ...
# Subtest: unchanged persisted GCP inputs stay ready through the synchronous commit guard
ok 671 - unchanged persisted GCP inputs stay ready through the synchronous commit guard
  ---
  duration_ms: 10.194416
  type: 'test'
  ...
# Subtest: a newly persisted exact-package attempt stales the proposal; immutable replay adds no evidence
ok 672 - a newly persisted exact-package attempt stales the proposal; immutable replay adds no evidence
  ---
  duration_ms: 8.286625
  type: 'test'
  ...
# Subtest: a persisted review becoming due within the same local day stales its proposal
ok 673 - a persisted review becoming due within the same local day stales its proposal
  ---
  duration_ms: 16.0175
  type: 'test'
  ...
# Subtest: a persisted goal revision change stales its proposal
ok 674 - a persisted goal revision change stales its proposal
  ---
  duration_ms: 8.347458
  type: 'test'
  ...
# Subtest: corrupt, dangling, and journaled evidence reads are errors, never empty histories
    # Subtest: corrupt-index
    ok 1 - corrupt-index
      ---
      duration_ms: 0.278333
      type: 'test'
      ...
    # Subtest: dangling-attempt
    ok 2 - dangling-attempt
      ---
      duration_ms: 0.246875
      type: 'test'
      ...
    # Subtest: active-journal
    ok 3 - active-journal
      ---
      duration_ms: 1.7905
      type: 'test'
      ...
    1..3
ok 675 - corrupt, dangling, and journaled evidence reads are errors, never empty histories
  ---
  duration_ms: 2.995041
  type: 'test'
  ...
# Subtest: storage profile replacement during package resolution stales creation
ok 676 - storage profile replacement during package resolution stales creation
  ---
  duration_ms: 0.450542
  type: 'test'
  ...
# Subtest: an injected canonical-package artifact change stales the synchronous guard
ok 677 - an injected canonical-package artifact change stales the synchronous guard
  ---
  duration_ms: 1.517125
  type: 'test'
  ...
# Subtest: exact duplicate evidence preserves order and conflicting duplicate IDs fail closed
ok 678 - exact duplicate evidence preserves order and conflicting duplicate IDs fail closed
  ---
  duration_ms: 3.119875
  type: 'test'
  ...
# Subtest: a repository read failure after package await remains retryable
ok 679 - a repository read failure after package await remains retryable
  ---
  duration_ms: 0.291875
  type: 'test'
  ...
# Subtest: plan accept saves first and returns the synced reminder outcome
ok 680 - plan accept saves first and returns the synced reminder outcome
  ---
  duration_ms: 1.460458
  type: 'test'
  ...
# Subtest: a saved plan remains successful with a durable pending reminder result
ok 681 - a saved plan remains successful with a durable pending reminder result
  ---
  duration_ms: 0.152666
  type: 'test'
  ...
# Subtest: a terminal cleared reminder outcome is not relabeled as pending
ok 682 - a terminal cleared reminder outcome is not relabeled as pending
  ---
  duration_ms: 0.097084
  type: 'test'
  ...
# Subtest: stale acceptance and failed evidence do not reconcile local reminders
ok 683 - stale acceptance and failed evidence do not reconcile local reminders
  ---
  duration_ms: 0.187042
  type: 'test'
  ...
# Subtest: actual canonical producer preserves a versioned completion rule in the hashed artifact
ok 684 - actual canonical producer preserves a versioned completion rule in the hashed artifact
  ---
  duration_ms: 1030.31125
  type: 'test'
  ...
# Subtest: Home rejects a goal change during exact package resolution instead of publishing an old generation
ok 685 - Home rejects a goal change during exact package resolution instead of publishing an old generation
  ---
  duration_ms: 669.669458
  type: 'test'
  ...
# Subtest: real producer → verified canonical runtime → persisted evidence → Home and proposal use the same rule
ok 686 - real producer → verified canonical runtime → persisted evidence → Home and proposal use the same rule
  ---
  duration_ms: 1874.727083
  type: 'test'
  ...
# Subtest: Progress consumes actual shared evidence without claiming completion from minimum attempt volume
    # Subtest: targeted
    ok 1 - targeted
      ---
      duration_ms: 383.1845
      type: 'test'
      ...
    # Subtest: learn_at_own_pace
    ok 2 - learn_at_own_pace
      ---
      duration_ms: 384.555458
      type: 'test'
      ...
    1..2
ok 687 - Progress consumes actual shared evidence without claiming completion from minimum attempt volume
  ---
  duration_ms: 2210.131834
  type: 'test'
  ...
# Subtest: shared evidence is package-wide across plan revisions, exact by artifact, deduplicated, and partial is not correct
ok 688 - shared evidence is package-wide across plan revisions, exact by artifact, deduplicated, and partial is not correct
  ---
  duration_ms: 1818.766166
  type: 'test'
  ...
# Subtest: absent actual policies stay unknown in both actual Home and proposal for all nine current tracks
ok 689 - absent actual policies stay unknown in both actual Home and proposal for all nine current tracks
  ---
  duration_ms: 1087.6185
  type: 'test'
  ...
# Subtest: actual Home none and Progress unavailable preserve honest status, actions and retry semantics
ok 690 - actual Home none and Progress unavailable preserve honest status, actions and retry semantics
  ---
  duration_ms: 111.315459
  type: 'test'
  ...
# Subtest: producer and actual consumer reject the same malformed v1 rule vectors and hash binds a valid rule
ok 691 - producer and actual consumer reject the same malformed v1 rule vectors and hash binds a valid rule
  ---
  duration_ms: 1066.829417
  type: 'test'
  ...
# Subtest: Home rejects evidence changes and journal failure inside exact resolution
ok 692 - Home rejects evidence changes and journal failure inside exact resolution
  ---
  duration_ms: 1677.147292
  type: 'test'
  ...
# Subtest: matching-package phantom question IDs fail instead of contributing fabricated progress
ok 693 - matching-package phantom question IDs fail instead of contributing fabricated progress
  ---
  duration_ms: 1711.394667
  type: 'test'
  ...
# Subtest: actual profile router A/B/A rejects old Home snapshot even when account A learning data is unchanged
ok 694 - actual profile router A/B/A rejects old Home snapshot even when account A learning data is unchanged
  ---
  duration_ms: 1602.825417
  type: 'test'
  ...
# Subtest: actual persisted reviews share exact qualification and due cutoff; phantom matching review fails closed
ok 695 - actual persisted reviews share exact qualification and due cutoff; phantom matching review fails closed
  ---
  duration_ms: 1762.838208
  type: 'test'
  ...
# Subtest: future exact-package evidence cannot complete proposal while Home rejects the same facts
ok 696 - future exact-package evidence cannot complete proposal while Home rejects the same facts
  ---
  duration_ms: 1928.60125
  type: 'test'
  ...
# {"home":"unavailable","reason":"calculation_error","proposal":"generator_error"}
# Subtest: captured instant rejects same-day future answers by one millisecond without silently dropping them
ok 697 - captured instant rejects same-day future answers by one millisecond without silently dropping them
  ---
  duration_ms: 1487.169167
  type: 'test'
  ...
# Subtest: past and exactly captured answers remain eligible despite later materialization, duplicates and historical future evidence
ok 698 - past and exactly captured answers remain eligible despite later materialization, duplicates and historical future evidence
  ---
  duration_ms: 1523.646042
  type: 'test'
  ...
# Subtest: absent production rule does not hide future exact-package facts as unknown
ok 699 - absent production rule does not hide future exact-package facts as unknown
  ---
  duration_ms: 12.619083
  type: 'test'
  ...
# Subtest: clock rollback blocks real proposal resolve and acceptance before goal-plan CAS or reminders
ok 700 - clock rollback blocks real proposal resolve and acceptance before goal-plan CAS or reminders
  ---
  duration_ms: 1589.488542
  type: 'test'
  ...
# Subtest: current producer rebuild preserves all nine rule-free artifact bytes and exact app lock
ok 701 - current producer rebuild preserves all nine rule-free artifact bytes and exact app lock
  ---
  duration_ms: 3813.61
  type: 'test'
  ...
# Subtest: P05 persisted 25 attempts / 5 correct in latest 10 cannot predict completion today
ok 702 - P05 persisted 25 attempts / 5 correct in latest 10 cannot predict completion today
  ---
  duration_ms: 940.956542
  type: 'test'
  ...
# Subtest: P05 evaluator result cannot become an achievable target merely because volume is met
ok 703 - P05 evaluator result cannot become an achievable target merely because volume is met
  ---
  duration_ms: 2.823917
  type: 'test'
  ...
# Subtest: P05 evaluator, proposal copy and canonical guidance presentation agree in all seven locales
ok 704 - P05 evaluator, proposal copy and canonical guidance presentation agree in all seven locales
  ---
  duration_ms: 20.579833
  type: 'test'
  ...
# Subtest: missing actual rule stays unknown before quality guard even when there are many persisted attempts
ok 705 - missing actual rule stays unknown before quality guard even when there are many persisted attempts
  ---
  duration_ms: 3.732625
  type: 'test'
  ...
# Subtest: minimum exactly met still needs quality, while own pace and shortfall keep their target semantics
ok 706 - minimum exactly met still needs quality, while own pace and shortfall keep their target semantics
  ---
  duration_ms: 2.908583
  type: 'test'
  ...
# Subtest: current completed window permits zero-work; later incorrect durable attempts restore the quality limit
ok 707 - current completed window permits zero-work; later incorrect durable attempts restore the quality limit
  ---
  duration_ms: 12.161917
  type: 'test'
  ...
# Subtest: applies no-goal, paused-goal, no-plan and freshness precedence
ok 708 - applies no-goal, paused-goal, no-plan and freshness precedence
  ---
  duration_ms: 19.850708
  type: 'test'
  ...
# Subtest: maps plan paused, completed, overdue boundaries and open-ended targets
ok 709 - maps plan paused, completed, overdue boundaries and open-ended targets
  ---
  duration_ms: 2.362458
  type: 'test'
  ...
# Subtest: maps capacity, typed forecast status and all unavailable reasons without recomputing
ok 710 - maps capacity, typed forecast status and all unavailable reasons without recomputing
  ---
  duration_ms: 1.741334
  type: 'test'
  ...
# Subtest: requires full forecast identity and maps malformed foreign forecasts to calculation_error
ok 711 - requires full forecast identity and maps malformed foreign forecasts to calculation_error
  ---
  duration_ms: 0.489667
  type: 'test'
  ...
# Subtest: returns frozen, typed presentation values and ignores immutable fact arrays
ok 712 - returns frozen, typed presentation values and ignores immutable fact arrays
  ---
  duration_ms: 0.364292
  type: 'test'
  ...
# Subtest: maps every guidance state, reason, message key, action and fact variant
ok 713 - maps every guidance state, reason, message key, action and fact variant
  ---
  duration_ms: 32.539875
  type: 'test'
  ...
# Subtest: accepts canonical overdue guidance with an unavailable forecast
ok 714 - accepts canonical overdue guidance with an unavailable forecast
  ---
  duration_ms: 0.755
  type: 'test'
  ...
# Subtest: covers no-target text facts for paused and completed states
ok 715 - covers no-target text facts for paused and completed states
  ---
  duration_ms: 0.495875
  type: 'test'
  ...
# Subtest: uses native English and Polish plural categories for pace facts
ok 716 - uses native English and Polish plural categories for pace facts
  ---
  duration_ms: 2.2545
  type: 'test'
  ...
# Subtest: formats civil dates in the supplied timezone without UTC day drift
ok 717 - formats civil dates in the supplied timezone without UTC day drift
  ---
  duration_ms: 8.084791
  type: 'test'
  ...
# Subtest: rejects invalid locale, timezone, date and unknown runtime variants explicitly
ok 718 - rejects invalid locale, timezone, date and unknown runtime variants explicitly
  ---
  duration_ms: 3.120083
  type: 'test'
  ...
# Subtest: rejects a secondary action outside its two allowed states and inconsistent missing secondary
ok 719 - rejects a secondary action outside its two allowed states and inconsistent missing secondary
  ---
  duration_ms: 0.782042
  type: 'test'
  ...
# Subtest: fails closed for missing translations and unresolved placeholders
ok 720 - fails closed for missing translations and unresolved placeholders
  ---
  duration_ms: 2.072541
  type: 'test'
  ...
# Subtest: fails closed when the selected English or Polish plural suffix is missing
ok 721 - fails closed when the selected English or Polish plural suffix is missing
  ---
  duration_ms: 0.779416
  type: 'test'
  ...
# Subtest: does not mutate guidance input and keeps the presentation deeply immutable
ok 722 - does not mutate guidance input and keeps the presentation deeply immutable
  ---
  duration_ms: 1.125584
  type: 'test'
  ...
# Subtest: keeps locale resource keys flat and exactly in parity
ok 723 - keeps locale resource keys flat and exactly in parity
  ---
  duration_ms: 0.682416
  type: 'test'
  ...
# Subtest: explicit enable materializes only the exact accepted plan slots and full identity
ok 724 - explicit enable materializes only the exact accepted plan slots and full identity
  ---
  duration_ms: 53.749917
  type: 'test'
  ...
# Subtest: reconcile never requests permission and returns permission_denied as pending
ok 725 - reconcile never requests permission and returns permission_denied as pending
  ---
  duration_ms: 0.7135
  type: 'test'
  ...
# Subtest: explicit enable is the only path that requests permission and persists a denied retry
ok 726 - explicit enable is the only path that requests permission and persists a denied retry
  ---
  duration_ms: 2.810166
  type: 'test'
  ...
# Subtest: disable cancels every native reminder before persisting disabled state and fails closed on cancellation errors
ok 727 - disable cancels every native reminder before persisting disabled state and fails closed on cancellation errors
  ---
  duration_ms: 2.084083
  type: 'test'
  ...
# Subtest: permission pending retains existing native IDs for a later retry
ok 728 - permission pending retains existing native IDs for a later retry
  ---
  duration_ms: 2.177958
  type: 'test'
  ...
# Subtest: timezone mismatch clears durable and native schedules without publishing
ok 729 - timezone mismatch clears durable and native schedules without publishing
  ---
  duration_ms: 0.99475
  type: 'test'
  ...
# Subtest: source absence and terminal plan states are separate closed outcomes
ok 730 - source absence and terminal plan states are separate closed outcomes
  ---
  duration_ms: 2.2515
  type: 'test'
  ...
# Subtest: a paused goal is a separate closed outcome and clears native schedules
ok 731 - a paused goal is a separate closed outcome and clears native schedules
  ---
  duration_ms: 1.1755
  type: 'test'
  ...
# Subtest: an expected identity from another active track stays pending and is persisted for retry
ok 732 - an expected identity from another active track stays pending and is persisted for retry
  ---
  duration_ms: 1.507084
  type: 'test'
  ...
# Subtest: full source identity mismatch is fail-closed before scheduling
ok 733 - full source identity mismatch is fail-closed before scheduling
  ---
  duration_ms: 0.853792
  type: 'test'
  ...
# Subtest: legacy cancellation-only journal is cancelled before the current plan is scheduled
ok 734 - legacy cancellation-only journal is cancelled before the current plan is scheduled
  ---
  duration_ms: 3.509458
  type: 'test'
  ...
# Subtest: journal-created slots are trusted only when the discovered native identity and day match
ok 735 - journal-created slots are trusted only when the discovered native identity and day match
  ---
  duration_ms: 1.184666
  type: 'test'
  ...
# Subtest: post-read plan change is concurrent_change and leaves a retryable journal
ok 736 - post-read plan change is concurrent_change and leaves a retryable journal
  ---
  duration_ms: 0.994958
  type: 'test'
  ...
# Subtest: post-read device timezone change is concurrent_change and does not publish
ok 737 - post-read device timezone change is concurrent_change and does not publish
  ---
  duration_ms: 1.027417
  type: 'test'
  ...
# Subtest: scheduler failure is pending and never reports synced
ok 738 - scheduler failure is pending and never reports synced
  ---
  duration_ms: 0.560916
  type: 'test'
  ...
# Subtest: serialized duplicate enables schedule each accepted slot only once
ok 739 - serialized duplicate enables schedule each accepted slot only once
  ---
  duration_ms: 0.649958
  type: 'test'
  ...
# Subtest: retry resumes a durable journal after scheduler failure
ok 740 - retry resumes a durable journal after scheduler failure
  ---
  duration_ms: 1.4305
  type: 'test'
  ...
# Subtest: retry reuses a native schedule when journal persistence failed after scheduling
ok 741 - retry reuses a native schedule when journal persistence failed after scheduling
  ---
  duration_ms: 1.384083
  type: 'test'
  ...
# Subtest: a newer accepted plan replaces schedules and cancels the previous native IDs
ok 742 - a newer accepted plan replaces schedules and cancels the previous native IDs
  ---
  duration_ms: 1.131791
  type: 'test'
  ...
# Subtest: corrupt durable journal becomes scheduler_failure instead of publishing
ok 743 - corrupt durable journal becomes scheduler_failure instead of publishing
  ---
  duration_ms: 0.385125
  type: 'test'
  ...
# Subtest: selecting a track persists locally and marks a synced account pending
ok 744 - selecting a track persists locally and marks a synced account pending
  ---
  duration_ms: 2.609792
  type: 'test'
  ...
# Subtest: selecting a track on a guest installation persists locally without account sync
ok 745 - selecting a track on a guest installation persists locally without account sync
  ---
  duration_ms: 1.039625
  type: 'test'
  ...
# Subtest: track selection waits for earlier account materialization and remains the final local choice
ok 746 - track selection waits for earlier account materialization and remains the final local choice
  ---
  duration_ms: 5.400167
  type: 'test'
  ...
# Subtest: active track read waits for materialization and returns its settled state without side effects
ok 747 - active track read waits for materialization and returns its settled state without side effects
  ---
  duration_ms: 4.912208
  type: 'test'
  ...
# Subtest: operational diagnostics classify failures without exposing raw details
ok 748 - operational diagnostics classify failures without exposing raw details
  ---
  duration_ms: 0.960125
  type: 'test'
  ...
# Subtest: bootstrap observers receive only the canonical bounded event
ok 749 - bootstrap observers receive only the canonical bounded event
  ---
  duration_ms: 10.355
  type: 'test'
  ...
# Subtest: a throwing diagnostic observer cannot alter the operation
ok 750 - a throwing diagnostic observer cannot alter the operation
  ---
  duration_ms: 0.20275
  type: 'test'
  ...
# Subtest: explicit practice routes skip the stored-track read and do not load reviews for roadmap/setup
ok 751 - explicit practice routes skip the stored-track read and do not load reviews for roadmap/setup
  ---
  duration_ms: 375.960166
  type: 'test'
  ...
# Subtest: Hub review evidence is limited to due entries for the active track and exact artifact
ok 752 - Hub review evidence is limited to due entries for the active track and exact artifact
  ---
  duration_ms: 0.332542
  type: 'test'
  ...
# Subtest: a missing stored track stays an explicit empty selection
ok 753 - a missing stored track stays an explicit empty selection
  ---
  duration_ms: 0.170125
  type: 'test'
  ...
# Subtest: practice read surfaces storage issues instead of treating a partial read as empty
ok 754 - practice read surfaces storage issues instead of treating a partial read as empty
  ---
  duration_ms: 0.332
  type: 'test'
  ...
# Subtest: release offer map is empty and the local smoke offer is explicit and isolated
ok 755 - release offer map is empty and the local smoke offer is explicit and isolated
  ---
  duration_ms: 1.330208
  type: 'test'
  ...
# Subtest: exact installed offer composes app-owned mode in the shared runtime without entering Free discovery
ok 756 - exact installed offer composes app-owned mode in the shared runtime without entering Free discovery
  ---
  duration_ms: 589.591292
  type: 'test'
  ...
# Subtest: review view keeps unavailable entries separate and never makes them due
ok 757 - review view keeps unavailable entries separate and never makes them due
  ---
  duration_ms: 1.865875
  type: 'test'
  ...
# Subtest: stored unavailable reviews are readable without resolving content metadata
ok 758 - stored unavailable reviews are readable without resolving content metadata
  ---
  duration_ms: 1.372625
  type: 'test'
  ...
# Subtest: foreground timer checkpoints monotonic segments with an explicit drift bound and never counts closed-app wall time
ok 759 - foreground timer checkpoints monotonic segments with an explicit drift bound and never counts closed-app wall time
  ---
  duration_ms: 3.211833
  type: 'test'
  ...
# Subtest: foreground timer rejects stale checkpoints and retains the previous durable checkpoint
ok 760 - foreground timer rejects stale checkpoints and retains the previous durable checkpoint
  ---
  duration_ms: 0.953542
  type: 'test'
  ...
# Subtest: foreground enter and leave checkpoint authoritative time outside the UI
ok 761 - foreground enter and leave checkpoint authoritative time outside the UI
  ---
  duration_ms: 3.422958
  type: 'test'
  ...
# Subtest: Coding Mock audit advancement checkpoints the monotonic foreground countdown before canonical expiry finalization
ok 762 - Coding Mock audit advancement checkpoints the monotonic foreground countdown before canonical expiry finalization
  ---
  duration_ms: 0.66675
  type: 'test'
  ...
# Subtest: Coding Mock audit advancement requires its exact foreground session owner
ok 763 - Coding Mock audit advancement requires its exact foreground session owner
  ---
  duration_ms: 1.273167
  type: 'test'
  ...
# Subtest: ordinary practice publishes a live elapsed timer without a countdown
ok 764 - ordinary practice publishes a live elapsed timer without a countdown
  ---
  duration_ms: 0.642
  type: 'test'
  ...
# Subtest: one family-neutral timer initializes and restores ordinary Certification foreground time
ok 765 - one family-neutral timer initializes and restores ordinary Certification foreground time
  ---
  duration_ms: 0.394833
  type: 'test'
  ...
# Subtest: absolute-deadline Certification Exam remains outside the foreground timer owner
ok 766 - absolute-deadline Certification Exam remains outside the foreground timer owner
  ---
  duration_ms: 0.163125
  type: 'test'
  ...
# Subtest: absolute-deadline draft save commits before expiry without creating a foreground timer
ok 767 - absolute-deadline draft save commits before expiry without creating a foreground timer
  ---
  duration_ms: 1.697875
  type: 'test'
  ...
# Subtest: absolute-deadline draft save finalizes and blocks the commit at and after expiry
ok 768 - absolute-deadline draft save finalizes and blocks the commit at and after expiry
  ---
  duration_ms: 1.037584
  type: 'test'
  ...
# Subtest: a durable foreground timer from another family is rejected instead of reused
ok 769 - a durable foreground timer from another family is rejected instead of reused
  ---
  duration_ms: 1.684
  type: 'test'
  ...
# Subtest: AppState foreground transitions and force-close recovery never count background or closed-app time
ok 770 - AppState foreground transitions and force-close recovery never count background or closed-app time
  ---
  duration_ms: 0.989875
  type: 'test'
  ...
# Subtest: periodic checkpoint publishes a live projection refresh
ok 771 - periodic checkpoint publishes a live projection refresh
  ---
  duration_ms: 0.500292
  type: 'test'
  ...
# Subtest: local reset barrier waits for an in-flight checkpoint before durable clear and blocks late callbacks
ok 772 - local reset barrier waits for an in-flight checkpoint before durable clear and blocks late callbacks
  ---
  duration_ms: 0.679167
  type: 'test'
  ...
# Subtest: local reset barrier is single-flight and rejects timer commands until durable reset settles
ok 773 - local reset barrier is single-flight and rejects timer commands until durable reset settles
  ---
  duration_ms: 0.315459
  type: 'test'
  ...
# Subtest: failed durable reset releases only cleared runtime state and permits exact durable restore
ok 774 - failed durable reset releases only cleared runtime state and permits exact durable restore
  ---
  duration_ms: 0.388542
  type: 'test'
  ...
# Subtest: reset followed by a new session cannot observe or recreate the prior persisted timer
ok 775 - reset followed by a new session cannot observe or recreate the prior persisted timer
  ---
  duration_ms: 0.63625
  type: 'test'
  ...
# Subtest: controlled timer refreshes consecutive visible labels without a durable write each second
ok 776 - controlled timer refreshes consecutive visible labels without a durable write each second
  ---
  duration_ms: 0.461041
  type: 'test'
  ...
# Subtest: periodic checkpoint uses the declared durable interval with an exact write count
ok 777 - periodic checkpoint uses the declared durable interval with an exact write count
  ---
  duration_ms: 0.465833
  type: 'test'
  ...
# Subtest: force-close immediately before and after the checkpoint boundary resumes within the declared drift
ok 778 - force-close immediately before and after the checkpoint boundary resumes within the declared drift
  ---
  duration_ms: 0.554
  type: 'test'
  ...
# Subtest: expiry clamps to zero, checkpoints first, and finalizes exactly once
ok 779 - expiry clamps to zero, checkpoints first, and finalizes exactly once
  ---
  duration_ms: 0.439709
  type: 'test'
  ...
# Subtest: a response-save checkpoint that crosses countdown expiry finalizes before any draft save can follow
ok 780 - a response-save checkpoint that crosses countdown expiry finalizes before any draft save can follow
  ---
  duration_ms: 0.402333
  type: 'test'
  ...
# Subtest: manual and expiry use the same injected finalization operation
ok 781 - manual and expiry use the same injected finalization operation
  ---
  duration_ms: 0.50325
  type: 'test'
  ...
# Subtest: manual finalization checkpoints the active foreground segment before it freezes the result
ok 782 - manual finalization checkpoints the active foreground segment before it freezes the result
  ---
  duration_ms: 0.273792
  type: 'test'
  ...
# Subtest: practice completion checkpoint freezes the captured tick until verified release
ok 783 - practice completion checkpoint freezes the captured tick until verified release
  ---
  duration_ms: 0.515459
  type: 'test'
  ...
# Subtest: a completed timer checkpoint is not released before completion is verified
ok 784 - a completed timer checkpoint is not released before completion is verified
  ---
  duration_ms: 0.505208
  type: 'test'
  ...
# Subtest: concurrent Finish handoffs share one timer checkpoint and one completion result
ok 785 - concurrent Finish handoffs share one timer checkpoint and one completion result
  ---
  duration_ms: 1.300666
  type: 'test'
  ...
# Subtest: missing persisted timer on resume is a typed application recovery failure
ok 786 - missing persisted timer on resume is a typed application recovery failure
  ---
  duration_ms: 0.549459
  type: 'test'
  ...
# Subtest: resume repairs a durable timer checkpoint that precedes the session aggregate
ok 787 - resume repairs a durable timer checkpoint that precedes the session aggregate
  ---
  duration_ms: 0.760166
  type: 'test'
  ...
# Subtest: repeated resume of a repaired timer does not write another session checkpoint
ok 788 - repeated resume of a repaired timer does not write another session checkpoint
  ---
  duration_ms: 0.401333
  type: 'test'
  ...
# Subtest: resume rejects a durable timer checkpoint that is behind the session aggregate
ok 789 - resume rejects a durable timer checkpoint that is behind the session aggregate
  ---
  duration_ms: 0.310166
  type: 'test'
  ...
# Subtest: a failed durable timer repair remains a blocking recovery error
ok 790 - a failed durable timer repair remains a blocking recovery error
  ---
  duration_ms: 0.345625
  type: 'test'
  ...
# Subtest: Coding Mock countdown audit command is exact and requires a development smoke runtime
ok 791 - Coding Mock countdown audit command is exact and requires a development smoke runtime
  ---
  duration_ms: 0.806875
  type: 'test'
  ...
# Subtest: production and malformed countdown commands never reach the timer owner
ok 792 - production and malformed countdown commands never reach the timer owner
  ---
  duration_ms: 0.138458
  type: 'test'
  ...
# Subtest: an exact development smoke command delegates countdown advancement to the foreground timer owner
ok 793 - an exact development smoke command delegates countdown advancement to the foreground timer owner
  ---
  duration_ms: 0.084542
  type: 'test'
  ...
# Subtest: injected audit clock drives normal scheduling and both due retention outcomes without storage mutation
ok 794 - injected audit clock drives normal scheduling and both due retention outcomes without storage mutation
  ---
  duration_ms: 5.524125
  type: 'test'
  ...
# Subtest: injected audit clock rejects an advance outside the ISO date range without changing its offset
ok 795 - injected audit clock rejects an advance outside the ISO date range without changing its offset
  ---
  duration_ms: 0.650208
  type: 'test'
  ...
# Subtest: passive runtime selectors are attached to visible content rather than containers with interactive descendants
ok 796 - passive runtime selectors are attached to visible content rather than containers with interactive descendants
  ---
  duration_ms: 0.990709
  type: 'test'
  ...
# Subtest: active-session resume uses the single recommendation card and a separate continue control
ok 797 - active-session resume uses the single recommendation card and a separate continue control
  ---
  duration_ms: 0.325083
  type: 'test'
  ...
# Subtest: Home uses the approved compact presentation without changing recommendation ownership
ok 798 - Home uses the approved compact presentation without changing recommendation ownership
  ---
  duration_ms: 0.490167
  type: 'test'
  ...
# Subtest: progress, simulation, and simulation summary selectors use canonical identities
ok 799 - progress, simulation, and simulation summary selectors use canonical identities
  ---
  duration_ms: 1.843083
  type: 'test'
  ...
# Subtest: configuration snapshot is validated, frozen, and preserved for deterministic resume
ok 800 - configuration snapshot is validated, frozen, and preserved for deterministic resume
  ---
  duration_ms: 4.903084
  type: 'test'
  ...
# Subtest: resume rejects a different mode or durable item and option plan
ok 801 - resume rejects a different mode or durable item and option plan
  ---
  duration_ms: 0.452959
  type: 'test'
  ...
# Subtest: content validation rejects missing, duplicate, and unknown durable option IDs
ok 802 - content validation rejects missing, duplicate, and unknown durable option IDs
  ---
  duration_ms: 0.487125
  type: 'test'
  ...
# Subtest: durable progress hydrates prior attempts and the answered current item in plan order
ok 803 - durable progress hydrates prior attempts and the answered current item in plan order
  ---
  duration_ms: 0.641666
  type: 'test'
  ...
# Subtest: duplicate exact content items are distinct through immutable occurrence identities
ok 804 - duplicate exact content items are distinct through immutable occurrence identities
  ---
  duration_ms: 0.923958
  type: 'test'
  ...
# Subtest: foreground accumulation persists only the supplied active interval
ok 805 - foreground accumulation persists only the supplied active interval
  ---
  duration_ms: 0.409208
  type: 'test'
  ...
# Subtest: start failure rejects without exposing a session
ok 806 - start failure rejects without exposing a session
  ---
  duration_ms: 0.866584
  type: 'test'
  ...
# Subtest: a new session is not returned before its durable write resolves
ok 807 - a new session is not returned before its durable write resolves
  ---
  duration_ms: 1.056125
  type: 'test'
  ...
# Subtest: advance failure rejects and cannot expose the next position
ok 808 - advance failure rejects and cannot expose the next position
  ---
  duration_ms: 0.389875
  type: 'test'
  ...
# Subtest: runtime-audit parser recognizes only documented reset and clock-advance commands
ok 809 - runtime-audit parser recognizes only documented reset and clock-advance commands
  ---
  duration_ms: 1.756333
  type: 'test'
  ...
# Subtest: unsupported and malformed runtime-audit URLs do not invoke reset
ok 810 - unsupported and malformed runtime-audit URLs do not invoke reset
  ---
  duration_ms: 0.218834
  type: 'test'
  ...
# Subtest: runtime-audit reset is unavailable in production and reaches only the lifecycle facade in development
ok 811 - runtime-audit reset is unavailable in production and reaches only the lifecycle facade in development
  ---
  duration_ms: 0.330416
  type: 'test'
  ...
# Subtest: development reset still restores a clean baseline when an interrupted journal cannot recover
ok 812 - development reset still restores a clean baseline when an interrupted journal cannot recover
  ---
  duration_ms: 0.710791
  type: 'test'
  ...
# Subtest: new training sessions have one application entry and no prepare-only bypass
ok 813 - new training sessions have one application entry and no prepare-only bypass
  ---
  duration_ms: 46.26125
  type: 'test'
  ...
# Subtest: Premium package download has one account-owned application entry
ok 814 - Premium package download has one account-owned application entry
  ---
  duration_ms: 46.300042
  type: 'test'
  ...
# Subtest: Free and unavailable Coding Mock access fail before package resolution, preparation, or mutation
ok 815 - Free and unavailable Coding Mock access fail before package resolution, preparation, or mutation
  ---
  duration_ms: 650.286458
  type: 'test'
  ...
# Subtest: Premium Coding Mock starts the exact 40-item product mode and immutable profile identity
ok 816 - Premium Coding Mock starts the exact 40-item product mode and immutable profile identity
  ---
  duration_ms: 1.395125
  type: 'test'
  ...
# Subtest: Coding Mock resume, draft save, and finalization each authorize once before one exact resolution
ok 817 - Coding Mock resume, draft save, and finalization each authorize once before one exact resolution
  ---
  duration_ms: 3.00625
  type: 'test'
  ...
# Subtest: expired Coding Mock draft-save boundary aborts before package resolution or draft persistence
ok 818 - expired Coding Mock draft-save boundary aborts before package resolution or draft persistence
  ---
  duration_ms: 2.626416
  type: 'test'
  ...
# Subtest: active Coding Mock reauthorizes before exact resolution and resume validation
ok 819 - active Coding Mock reauthorizes before exact resolution and resume validation
  ---
  duration_ms: 1.250042
  type: 'test'
  ...
# Subtest: all three Design simulations require Premium before create and resume, then prepare exact profile identity
ok 820 - all three Design simulations require Premium before create and resume, then prepare exact profile identity
  ---
  duration_ms: 7.272458
  type: 'test'
  ...
# Subtest: every Design mode denies before package resolution, preparation, and session mutation
ok 821 - every Design mode denies before package resolution, preparation, and session mutation
  ---
  duration_ms: 0.477125
  type: 'test'
  ...
# Subtest: only declared Premium simulation product modes bypass node-based admission
ok 822 - only declared Premium simulation product modes bypass node-based admission
  ---
  duration_ms: 0.574583
  type: 'test'
  ...
# Subtest: Free node starts without consulting Premium admission
ok 823 - Free node starts without consulting Premium admission
  ---
  duration_ms: 575.201166
  type: 'test'
  ...
# Subtest: Premium plans require admission before durable session start
ok 824 - Premium plans require admission before durable session start
  ---
  duration_ms: 0.824208
  type: 'test'
  ...
# Subtest: a Free-first mixed plan checks every item before durable start
ok 825 - a Free-first mixed plan checks every item before durable start
  ---
  duration_ms: 1.160458
  type: 'test'
  ...
# Subtest: training lifecycle resolves canonical runtime
ok 826 - training lifecycle resolves canonical runtime
  ---
  duration_ms: 678.608542
  type: 'test'
  ...
# Subtest: Progress week counts durable completed sessions, not distinct answers or earlier sessions
ok 827 - Progress week counts durable completed sessions, not distinct answers or earlier sessions
  ---
  duration_ms: 643.074833
  type: 'test'
  ...
# Subtest: A durable completed session without answers remains one completed session
ok 828 - A durable completed session without answers remains one completed session
  ---
  duration_ms: 2.40275
  type: 'test'
  ...
# Subtest: all nine tracks and all three Progress branches use the same durable weekly session facts
ok 829 - all nine tracks and all three Progress branches use the same durable weekly session facts
  ---
  duration_ms: 433.518541
  type: 'test'
  ...
# Subtest: active answers, abandoned activity, prior-week and future sessions never become completed this week
ok 830 - active answers, abandoned activity, prior-week and future sessions never become completed this week
  ---
  duration_ms: 1.47825
  type: 'test'
  ...
# Subtest: Monday is a civil boundary in the supplied zone, independent of elapsed DST hours
ok 831 - Monday is a civil boundary in the supplied zone, independent of elapsed DST hours
  ---
  duration_ms: 1.328792
  type: 'test'
  ...
# Subtest: history remains activity across valid content versions, and duplicate session IDs count once or fail conflict
ok 832 - history remains activity across valid content versions, and duplicate session IDs count once or fail conflict
  ---
  duration_ms: 1.290208
  type: 'test'
  ...
# Subtest: invalid calendar facts stay explicitly unavailable, and corrupt repository data is never zero activity
ok 833 - invalid calendar facts stay explicitly unavailable, and corrupt repository data is never zero activity
  ---
  duration_ms: 8.516708
  type: 'test'
  ...
# Subtest: weekly title plural forms are rendered by the actual translator in all seven locales
ok 834 - weekly title plural forms are rendered by the actual translator in all seven locales
  ---
  duration_ms: 15.21075
  type: 'test'
  ...
# Subtest: Activity read cannot publish account A sessions after an actual profile router switch to B
ok 835 - Activity read cannot publish account A sessions after an actual profile router switch to B
  ---
  duration_ms: 26.500583
  type: 'test'
  ...
# Subtest: Metro transforms SVG sources into React Native components
ok 836 - Metro transforms SVG sources into React Native components
  ---
  duration_ms: 0.63275
  type: 'test'
  ...
# Subtest: Metro keeps defaults and blocks only absolute local profile dotenv files
ok 837 - Metro keeps defaults and blocks only absolute local profile dotenv files
  ---
  duration_ms: 5.43925
  type: 'test'
  ...
# Subtest: Patternly mark SVG family stays deterministic and raster-free
ok 838 - Patternly mark SVG family stays deterministic and raster-free
  ---
  duration_ms: 3.107375
  type: 'test'
  ...
# Subtest: launcher source and generated assets are present
ok 839 - launcher source and generated assets are present
  ---
  duration_ms: 1.013708
  type: 'test'
  ...
# Subtest: Expo points to the canonical Patternly launcher assets
ok 840 - Expo points to the canonical Patternly launcher assets
  ---
  duration_ms: 0.407875
  type: 'test'
  ...
# Subtest: route ambient layer is the default shared background for every Screen
ok 841 - route ambient layer is the default shared background for every Screen
  ---
  duration_ms: 2.514458
  type: 'test'
  ...
# Subtest: ambient keeps randomized routes and signals without rectangular glow layers
ok 842 - ambient keeps randomized routes and signals without rectangular glow layers
  ---
  duration_ms: 1.211625
  type: 'test'
  ...
# Subtest: a release at 2999ms cancels and never confirms
ok 843 - a release at 2999ms cancels and never confirms
  ---
  duration_ms: 1.829042
  type: 'test'
  ...
# Subtest: a release at exactly 3000ms confirms once
ok 844 - a release at exactly 3000ms confirms once
  ---
  duration_ms: 0.217417
  type: 'test'
  ...
# Subtest: one controller instance survives setup cleanup setup and can confirm after reactivation
ok 845 - one controller instance survives setup cleanup setup and can confirm after reactivation
  ---
  duration_ms: 0.20325
  type: 'test'
  ...
# Subtest: a stale RAF from a deactivated setup cannot update the reactivated gesture
ok 846 - a stale RAF from a deactivated setup cannot update the reactivated gesture
  ---
  duration_ms: 0.228667
  type: 'test'
  ...
# Subtest: the controller cannot be configured with a threshold below 3000ms
ok 847 - the controller cannot be configured with a threshold below 3000ms
  ---
  duration_ms: 0.106292
  type: 'test'
  ...
# Subtest: time passing and RAF readiness never confirm before release
ok 848 - time passing and RAF readiness never confirm before release
  ---
  duration_ms: 0.09175
  type: 'test'
  ...
# Subtest: a backward clock reading cancels the gesture fail-closed
ok 849 - a backward clock reading cancels the gesture fail-closed
  ---
  duration_ms: 0.141625
  type: 'test'
  ...
# Subtest: a non-finite clock reading cancels the gesture fail-closed
ok 850 - a non-finite clock reading cancels the gesture fail-closed
  ---
  duration_ms: 0.2125
  type: 'test'
  ...
# Subtest: repeated releases cannot duplicate a completed gesture
ok 851 - repeated releases cannot duplicate a completed gesture
  ---
  duration_ms: 0.255375
  type: 'test'
  ...
# Subtest: moving outside the measured bounds cancels the gesture
ok 852 - moving outside the measured bounds cancels the gesture
  ---
  duration_ms: 0.37725
  type: 'test'
  ...
# Subtest: background termination and disabled changes cancel without confirming
ok 853 - background termination and disabled changes cancel without confirming
  ---
  duration_ms: 0.105167
  type: 'test'
  ...
# Subtest: disabling immediately before release rejects the current gesture
ok 854 - disabling immediately before release rejects the current gesture
  ---
  duration_ms: 0.059333
  type: 'test'
  ...
# Subtest: release is rejected while the controller is inactive
ok 855 - release is rejected while the controller is inactive
  ---
  duration_ms: 0.053208
  type: 'test'
  ...
# Subtest: destroying the controller cancels a held gesture and ignores later input
ok 856 - destroying the controller cancels a held gesture and ignores later input
  ---
  duration_ms: 0.059875
  type: 'test'
  ...
# Subtest: a new gesture starts from zero after an early release and progress is clamped
ok 857 - a new gesture starts from zero after an early release and progress is clamped
  ---
  duration_ms: 0.081292
  type: 'test'
  ...
# Subtest: reset cancels a scheduled RAF and does not invoke the completion callback
ok 858 - reset cancels a scheduled RAF and does not invoke the completion callback
  ---
  duration_ms: 0.05725
  type: 'test'
  ...
# Subtest: the component wires native responder cancellation and a simple full-surface progress fill
ok 859 - the component wires native responder cancellation and a simple full-surface progress fill
  ---
  duration_ms: 0.520167
  type: 'test'
  ...
# Subtest: destructive text layers meet their contrast thresholds
ok 860 - destructive text layers meet their contrast thresholds
  ---
  duration_ms: 0.336292
  type: 'test'
  ...
# Subtest: navigation context owns the approved 16/22/600 semantic token
ok 861 - navigation context owns the approved 16/22/600 semantic token
  ---
  duration_ms: 0.692083
  type: 'test'
  ...
# Subtest: shared and goal headers preserve long context at 200 percent text
ok 862 - shared and goal headers preserve long context at 200 percent text
  ---
  duration_ms: 0.486791
  type: 'test'
  ...
# Subtest: back controls keep a 44 point target while context can reflow
ok 863 - back controls keep a 44 point target while context can reflow
  ---
  duration_ms: 0.170333
  type: 'test'
  ...
# Subtest: approved exceptions remain local and tab typography stays out of scope
ok 864 - approved exceptions remain local and tab typography stays out of scope
  ---
  duration_ms: 0.499583
  type: 'test'
  ...
# Subtest: goal error keeps the same accessible navigation context as loading and ready states
ok 865 - goal error keeps the same accessible navigation context as loading and ready states
  ---
  duration_ms: 0.136041
  type: 'test'
  ...
# Subtest: shared visual effects have one theme-token owner
ok 866 - shared visual effects have one theme-token owner
  ---
  duration_ms: 37.145625
  type: 'test'
  ...
# Subtest: screens and components resolve colors exclusively through the active theme
ok 867 - screens and components resolve colors exclusively through the active theme
  ---
  duration_ms: 17.789167
  type: 'test'
  ...
# Subtest: all branded navigation headers use the one AppShellHeader path
ok 868 - all branded navigation headers use the one AppShellHeader path
  ---
  duration_ms: 24.6325
  type: 'test'
  ...
# Subtest: answer review pending uses the shared review shell anatomy without fabricated values
ok 869 - answer review pending uses the shared review shell anatomy without fabricated values
  ---
  duration_ms: 0.300333
  type: 'test'
  ...
# Subtest: route coverage has one native or inline shell owner and preserves active-session specialization
ok 870 - route coverage has one native or inline shell owner and preserves active-session specialization
  ---
  duration_ms: 2.080584
  type: 'test'
  ...
# Subtest: the headerless practice route owns every Algorithms and Certification render branch
ok 871 - the headerless practice route owns every Algorithms and Certification render branch
  ---
  duration_ms: 0.427375
  type: 'test'
  ...
# Subtest: the shared header owns accessible back geometry and long-copy reflow without navigation fallback
ok 872 - the shared header owns accessible back geometry and long-copy reflow without navigation fallback
  ---
  duration_ms: 1.17725
  type: 'test'
  ...
# Subtest: Screen and SessionShell remain the only general and active-session page owners
ok 873 - Screen and SessionShell remain the only general and active-session page owners
  ---
  duration_ms: 14.628666
  type: 'test'
  ...
# Subtest: representative Home, Settings, setup, session, and result routes keep canonical ownership
ok 874 - representative Home, Settings, setup, session, and result routes keep canonical ownership
  ---
  duration_ms: 2.510833
  type: 'test'
  ...
# Subtest: Progress follows the current Figma section copy and 200% text contract
ok 875 - Progress follows the current Figma section copy and 200% text contract
  ---
  duration_ms: 0.715334
  type: 'test'
  ...
# Subtest: Activity rows preserve the variable-height Figma copy at large text
ok 876 - Activity rows preserve the variable-height Figma copy at large text
  ---
  duration_ms: 0.170542
  type: 'test'
  ...
# Subtest: simulation review remains explicitly unavailable
ok 877 - simulation review remains explicitly unavailable
  ---
  duration_ms: 0.1035
  type: 'test'
  ...
# Subtest: answer review keeps its explicit unavailable state
ok 878 - answer review keeps its explicit unavailable state
  ---
  duration_ms: 0.105208
  type: 'test'
  ...
# Subtest: simulation active shell uses the Figma question and action-footer variant
ok 879 - simulation active shell uses the Figma question and action-footer variant
  ---
  duration_ms: 0.433208
  type: 'test'
  ...
# Subtest: Practice setup keeps one canonical back action and recovery copy names learner-visible consequences
ok 880 - Practice setup keeps one canonical back action and recovery copy names learner-visible consequences
  ---
  duration_ms: 0.945083
  type: 'test'
  ...
# Subtest: lost-key recovery uses the typed failure code and the canonical hold-to-remove operation
ok 881 - lost-key recovery uses the typed failure code and the canonical hold-to-remove operation
  ---
  duration_ms: 0.796875
  type: 'test'
  ...
# Subtest: lost-key recovery keeps removal, success, error, and bootstrap transitions explicit
ok 882 - lost-key recovery keeps removal, success, error, and bootstrap transitions explicit
  ---
  duration_ms: 0.254416
  type: 'test'
  ...
# Subtest: manual lost-key retries are process-local and automatic bootstrap does not spend the limit
ok 883 - manual lost-key retries are process-local and automatic bootstrap does not spend the limit
  ---
  duration_ms: 0.137541
  type: 'test'
  ...
# Subtest: recovery surface centers recovery states and gives success its own concise layout
ok 884 - recovery surface centers recovery states and gives success its own concise layout
  ---
  duration_ms: 0.393
  type: 'test'
  ...
# Subtest: unavailable active content is a typed gate with explicit abandon and retry paths
ok 885 - unavailable active content is a typed gate with explicit abandon and retry paths
  ---
  duration_ms: 0.089125
  type: 'test'
  ...
# Subtest: bootstrap diagnostics are wired only through the development branch as one structural observer
ok 886 - bootstrap diagnostics are wired only through the development branch as one structural observer
  ---
  duration_ms: 0.246708
  type: 'test'
  ...
# Subtest: the recovery presentation fixture is development-smoke only and never calls storage operations
ok 887 - the recovery presentation fixture is development-smoke only and never calls storage operations
  ---
  duration_ms: 0.186292
  type: 'test'
  ...
# Subtest: session fingerprint uses canonical artifact and occurrence identity
ok 888 - session fingerprint uses canonical artifact and occurrence identity
  ---
  duration_ms: 1.099375
  type: 'test'
  ...
# Subtest: counts only settled failed manual attempts and hides retry after five failures
ok 889 - counts only settled failed manual attempts and hides retry after five failures
  ---
  duration_ms: 0.684958
  type: 'test'
  ...
# Subtest: success closes the recovery episode and re-enables retries
ok 890 - success closes the recovery episode and re-enables retries
  ---
  duration_ms: 0.088125
  type: 'test'
  ...
# Subtest: background and rerender do not reset the process-local episode state
ok 891 - background and rerender do not reset the process-local episode state
  ---
  duration_ms: 0.060167
  type: 'test'
  ...
# Subtest: node package scope is null during transition without reading the stale selected profile
ok 892 - node package scope is null during transition without reading the stale selected profile
  ---
  duration_ms: 0.894833
  type: 'test'
  ...
# Subtest: Premium package errors have distinct localized-copy keys and actionable recovery policy
ok 893 - Premium package errors have distinct localized-copy keys and actionable recovery policy
  ---
  duration_ms: 1.692
  type: 'test'
  ...
# Subtest: profile completion settles before lifecycle composition and resume authorization
ok 894 - profile completion settles before lifecycle composition and resume authorization
  ---
  duration_ms: 1.422666
  type: 'test'
  ...
# Subtest: application bootstrap wires account completion ahead of lifecycle composition
ok 895 - application bootstrap wires account completion ahead of lifecycle composition
  ---
  duration_ms: 0.289791
  type: 'test'
  ...
# Subtest: recovery locale uses the first device language and supports Polish regional tags
ok 896 - recovery locale uses the first device language and supports Polish regional tags
  ---
  duration_ms: 0.654333
  type: 'test'
  ...
# Subtest: recovery locale fails to English for unsupported or malformed native values
ok 897 - recovery locale fails to English for unsupported or malformed native values
  ---
  duration_ms: 0.087208
  type: 'test'
  ...
# Subtest: BIZQ-01 bundled loader and pre-submit projection preserve the corrected source contract
ok 898 - BIZQ-01 bundled loader and pre-submit projection preserve the corrected source contract
  ---
  duration_ms: 696.429041
  type: 'test'
  ...
# Subtest: BIZQ-01 replaced identities from an old package do not enter current due retrieval
ok 899 - BIZQ-01 replaced identities from an old package do not enter current due retrieval
  ---
  duration_ms: 0.25325
  type: 'test'
  ...
# Subtest: current canonical bundle carries the exact reviewed source while pre-submit hides authored feedback
ok 900 - current canonical bundle carries the exact reviewed source while pre-submit hides authored feedback
  ---
  duration_ms: 368.933208
  type: 'test'
  ...
# Subtest: all24 saved legal permutations preserve every selected stable ID, score and authored feedback
ok 901 - all24 saved legal permutations preserve every selected stable ID, score and authored feedback
  ---
  duration_ms: 3.87025
  type: 'test'
  ...
# Subtest: real current Coding practice rejects an old-package active session instead of substituting new content
ok 902 - real current Coding practice rejects an old-package active session instead of substituting new content
  ---
  duration_ms: 8.860708
  type: 'test'
  ...
# Subtest: OOD source replacement is the exact bundled and eligible canonical item with new scored option identities
ok 903 - OOD source replacement is the exact bundled and eligible canonical item with new scored option identities
  ---
  duration_ms: 687.131208
  type: 'test'
  ...
# Subtest: Design simulation profiles preserve exact per-track identity and reference-only evaluation
ok 904 - Design simulation profiles preserve exact per-track identity and reference-only evaluation
  ---
  duration_ms: 318.57825
  type: 'test'
  ...
# Subtest: Design simulation schema rejects identity, stage, response, criteria, rubric, and semantic-scoring drift
ok 905 - Design simulation schema rejects identity, stage, response, criteria, rubric, and semantic-scoring drift
  ---
  duration_ms: 559.976042
  type: 'test'
  ...
# Subtest: ProductModeConfig preserves the complete available 9-track mode matrix
ok 906 - ProductModeConfig preserves the complete available 9-track mode matrix
  ---
  duration_ms: 2.943083
  type: 'test'
  ...
# Subtest: ODK-097 app Design modes stay in parity with the current producer profiles
ok 907 - ODK-097 app Design modes stay in parity with the current producer profiles
  ---
  duration_ms: 19.7885
  type: 'test'
  ...
# Subtest: mode policies preserve feedback, elapsed timer, reinsert and evidence behavior
ok 908 - mode policies preserve feedback, elapsed timer, reinsert and evidence behavior
  ---
  duration_ms: 0.272208
  type: 'test'
  ...
# Subtest: selection pools are non-empty, local, and large enough for every requested length
ok 909 - selection pools are non-empty, local, and large enough for every requested length
  ---
  duration_ms: 102.831708
  type: 'test'
  ...
# Subtest: simulation mode is bound to the exact GCP profile, family, and mode
ok 910 - simulation mode is bound to the exact GCP profile, family, and mode
  ---
  duration_ms: 3.916666
  type: 'test'
  ...
# Subtest: Coding Mock product mode binds only its declared Coding Interview profile
ok 911 - Coding Mock product mode binds only its declared Coding Interview profile
  ---
  duration_ms: 0.319042
  type: 'test'
  ...
# Subtest: GCP Diagnostic preserves the verified exact ordered 40-question plan
ok 912 - GCP Diagnostic preserves the verified exact ordered 40-question plan
  ---
  duration_ms: 0.390917
  type: 'test'
  ...
# Subtest: declared but uninstalled modes fail closed with a stable unavailable error
ok 913 - declared but uninstalled modes fail closed with a stable unavailable error
  ---
  duration_ms: 0.470958
  type: 'test'
  ...
# Subtest: validated production configuration is recursively immutable
ok 914 - validated production configuration is recursively immutable
  ---
  duration_ms: 0.701208
  type: 'test'
  ...
# Subtest: validator rejects duplicate, missing, additional, and non-canonical config shapes
ok 915 - validator rejects duplicate, missing, additional, and non-canonical config shapes
  ---
  duration_ms: 4.208
  type: 'test'
  ...
# Subtest: validator rejects foreign identities, empty pools, bad lengths, and policy mismatches
ok 916 - validator rejects foreign identities, empty pools, bad lengths, and policy mismatches
  ---
  duration_ms: 1.425542
  type: 'test'
  ...
# Subtest: validator rejects foreign questions, Diagnostic reordering, bad evidence and unsupported interactions
ok 917 - validator rejects foreign questions, Diagnostic reordering, bad evidence and unsupported interactions
  ---
  duration_ms: 655.453125
  type: 'test'
  ...
# Subtest: validator rejects missing, duplicate, empty and foreign canonical artifacts
ok 918 - validator rejects missing, duplicate, empty and foreign canonical artifacts
  ---
  duration_ms: 11554.531667
  type: 'test'
  ...
# Subtest: all nine canonical artifacts validate with exact inventory and stable learner whitespace
ok 919 - all nine canonical artifacts validate with exact inventory and stable learner whitespace
  ---
  duration_ms: 489.739084
  type: 'test'
  ...
# Subtest: canonical scoring matches the producer oracle exhaustively
ok 920 - canonical scoring matches the producer oracle exhaustively
  ---
  duration_ms: 1064.36875
  type: 'test'
  ...
# Subtest: all interactions expose completeness and immutable AttemptResult semantics
ok 921 - all interactions expose completeness and immutable AttemptResult semantics
  ---
  duration_ms: 5.274209
  type: 'test'
  ...
# Subtest: dimension scoring ignores inherited selections exactly like the producer oracle
ok 922 - dimension scoring ignores inherited selections exactly like the producer oracle
  ---
  duration_ms: 8.790209
  type: 'test'
  ...
# Subtest: dimension responses reject sparse arrays and alias-normalization collisions
ok 923 - dimension responses reject sparse arrays and alias-normalization collisions
  ---
  duration_ms: 1.851958
  type: 'test'
  ...
# Subtest: ordering response completeness rejects sparse own slots and inherited holes
ok 924 - ordering response completeness rejects sparse own slots and inherited holes
  ---
  duration_ms: 5.436875
  type: 'test'
  ...
# Subtest: validator fails closed on exact keys, identities, membership and scoring consistency
ok 925 - validator fails closed on exact keys, identities, membership and scoring consistency
  ---
  duration_ms: 205.292375
  type: 'test'
  ...
# Subtest: catalog verifies bytes before exposing frozen lookups and exact artifact metadata
ok 926 - catalog verifies bytes before exposing frozen lookups and exact artifact metadata
  ---
  duration_ms: 530.364334
  type: 'test'
  ...
# Subtest: optional GCP simulation profile is strict, complete, immutable and covered by its artifact hash
ok 927 - optional GCP simulation profile is strict, complete, immutable and covered by its artifact hash
  ---
  duration_ms: 1656.508541
  type: 'test'
  ...
# Subtest: Coding Mock profile validation requires its strict declared ordered 40-question pool
ok 928 - Coding Mock profile validation requires its strict declared ordered 40-question pool
  ---
  duration_ms: 649.601333
  type: 'test'
  ...
# Subtest: canonical runtime catalog exposes all locked tracks, modes, pools, and exact artifact identities
ok 929 - canonical runtime catalog exposes all locked tracks, modes, pools, and exact artifact identities
  ---
  duration_ms: 936.391041
  type: 'test'
  ...
# Subtest: injected loader failures are visible and do not poison the active cache
ok 930 - injected loader failures are visible and do not poison the active cache
  ---
  duration_ms: 116.029125
  type: 'test'
  ...
# Subtest: canonical runtime catalog hashes artifacts sequentially and preserves artifact order
ok 931 - canonical runtime catalog hashes artifacts sequentially and preserves artifact order
  ---
  duration_ms: 862.747542
  type: 'test'
  ...
# Subtest: public owner retries after a failed cached load and then preserves cache identity
ok 932 - public owner retries after a failed cached load and then preserves cache identity
  ---
  duration_ms: 5866.081709
  type: 'test'
  ...
# Subtest: canonical runtime catalog caches only a validated active catalog
ok 933 - canonical runtime catalog caches only a validated active catalog
  ---
  duration_ms: 2.881208
  type: 'test'
  ...
# Subtest: historical content release lock remains covered by frozen release manifests
ok 934 - historical content release lock remains covered by frozen release manifests
  ---
  duration_ms: 4616.970416
  type: 'test'
  ...
# Subtest: bundled canonical release matches the current producer builder
ok 935 - bundled canonical release matches the current producer builder
  ---
  duration_ms: 4725.981667
  type: 'test'
  ...
# Subtest: current canonical builder preserves the ODK-096 inventory and approved AWS identity without repinning history
ok 936 - current canonical builder preserves the ODK-096 inventory and approved AWS identity without repinning history
  ---
  duration_ms: 3696.701834
  type: 'test'
  ...
# Subtest: node package verifier enforces exact transport headers, hashes, schema and app minimum
ok 937 - node package verifier enforces exact transport headers, hashes, schema and app minimum
  ---
  duration_ms: 64.576333
  type: 'test'
  ...
# Subtest: install keeps old exact package resolvable after new activation and rolls back on failed reread or activation
ok 938 - install keeps old exact package resolvable after new activation and rolls back on failed reread or activation
  ---
  duration_ms: 913.621
  type: 'test'
  ...
# Subtest: installed exact cache is isolated across profile changes and lazily rehydrates on return
ok 939 - installed exact cache is isolated across profile changes and lazily rehydrates on return
  ---
  duration_ms: 590.066542
  type: 'test'
  ...
# Subtest: stale profile hydration cannot register records after an in-flight profile switch
ok 940 - stale profile hydration cannot register records after an in-flight profile switch
  ---
  duration_ms: 663.167083
  type: 'test'
  ...
# Subtest: package hash and gzip output size reject corrupt, oversized, and truncated packages
ok 941 - package hash and gzip output size reject corrupt, oversized, and truncated packages
  ---
  duration_ms: 0.563375
  type: 'test'
  ...
# Subtest: 404 and interrupted downloads do not replace an active package
ok 942 - 404 and interrupted downloads do not replace an active package
  ---
  duration_ms: 5.939292
  type: 'test'
  ...
# Subtest: backend package admission failures keep their typed status and code
ok 943 - backend package admission failures keep their typed status and code
  ---
  duration_ms: 0.796791
  type: 'test'
  ...
# Subtest: filesystem adapter leaves the old MMKV pointer on move or pointer-write failure and keeps valid history
ok 944 - filesystem adapter leaves the old MMKV pointer on move or pointer-write failure and keeps valid history
  ---
  duration_ms: 1504.5325
  type: 'test'
  ...
# Subtest: pointer activation rolls back after a write-then-throw and a mismatching read-back
ok 945 - pointer activation rolls back after a write-then-throw and a mismatching read-back
  ---
  duration_ms: 3.490875
  type: 'test'
  ...
# Subtest: retry replaces only an inactive partial final left by an interrupted file move
ok 946 - retry replaces only an inactive partial final left by an interrupted file move
  ---
  duration_ms: 4.237125
  type: 'test'
  ...
# Subtest: canonical admission exposes nine launch tracks
ok 947 - canonical admission exposes nine launch tracks
  ---
  duration_ms: 885.5755
  type: 'test'
  ...
# Subtest: Coding Mock stays outside ordinary modes and resolves its exact declared profile
ok 948 - Coding Mock stays outside ordinary modes and resolves its exact declared profile
  ---
  duration_ms: 0.993209
  type: 'test'
  ...
# Subtest: content report description is optional, trimmed and bounded
ok 949 - content report description is optional, trimmed and bounded
  ---
  duration_ms: 1.971625
  type: 'test'
  ...
# Subtest: content report description rejects obvious contact and secret data
ok 950 - content report description rejects obvious contact and secret data
  ---
  duration_ms: 0.403709
  type: 'test'
  ...
# Subtest: ordinary technical language is not mistaken for a secret
ok 951 - ordinary technical language is not mistaken for a secret
  ---
  duration_ms: 0.06975
  type: 'test'
  ...
# Subtest: a new family carries payload, response, result, and evidence without a global union
ok 952 - a new family carries payload, response, result, and evidence without a global union
  ---
  duration_ms: 2.3065
  type: 'test'
  ...
# Subtest: kernel accepts open track ids and enforces canonical session invariants
ok 953 - kernel accepts open track ids and enforces canonical session invariants
  ---
  duration_ms: 2.250625
  type: 'test'
  ...
# Subtest: attempt result constructor enforces kind, range, and component totals
ok 954 - attempt result constructor enforces kind, range, and component totals
  ---
  duration_ms: 0.326791
  type: 'test'
  ...
# Subtest: attempt, evidence, reasons, and learning evidence stay family neutral
ok 955 - attempt, evidence, reasons, and learning evidence stay family neutral
  ---
  duration_ms: 0.461416
  type: 'test'
  ...
# Subtest: lifecycle record guards and completed-result coverage are explicit
ok 956 - lifecycle record guards and completed-result coverage are explicit
  ---
  duration_ms: 0.296291
  type: 'test'
  ...
# Subtest: LearningPlan v1 guard requires the complete strict shape and canonical slot order
ok 957 - LearningPlan v1 guard requires the complete strict shape and canonical slot order
  ---
  duration_ms: 23.018666
  type: 'test'
  ...
# Subtest: accepted target snapshot follows T4 goal meaning and canonical null dates
ok 958 - accepted target snapshot follows T4 goal meaning and canonical null dates
  ---
  duration_ms: 1.146375
  type: 'test'
  ...
# Subtest: generates one stable 18:00 slot per normalized preferred day for every goal type
ok 959 - generates one stable 18:00 slot per normalized preferred day for every goal type
  ---
  duration_ms: 28.69325
  type: 'test'
  ...
# Subtest: uses due review priority, otherwise package scope, without item identifiers
ok 960 - uses due review priority, otherwise package scope, without item identifiers
  ---
  duration_ms: 0.330083
  type: 'test'
  ...
# Subtest: event boundaries are strict-before while deadline and checkpoint are inclusive
ok 961 - event boundaries are strict-before while deadline and checkpoint are inclusive
  ---
  duration_ms: 0.838625
  type: 'test'
  ...
# Subtest: missing target date is open-ended before an unknown completion rule
ok 962 - missing target date is open-ended before an unknown completion rule
  ---
  duration_ms: 0.39675
  type: 'test'
  ...
# Subtest: C3 unknown is explicit with a target; in-progress uses remaining attempts and completed has no remaining work
ok 963 - C3 unknown is explicit with a target; in-progress uses remaining attempts and completed has no remaining work
  ---
  duration_ms: 0.497208
  type: 'test'
  ...
# Subtest: S12 is the only capacity source and shortfall preserves all counts without slots or attainability
ok 964 - S12 is the only capacity source and shortfall preserves all counts without slots or attainability
  ---
  duration_ms: 0.283042
  type: 'test'
  ...
# Subtest: leap-day and DST-neutral occurrence counting use calendar dates, not elapsed local milliseconds
ok 965 - leap-day and DST-neutral occurrence counting use calendar dates, not elapsed local milliseconds
  ---
  duration_ms: 0.381291
  type: 'test'
  ...
# Subtest: does not mutate preferred day order or mutable input values and returns frozen output
ok 966 - does not mutate preferred day order or mutable input values and returns frozen output
  ---
  duration_ms: 2.706667
  type: 'test'
  ...
# Subtest: rejects malformed or inconsistent input with the one explicit error class
ok 967 - rejects malformed or inconsistent input with the one explicit error class
  ---
  duration_ms: 2.747333
  type: 'test'
  ...
# Subtest: uses the explicit formulas, includes today, and excludes an event target day
ok 968 - uses the explicit formulas, includes today, and excludes an event target day
  ---
  duration_ms: 34.945416
  type: 'test'
  ...
# Subtest: minimum observation age is inclusive: six days gives seven days, five gives six
ok 969 - minimum observation age is inclusive: six days gives seven days, five gives six
  ---
  duration_ms: 12.024167
  type: 'test'
  ...
# Subtest: trend starts at thirteen days and applies strict ten-percent boundaries
ok 970 - trend starts at thirteen days and applies strict ten-percent boundaries
  ---
  duration_ms: 32.982833
  type: 'test'
  ...
# Subtest: trend handles zero-to-zero, zero-to-positive, and positive-to-zero windows after age fourteen
ok 971 - trend handles zero-to-zero, zero-to-positive, and positive-to-zero windows after age fourteen
  ---
  duration_ms: 1.855417
  type: 'test'
  ...
# Subtest: completed work is zero work even without future occurrences or observations
ok 972 - completed work is zero work even without future occurrences or observations
  ---
  duration_ms: 1.739208
  type: 'test'
  ...
# Subtest: returns each honest unavailable business reason
ok 973 - returns each honest unavailable business reason
  ---
  duration_ms: 2.112541
  type: 'test'
  ...
# Subtest: requires a concrete non-negative completion requirement
ok 974 - requires a concrete non-negative completion requirement
  ---
  duration_ms: 3.864708
  type: 'test'
  ...
# Subtest: returns calculation_error when the projected calendar date is not representable
ok 975 - returns calculation_error when the projected calendar date is not representable
  ---
  duration_ms: 0.597125
  type: 'test'
  ...
# Subtest: uses full immutable facts and does not double-count session questions
ok 976 - uses full immutable facts and does not double-count session questions
  ---
  duration_ms: 1.043417
  type: 'test'
  ...
# Subtest: handles DST, leap-day calendar arithmetic, and today occurrences without elapsed milliseconds
ok 977 - handles DST, leap-day calendar arithmetic, and today occurrences without elapsed milliseconds
  ---
  duration_ms: 3.344334
  type: 'test'
  ...
# Subtest: rejects malformed numbers, dates, timezones, future facts, and inconsistent sessions
ok 978 - rejects malformed numbers, dates, timezones, future facts, and inconsistent sessions
  ---
  duration_ms: 2.873792
  type: 'test'
  ...
# Subtest: completion rule validates explicit v1 bounds
ok 979 - completion rule validates explicit v1 bounds
  ---
  duration_ms: 0.748875
  type: 'test'
  ...
# Subtest: completion is unknown without a package rule and otherwise uses the exact rolling window
ok 980 - completion is unknown without a package rule and otherwise uses the exact rolling window
  ---
  duration_ms: 22.443
  type: 'test'
  ...
# Subtest: completion filters full package identity, deduplicates exact retries, and rejects malformed or conflicting durable evidence
ok 981 - completion filters full package identity, deduplicates exact retries, and rejects malformed or conflicting durable evidence
  ---
  duration_ms: 0.947917
  type: 'test'
  ...
# Subtest: same instant ordering is stable by id
ok 982 - same instant ordering is stable by id
  ---
  duration_ms: 0.441875
  type: 'test'
  ...
# Subtest: ResolvedContentRef has exactly four canonical-safe fields and is frozen
ok 983 - ResolvedContentRef has exactly four canonical-safe fields and is frozen
  ---
  duration_ms: 1.720709
  type: 'test'
  ...
# Subtest: ResolvedContentRef rejects null, extra fields, unsafe identities, and SHA casing without normalization
ok 984 - ResolvedContentRef rejects null, extra fields, unsafe identities, and SHA casing without normalization
  ---
  duration_ms: 1.153042
  type: 'test'
  ...
# Subtest: ResolvedContentRef key is versioned, deterministic, and field-boundary safe
ok 985 - ResolvedContentRef key is versioned, deterministic, and field-boundary safe
  ---
  duration_ms: 0.733625
  type: 'test'
  ...
# Subtest: tombstones are immutable, tagged, minimal, and contain no recursive legacy fields
ok 986 - tombstones are immutable, tagged, minimal, and contain no recursive legacy fields
  ---
  duration_ms: 0.552625
  type: 'test'
  ...
# Subtest: resolution result is exact, frozen, and distinguishes resolved from tombstone
ok 987 - resolution result is exact, frozen, and distinguishes resolved from tombstone
  ---
  duration_ms: 0.451416
  type: 'test'
  ...
# Subtest: public domain barrel exposes strict contracts but not the legacy decoder/mapper
ok 988 - public domain barrel exposes strict contracts but not the legacy decoder/mapper
  ---
  duration_ms: 0.078459
  type: 'test'
  ...
# Subtest: registry resolves current tracks in canonical launch order without a default
ok 989 - registry resolves current tracks in canonical launch order without a default
  ---
  duration_ms: 1.975834
  type: 'test'
  ...
# Subtest: a new track and family register without modifying the learning kernel
ok 990 - a new track and family register without modifying the learning kernel
  ---
  duration_ms: 0.152667
  type: 'test'
  ...
# Subtest: incorrect and partial attempts create remediation entries with source and taxonomy evidence
ok 991 - incorrect and partial attempts create remediation entries with source and taxonomy evidence
  ---
  duration_ms: 3.299541
  type: 'test'
  ...
# Subtest: correct Algorithms attempt creates scheduled retrieval while correct Certification attempt creates none
ok 992 - correct Algorithms attempt creates scheduled retrieval while correct Certification attempt creates none
  ---
  duration_ms: 0.268334
  type: 'test'
  ...
# Subtest: review transition counts only after due, resets on incorrect and partial, and resolves after two eligible successes
ok 993 - review transition counts only after due, resets on incorrect and partial, and resolves after two eligible successes
  ---
  duration_ms: 0.299875
  type: 'test'
  ...
# Subtest: same-session correction does not resolve persistent review and only canonical reasons exist
ok 994 - same-session correction does not resolve persistent review and only canonical reasons exist
  ---
  duration_ms: 0.124166
  type: 'test'
  ...
# Subtest: ordinary Algorithms practice cannot resolve persistent review after due
ok 995 - ordinary Algorithms practice cannot resolve persistent review after due
  ---
  duration_ms: 0.079667
  type: 'test'
  ...
# Subtest: session creation preserves requested and actual lengths, immutable item order, option order, and no response
ok 996 - session creation preserves requested and actual lengths, immutable item order, option order, and no response
  ---
  duration_ms: 2.1345
  type: 'test'
  ...
# Subtest: active session advances and persisted current position resumes deterministically
ok 997 - active session advances and persisted current position resumes deterministically
  ---
  duration_ms: 0.610584
  type: 'test'
  ...
# Subtest: session supports valid direct navigation but rejects an invalid item index
ok 998 - session supports valid direct navigation but rejects an invalid item index
  ---
  duration_ms: 0.389958
  type: 'test'
  ...
# Subtest: completion fixes position at the final item and cannot advance
ok 999 - completion fixes position at the final item and cannot advance
  ---
  duration_ms: 0.434041
  type: 'test'
  ...
# Subtest: abandonment preserves committed position and cannot advance
ok 1000 - abandonment preserves committed position and cannot advance
  ---
  duration_ms: 0.166625
  type: 'test'
  ...
# Subtest: session rejects mismatched track, content version, duplicate references, and invalid completion position
ok 1001 - session rejects mismatched track, content version, duplicate references, and invalid completion position
  ---
  duration_ms: 0.184833
  type: 'test'
  ...
# Subtest: runtime admission resolves the exact candidate lock for every canonical launch track
ok 1002 - runtime admission resolves the exact candidate lock for every canonical launch track
  ---
  duration_ms: 788.57675
  type: 'test'
  ...
# Subtest: pending status waits while the target is not reflected by both identity sources
ok 1003 - pending status waits while the target is not reflected by both identity sources
  ---
  duration_ms: 0.619125
  type: 'test'
  ...
# Subtest: pending status confirms only matching verified Firebase and backend identities
ok 1004 - pending status confirms only matching verified Firebase and backend identities
  ---
  duration_ms: 0.088625
  type: 'test'
  ...
# Subtest: one-sided email or verification agreement remains waiting
ok 1005 - one-sided email or verification agreement remains waiting
  ---
  duration_ms: 0.09825
  type: 'test'
  ...
# Subtest: a different authenticated UID is unavailable and does not expose the old request as success
ok 1006 - a different authenticated UID is unavailable and does not expose the old request as success
  ---
  duration_ms: 0.056292
  type: 'test'
  ...
# Subtest: refresh failure takes priority over matching cached identity data
ok 1007 - refresh failure takes priority over matching cached identity data
  ---
  duration_ms: 0.052833
  type: 'test'
  ...
# Subtest: legacy recovery-code retry keeps an invalid credential on its password field
ok 1008 - legacy recovery-code retry keeps an invalid credential on its password field
  ---
  duration_ms: 2.968458
  type: 'test'
  ...
# Subtest: delete account switches from identity confirmation to the hold action
ok 1009 - delete account switches from identity confirmation to the hold action
  ---
  duration_ms: 4.329041
  type: 'test'
  ...
# Subtest: delete account password failures stay attached to Password
ok 1010 - delete account password failures stay attached to Password
  ---
  duration_ms: 1.172666
  type: 'test'
  ...
# Subtest: email validation identifies the address field for all sign-in providers
ok 1011 - email validation identifies the address field for all sign-in providers
  ---
  duration_ms: 0.646084
  type: 'test'
  ...
# Subtest: reauthentication errors identify a password only when that field exists
ok 1012 - reauthentication errors identify a password only when that field exists
  ---
  duration_ms: 0.16575
  type: 'test'
  ...
# Subtest: password change validation identifies the edited password field
ok 1013 - password change validation identifies the edited password field
  ---
  duration_ms: 0.06225
  type: 'test'
  ...
# Subtest: recovery-code wrong-password failures identify the current password
ok 1014 - recovery-code wrong-password failures identify the current password
  ---
  duration_ms: 0.048417
  type: 'test'
  ...
# Subtest: general errors and non-field security failures retain their existing banner presentation
ok 1015 - general errors and non-field security failures retain their existing banner presentation
  ---
  duration_ms: 0.076334
  type: 'test'
  ...
# Subtest: editing another field preserves its error; editing the affected field clears it
ok 1016 - editing another field preserves its error; editing the affected field clears it
  ---
  duration_ms: 0.1955
  type: 'test'
  ...
# Subtest: password-change field errors use the localized field-specific copy
ok 1017 - password-change field errors use the localized field-specific copy
  ---
  duration_ms: 3.047583
  type: 'test'
  ...
# Subtest: welcome screen keeps its mark, localized copy, and entry actions
ok 1018 - welcome screen keeps its mark, localized copy, and entry actions
  ---
  duration_ms: 0.939875
  type: 'test'
  ...
# Subtest: a recovery-code operation for a different account keeps codes hidden and offers explicit sign-in resolution
ok 1019 - a recovery-code operation for a different account keeps codes hidden and offers explicit sign-in resolution
  ---
  duration_ms: 0.86375
  type: 'test'
  ...
# Subtest: a confirmed account mismatch offers a separately explicit current-account transition
ok 1020 - a confirmed account mismatch offers a separately explicit current-account transition
  ---
  duration_ms: 0.228292
  type: 'test'
  ...
# Subtest: missing generation does not offer a defer action and deferred codes remain hidden
ok 1021 - missing generation does not offer a defer action and deferred codes remain hidden
  ---
  duration_ms: 0.37525
  type: 'test'
  ...
# Subtest: unconfirmed delivery keeps unsaved codes available and offers an explicit status retry
ok 1022 - unconfirmed delivery keeps unsaved codes available and offers an explicit status retry
  ---
  duration_ms: 0.197292
  type: 'test'
  ...
# Subtest: available result with persisted saved intent hides codes and offers an explicit ACK retry
ok 1023 - available result with persisted saved intent hides codes and offers an explicit ACK retry
  ---
  duration_ms: 0.1595
  type: 'test'
  ...
# Subtest: unconfirmed or blocked saved intent does not promise an available ACK
ok 1024 - unconfirmed or blocked saved intent does not promise an available ACK
  ---
  duration_ms: 0.536375
  type: 'test'
  ...
# Subtest: acknowledged issue is terminal and no longer blocks a replacement chosen by the user
ok 1025 - acknowledged issue is terminal and no longer blocks a replacement chosen by the user
  ---
  duration_ms: 0.149833
  type: 'test'
  ...
# Subtest: server-confirmed non-acknowledged terminal status requires an explicit continue action
ok 1026 - server-confirmed non-acknowledged terminal status requires an explicit continue action
  ---
  duration_ms: 0.140625
  type: 'test'
  ...
# Subtest: a consume operation for another account offers explicit resume without an automatic retry
ok 1027 - a consume operation for another account offers explicit resume without an automatic retry
  ---
  duration_ms: 0.464375
  type: 'test'
  ...
# Subtest: loading or unavailable vault state blocks code issuance until recovery state is known
ok 1028 - loading or unavailable vault state blocks code issuance until recovery state is known
  ---
  duration_ms: 0.861125
  type: 'test'
  ...
# Subtest: all account locales provide the recovery operation states and explicit mismatch actions
ok 1029 - all account locales provide the recovery operation states and explicit mismatch actions
  ---
  duration_ms: 2.611709
  type: 'test'
  ...
# Subtest: recovery panel resolves nested messages with the app's flat-key configuration
ok 1030 - recovery panel resolves nested messages with the app's flat-key configuration
  ---
  duration_ms: 11.637708
  type: 'test'
  ...
# Subtest: terminal continuation does not render a wrong-account warning
ok 1031 - terminal continuation does not render a wrong-account warning
  ---
  duration_ms: 0.488583
  type: 'test'
  ...
# Subtest: analytics lookup uses canonical identity
ok 1032 - analytics lookup uses canonical identity
  ---
  duration_ms: 930.299708
  type: 'test'
  ...
# Subtest: Certification Exam runner uses exact resume, route-keyed reads and expired result navigation
ok 1033 - Certification Exam runner uses exact resume, route-keyed reads and expired result navigation
  ---
  duration_ms: 0.64325
  type: 'test'
  ...
# Subtest: exam response changes persist the canonical choice response before publishing the refreshed selection
ok 1034 - exam response changes persist the canonical choice response before publishing the refreshed selection
  ---
  duration_ms: 0.139709
  type: 'test'
  ...
# Subtest: all exam draft writes and navigation share one in-flight action lane
ok 1035 - all exam draft writes and navigation share one in-flight action lane
  ---
  duration_ms: 1.03475
  type: 'test'
  ...
# Subtest: a durable navigator move closes the navigator while a failed projection read exposes retry
ok 1036 - a durable navigator move closes the navigator while a failed projection read exposes retry
  ---
  duration_ms: 0.121958
  type: 'test'
  ...
# Subtest: exam actions describe navigation and finish confirmation, including unanswered questions
ok 1037 - exam actions describe navigation and finish confirmation, including unanswered questions
  ---
  duration_ms: 0.114416
  type: 'test'
  ...
# Subtest: review fixture accepts only named development smoke cases and exact deep links
ok 1038 - review fixture accepts only named development smoke cases and exact deep links
  ---
  duration_ms: 1.5135
  type: 'test'
  ...
# Subtest: reopening the same fixture case creates a fresh launch identity
ok 1039 - reopening the same fixture case creates a fresh launch identity
  ---
  duration_ms: 0.118708
  type: 'test'
  ...
# Subtest: fixture readers are optional screen seams and production readers remain the default
ok 1040 - fixture readers are optional screen seams and production readers remain the default
  ---
  duration_ms: 2.388166
  type: 'test'
  ...
# Subtest: fixture creates validator-approved fixed-50 canonical evidence without partial or persistence shortcuts
ok 1041 - fixture creates validator-approved fixed-50 canonical evidence without partial or persistence shortcuts
  ---
  duration_ms: 814.642959
  type: 'test'
  ...
# Subtest: memory readers require the fixture session identity and preserve read-only evidence
ok 1042 - memory readers require the fixture session identity and preserve read-only evidence
  ---
  duration_ms: 8.133833
  type: 'test'
  ...
# Subtest: ready fixture calls the supplied opener with each exact projected source URL
ok 1043 - ready fixture calls the supplied opener with each exact projected source URL
  ---
  duration_ms: 14.166542
  type: 'test'
  ...
# Subtest: source-failure fixture records exact opener attempt but never calls external URL opening
ok 1044 - source-failure fixture records exact opener attempt but never calls external URL opening
  ---
  duration_ms: 13.737459
  type: 'test'
  ...
# Subtest: practice answer matrix exposes actual completed summary, five feedback previews, and full review
ok 1045 - practice answer matrix exposes actual completed summary, five feedback previews, and full review
  ---
  duration_ms: 21.399208
  type: 'test'
  ...
# Subtest: Metro disabled runtime is explicitly unavailable outside smoke
ok 1046 - Metro disabled runtime is explicitly unavailable outside smoke
  ---
  duration_ms: 0.141083
  type: 'test'
  ...
# Subtest: completed single-select review distinguishes the learner answer from the omitted correct answer
ok 1047 - completed single-select review distinguishes the learner answer from the omitted correct answer
  ---
  duration_ms: 3.342125
  type: 'test'
  ...
# Subtest: completed multi-select review preserves every selected, correct and omitted state
ok 1048 - completed multi-select review preserves every selected, correct and omitted state
  ---
  duration_ms: 0.564
  type: 'test'
  ...
# Subtest: a request change makes an in-flight interval refresh stale before publication
ok 1049 - a request change makes an in-flight interval refresh stale before publication
  ---
  duration_ms: 1.826542
  type: 'test'
  ...
# Subtest: a newer same-request refresh wins over an older success
ok 1050 - a newer same-request refresh wins over an older success
  ---
  duration_ms: 0.167959
  type: 'test'
  ...
# Subtest: slow overlapping interval reads keep publishing when they complete in order
ok 1051 - slow overlapping interval reads keep publishing when they complete in order
  ---
  duration_ms: 0.212959
  type: 'test'
  ...
# Subtest: a newer successful refresh suppresses an older error
ok 1052 - a newer successful refresh suppresses an older error
  ---
  duration_ms: 0.159875
  type: 'test'
  ...
# Subtest: a newer successful refresh suppresses an older expiry
ok 1053 - a newer successful refresh suppresses an older expiry
  ---
  duration_ms: 0.069333
  type: 'test'
  ...
# Subtest: a newer same-request rejection wins over an older success
ok 1054 - a newer same-request rejection wins over an older success
  ---
  duration_ms: 0.101834
  type: 'test'
  ...
# Subtest: a newer same-request expiry wins over an older success
ok 1055 - a newer same-request expiry wins over an older success
  ---
  duration_ms: 0.154042
  type: 'test'
  ...
# Subtest: unmount cleanup invalidates an in-flight expiry read before publication
ok 1056 - unmount cleanup invalidates an in-flight expiry read before publication
  ---
  duration_ms: 0.145333
  type: 'test'
  ...
# Subtest: request change during start-on-miss prevents starting or rereading a replacement exam
ok 1057 - request change during start-on-miss prevents starting or rereading a replacement exam
  ---
  duration_ms: 0.319875
  type: 'test'
  ...
# Subtest: unmount cleanup during start-on-miss prevents the after-start interval read
ok 1058 - unmount cleanup during start-on-miss prevents the after-start interval read
  ---
  duration_ms: 0.412333
  type: 'test'
  ...
# Subtest: current start-on-miss refreshes after the new exam is started
ok 1059 - current start-on-miss refreshes after the new exam is started
  ---
  duration_ms: 0.117458
  type: 'test'
  ...
# Subtest: request change during expected resume prevents the old session from publishing
ok 1060 - request change during expected resume prevents the old session from publishing
  ---
  duration_ms: 0.078541
  type: 'test'
  ...
# Subtest: expected resume failure never falls back to starting a new exam
ok 1061 - expected resume failure never falls back to starting a new exam
  ---
  duration_ms: 0.099
  type: 'test'
  ...
# Subtest: the current expiry outcome carries its session id for guarded navigation
ok 1062 - the current expiry outcome carries its session id for guarded navigation
  ---
  duration_ms: 0.062792
  type: 'test'
  ...
# Subtest: Exam Review has one local header owner and returns to the exact result session
ok 1063 - Exam Review has one local header owner and returns to the exact result session
  ---
  duration_ms: 0.808041
  type: 'test'
  ...
# Subtest: Previous and Next preserve their question navigation and boundary disabling
ok 1064 - Previous and Next preserve their question navigation and boundary disabling
  ---
  duration_ms: 0.217333
  type: 'test'
  ...
# Subtest: Unanswered uses shared feedback with complete details expanded and reporting unchanged
ok 1065 - Unanswered uses shared feedback with complete details expanded and reporting unchanged
  ---
  duration_ms: 0.140875
  type: 'test'
  ...
# Subtest: opaque result evidence preserves all answered outcomes including partial credit
ok 1066 - opaque result evidence preserves all answered outcomes including partial credit
  ---
  duration_ms: 1.4485
  type: 'test'
  ...
# Subtest: missing, malformed and inconsistent evidence does not invent zero scores
ok 1067 - missing, malformed and inconsistent evidence does not invent zero scores
  ---
  duration_ms: 0.129333
  type: 'test'
  ...
# Subtest: a real zero and an absent abandoned score remain distinct
ok 1068 - a real zero and an absent abandoned score remain distinct
  ---
  duration_ms: 0.148791
  type: 'test'
  ...
# Subtest: invalid points stay unavailable without clamping
ok 1069 - invalid points stay unavailable without clamping
  ---
  duration_ms: 0.084416
  type: 'test'
  ...
# Subtest: exact historical maximum corrects display without mutating durable evidence
ok 1070 - exact historical maximum corrects display without mutating durable evidence
  ---
  duration_ms: 0.134125
  type: 'test'
  ...
# Subtest: backend diagnostics records prerequisite and sync preparation failures before final status
ok 1071 - backend diagnostics records prerequisite and sync preparation failures before final status
  ---
  duration_ms: 0.912209
  type: 'test'
  ...
# Subtest: successful backend diagnostics still verify sync apply, deduplication, conflict, and read-after
ok 1072 - successful backend diagnostics still verify sync apply, deduplication, conflict, and read-after
  ---
  duration_ms: 0.206125
  type: 'test'
  ...
# Subtest: GoalCadenceScreen passes its selected app locale into the calendar
ok 1073 - GoalCadenceScreen passes its selected app locale into the calendar
  ---
  duration_ms: 0.70575
  type: 'test'
  ...
# Subtest: the rendered month, weekday headings and accessible dates all use that locale
ok 1074 - the rendered month, weekday headings and accessible dates all use that locale
  ---
  duration_ms: 36.964458
  type: 'test'
  ...
# Subtest: month boundaries, leap days and week starts build complete selectable grids
ok 1075 - month boundaries, leap days and week starts build complete selectable grids
  ---
  duration_ms: 0.465959
  type: 'test'
  ...
# Subtest: the selected date is exposed through button state and its press updates the pending date
ok 1076 - the selected date is exposed through button state and its press updates the pending date
  ---
  duration_ms: 0.361084
  type: 'test'
  ...
# Subtest: only English starts on Sunday and all other supported locales start on Monday
ok 1077 - only English starts on Sunday and all other supported locales start on Monday
  ---
  duration_ms: 0.08075
  type: 'test'
  ...
# Subtest: Activity opens only resolver-owned result destinations
ok 1078 - Activity opens only resolver-owned result destinations
  ---
  duration_ms: 1.39175
  type: 'test'
  ...
# Subtest: Activity result routing fails closed for inline-only records
ok 1079 - Activity result routing fails closed for inline-only records
  ---
  duration_ms: 0.301167
  type: 'test'
  ...
# Subtest: Activity navigation preserves the original session identity
ok 1080 - Activity navigation preserves the original session identity
  ---
  duration_ms: 0.210542
  type: 'test'
  ...
# Subtest: Activity renders unavailable history as an explicit detail surface without runtime navigation
ok 1081 - Activity renders unavailable history as an explicit detail surface without runtime navigation
  ---
  duration_ms: 0.628791
  type: 'test'
  ...
# Subtest: Activity detail disclosures are mutually exclusive and expose expanded state
ok 1082 - Activity detail disclosures are mutually exclusive and expose expanded state
  ---
  duration_ms: 0.274291
  type: 'test'
  ...
# Subtest: goal cadence is a reachable root route backed by the canonical repository
ok 1083 - goal cadence is a reachable root route backed by the canonical repository
  ---
  duration_ms: 3.134834
  type: 'test'
  ...
# Subtest: Progress owns the goal entry point for the active track
ok 1084 - Progress owns the goal entry point for the active track
  ---
  duration_ms: 0.138333
  type: 'test'
  ...
# Subtest: Settings opens the shared goal screen with its return context
ok 1085 - Settings opens the shared goal screen with its return context
  ---
  duration_ms: 0.164167
  type: 'test'
  ...
# Subtest: active goal summary only exposes Save while editing
ok 1086 - active goal summary only exposes Save while editing
  ---
  duration_ms: 0.122625
  type: 'test'
  ...
# Subtest: active goal summary keeps the reminder draft noninteractive
ok 1087 - active goal summary keeps the reminder draft noninteractive
  ---
  duration_ms: 0.248959
  type: 'test'
  ...
# Subtest: goal status and selected day labels use onPrimary on filled backgrounds
ok 1088 - goal status and selected day labels use onPrimary on filled backgrounds
  ---
  duration_ms: 0.108541
  type: 'test'
  ...
# Subtest: preferred-day shortcuts preserve domain ids and translate every EN/PL label
ok 1089 - preferred-day shortcuts preserve domain ids and translate every EN/PL label
  ---
  duration_ms: 0.331666
  type: 'test'
  ...
# Subtest: goal reminders are a read-only preferred-day draft in both create and active summary
ok 1090 - goal reminders are a read-only preferred-day draft in both create and active summary
  ---
  duration_ms: 0.288041
  type: 'test'
  ...
# Subtest: target dates use the shared localized calendar with cancellable drafts and an explicit ISO commit
ok 1091 - target dates use the shared localized calendar with cancellable drafts and an explicit ISO commit
  ---
  duration_ms: 0.861541
  type: 'test'
  ...
# Subtest: goal editing uses local keyboard avoidance while preserving the shared sticky footer
ok 1092 - goal editing uses local keyboard avoidance while preserving the shared sticky footer
  ---
  duration_ms: 0.444792
  type: 'test'
  ...
# Subtest: goal loading keeps its back action separate from the busy content announcement
ok 1093 - goal loading keeps its back action separate from the busy content announcement
  ---
  duration_ms: 2.105458
  type: 'test'
  ...
# Subtest: goal templates are sourced from every canonical track descriptor
ok 1094 - goal templates are sourced from every canonical track descriptor
  ---
  duration_ms: 4.456791
  type: 'test'
  ...
# Subtest: default goal is valid and keeps optional date unset
ok 1095 - default goal is valid and keeps optional date unset
  ---
  duration_ms: 0.384792
  type: 'test'
  ...
# Subtest: goal persistence guard rejects invalid cadence, date, track template, and extra fields
ok 1096 - goal persistence guard rejects invalid cadence, date, track template, and extra fields
  ---
  duration_ms: 0.31475
  type: 'test'
  ...
# Subtest: goal normalizer derives ordered cadence from legacy targets and every day count
ok 1097 - goal normalizer derives ordered cadence from legacy targets and every day count
  ---
  duration_ms: 0.3415
  type: 'test'
  ...
# Subtest: goal repository normalizes legacy records on read without repairing storage
ok 1098 - goal repository normalizes legacy records on read without repairing storage
  ---
  duration_ms: 0.731959
  type: 'test'
  ...
# Subtest: empty legacy goals remain readable, but saving an empty selection is rejected without data loss
ok 1099 - empty legacy goals remain readable, but saving an empty selection is rejected without data loss
  ---
  duration_ms: 0.500333
  type: 'test'
  ...
# Subtest: goal repository rejects a zero target with selected days without repairing the record
ok 1100 - goal repository rejects a zero target with selected days without repairing the record
  ---
  duration_ms: 0.241416
  type: 'test'
  ...
# Subtest: saving a goal persists the normalized cadence while preserving other fields
ok 1101 - saving a goal persists the normalized cadence while preserving other fields
  ---
  duration_ms: 0.229042
  type: 'test'
  ...
# Subtest: goal repository persists one canonical record per track
ok 1102 - goal repository persists one canonical record per track
  ---
  duration_ms: 0.261834
  type: 'test'
  ...
# Subtest: target-date projection follows goal type and explicit own-pace saves remove only legacy dates
ok 1103 - target-date projection follows goal type and explicit own-pace saves remove only legacy dates
  ---
  duration_ms: 0.340166
  type: 'test'
  ...
# Subtest: saved ISO dates initialize the native picker at local noon and preserve leap days
ok 1104 - saved ISO dates initialize the native picker at local noon and preserve leap days
  ---
  duration_ms: 2.784083
  type: 'test'
  ...
# Subtest: empty dates initialize to device-local today at noon
ok 1105 - empty dates initialize to device-local today at noon
  ---
  duration_ms: 0.137375
  type: 'test'
  ...
# Subtest: non-empty saved dates must satisfy the persisted ISO calendar-date contract
ok 1106 - non-empty saved dates must satisfy the persisted ISO calendar-date contract
  ---
  duration_ms: 0.291167
  type: 'test'
  ...
# Subtest: local calendar dates round-trip across a daylight-saving transition
ok 1107 - local calendar dates round-trip across a daylight-saving transition
  ---
  duration_ms: 0.806958
  type: 'test'
  ...
# Subtest: guest privacy request copy separates acceptance from unconfirmed email delivery
ok 1108 - guest privacy request copy separates acceptance from unconfirmed email delivery
  ---
  duration_ms: 1.382958
  type: 'test'
  ...
# Subtest: guest privacy retry identity survives restart without persisting a session token
ok 1109 - guest privacy retry identity survives restart without persisting a session token
  ---
  duration_ms: 1.700125
  type: 'test'
  ...
# Subtest: choosing the first track reloads Home data for that selected track
ok 1110 - choosing the first track reloads Home data for that selected track
  ---
  duration_ms: 0.667458
  type: 'test'
  ...
# Subtest: a failed Home shell read keeps the learner in a retryable state on the canonical load path
ok 1111 - a failed Home shell read keeps the learner in a retryable state on the canonical load path
  ---
  duration_ms: 0.245458
  type: 'test'
  ...
# Subtest: Home focus retries only eligible pending account data and clears route tab suppression on local navigation
ok 1112 - Home focus retries only eligible pending account data and clears route tab suppression on local navigation
  ---
  duration_ms: 0.220083
  type: 'test'
  ...
# Subtest: Home keeps resume-required handling internal instead of showing sync implementation details
ok 1113 - Home keeps resume-required handling internal instead of showing sync implementation details
  ---
  duration_ms: 0.115708
  type: 'test'
  ...
# Subtest: the first Home visit replaces repeated empty metrics with one honest next-step state
ok 1114 - the first Home visit replaces repeated empty metrics with one honest next-step state
  ---
  duration_ms: 0.651917
  type: 'test'
  ...
# Subtest: goal invitation stays optional for guest and healthy account, reloads after Goal, and persists dismissal per track
ok 1115 - goal invitation stays optional for guest and healthy account, reloads after Goal, and persists dismissal per track
  ---
  duration_ms: 0.304875
  type: 'test'
  ...
# Subtest: Home stacks quiet-layered context and decision metadata at large text sizes
ok 1116 - Home stacks quiet-layered context and decision metadata at large text sizes
  ---
  duration_ms: 1.114125
  type: 'test'
  ...
# Subtest: editor route carries only editor identity and never silently loads a plan
ok 1117 - editor route carries only editor identity and never silently loads a plan
  ---
  duration_ms: 0.900167
  type: 'test'
  ...
# Subtest: editor commits through the runtime wrapper and keeps reminder retry visible
ok 1118 - editor commits through the runtime wrapper and keeps reminder retry visible
  ---
  duration_ms: 0.318125
  type: 'test'
  ...
# Subtest: learning plan fixture URL accepts only the explicit development smoke case enum
ok 1119 - learning plan fixture URL accepts only the explicit development smoke case enum
  ---
  duration_ms: 3.047916
  type: 'test'
  ...
# Subtest: reopening the same fixture URL creates a fresh launch identity
ok 1120 - reopening the same fixture URL creates a fresh launch identity
  ---
  duration_ms: 0.187375
  type: 'test'
  ...
# Subtest: named proposal fixture cases produce domain-generated screen states with the declared schedule shape
ok 1121 - named proposal fixture cases produce domain-generated screen states with the declared schedule shape
  ---
  duration_ms: 3029.241667
  type: 'test'
  ...
# Subtest: fixture actions report one in-memory call and never report storage success
ok 1122 - fixture actions report one in-memory call and never report storage success
  ---
  duration_ms: 6004.138625
  type: 'test'
  ...
# Subtest: delayed loading remains pending before it resolves to the ready view
ok 1123 - delayed loading remains pending before it resolves to the ready view
  ---
  duration_ms: 3002.927958
  type: 'test'
  ...
# Subtest: disabled fixture peer is an explicit unavailable implementation
ok 1124 - disabled fixture peer is an explicit unavailable implementation
  ---
  duration_ms: 0.3555
  type: 'test'
  ...
# Subtest: proposal route carries only identity and resolves the in-memory proposal
ok 1125 - proposal route carries only identity and resolves the in-memory proposal
  ---
  duration_ms: 0.916
  type: 'test'
  ...
# Subtest: proposal accepts through the plan/reminder runtime and preserves pending saves
ok 1126 - proposal accepts through the plan/reminder runtime and preserves pending saves
  ---
  duration_ms: 1.019084
  type: 'test'
  ...
# Subtest: proposal keeps explicit states, edit actions and localized copy
ok 1127 - proposal keeps explicit states, edit actions and localized copy
  ---
  duration_ms: 0.372958
  type: 'test'
  ...
# Subtest: every proposal screen branch leaves the top safe area to its stack header
ok 1128 - every proposal screen branch leaves the top safe area to its stack header
  ---
  duration_ms: 0.3385
  type: 'test'
  ...
# Subtest: ready and shortened proposals use the review title and a two-action footer
ok 1129 - ready and shortened proposals use the review title and a two-action footer
  ---
  duration_ms: 0.456167
  type: 'test'
  ...
# Subtest: goal type is the card heading while target and selected days remain visible
ok 1130 - goal type is the card heading while target and selected days remain visible
  ---
  duration_ms: 0.265167
  type: 'test'
  ...
# Subtest: review title is localized in all seven locales and removed goal-context copy is dead
ok 1131 - review title is localized in all seven locales and removed goal-context copy is dead
  ---
  duration_ms: 0.370583
  type: 'test'
  ...
# Subtest: shortfall and saved-plan actions retain their existing semantics
ok 1132 - shortfall and saved-plan actions retain their existing semantics
  ---
  duration_ms: 0.372542
  type: 'test'
  ...
# Subtest: goal save still opens a proposal only after its existing reminder reconciliation
ok 1133 - goal save still opens a proposal only after its existing reminder reconciliation
  ---
  duration_ms: 0.587166
  type: 'test'
  ...
# Subtest: target guidance retry performs a real canonical snapshot reload
ok 1134 - target guidance retry performs a real canonical snapshot reload
  ---
  duration_ms: 0.916875
  type: 'test'
  ...
# Subtest: authenticated required narrative validation returns inline error before either create command
ok 1135 - authenticated required narrative validation returns inline error before either create command
  ---
  duration_ms: 2.805167
  type: 'test'
  ...
# Subtest: guest invalid email validation returns field error before either create command
ok 1136 - guest invalid email validation returns field error before either create command
  ---
  duration_ms: 0.502458
  type: 'test'
  ...
# Subtest: valid submissions route exactly once and trim optional values
ok 1137 - valid submissions route exactly once and trim optional values
  ---
  duration_ms: 0.63275
  type: 'test'
  ...
# Subtest: Progress model preserves canonical guidance and completion without a volume ratio
ok 1138 - Progress model preserves canonical guidance and completion without a volume ratio
  ---
  duration_ms: 21.964583
  type: 'test'
  ...
# Subtest: Progress model never creates a self-link for completed guidance
ok 1139 - Progress model never creates a self-link for completed guidance
  ---
  duration_ms: 1.1045
  type: 'test'
  ...
# Subtest: Progress model does not offer a new plan session while one is active
ok 1140 - Progress model does not offer a new plan session while one is active
  ---
  duration_ms: 4.743125
  type: 'test'
  ...
# Subtest: Progress model keeps none guidance explicit for no goal, paused goal and no plan
ok 1141 - Progress model keeps none guidance explicit for no goal, paused goal and no plan
  ---
  duration_ms: 1.000417
  type: 'test'
  ...
# Subtest: Progress model fails closed for a foreign active track or unavailable snapshot
ok 1142 - Progress model fails closed for a foreign active track or unavailable snapshot
  ---
  duration_ms: 0.892958
  type: 'test'
  ...
# Subtest: Progress rejects invalid count, minimum, window and quality rather than presenting false completion
ok 1143 - Progress rejects invalid count, minimum, window and quality rather than presenting false completion
  ---
  duration_ms: 6.453875
  type: 'test'
  ...
# Subtest: track selection turns an active-track read rejection into an explicit retryable unavailable state
ok 1144 - track selection turns an active-track read rejection into an explicit retryable unavailable state
  ---
  duration_ms: 0.771833
  type: 'test'
  ...
# Subtest: track selection retains the local choice and offers the same command again after a save rejection
ok 1145 - track selection retains the local choice and offers the same command again after a save rejection
  ---
  duration_ms: 0.296917
  type: 'test'
  ...
# Subtest: track selection waits for clean reminder reconciliation before completing
ok 1146 - track selection waits for clean reminder reconciliation before completing
  ---
  duration_ms: 0.224834
  type: 'test'
  ...
# Subtest: track selection stacks dense rows and actions instead of clipping large text
ok 1147 - track selection stacks dense rows and actions instead of clipping large text
  ---
  duration_ms: 0.755458
  type: 'test'
  ...
# Subtest: Algorithms bootstrap accepts a reachable large-text control without requiring full card visibility
ok 1148 - Algorithms bootstrap accepts a reachable large-text control without requiring full card visibility
  ---
  duration_ms: 0.257083
  type: 'test'
  ...
# Subtest: track cards use the canonical Figma icon mapping for every active track
ok 1149 - track cards use the canonical Figma icon mapping for every active track
  ---
  duration_ms: 0.471208
  type: 'test'
  ...
# Subtest: track selection mirrors the Figma returning and switching footer states
ok 1150 - track selection mirrors the Figma returning and switching footer states
  ---
  duration_ms: 0.64
  type: 'test'
  ...
# Subtest: Activity groups durable terminal sessions and keeps the row projection truthful
ok 1151 - Activity groups durable terminal sessions and keeps the row projection truthful
  ---
  duration_ms: 16.010167
  type: 'test'
  ...
# Subtest: Activity identifies an absolute-deadline completion without relabeling manual abandonment
ok 1152 - Activity identifies an absolute-deadline completion without relabeling manual abandonment
  ---
  duration_ms: 0.364125
  type: 'test'
  ...
# Subtest: Activity interaction matrix opens only summaries supported by durable family evidence
ok 1153 - Activity interaction matrix opens only summaries supported by durable family evidence
  ---
  duration_ms: 0.664084
  type: 'test'
  ...
# Subtest: Activity track filter returns only records for the selected canonical track
ok 1154 - Activity track filter returns only records for the selected canonical track
  ---
  duration_ms: 0.114833
  type: 'test'
  ...
# Subtest: Activity uses local calendar days and Monday-based calendar weeks
ok 1155 - Activity uses local calendar days and Monday-based calendar weeks
  ---
  duration_ms: 0.345458
  type: 'test'
  ...
# Subtest: Activity keeps local midnight and relative labels correct across a DST boundary
ok 1156 - Activity keeps local midnight and relative labels correct across a DST boundary
  ---
  duration_ms: 0.117333
  type: 'test'
  ...
# Subtest: Activity date labels format relative words and month names from the selected locale
ok 1157 - Activity date labels format relative words and month names from the selected locale
  ---
  duration_ms: 9.958208
  type: 'test'
  ...
# Subtest: Activity keeps unavailable archival summaries separate from runtime navigation facts
ok 1158 - Activity keeps unavailable archival summaries separate from runtime navigation facts
  ---
  duration_ms: 0.865541
  type: 'test'
  ...
# Subtest: Activity never exposes an unknown archived track identity
ok 1159 - Activity never exposes an unknown archived track identity
  ---
  duration_ms: 0.479
  type: 'test'
  ...
# Subtest: Claude Progress metadata exactly covers the seven blueprint-linked node IDs
ok 1160 - Claude Progress metadata exactly covers the seven blueprint-linked node IDs
  ---
  duration_ms: 1.589875
  type: 'test'
  ...
# Subtest: Google Cloud Progress metadata exactly covers the four scoring domains
ok 1161 - Google Cloud Progress metadata exactly covers the four scoring domains
  ---
  duration_ms: 0.215542
  type: 'test'
  ...
# Subtest: unknown, aliased, and cross-track IDs remain explicitly unavailable
ok 1162 - unknown, aliased, and cross-track IDs remain explicitly unavailable
  ---
  duration_ms: 0.107167
  type: 'test'
  ...
# Subtest: every authored title and description has exact EN and PL locale entries
ok 1163 - every authored title and description has exact EN and PL locale entries
  ---
  duration_ms: 1.216
  type: 'test'
  ...
# Subtest: Progress renders authored meaning in Current focus and Performance evidence
ok 1164 - Progress renders authored meaning in Current focus and Performance evidence
  ---
  duration_ms: 0.509459
  type: 'test'
  ...
# Subtest: Claude Progress with zero attempts stays empty without inventing a score
ok 1165 - Claude Progress with zero attempts stays empty without inventing a score
  ---
  duration_ms: 650.479959
  type: 'test'
  ...
# Subtest: home progress uses canonical tracks
ok 1166 - home progress uses canonical tracks
  ---
  duration_ms: 609.771625
  type: 'test'
  ...
# Subtest: Coding Interview Home uses the canonical dashboard projection for guided practice
ok 1167 - Coding Interview Home uses the canonical dashboard projection for guided practice
  ---
  duration_ms: 460.646083
  type: 'test'
  ...
# Subtest: Coding Interview Home recommends due review from canonical counts
ok 1168 - Coding Interview Home recommends due review from canonical counts
  ---
  duration_ms: 0.1285
  type: 'test'
  ...
# Subtest: track evidence rows stay informational while local show-more behavior remains
ok 1169 - track evidence rows stay informational while local show-more behavior remains
  ---
  duration_ms: 0.840584
  type: 'test'
  ...
# Subtest: empty progress keeps practice as the primary action and exposes global activity
ok 1170 - empty progress keeps practice as the primary action and exposes global activity
  ---
  duration_ms: 0.22275
  type: 'test'
  ...
# Subtest: the shared Home shell opens the track-aware Practice Hub from empty Progress
ok 1171 - the shared Home shell opens the track-aware Practice Hub from empty Progress
  ---
  duration_ms: 0.341042
  type: 'test'
  ...
# Subtest: Home passes canonical sessions and exact row navigation into Progress
ok 1172 - Home passes canonical sessions and exact row navigation into Progress
  ---
  duration_ms: 0.122625
  type: 'test'
  ...
# Subtest: Progress receives the single canonical Home plan snapshot and guidance action owner
ok 1173 - Progress receives the single canonical Home plan snapshot and guidance action owner
  ---
  duration_ms: 0.235625
  type: 'test'
  ...
# Subtest: Completed guidance does not render a Progress self-link
ok 1174 - Completed guidance does not render a Progress self-link
  ---
  duration_ms: 0.087875
  type: 'test'
  ...
# Subtest: verified ready plan exposes existing edit action in all seven locales, independent of completion rule
ok 1175 - verified ready plan exposes existing edit action in all seven locales, independent of completion rule
  ---
  duration_ms: 31.155458
  type: 'test'
  ...
# Subtest: existing editor/resume guidance actions are never duplicated
ok 1176 - existing editor/resume guidance actions are never duplicated
  ---
  duration_ms: 7.397833
  type: 'test'
  ...
# Subtest: absent/unavailable plan or absent handler does not expose the editor entry
ok 1177 - absent/unavailable plan or absent handler does not expose the editor entry
  ---
  duration_ms: 17.617917
  type: 'test'
  ...
# Subtest: opening editor from Progress does not mutate model, active session or primary guidance
ok 1178 - opening editor from Progress does not mutate model, active session or primary guidance
  ---
  duration_ms: 4.155333
  type: 'test'
  ...
# Subtest: Settings names guest and signed-out entry honestly and never offers guest sign-out
ok 1179 - Settings names guest and signed-out entry honestly and never offers guest sign-out
  ---
  duration_ms: 1.473708
  type: 'test'
  ...
# Subtest: Settings preserves authenticated identity and distinguishes synchronized from repair states
ok 1180 - Settings preserves authenticated identity and distinguishes synchronized from repair states
  ---
  duration_ms: 0.168417
  type: 'test'
  ...
# Subtest: Settings treats synced account data with durable warnings as needing attention
ok 1181 - Settings treats synced account data with durable warnings as needing attention
  ---
  duration_ms: 0.096125
  type: 'test'
  ...
# Subtest: Settings maps only the resume-required sign-out pair to canonical localized copy
ok 1182 - Settings maps only the resume-required sign-out pair to canonical localized copy
  ---
  duration_ms: 0.840958
  type: 'test'
  ...
# Subtest: Settings blocks invalid actions while account lifecycle work is busy and keeps recovery states available
ok 1183 - Settings blocks invalid actions while account lifecycle work is busy and keeps recovery states available
  ---
  duration_ms: 0.180708
  type: 'test'
  ...
# Subtest: Your data presents an explicit action/details/privacy matrix for every account state
ok 1184 - Your data presents an explicit action/details/privacy matrix for every account state
  ---
  duration_ms: 1.896333
  type: 'test'
  ...
# Subtest: Your data distinguishes the timeout recovery action from other unavailable reasons
ok 1185 - Your data distinguishes the timeout recovery action from other unavailable reasons
  ---
  duration_ms: 0.147459
  type: 'test'
  ...
# Subtest: Your data keeps details and privacy access exclusive to authenticated and exact guest states
ok 1186 - Your data keeps details and privacy access exclusive to authenticated and exact guest states
  ---
  duration_ms: 0.251958
  type: 'test'
  ...
# Subtest: Recovery-pending copy is translated in every supported data locale
ok 1187 - Recovery-pending copy is translated in every supported data locale
  ---
  duration_ms: 0.947458
  type: 'test'
  ...
# Subtest: Premium offer stacks copy and actions instead of squeezing copy beside the action
ok 1188 - Premium offer stacks copy and actions instead of squeezing copy beside the action
  ---
  duration_ms: 0.730375
  type: 'test'
  ...
# Subtest: certification exam premium admission maps each outcome explicitly
ok 1189 - certification exam premium admission maps each outcome explicitly
  ---
  duration_ms: 0.762625
  type: 'test'
  ...
# Subtest: Practice Hub keeps the exam offer visible and routes each admission outcome
ok 1190 - Practice Hub keeps the exam offer visible and routes each admission outcome
  ---
  duration_ms: 0.988375
  type: 'test'
  ...
# Subtest: answer cards show state through the card and letter without a redundant status row
ok 1191 - answer cards show state through the card and letter without a redundant status row
  ---
  duration_ms: 0.755041
  type: 'test'
  ...
# Subtest: practice and review keep correctness and selection in accessibility semantics
ok 1192 - practice and review keep correctness and selection in accessibility semantics
  ---
  duration_ms: 0.1365
  type: 'test'
  ...
# Subtest: practice completion handoff retains canonical question identity
ok 1193 - practice completion handoff retains canonical question identity
  ---
  duration_ms: 670.928375
  type: 'test'
  ...
# Subtest: both practice JSX adapters pass authored message arrays through unchanged
ok 1194 - both practice JSX adapters pass authored message arrays through unchanged
  ---
  duration_ms: 76.730542
  type: 'test'
  ...
# Subtest: Design practice JSX adapter forwards optional choice and ordering messages only from existing feedback
ok 1195 - Design practice JSX adapter forwards optional choice and ordering messages only from existing feedback
  ---
  duration_ms: 17.178208
  type: 'test'
  ...
# Subtest: Details JSX gates authored messages on expansion and keeps their text scalable
ok 1196 - Details JSX gates authored messages on expansion and keeps their text scalable
  ---
  duration_ms: 34.97225
  type: 'test'
  ...
# Subtest: structured Claude feedback renders explanatory text without leaking block metadata
ok 1197 - structured Claude feedback renders explanatory text without leaking block metadata
  ---
  duration_ms: 1.452542
  type: 'test'
  ...
# Subtest: feedback detail projection keeps scalar and nested explanatory values
ok 1198 - feedback detail projection keeps scalar and nested explanatory values
  ---
  duration_ms: 0.093625
  type: 'test'
  ...
# Subtest: practice selects a canonical pool
ok 1199 - practice selects a canonical pool
  ---
  duration_ms: 646.247667
  type: 'test'
  ...
# Subtest: GCP practice topic comes from its node mode after the diagnostic-first mode
ok 1200 - GCP practice topic comes from its node mode after the diagnostic-first mode
  ---
  duration_ms: 465.496958
  type: 'test'
  ...
# Subtest: Certification Exam Simulation is offered only for a validated prepared profile
ok 1201 - Certification Exam Simulation is offered only for a validated prepared profile
  ---
  duration_ms: 1.269375
  type: 'test'
  ...
# Subtest: Coding Mock is offered only for the validated Coding simulation profile without changing practice modes
ok 1202 - Coding Mock is offered only for the validated Coding simulation profile without changing practice modes
  ---
  duration_ms: 0.287958
  type: 'test'
  ...
# Subtest: Design Weak Area Review stays unavailable without review evidence
ok 1203 - Design Weak Area Review stays unavailable without review evidence
  ---
  duration_ms: 0.143917
  type: 'test'
  ...
# Subtest: practice session exit resets navigation above the closed session
ok 1204 - practice session exit resets navigation above the closed session
  ---
  duration_ms: 1.505042
  type: 'test'
  ...
# Subtest: practice session exit can return to the hub without a topic override
ok 1205 - practice session exit can return to the hub without a topic override
  ---
  duration_ms: 0.141167
  type: 'test'
  ...
# Subtest: the canonical Custom Practice hero opens setup without a duplicate mode row
ok 1206 - the canonical Custom Practice hero opens setup without a duplicate mode row
  ---
  duration_ms: 0.535958
  type: 'test'
  ...
# Subtest: Design mode entries open setup so learners can select the configured session length
ok 1207 - Design mode entries open setup so learners can select the configured session length
  ---
  duration_ms: 0.155
  type: 'test'
  ...
# Subtest: Claude structured question presentation is selected only from canonical track identity
ok 1208 - Claude structured question presentation is selected only from canonical track identity
  ---
  duration_ms: 1.477958
  type: 'test'
  ...
# Subtest: structured presentation preserves authored prompt and constraint strings
ok 1209 - structured presentation preserves authored prompt and constraint strings
  ---
  duration_ms: 0.363292
  type: 'test'
  ...
# Subtest: structured constraints have localized semantics and stable identity
ok 1210 - structured constraints have localized semantics and stable identity
  ---
  duration_ms: 0.229167
  type: 'test'
  ...
# Subtest: primary session CTA routes activations through the phase-identity carry-over guard
ok 1211 - primary session CTA routes activations through the phase-identity carry-over guard
  ---
  duration_ms: 0.455167
  type: 'test'
  ...
# Subtest: fixture chrome reuses the Practice shell slots without adding a nested scroll owner
ok 1212 - fixture chrome reuses the Practice shell slots without adding a nested scroll owner
  ---
  duration_ms: 0.636833
  type: 'test'
  ...
# Subtest: practice screens turn unsupported package, topic, and mode reads into exits
ok 1213 - practice screens turn unsupported package, topic, and mode reads into exits
  ---
  duration_ms: 1.8455
  type: 'test'
  ...
# Subtest: Design simulation uses its dedicated result and cannot enter objective setup
ok 1214 - Design simulation uses its dedicated result and cannot enter objective setup
  ---
  duration_ms: 0.319042
  type: 'test'
  ...
# Subtest: all selected Design modes require Premium admission before their canonical route
ok 1215 - all selected Design modes require Premium admission before their canonical route
  ---
  duration_ms: 0.361166
  type: 'test'
  ...
# Subtest: practice route changes cannot submit stale setup controls and preserve track identity
ok 1216 - practice route changes cannot submit stale setup controls and preserve track identity
  ---
  duration_ms: 0.435084
  type: 'test'
  ...
# Subtest: changing track returns through the Home root and drops practice route overrides
ok 1217 - changing track returns through the Home root and drops practice route overrides
  ---
  duration_ms: 0.137084
  type: 'test'
  ...
# Subtest: Hub uses its displayed primary mode and package length defaults
ok 1218 - Hub uses its displayed primary mode and package length defaults
  ---
  duration_ms: 0.137792
  type: 'test'
  ...
# Subtest: Home practice navigation preserves track identity and unavailable topics keep their context
ok 1219 - Home practice navigation preserves track identity and unavailable topics keep their context
  ---
  duration_ms: 0.340708
  type: 'test'
  ...
# Subtest: all practice runners prevent native removal and replay the exact action after leave confirmation
ok 1220 - all practice runners prevent native removal and replay the exact action after leave confirmation
  ---
  duration_ms: 0.513125
  type: 'test'
  ...
# Subtest: Certification and Design unlock actions only after the refreshed projection commits
ok 1221 - Certification and Design unlock actions only after the refreshed projection commits
  ---
  duration_ms: 0.866458
  type: 'test'
  ...
# Subtest: Custom Practice accepts its package-declared length and persists its selected feedback timing
ok 1222 - Custom Practice accepts its package-declared length and persists its selected feedback timing
  ---
  duration_ms: 423.763166
  type: 'test'
  ...
# Subtest: Coding Interview simulation resume targets its durable profile route
ok 1223 - Coding Interview simulation resume targets its durable profile route
  ---
  duration_ms: 1.251125
  type: 'test'
  ...
# Subtest: Custom Practice setup rejects every unsupported session length
ok 1224 - Custom Practice setup rejects every unsupported session length
  ---
  duration_ms: 0.243292
  type: 'test'
  ...
# Subtest: Custom Practice requires a selected timing while predefined Algorithms modes retain fixed timings
ok 1225 - Custom Practice requires a selected timing while predefined Algorithms modes retain fixed timings
  ---
  duration_ms: 0.151208
  type: 'test'
  ...
# Subtest: rejects an Algorithms session length that the selected mode does not declare
ok 1226 - rejects an Algorithms session length that the selected mode does not declare
  ---
  duration_ms: 0.081291
  type: 'test'
  ...
# Subtest: Independent Practice direct entry fails because it is excluded from the bundled Free package
ok 1227 - Independent Practice direct entry fails because it is excluded from the bundled Free package
  ---
  duration_ms: 0.113417
  type: 'test'
  ...
# Subtest: Certification resume routes preserve exact immutable configuration for package modes
ok 1228 - Certification resume routes preserve exact immutable configuration for package modes
  ---
  duration_ms: 0.581417
  type: 'test'
  ...
# Subtest: Certification resume rejects stale, cross-track, exam, and non-active sessions explicitly
ok 1229 - Certification resume rejects stale, cross-track, exam, and non-active sessions explicitly
  ---
  duration_ms: 0.34125
  type: 'test'
  ...
# Subtest: only Claude Focus exposes selectable feedback while other Certification setup stays fixed
ok 1230 - only Claude Focus exposes selectable feedback while other Certification setup stays fixed
  ---
  duration_ms: 0.452459
  type: 'test'
  ...
# Subtest: Practice Setup uses the package default until the learner or route selects a supported length
ok 1231 - Practice Setup uses the package default until the learner or route selects a supported length
  ---
  duration_ms: 0.24225
  type: 'test'
  ...
# Subtest: every active track has the contract-defined Practice exit copy
ok 1232 - every active track has the contract-defined Practice exit copy
  ---
  duration_ms: 1.569958
  type: 'test'
  ...
# Subtest: Practice exit rejects missing and unknown track identities without a fallback
ok 1233 - Practice exit rejects missing and unknown track identities without a fallback
  ---
  duration_ms: 0.275292
  type: 'test'
  ...
# Subtest: Practice presentation never discloses feedback before the durable feedback boundary
ok 1234 - Practice presentation never discloses feedback before the durable feedback boundary
  ---
  duration_ms: 0.859667
  type: 'test'
  ...
# Subtest: Practice presentation permits response edits before a journal exists
ok 1235 - Practice presentation permits response edits before a journal exists
  ---
  duration_ms: 0.118292
  type: 'test'
  ...
# Subtest: Practice action model separates final feedback from the durable Finish command
ok 1236 - Practice action model separates final feedback from the durable Finish command
  ---
  duration_ms: 1.216167
  type: 'test'
  ...
# Subtest: Deferred feedback keeps the submit CTA and saving status aligned
ok 1237 - Deferred feedback keeps the submit CTA and saving status aligned
  ---
  duration_ms: 0.142125
  type: 'test'
  ...
# Subtest: Practice pending phases retain a stable unsafe-action lock
ok 1238 - Practice pending phases retain a stable unsafe-action lock
  ---
  duration_ms: 0.082583
  type: 'test'
  ...
# Subtest: primary action carry-over guard blocks only fast phase changes and permits same-phase retries
ok 1239 - primary action carry-over guard blocks only fast phase changes and permits same-phase retries
  ---
  duration_ms: 0.148458
  type: 'test'
  ...
# Subtest: Practice operation notice mapping remains one family-neutral interpretation
ok 1240 - Practice operation notice mapping remains one family-neutral interpretation
  ---
  duration_ms: 0.223584
  type: 'test'
  ...
# Subtest: Durable recovery notices stay learner-facing in English and Polish
ok 1241 - Durable recovery notices stay learner-facing in English and Polish
  ---
  duration_ms: 2.515792
  type: 'test'
  ...
# Subtest: Premium session preparation failures map to localized next steps
ok 1242 - Premium session preparation failures map to localized next steps
  ---
  duration_ms: 3.589542
  type: 'test'
  ...
# Subtest: Practice local choice selection survives only the same editable occurrence
ok 1243 - Practice local choice selection survives only the same editable occurrence
  ---
  duration_ms: 0.70525
  type: 'test'
  ...
# Subtest: Scoped local response preserves all authored control types for the same editable occurrence
ok 1244 - Scoped local response preserves all authored control types for the same editable occurrence
  ---
  duration_ms: 0.157208
  type: 'test'
  ...
# Subtest: Scoped local response resets when the session or occurrence identity changes
ok 1245 - Scoped local response resets when the session or occurrence identity changes
  ---
  duration_ms: 0.068958
  type: 'test'
  ...
# Subtest: Scoped durable response is authoritative over an unsent local response
ok 1246 - Scoped durable response is authoritative over an unsent local response
  ---
  duration_ms: 0.06175
  type: 'test'
  ...
# Subtest: Practice durable choice response wins and response-less locked state clears
ok 1247 - Practice durable choice response wins and response-less locked state clears
  ---
  duration_ms: 0.061083
  type: 'test'
  ...
# Subtest: Practice response renderer consumes application feedback states without scoring in UI
ok 1248 - Practice response renderer consumes application feedback states without scoring in UI
  ---
  duration_ms: 0.170125
  type: 'test'
  ...
# Subtest: Single-select feedback projects selected-correct and every remaining disabled state
ok 1249 - Single-select feedback projects selected-correct and every remaining disabled state
  ---
  duration_ms: 0.064459
  type: 'test'
  ...
# Subtest: The visible ordering is a complete response before the learner moves an element
ok 1250 - The visible ordering is a complete response before the learner moves an element
  ---
  duration_ms: 0.209834
  type: 'test'
  ...
# Subtest: Practice feedback labels distinguish selection from correctness
ok 1251 - Practice feedback labels distinguish selection from correctness
  ---
  duration_ms: 0.06375
  type: 'test'
  ...
# Subtest: Practice checked semantics include only answers the learner selected
ok 1252 - Practice checked semantics include only answers the learner selected
  ---
  duration_ms: 8.417667
  type: 'test'
  ...
# Subtest: source links expose exact targets and unavailable has no press handler
ok 1253 - source links expose exact targets and unavailable has no press handler
  ---
  duration_ms: 0.777041
  type: 'test'
  ...
# Subtest: source open failure is explicit and never changes answer or report state
ok 1254 - source open failure is explicit and never changes answer or report state
  ---
  duration_ms: 0.189833
  type: 'test'
  ...
# Subtest: every canonical practice session preserves projected sources at the shared feedback boundary
ok 1255 - every canonical practice session preserves projected sources at the shared feedback boundary
  ---
  duration_ms: 0.09275
  type: 'test'
  ...
# Subtest: fresh response requires exactly one matching provider-backed item with strict UTC dates
ok 1256 - fresh response requires exactly one matching provider-backed item with strict UTC dates
  ---
  duration_ms: 2.400167
  type: 'test'
  ...
# Subtest: confirmed account change removes the previous account cache and fails closed if removal fails
ok 1257 - confirmed account change removes the previous account cache and fails closed if removal fails
  ---
  duration_ms: 0.566792
  type: 'test'
  ...
# Subtest: active and grace expire exactly at their provider dates; negative states deny
ok 1258 - active and grace expire exactly at their provider dates; negative states deny
  ---
  duration_ms: 0.383958
  type: 'test'
  ...
# Subtest: clock rollback and account switch deny, and a fresh response cannot reduce observed wall time
ok 1259 - clock rollback and account switch deny, and a fresh response cannot reduce observed wall time
  ---
  duration_ms: 0.137792
  type: 'test'
  ...
# Subtest: cache writes before offline authorization; failed writes, invalid refresh and account change fail closed
ok 1260 - cache writes before offline authorization; failed writes, invalid refresh and account change fail closed
  ---
  duration_ms: 1.330666
  type: 'test'
  ...
# Subtest: content reports are reachable from canonical practice details
ok 1261 - content reports are reachable from canonical practice details
  ---
  duration_ms: 0.917
  type: 'test'
  ...
# Subtest: report affordance uses the canonical bounded button without changing its open-only action
ok 1262 - report affordance uses the canonical bounded button without changing its open-only action
  ---
  duration_ms: 0.858375
  type: 'test'
  ...
# Subtest: report input is intentionally content-free beyond bounded item context
ok 1263 - report input is intentionally content-free beyond bounded item context
  ---
  duration_ms: 0.216042
  type: 'test'
  ...
# Subtest: guest report disclosure is short by default and exposes accessible details
ok 1264 - guest report disclosure is short by default and exposes accessible details
  ---
  duration_ms: 0.151834
  type: 'test'
  ...
# Subtest: Review presents unavailable entries in a separate section with scoped removal confirmation
ok 1265 - Review presents unavailable entries in a separate section with scoped removal confirmation
  ---
  duration_ms: 0.615833
  type: 'test'
  ...
# Subtest: review screen keeps unavailable rows out of due and upcoming sections
ok 1266 - review screen keeps unavailable rows out of due and upcoming sections
  ---
  duration_ms: 3.191458
  type: 'test'
  ...
# Subtest: track presentation exposes only the concrete Google Cloud track
ok 1267 - track presentation exposes only the concrete Google Cloud track
  ---
  duration_ms: 0.641875
  type: 'test'
  ...
# Subtest: active track naming is complete in the Polish presentation dictionary
ok 1268 - active track naming is complete in the Polish presentation dictionary
  ---
  duration_ms: 2.281917
  type: 'test'
  ...
# Subtest: review presentation uses the concrete track title when taxonomy context is absent
ok 1269 - review presentation uses the concrete track title when taxonomy context is absent
  ---
  duration_ms: 6.195083
  type: 'test'
  ...
# Subtest: review translates known track and cloud taxonomy labels while preserving authored taxonomy
ok 1270 - review translates known track and cloud taxonomy labels while preserving authored taxonomy
  ---
  duration_ms: 0.464041
  type: 'test'
  ...
# Subtest: dynamic track titles cross the translation boundary and long header copy can shrink
ok 1271 - dynamic track titles cross the translation boundary and long header copy can shrink
  ---
  duration_ms: 1.430459
  type: 'test'
  ...
# Subtest: rapid typing coalesces to the latest value
ok 1272 - rapid typing coalesces to the latest value
  ---
  duration_ms: 186.479667
  type: 'test'
  ...
# Subtest: an edit arriving during a write is persisted after it
ok 1273 - an edit arriving during a write is persisted after it
  ---
  duration_ms: 0.572875
  type: 'test'
  ...
# Subtest: one drain preserves dirty values for multiple stages
ok 1274 - one drain preserves dirty values for multiple stages
  ---
  duration_ms: 181.208875
  type: 'test'
  ...
# Subtest: failure retains dirty data and a later flush retries it
ok 1275 - failure retains dirty data and a later flush retries it
  ---
  duration_ms: 182.968375
  type: 'test'
  ...
# Subtest: flush waits for the latest in-flight edit before resolving
ok 1276 - flush waits for the latest in-flight edit before resolving
  ---
  duration_ms: 0.332042
  type: 'test'
  ...
# Subtest: a local response draft is visible only for its own occurrence
ok 1277 - a local response draft is visible only for its own occurrence
  ---
  duration_ms: 0.640625
  type: 'test'
  ...
# Subtest: save transition clears before projection refresh and restores the keyed draft on failure
ok 1278 - save transition clears before projection refresh and restores the keyed draft on failure
  ---
  duration_ms: 0.946
  type: 'test'
  ...
# Subtest: practice SessionShell uses natural action geometry while simulation keeps its fixed footer
ok 1279 - practice SessionShell uses natural action geometry while simulation keeps its fixed footer
  ---
  duration_ms: 2.350541
  type: 'test'
  ...
# Subtest: SessionShell keeps the Figma top bar in one row at large text
ok 1280 - SessionShell keeps the Figma top bar in one row at large text
  ---
  duration_ms: 1.495458
  type: 'test'
  ...
# Subtest: SessionShell keeps chrome readable without allowing it to crowd out authored content
ok 1281 - SessionShell keeps chrome readable without allowing it to crowd out authored content
  ---
  duration_ms: 0.080958
  type: 'test'
  ...
# Subtest: session timers keep the Figma value-only visual label while retaining spoken context
ok 1282 - session timers keep the Figma value-only visual label while retaining spoken context
  ---
  duration_ms: 0.403417
  type: 'test'
  ...
# Subtest: Practice sessions reset their scroll viewport when the canonical item changes
ok 1283 - Practice sessions reset their scroll viewport when the canonical item changes
  ---
  duration_ms: 0.1955
  type: 'test'
  ...
# Subtest: Button chrome remains usable while supporting up to 200 percent text
ok 1284 - Button chrome remains usable while supporting up to 200 percent text
  ---
  duration_ms: 0.05225
  type: 'test'
  ...
# Subtest: final simulation action saves an answered response before finish and lets an unanswered final occurrence finish
ok 1285 - final simulation action saves an answered response before finish and lets an unanswered final occurrence finish
  ---
  duration_ms: 1.516833
  type: 'test'
  ...
# Subtest: simulation question navigator has the approved states, accessible labels, and large-text grid adaptation
ok 1286 - simulation question navigator has the approved states, accessible labels, and large-text grid adaptation
  ---
  duration_ms: 1.08125
  type: 'test'
  ...
# Subtest: simulation operation surface renders only declared state actions and never a generic retry
ok 1287 - simulation operation surface renders only declared state actions and never a generic retry
  ---
  duration_ms: 1.628
  type: 'test'
  ...
# Subtest: navigator jumps retain the current question in an explicit locked presentation
ok 1288 - navigator jumps retain the current question in an explicit locked presentation
  ---
  duration_ms: 0.142167
  type: 'test'
  ...
# Subtest: button loading decoration stays outside the accessible busy control
ok 1289 - button loading decoration stays outside the accessible busy control
  ---
  duration_ms: 0.158041
  type: 'test'
  ...
# Subtest: simulation pause/end uses one Figma action sheet and keeps the destructive command reachable
ok 1290 - simulation pause/end uses one Figma action sheet and keeps the destructive command reachable
  ---
  duration_ms: 0.253
  type: 'test'
  ...
# Subtest: simulation finish confirmation uses the Figma action-required copy and review dismissal
ok 1291 - simulation finish confirmation uses the Figma action-required copy and review dismissal
  ---
  duration_ms: 0.213334
  type: 'test'
  ...
# Subtest: simulation result presentation distinguishes pending, verified, scoreless, and rejected reads
ok 1292 - simulation result presentation distinguishes pending, verified, scoreless, and rejected reads
  ---
  duration_ms: 0.687791
  type: 'test'
  ...
# Subtest: keyed result reads discard a previous request after the session changes
ok 1293 - keyed result reads discard a previous request after the session changes
  ---
  duration_ms: 1.518875
  type: 'test'
  ...
# Subtest: focus loss and unmount invalidation prevent late read errors from publishing
ok 1294 - focus loss and unmount invalidation prevent late read errors from publishing
  ---
  duration_ms: 0.130833
  type: 'test'
  ...
# Subtest: retry starts a new generation and publishes only its successful result
ok 1295 - retry starts a new generation and publishes only its successful result
  ---
  duration_ms: 0.118542
  type: 'test'
  ...
# Subtest: blur or unmount invalidates the latest retry token
ok 1296 - blur or unmount invalidates the latest retry token
  ---
  duration_ms: 0.176
  type: 'test'
  ...
# Subtest: the current rejected result read stays an explicit error
ok 1297 - the current rejected result read stays an explicit error
  ---
  duration_ms: 0.110875
  type: 'test'
  ...
# Subtest: non-final simulation CTA labels, disables, and invokes only save-and-continue
ok 1298 - non-final simulation CTA labels, disables, and invokes only save-and-continue
  ---
  duration_ms: 1.397458
  type: 'test'
  ...
# Subtest: an unanswered non-final simulation occurrence keeps the Figma Save and continue CTA disabled
ok 1299 - an unanswered non-final simulation occurrence keeps the Figma Save and continue CTA disabled
  ---
  duration_ms: 0.101125
  type: 'test'
  ...
# Subtest: simulation result and review are exposed only through the verified result reader
ok 1300 - simulation result and review are exposed only through the verified result reader
  ---
  duration_ms: 1.114083
  type: 'test'
  ...
# Subtest: active simulation surface fills the viewport and keeps navigator presentation outside the approved active screen
ok 1301 - active simulation surface fills the viewport and keeps navigator presentation outside the approved active screen
  ---
  duration_ms: 0.290291
  type: 'test'
  ...
# Subtest: simulation confirmation reuses the session chrome owner with its Figma frozen-state geometry
ok 1302 - simulation confirmation reuses the session chrome owner with its Figma frozen-state geometry
  ---
  duration_ms: 0.287541
  type: 'test'
  ...
# Subtest: simulation preparation owns neutral question and response geometry
ok 1303 - simulation preparation owns neutral question and response geometry
  ---
  duration_ms: 0.177375
  type: 'test'
  ...
# Subtest: simulation statuses localize their projection copy and expose pending operation semantics
ok 1304 - simulation statuses localize their projection copy and expose pending operation semantics
  ---
  duration_ms: 0.120166
  type: 'test'
  ...
# Subtest: Simulation navigator accepts complete unique projections for each supported session length
ok 1305 - Simulation navigator accepts complete unique projections for each supported session length
  ---
  duration_ms: 0.789625
  type: 'test'
  ...
# Subtest: Simulation completion metrics are withheld before the verified completed projection
ok 1306 - Simulation completion metrics are withheld before the verified completed projection
  ---
  duration_ms: 0.117583
  type: 'test'
  ...
# Subtest: all seven locales preserve namespace, key, leaf, array and token contracts
ok 1307 - all seven locales preserve namespace, key, leaf, array and token contracts
  ---
  duration_ms: 58.727209
  type: 'test'
  ...
# Subtest: plural suffix groups match the English source
ok 1308 - plural suffix groups match the English source
  ---
  duration_ms: 17.851583
  type: 'test'
  ...
# Subtest: identical English values stay within the reviewed exception list
ok 1309 - identical English values stay within the reviewed exception list
  ---
  duration_ms: 18.802125
  type: 'test'
  ...
# Subtest: i18next has no language or namespace fallback
ok 1310 - i18next has no language or namespace fallback
  ---
  duration_ms: 2.842541
  type: 'test'
  ...
# Subtest: translation AST collection stays on literal first arguments
ok 1311 - translation AST collection stays on literal first arguments
  ---
  duration_ms: 393.051833
  type: 'test'
  ...
# Subtest: scoped Practice, result, review, and session-shell literals exist in both locales
ok 1312 - scoped Practice, result, review, and session-shell literals exist in both locales
  ---
  duration_ms: 113.202042
  type: 'test'
  ...
# Subtest: practice presentation output strings are keys in both locales
ok 1313 - practice presentation output strings are keys in both locales
  ---
  duration_ms: 0.692333
  type: 'test'
  ...
# Subtest: admitted practice mode titles, details, and unavailable reasons are locale keys
ok 1314 - admitted practice mode titles, details, and unavailable reasons are locale keys
  ---
  duration_ms: 0.975667
  type: 'test'
  ...
# Subtest: local remote-client boundary is explicit and has no implicit endpoint
ok 1315 - local remote-client boundary is explicit and has no implicit endpoint
  ---
  duration_ms: 1.604125
  type: 'test'
  ...
# Subtest: public environment accepts the complete sandbox-only Firebase domain configuration
ok 1316 - public environment accepts the complete sandbox-only Firebase domain configuration
  ---
  duration_ms: 0.523959
  type: 'test'
  ...
# Subtest: public environment rejects extra keys, incomplete values, unsafe URLs, and production Firebase defaults
ok 1317 - public environment rejects extra keys, incomplete values, unsafe URLs, and production Firebase defaults
  ---
  duration_ms: 0.435917
  type: 'test'
  ...
# Subtest: runtime privacy keeps console and raw errors forbidden inside adapters and rejects sibling client paths
ok 1318 - runtime privacy keeps console and raw errors forbidden inside adapters and rejects sibling client paths
  ---
  duration_ms: 684.956042
  type: 'test'
  ...
# Subtest: explicit local fixture works only inside the development smoke boundary
ok 1319 - explicit local fixture works only inside the development smoke boundary
  ---
  duration_ms: 0.886458
  type: 'test'
  ...
# Subtest: client rejects an unconfigured environment and missing authentication
ok 1320 - client rejects an unconfigured environment and missing authentication
  ---
  duration_ms: 3.434792
  type: 'test'
  ...
# Subtest: account session exchange sends an empty authenticated request and parses its custom token
ok 1321 - account session exchange sends an empty authenticated request and parses its custom token
  ---
  duration_ms: 39.028334
  type: 'test'
  ...
# Subtest: account session exchange rejects a missing custom token
ok 1322 - account session exchange rejects a missing custom token
  ---
  duration_ms: 0.350709
  type: 'test'
  ...
# Subtest: account registration validates and preserves distinct Terms and Privacy evidence
ok 1323 - account registration validates and preserves distinct Terms and Privacy evidence
  ---
  duration_ms: 1.156542
  type: 'test'
  ...
# Subtest: session revocation accepts only the exact operation and a nonempty replacement token
ok 1324 - session revocation accepts only the exact operation and a nonempty replacement token
  ---
  duration_ms: 1.919916
  type: 'test'
  ...
# Subtest: recovery operation methods use the canonical paths, proof body, and authentication modes
ok 1325 - recovery operation methods use the canonical paths, proof body, and authentication modes
  ---
  duration_ms: 1.7155
  type: 'test'
  ...
# Subtest: recovery operation parsers reject malformed, mismatched, and extended server results
ok 1326 - recovery operation parsers reject malformed, mismatched, and extended server results
  ---
  duration_ms: 1.863834
  type: 'test'
  ...
# Subtest: recovery calls reject invalid operation IDs and proofs before token acquisition or network use
ok 1327 - recovery calls reject invalid operation IDs and proofs before token acquisition or network use
  ---
  duration_ms: 0.192125
  type: 'test'
  ...
# Subtest: recovery calls preserve typed server failures and Retry-After
ok 1328 - recovery calls preserve typed server failures and Retry-After
  ---
  duration_ms: 0.3985
  type: 'test'
  ...
# Subtest: content package transport uses the authenticated App Check API and returns binary response headers
ok 1329 - content package transport uses the authenticated App Check API and returns binary response headers
  ---
  duration_ms: 6.721959
  type: 'test'
  ...
# Subtest: content package transport caps streamed response bodies at two MiB
ok 1330 - content package transport caps streamed response bodies at two MiB
  ---
  duration_ms: 0.501667
  type: 'test'
  ...
# Subtest: content package transport preserves typed backend admission codes
ok 1331 - content package transport preserves typed backend admission codes
  ---
  duration_ms: 0.729792
  type: 'test'
  ...
# Subtest: mobile requests fail before transport when App Check is unavailable
ok 1332 - mobile requests fail before transport when App Check is unavailable
  ---
  duration_ms: 0.157583
  type: 'test'
  ...
# Subtest: canonical progress transport has no protocol query or version labels
ok 1333 - canonical progress transport has no protocol query or version labels
  ---
  duration_ms: 1.081458
  type: 'test'
  ...
# Subtest: client rejects removed protocol fields before sending a sync request
ok 1334 - client rejects removed protocol fields before sending a sync request
  ---
  duration_ms: 0.114709
  type: 'test'
  ...
# Subtest: client accepts canonical identity lengths supported by content
ok 1335 - client accepts canonical identity lengths supported by content
  ---
  duration_ms: 0.50425
  type: 'test'
  ...
# Subtest: client turns removed identity metadata in a response into a schema conflict
ok 1336 - client turns removed identity metadata in a response into a schema conflict
  ---
  duration_ms: 5.236292
  type: 'test'
  ...
# Subtest: Apple nonce boundary hashes the Expo request and preserves the Firebase raw nonce
ok 1337 - Apple nonce boundary hashes the Expo request and preserves the Firebase raw nonce
  ---
  duration_ms: 1.304417
  type: 'test'
  ...
# Subtest: authorization generation claim identifies exchanged sessions and rejects malformed values
ok 1338 - authorization generation claim identifies exchanged sessions and rejects malformed values
  ---
  duration_ms: 0.326792
  type: 'test'
  ...
# Subtest: authorization generation reads force-refresh claims for the same current Firebase identity
ok 1339 - authorization generation reads force-refresh claims for the same current Firebase identity
  ---
  duration_ms: 0.972667
  type: 'test'
  ...
# Subtest: authorization generation refresh rejects a result after the Firebase identity changes
ok 1340 - authorization generation refresh rejects a result after the Firebase identity changes
  ---
  duration_ms: 0.150375
  type: 'test'
  ...
# Subtest: local Firebase sign-out retries and verifies persisted-user removal after SDK persistence rejection
ok 1341 - local Firebase sign-out retries and verifies persisted-user removal after SDK persistence rejection
  ---
  duration_ms: 0.320667
  type: 'test'
  ...
# Subtest: local Firebase sign-out stays failed if Auth still has a user or persistence cannot be verified
ok 1342 - local Firebase sign-out stays failed if Auth still has a user or persistence cannot be verified
  ---
  duration_ms: 0.269375
  type: 'test'
  ...
# Subtest: Firebase configuration exposes the deny-all rules and the one semantic account-record index
ok 1343 - Firebase configuration exposes the deny-all rules and the one semantic account-record index
  ---
  duration_ms: 3.18625
  type: 'test'
  ...
# Subtest: keeps pre-market Firebase Hosting unpublished and loopback-only
ok 1344 - keeps pre-market Firebase Hosting unpublished and loopback-only
  ---
  duration_ms: 101.984417
  type: 'test'
  ...
# Subtest: provider fixture URL accepts only the strict local emulator command and opaque identity
ok 1345 - provider fixture URL accepts only the strict local emulator command and opaque identity
  ---
  duration_ms: 2.753583
  type: 'test'
  ...
# Subtest: provider fixture URL rejects extra, duplicate, reordered, malformed, and credential-bearing parameters
ok 1346 - provider fixture URL rejects extra, duplicate, reordered, malformed, and credential-bearing parameters
  ---
  duration_ms: 0.850791
  type: 'test'
  ...
# Subtest: provider fixture guard requires explicit development smoke and loopback emulator/API project
ok 1347 - provider fixture guard requires explicit development smoke and loopback emulator/API project
  ---
  duration_ms: 0.206417
  type: 'test'
  ...
# Subtest: Google mock OIDC token uses a stable synthetic subject and no real account fields
ok 1348 - Google mock OIDC token uses a stable synthetic subject and no real account fields
  ---
  duration_ms: 1.799666
  type: 'test'
  ...
# Subtest: Apple fixture feeds a fresh raw nonce through the production OAuthCredential builder
ok 1349 - Apple fixture feeds a fresh raw nonce through the production OAuthCredential builder
  ---
  duration_ms: 0.894459
  type: 'test'
  ...
# Subtest: Firebase Auth Emulator is unavailable outside explicit development E2E
ok 1350 - Firebase Auth Emulator is unavailable outside explicit development E2E
  ---
  duration_ms: 0.793667
  type: 'test'
  ...
# Subtest: Firebase Auth Emulator requires the canonical local development origin
ok 1351 - Firebase Auth Emulator requires the canonical local development origin
  ---
  duration_ms: 0.196416
  type: 'test'
  ...
# Subtest: local builds keep public legal links explicitly unavailable without configuration
ok 1352 - local builds keep public legal links explicitly unavailable without configuration
  ---
  duration_ms: 1.052125
  type: 'test'
  ...
# Subtest: missing public URL fails closed instead of inferring a destination
ok 1353 - missing public URL fails closed instead of inferring a destination
  ---
  duration_ms: 1.121458
  type: 'test'
  ...
# Subtest: configured public legal links preserve the validated contract destinations
ok 1354 - configured public legal links preserve the validated contract destinations
  ---
  duration_ms: 0.624292
  type: 'test'
  ...
# Subtest: canonical serialization sorts object keys without changing array order
ok 1355 - canonical serialization sorts object keys without changing array order
  ---
  duration_ms: 0.745708
  type: 'test'
  ...
# Subtest: fingerprint payload carries the canonical serializer version
ok 1356 - fingerprint payload carries the canonical serializer version
  ---
  duration_ms: 0.1445
  type: 'test'
  ...
# Subtest: canonical-json-v1 is NFC-normalized, rejects duplicate keys, and counts UTF-8 bytes
ok 1357 - canonical-json-v1 is NFC-normalized, rejects duplicate keys, and counts UTF-8 bytes
  ---
  duration_ms: 0.607917
  type: 'test'
  ...
# Subtest: SHA-256 identities are stable, opaque, and response-sensitive
ok 1358 - SHA-256 identities are stable, opaque, and response-sensitive
  ---
  duration_ms: 0.367458
  type: 'test'
  ...
# Subtest: native byte hashing passes an owned TypedArray to expo-crypto
ok 1359 - native byte hashing passes an owned TypedArray to expo-crypto
  ---
  duration_ms: 0.668166
  type: 'test'
  ...
# Subtest: platform-neutral SHA-256 matches standard UTF-8 vectors
ok 1360 - platform-neutral SHA-256 matches standard UTF-8 vectors
  ---
  duration_ms: 0.944917
  type: 'test'
  ...
# Subtest: session identity is anchored to canonical track, version, and artifact SHA
ok 1361 - session identity is anchored to canonical track, version, and artifact SHA
  ---
  duration_ms: 563.86125
  type: 'test'
  ...
# Subtest: goal days map to Expo weekly weekdays where Sunday is one
ok 1362 - goal days map to Expo weekly weekdays where Sunday is one
  ---
  duration_ms: 1.008125
  type: 'test'
  ...
# Subtest: config requires non-empty key and authenticated account
ok 1363 - config requires non-empty key and authenticated account
  ---
  duration_ms: 0.656958
  type: 'test'
  ...
# Subtest: adapter is iOS-only and validates monthly product terms
ok 1364 - adapter is iOS-only and validates monthly product terms
  ---
  duration_ms: 0.35475
  type: 'test'
  ...
# Subtest: purchase cancellation and failures are explicit
ok 1365 - purchase cancellation and failures are explicit
  ---
  duration_ms: 0.199
  type: 'test'
  ...
# Subtest: configuration is single-flight across concurrent actions
ok 1366 - configuration is single-flight across concurrent actions
  ---
  duration_ms: 0.209458
  type: 'test'
  ...
# Subtest: copy stores only a digest and schedules cleanup for five minutes
ok 1367 - copy stores only a digest and schedules cleanup for five minutes
  ---
  duration_ms: 1.157333
  type: 'test'
  ...
# Subtest: expired unchanged recovery codes are cleared
ok 1368 - expired unchanged recovery codes are cleared
  ---
  duration_ms: 0.249416
  type: 'test'
  ...
# Subtest: scheduled timer callback performs the due cleanup
ok 1369 - scheduled timer callback performs the due cleanup
  ---
  duration_ms: 2.448625
  type: 'test'
  ...
# Subtest: later clipboard content is never removed
ok 1370 - later clipboard content is never removed
  ---
  duration_ms: 0.32
  type: 'test'
  ...
# Subtest: restart reconciliation schedules a pending cleanup without reading the clipboard early
ok 1371 - restart reconciliation schedules a pending cleanup without reading the clipboard early
  ---
  duration_ms: 0.199333
  type: 'test'
  ...
# Subtest: copy failure rolls back unchanged clipboard content instead of leaving an unmanaged secret
ok 1372 - copy failure rolls back unchanged clipboard content instead of leaving an unmanaged secret
  ---
  duration_ms: 0.3465
  type: 'test'
  ...
# Subtest: durable marker is written before recovery codes reach the clipboard
ok 1373 - durable marker is written before recovery codes reach the clipboard
  ---
  duration_ms: 1.04825
  type: 'test'
  ...
# Subtest: failed system cleanup keeps the marker and schedules a retry
ok 1374 - failed system cleanup keeps the marker and schedules a retry
  ---
  duration_ms: 0.262208
  type: 'test'
  ...
# Subtest: an uncertain rejected clipboard write preserves recovery when the written value cannot be cleared
ok 1375 - an uncertain rejected clipboard write preserves recovery when the written value cannot be cleared
  ---
  duration_ms: 0.361291
  type: 'test'
  ...
# Subtest: vault round-trips only the versioned recovery record and clears it
ok 1376 - vault round-trips only the versioned recovery record and clears it
  ---
  duration_ms: 2.125958
  type: 'test'
  ...
# Subtest: vault persists a strict current-account defer marker in the retained issue record
ok 1377 - vault persists a strict current-account defer marker in the retained issue record
  ---
  duration_ms: 0.675916
  type: 'test'
  ...
# Subtest: vault rejects malformed records without leaking parser errors or deleting evidence
ok 1378 - vault rejects malformed records without leaking parser errors or deleting evidence
  ---
  duration_ms: 0.173792
  type: 'test'
  ...
# Subtest: vault rejects duplicate or malformed recovery codes before storage
ok 1379 - vault rejects duplicate or malformed recovery codes before storage
  ---
  duration_ms: 0.113459
  type: 'test'
  ...
# Subtest: vault round-trips exactly one same-account replacement backup without recursive lineage
ok 1380 - vault round-trips exactly one same-account replacement backup without recursive lineage
  ---
  duration_ms: 0.160292
  type: 'test'
  ...
# Subtest: vault rejects replacement backups with mismatched identity, operation ID, or recursive/extended shape
ok 1381 - vault rejects replacement backups with mismatched identity, operation ID, or recursive/extended shape
  ---
  duration_ms: 0.6645
  type: 'test'
  ...
# Subtest: vault reports write and clear failures explicitly
ok 1382 - vault reports write and clear failures explicitly
  ---
  duration_ms: 0.185666
  type: 'test'
  ...
# Subtest: a fresh install creates only an encrypted canonical slot
ok 1383 - a fresh install creates only an encrypted canonical slot
  ---
  duration_ms: 3.5505
  type: 'test'
  ...
# Subtest: legacy data is copied, verified and encrypted before ready, then purged after a cold reopen
ok 1384 - legacy data is copied, verified and encrypted before ready, then purged after a cold reopen
  ---
  duration_ms: 6.579458
  type: 'test'
  ...
# Subtest: every interrupted manifest transition resumes without losing the legacy source
ok 1385 - every interrupted manifest transition resumes without losing the legacy source
  ---
  duration_ms: 20.640959
  type: 'test'
  ...
# Subtest: requested key rotation switches slots without losing data and removes the old key after a cold reopen
ok 1386 - requested key rotation switches slots without losing data and removes the old key after a cold reopen
  ---
  duration_ms: 2.692209
  type: 'test'
  ...
# Subtest: missing keys and corrupt manifests fail closed
ok 1387 - missing keys and corrupt manifests fail closed
  ---
  duration_ms: 1.211667
  type: 'test'
  ...
# Subtest: closed storage failure codes survive a native module realm boundary without message parsing
ok 1388 - closed storage failure codes survive a native module realm boundary without message parsing
  ---
  duration_ms: 0.234959
  type: 'test'
  ...
# Subtest: a completed store still requires its immutable transfer marker
ok 1389 - a completed store still requires its immutable transfer marker
  ---
  duration_ms: 1.207875
  type: 'test'
  ...
# Subtest: explicit unavailable-data reset removes slots, manifests and keys
ok 1390 - explicit unavailable-data reset removes slots, manifests and keys
  ---
  duration_ms: 1.137542
  type: 'test'
  ...
# Subtest: failed unavailable-data reset reports the error and a repeated reset completes partial removal
ok 1391 - failed unavailable-data reset reports the error and a repeated reset completes partial removal
  ---
  duration_ms: 1.391708
  type: 'test'
  ...
# Subtest: stores one strict, versioned record with only operation identity metadata
ok 1392 - stores one strict, versioned record with only operation identity metadata
  ---
  duration_ms: 2.295333
  type: 'test'
  ...
# Subtest: duplicate UID and operation ID remains one pending entry and verified state
ok 1393 - duplicate UID and operation ID remains one pending entry and verified state
  ---
  duration_ms: 0.2975
  type: 'test'
  ...
# Subtest: operation IDs must be UUIDv4 both on writes and when loading persisted records
ok 1394 - operation IDs must be UUIDv4 both on writes and when loading persisted records
  ---
  duration_ms: 0.378917
  type: 'test'
  ...
# Subtest: a version-one pending record is rejected instead of migrated
ok 1395 - a version-one pending record is rejected instead of migrated
  ---
  duration_ms: 0.189167
  type: 'test'
  ...
# Subtest: a stale UID or operation cannot clear a newer block
ok 1396 - a stale UID or operation cannot clear a newer block
  ---
  duration_ms: 11.034666
  type: 'test'
  ...
# Subtest: verified UID or null Auth can clear the matching block while retaining pending work
ok 1397 - verified UID or null Auth can clear the matching block while retaining pending work
  ---
  duration_ms: 0.55025
  type: 'test'
  ...
# Subtest: a queued null-Auth clear rechecks its guard inside the serialized mutation
ok 1398 - a queued null-Auth clear rechecks its guard inside the serialized mutation
  ---
  duration_ms: 0.242625
  type: 'test'
  ...
# Subtest: another UID cannot alter a different UID's pending operation
ok 1399 - another UID cannot alter a different UID's pending operation
  ---
  duration_ms: 0.187625
  type: 'test'
  ...
# Subtest: verified remote completion removes only the exact UID and operation pair
ok 1400 - verified remote completion removes only the exact UID and operation pair
  ---
  duration_ms: 0.527875
  type: 'test'
  ...
# Subtest: completion rechecks its guard after the async read and keeps the pending marker when stale
ok 1401 - completion rechecks its guard after the async read and keeps the pending marker when stale
  ---
  duration_ms: 0.601208
  type: 'test'
  ...
# Subtest: completion records a durable tombstone when read-back cannot verify pending removal
ok 1402 - completion records a durable tombstone when read-back cannot verify pending removal
  ---
  duration_ms: 0.255125
  type: 'test'
  ...
# Subtest: an unavailable confirmation read still leaves pending or an exact completed tombstone
ok 1403 - an unavailable confirmation read still leaves pending or an exact completed tombstone
  ---
  duration_ms: 0.275667
  type: 'test'
  ...
# Subtest: corrupt or unknown-version records fail closed without being overwritten
ok 1404 - corrupt or unknown-version records fail closed without being overwritten
  ---
  duration_ms: 0.600417
  type: 'test'
  ...
# Subtest: read and write errors fail closed; an interrupted persisted write is safe to retry
ok 1405 - read and write errors fail closed; an interrupted persisted write is safe to retry
  ---
  duration_ms: 0.275083
  type: 'test'
  ...
# Subtest: a write is not accepted until read-back matches exactly
ok 1406 - a write is not accepted until read-back matches exactly
  ---
  duration_ms: 0.092792
  type: 'test'
  ...
# Subtest: snapshots are deeply immutable and independent of later mutations
ok 1407 - snapshots are deeply immutable and independent of later mutations
  ---
  duration_ms: 0.165834
  type: 'test'
  ...
# Subtest: transactions serialize across control instances in the JavaScript runtime
ok 1408 - transactions serialize across control instances in the JavaScript runtime
  ---
  duration_ms: 0.142791
  type: 'test'
  ...
# Subtest: prepare opens the router without publishing or reading a scoped key
ok 1409 - prepare opens the router without publishing or reading a scoped key
  ---
  duration_ms: 2.46875
  type: 'test'
  ...
# Subtest: prepared inspection exposes registry metadata and freshness without opening profile storage
ok 1410 - prepared inspection exposes registry metadata and freshness without opening profile storage
  ---
  duration_ms: 3.070333
  type: 'test'
  ...
# Subtest: prepared guest validation reads only access markers without publishing storage
ok 1411 - prepared guest validation reads only access markers without publishing storage
  ---
  duration_ms: 2.593542
  type: 'test'
  ...
# Subtest: prepared authenticated recovery promotes only a matching bound guest
ok 1412 - prepared authenticated recovery promotes only a matching bound guest
  ---
  duration_ms: 1.795333
  type: 'test'
  ...
# Subtest: closing an active profile revokes returned clients and preserves prepared metadata
ok 1413 - closing an active profile revokes returned clients and preserves prepared metadata
  ---
  duration_ms: 0.483041
  type: 'test'
  ...
# Subtest: deferred activation does not wake preferences until the caller approves the profile scope
ok 1414 - deferred activation does not wake preferences until the caller approves the profile scope
  ---
  duration_ms: 0.453959
  type: 'test'
  ...
# Subtest: prepared account selection commits and reloads while keeping scoped storage closed
ok 1415 - prepared account selection commits and reloads while keeping scoped storage closed
  ---
  duration_ms: 4.184
  type: 'test'
  ...
# Subtest: changed prepared account selection can activate the refreshed profile without app reload
ok 1416 - changed prepared account selection can activate the refreshed profile without app reload
  ---
  duration_ms: 1.030792
  type: 'test'
  ...
# Subtest: prepared account selection refuses Auth that becomes stale before the registry commit
ok 1417 - prepared account selection refuses Auth that becomes stale before the registry commit
  ---
  duration_ms: 0.574375
  type: 'test'
  ...
# Subtest: prepared guest selection refreshes metadata and activates after commit without app reload
ok 1418 - prepared guest selection refreshes metadata and activates after commit without app reload
  ---
  duration_ms: 3.16425
  type: 'test'
  ...
# Subtest: implicit prepared guest selection fails closed when multiple preserved guests exist
ok 1419 - implicit prepared guest selection fails closed when multiple preserved guests exist
  ---
  duration_ms: 1.303875
  type: 'test'
  ...
# Subtest: prepare for an existing legacy owner reads only migration metadata
ok 1420 - prepare for an existing legacy owner reads only migration metadata
  ---
  duration_ms: 0.536291
  type: 'test'
  ...
# Subtest: prepare for an existing legacy guest reads only migration metadata
ok 1421 - prepare for an existing legacy guest reads only migration metadata
  ---
  duration_ms: 0.282792
  type: 'test'
  ...
# Subtest: activation is required and publishes only matching prepared profile metadata
ok 1422 - activation is required and publishes only matching prepared profile metadata
  ---
  duration_ms: 0.869334
  type: 'test'
  ...
# Subtest: mismatched activation fails closed
ok 1423 - mismatched activation fails closed
  ---
  duration_ms: 0.339792
  type: 'test'
  ...
# Subtest: prepare failure clears any previously published scoped client
ok 1424 - prepare failure clears any previously published scoped client
  ---
  duration_ms: 0.364875
  type: 'test'
  ...
# Subtest: prepare revokes previously returned scoped storage references
ok 1425 - prepare revokes previously returned scoped storage references
  ---
  duration_ms: 0.55725
  type: 'test'
  ...
# Subtest: legacy owner remains byte-for-byte visible only through its own logical scope
ok 1426 - legacy owner remains byte-for-byte visible only through its own logical scope
  ---
  duration_ms: 3.045334
  type: 'test'
  ...
# Subtest: an unchosen empty welcome profile stays fresh across restarts until guest markers are written
ok 1427 - an unchosen empty welcome profile stays fresh across restarts until guest markers are written
  ---
  duration_ms: 5.090667
  type: 'test'
  ...
# Subtest: an existing storage key prevents missing registry metadata from being classified as fresh
ok 1428 - an existing storage key prevents missing registry metadata from being classified as fresh
  ---
  duration_ms: 2.741625
  type: 'test'
  ...
# Subtest: explicit selection of the initial guest provisions its unbound access markers
ok 1429 - explicit selection of the initial guest provisions its unbound access markers
  ---
  duration_ms: 4.943792
  type: 'test'
  ...
# Subtest: a selected modern guest keeps its earlier independent dataset identity and scoped data
ok 1430 - a selected modern guest keeps its earlier independent dataset identity and scoped data
  ---
  duration_ms: 0.691208
  type: 'test'
  ...
# Subtest: a completed modern guest adoption promotes only its matching account and permits a new guest
ok 1431 - a completed modern guest adoption promotes only its matching account and permits a new guest
  ---
  duration_ms: 4.388875
  type: 'test'
  ...
# Subtest: valid adoption-pending legacy guest marker remains readable during profile registry migration
ok 1432 - valid adoption-pending legacy guest marker remains readable during profile registry migration
  ---
  duration_ms: 0.489959
  type: 'test'
  ...
# Subtest: legacy guest migration keeps the verified marker dataset ID despite a different generated identity
ok 1433 - legacy guest migration keeps the verified marker dataset ID despite a different generated identity
  ---
  duration_ms: 0.358416
  type: 'test'
  ...
# Subtest: a persisted mismatched legacy guest ID still validates its raw unbound guest markers
ok 1434 - a persisted mismatched legacy guest ID still validates its raw unbound guest markers
  ---
  duration_ms: 0.610958
  type: 'test'
  ...
# Subtest: a selected guest receives an isolated, durable namespace without changing legacy bytes
ok 1435 - a selected guest receives an isolated, durable namespace without changing legacy bytes
  ---
  duration_ms: 1.9315
  type: 'test'
  ...
# Subtest: a later exact owner login selects the unchanged legacy scope before local reads
ok 1436 - a later exact owner login selects the unchanged legacy scope before local reads
  ---
  duration_ms: 2.152125
  type: 'test'
  ...
# Subtest: switching away from a modern account never reads its scoped payload
ok 1437 - switching away from a modern account never reads its scoped payload
  ---
  duration_ms: 2.991708
  type: 'test'
  ...
# Subtest: malformed profile registry blocks instead of choosing a storage namespace
ok 1438 - malformed profile registry blocks instead of choosing a storage namespace
  ---
  duration_ms: 0.171083
  type: 'test'
  ...
# Subtest: concurrent guest selections claim one transition and cannot commit competing profiles
ok 1439 - concurrent guest selections claim one transition and cannot commit competing profiles
  ---
  duration_ms: 0.989958
  type: 'test'
  ...
# Subtest: selectGuest reuses the selected guest with the same profile ID and stored data
ok 1440 - selectGuest reuses the selected guest with the same profile ID and stored data
  ---
  duration_ms: 1.303584
  type: 'test'
  ...
# Subtest: selectGuest fails closed when the selected guest marker cannot be verified
ok 1441 - selectGuest fails closed when the selected guest marker cannot be verified
  ---
  duration_ms: 0.461542
  type: 'test'
  ...
# Subtest: selectGuest returns a typed ambiguity error without writing when multiple guests are preserved
ok 1442 - selectGuest returns a typed ambiguity error without writing when multiple guests are preserved
  ---
  duration_ms: 2.663042
  type: 'test'
  ...
# Subtest: one canonical guest and two account scopes survive restart without cross-scope access
ok 1443 - one canonical guest and two account scopes survive restart without cross-scope access
  ---
  duration_ms: 12.207667
  type: 'test'
  ...
# Subtest: existing guest reselection rejects non-guest IDs without changing the registry
ok 1444 - existing guest reselection rejects non-guest IDs without changing the registry
  ---
  duration_ms: 0.226458
  type: 'test'
  ...
# Subtest: failed existing guest registry commit leaves the current scope closed
ok 1445 - failed existing guest registry commit leaves the current scope closed
  ---
  duration_ms: 0.952084
  type: 'test'
  ...
# Subtest: visible legal documents index all seven locales directly
ok 1446 - visible legal documents index all seven locales directly
  ---
  duration_ms: 1.700834
  type: 'test'
  ...
# Subtest: unapproved locale documents fail closed in release and never fall back to English
ok 1447 - unapproved locale documents fail closed in release and never fall back to English
  ---
  duration_ms: 0.229667
  type: 'test'
  ...
# Subtest: visible legal screens request the selected locale directly
ok 1448 - visible legal screens request the selected locale directly
  ---
  duration_ms: 0.670375
  type: 'test'
  ...
# Subtest: accepts the current legal variable shape in test mode and preserves checkout flag boolean
ok 1449 - accepts the current legal variable shape in test mode and preserves checkout flag boolean
  ---
  duration_ms: 4.343459
  type: 'test'
  ...
# Subtest: seven-locale legal drafts require all locales and explicit unapproved test-only markers
ok 1450 - seven-locale legal drafts require all locales and explicit unapproved test-only markers
  ---
  duration_ms: 3.291542
  type: 'test'
  ...
# Subtest: legal variables select the local fixture for local mode and the checked-in JSON for release mode
ok 1451 - legal variables select the local fixture for local mode and the checked-in JSON for release mode
  ---
  duration_ms: 923.692417
  type: 'test'
  ...
# Subtest: legal variable CLI resolver uses distinct sources and never falls back for missing or invalid release JSON
ok 1452 - legal variable CLI resolver uses distinct sources and never falls back for missing or invalid release JSON
  ---
  duration_ms: 5.354208
  type: 'test'
  ...
# Subtest: reports missing keys, locales and unexpected keys by field path
ok 1453 - reports missing keys, locales and unexpected keys by field path
  ---
  duration_ms: 1.266708
  type: 'test'
  ...
# Subtest: rejects empty, whitespace-only and padded localized values
ok 1454 - rejects empty, whitespace-only and padded localized values
  ---
  duration_ms: 0.967542
  type: 'test'
  ...
# Subtest: release mode rejects recognized placeholders and test mode allows them
ok 1455 - release mode rejects recognized placeholders and test mode allows them
  ---
  duration_ms: 0.7015
  type: 'test'
  ...
# Subtest: public privacy and terms links require canonical HTTPS paths without query or fragment
ok 1456 - public privacy and terms links require canonical HTTPS paths without query or fragment
  ---
  duration_ms: 2.54075
  type: 'test'
  ...
# Subtest: accepts complete production-like legal values in release mode
ok 1457 - accepts complete production-like legal values in release mode
  ---
  duration_ms: 0.628459
  type: 'test'
  ...
# Subtest: CLI passes test mode and release mode rejects placeholders with field paths
ok 1458 - CLI passes test mode and release mode rejects placeholders with field paths
  ---
  duration_ms: 665.602709
  type: 'test'
  ...
# Subtest: provider registration binds the complete canonical English and Polish documents to their loaded versions
ok 1459 - provider registration binds the complete canonical English and Polish documents to their loaded versions
  ---
  duration_ms: 2.562375
  type: 'test'
  ...
# Subtest: provider registration fails closed for draft locales and incomplete release legal configuration
ok 1460 - provider registration fails closed for draft locales and incomplete release legal configuration
  ---
  duration_ms: 0.286083
  type: 'test'
  ...
# Subtest: language settings audit command is exact and development-smoke only
ok 1461 - language settings audit command is exact and development-smoke only
  ---
  duration_ms: 0.642125
  type: 'test'
  ...
# Subtest: language settings audit route renders the production screen without account or preference commands
ok 1462 - language settings audit route renders the production screen without account or preference commands
  ---
  duration_ms: 0.332792
  type: 'test'
  ...
# Subtest: the loading-state inventory stays complete as pending surfaces evolve
ok 1463 - the loading-state inventory stays complete as pending surfaces evolve
  ---
  duration_ms: 21.192666
  type: 'test'
  ...
# Subtest: LoadingState is the compact accessible generic pending status
ok 1464 - LoadingState is the compact accessible generic pending status
  ---
  duration_ms: 0.638041
  type: 'test'
  ...
# Subtest: EmptyState is the centered retained-content/unavailable status primitive
ok 1465 - EmptyState is the centered retained-content/unavailable status primitive
  ---
  duration_ms: 0.212667
  type: 'test'
  ...
# Subtest: exactly the one remaining generic pending branch uses LoadingState
ok 1466 - exactly the one remaining generic pending branch uses LoadingState
  ---
  duration_ms: 8.534792
  type: 'test'
  ...
# Subtest: C1 screens own local review and exam loading geometry
ok 1467 - C1 screens own local review and exam loading geometry
  ---
  duration_ms: 0.277167
  type: 'test'
  ...
# Subtest: bootstrap, roadmap, and setup own their phase or screen loading geometry
ok 1468 - bootstrap, roadmap, and setup own their phase or screen loading geometry
  ---
  duration_ms: 1.154042
  type: 'test'
  ...
# Subtest: Home shell owns tab-specific glass loading geometry and keeps navigation usable
ok 1469 - Home shell owns tab-specific glass loading geometry and keeps navigation usable
  ---
  duration_ms: 0.938666
  type: 'test'
  ...
# Subtest: Practice Hub keeps its local pending geometry while the scoped read model owns state
ok 1470 - Practice Hub keeps its local pending geometry while the scoped read model owns state
  ---
  duration_ms: 0.417
  type: 'test'
  ...
# Subtest: specialized practice sessions share one neutral question and response loading skeleton
ok 1471 - specialized practice sessions share one neutral question and response loading skeleton
  ---
  duration_ms: 1.395917
  type: 'test'
  ...
# Subtest: Activity owns its glass loading skeleton
ok 1472 - Activity owns its glass loading skeleton
  ---
  duration_ms: 0.810625
  type: 'test'
  ...
# Subtest: Coding Interview scope owns its glass loading skeleton
ok 1473 - Coding Interview scope owns its glass loading skeleton
  ---
  duration_ms: 0.296833
  type: 'test'
  ...
# Subtest: exam review owns its glass loading skeleton
ok 1474 - exam review owns its glass loading skeleton
  ---
  duration_ms: 0.096291
  type: 'test'
  ...
# Subtest: exam result owns its glass loading skeleton
ok 1475 - exam result owns its glass loading skeleton
  ---
  duration_ms: 0.318917
  type: 'test'
  ...
# Subtest: coding practice result owns its glass loading skeleton
ok 1476 - coding practice result owns its glass loading skeleton
  ---
  duration_ms: 0.357292
  type: 'test'
  ...
# Subtest: mistakes review owns its glass loading skeleton
ok 1477 - mistakes review owns its glass loading skeleton
  ---
  duration_ms: 0.304708
  type: 'test'
  ...
# Subtest: SkeletonShape owns the shared clipped glass primitive
ok 1478 - SkeletonShape owns the shared clipped glass primitive
  ---
  duration_ms: 0.251583
  type: 'test'
  ...
# Subtest: Skeleton glass motion uses one native driver loop and resets on lifecycle changes
ok 1479 - Skeleton glass motion uses one native driver loop and resets on lifecycle changes
  ---
  duration_ms: 0.205459
  type: 'test'
  ...
# Subtest: Skeleton glass motion stays static while Reduce Motion is unresolved or fails
ok 1480 - Skeleton glass motion stays static while Reduce Motion is unresolved or fails
  ---
  duration_ms: 0.12225
  type: 'test'
  ...
# Subtest: pending data is distinct from true empty and onboarding outcomes
ok 1481 - pending data is distinct from true empty and onboarding outcomes
  ---
  duration_ms: 0.679666
  type: 'test'
  ...
# Subtest: the six read owners end rejected reads in explicit unavailable EmptyStates
ok 1482 - the six read owners end rejected reads in explicit unavailable EmptyStates
  ---
  duration_ms: 0.939125
  type: 'test'
  ...
# Subtest: scoped practice reads honor explicit route identity and only load reviews on Hub
ok 1483 - scoped practice reads honor explicit route identity and only load reviews on Hub
  ---
  duration_ms: 0.719459
  type: 'test'
  ...
# Subtest: route-keyed read states block A under B and publish only their captured request
ok 1484 - route-keyed read states block A under B and publish only their captured request
  ---
  duration_ms: 0.214167
  type: 'test'
  ...
# Subtest: queue reads clear stale resolved data before pending or unavailable
ok 1485 - queue reads clear stale resolved data before pending or unavailable
  ---
  duration_ms: 0.174875
  type: 'test'
  ...
# Subtest: specialized session preparation stays local while completion uses the generic status
ok 1486 - specialized session preparation stays local while completion uses the generic status
  ---
  duration_ms: 0.311459
  type: 'test'
  ...
# Subtest: Interview Simulation result reads stay pending until the verified 40-item projection
ok 1487 - Interview Simulation result reads stay pending until the verified 40-item projection
  ---
  duration_ms: 0.264666
  type: 'test'
  ...
# Subtest: navigation screens do not re-enter the public navigation barrel at runtime
ok 1488 - navigation screens do not re-enter the public navigation barrel at runtime
  ---
  duration_ms: 2.451042
  type: 'test'
  ...
# Subtest: bottom navigation labels stay canonical
ok 1489 - bottom navigation labels stay canonical
  ---
  duration_ms: 1.382875
  type: 'test'
  ...
# Subtest: primary Home and Practice CTAs route to Practice Hub
ok 1490 - primary Home and Practice CTAs route to Practice Hub
  ---
  duration_ms: 0.098459
  type: 'test'
  ...
# Subtest: Home change track CTA routes to track selection
ok 1491 - Home change track CTA routes to track selection
  ---
  duration_ms: 0.063875
  type: 'test'
  ...
# Subtest: shell safety model exposes no gamified status fields
ok 1492 - shell safety model exposes no gamified status fields
  ---
  duration_ms: 0.083833
  type: 'test'
  ...
# Subtest: Practice review weak items routes to canonical review queue
ok 1493 - Practice review weak items routes to canonical review queue
  ---
  duration_ms: 0.12
  type: 'test'
  ...
# Subtest: bootstrap owns one branded phase-aware loading surface with no synthetic completion
ok 1494 - bootstrap owns one branded phase-aware loading surface with no synthetic completion
  ---
  duration_ms: 1.171875
  type: 'test'
  ...
# Subtest: generic LoadingState no longer carries the startup animation variant
ok 1495 - generic LoadingState no longer carries the startup animation variant
  ---
  duration_ms: 0.218041
  type: 'test'
  ...
# Subtest: app preferences default to English content locale and device appearance
ok 1496 - app preferences default to English content locale and device appearance
  ---
  duration_ms: 1.7015
  type: 'test'
  ...
# Subtest: app preferences retain an explicitly selected Polish locale
ok 1497 - app preferences retain an explicitly selected Polish locale
  ---
  duration_ms: 0.626375
  type: 'test'
  ...
# Subtest: settings storage retains every supported manual language
ok 1498 - settings storage retains every supported manual language
  ---
  duration_ms: 0.561375
  type: 'test'
  ...
# Subtest: translations resolve common UI copy through i18next
ok 1499 - translations resolve common UI copy through i18next
  ---
  duration_ms: 1.617
  type: 'test'
  ...
# Subtest: all seven runtime locales expose translated settings, nested legal and data copy
ok 1500 - all seven runtime locales expose translated settings, nested legal and data copy
  ---
  duration_ms: 2.028375
  type: 'test'
  ...
# Subtest: nested legal and data translations resolve and interpolate in English and Polish
ok 1501 - nested legal and data translations resolve and interpolate in English and Polish
  ---
  duration_ms: 0.302292
  type: 'test'
  ...
# Subtest: Legal information distinguishes device storage, account sync, local reset, account deletion, and retained deletion evidence
ok 1502 - Legal information distinguishes device storage, account sync, local reset, account deletion, and retained deletion evidence
  ---
  duration_ms: 0.778416
  type: 'test'
  ...
# Subtest: Legal hub keeps full rules in local documents and presents only proven request timeframes
ok 1503 - Legal hub keeps full rules in local documents and presents only proven request timeframes
  ---
  duration_ms: 2.598792
  type: 'test'
  ...
# Subtest: sentence keys containing dots remain literal in common
ok 1504 - sentence keys containing dots remain literal in common
  ---
  duration_ms: 1.302125
  type: 'test'
  ...
# Subtest: flat common labels containing colons remain literal keys
ok 1505 - flat common labels containing colons remain literal keys
  ---
  duration_ms: 0.324
  type: 'test'
  ...
# Subtest: flat learningPlan plural resources remain addressable and mutable
ok 1506 - flat learningPlan plural resources remain addressable and mutable
  ---
  duration_ms: 0.864
  type: 'test'
  ...
# Subtest: namespace normalization rejects dotted-key collisions atomically regardless of source order
ok 1507 - namespace normalization rejects dotted-key collisions atomically regardless of source order
  ---
  duration_ms: 0.86075
  type: 'test'
  ...
# Subtest: language changes persist all supported choices without changing appearance
ok 1508 - language changes persist all supported choices without changing appearance
  ---
  duration_ms: 0.361709
  type: 'test'
  ...
# Subtest: a failed language write rejects and preserves the previous saved choice for retry
ok 1509 - a failed language write rejects and preserves the previous saved choice for retry
  ---
  duration_ms: 0.364917
  type: 'test'
  ...
# Subtest: system locale resolver recognizes all supported targets and regional/case variants
ok 1510 - system locale resolver recognizes all supported targets and regional/case variants
  ---
  duration_ms: 1.746542
  type: 'test'
  ...
# Subtest: unknown and malformed system locale values resolve explicitly to temporary English
ok 1511 - unknown and malformed system locale values resolve explicitly to temporary English
  ---
  duration_ms: 0.219583
  type: 'test'
  ...
# Subtest: all manual choices remain authoritative and settings offer seven languages
ok 1512 - all manual choices remain authoritative and settings offer seven languages
  ---
  duration_ms: 0.195334
  type: 'test'
  ...
# Subtest: i18next does not silently fill missing keys from another locale
ok 1513 - i18next does not silently fill missing keys from another locale
  ---
  duration_ms: 1.392375
  type: 'test'
  ...
# Subtest: notification settings renders only the accepted plan slots and follows the stored settings entry
ok 1514 - notification settings renders only the accepted plan slots and follows the stored settings entry
  ---
  duration_ms: 2.136167
  type: 'test'
  ...
# Subtest: hook proves readiness only from accepted plan and at least one slot
ok 1515 - hook proves readiness only from accepted plan and at least one slot
  ---
  duration_ms: 0.341958
  type: 'test'
  ...
# Subtest: structural failures and absent plans expose no permission or activation controls
ok 1516 - structural failures and absent plans expose no permission or activation controls
  ---
  duration_ms: 1.809125
  type: 'test'
  ...
# Subtest: accepted disabled plan may show permission and enable action
ok 1517 - accepted disabled plan may show permission and enable action
  ---
  duration_ms: 0.0885
  type: 'test'
  ...
# Subtest: only a synced result is presented as active with a turn-off action
ok 1518 - only a synced result is presented as active with a turn-off action
  ---
  duration_ms: 0.068875
  type: 'test'
  ...
# Subtest: durable pending failures expose retry and neutral cancel, never active wording
ok 1519 - durable pending failures expose retry and neutral cancel, never active wording
  ---
  duration_ms: 0.089542
  type: 'test'
  ...
# Subtest: pending retry and cancel actions call the existing retry and disable paths
ok 1520 - pending retry and cancel actions call the existing retry and disable paths
  ---
  duration_ms: 0.13975
  type: 'test'
  ...
# Subtest: seven locales have distinct reminder-draft and cancellation copy with no goal return copy
ok 1521 - seven locales have distinct reminder-draft and cancellation copy with no goal return copy
  ---
  duration_ms: 0.35175
  type: 'test'
  ...
# Subtest: notification settings keeps lifecycle-safe request coordination
ok 1522 - notification settings keeps lifecycle-safe request coordination
  ---
  duration_ms: 0.265625
  type: 'test'
  ...
# Subtest: notification settings mutations are single-flight before asynchronous work starts
ok 1523 - notification settings mutations are single-flight before asynchronous work starts
  ---
  duration_ms: 0.66925
  type: 'test'
  ...
# Subtest: a read that started before a mutation cannot overwrite the completed mutation
ok 1524 - a read that started before a mutation cannot overwrite the completed mutation
  ---
  duration_ms: 0.107584
  type: 'test'
  ...
# Subtest: a read started during a mutation stays stale while a later idle read can commit
ok 1525 - a read started during a mutation stays stale while a later idle read can commit
  ---
  duration_ms: 0.069458
  type: 'test'
  ...
# Subtest: a foreground read during a mutation is skipped before it can leave loading asserted
ok 1526 - a foreground read during a mutation is skipped before it can leave loading asserted
  ---
  duration_ms: 0.060834
  type: 'test'
  ...
# Subtest: Settings exposes account and participant navigation actions plus conditional developer verification actions
ok 1527 - Settings exposes account and participant navigation actions plus conditional developer verification actions
  ---
  duration_ms: 3.030792
  type: 'test'
  ...
# Subtest: Legal information exposes distinct personal-rights and non-personal-recovery entries
ok 1528 - Legal information exposes distinct personal-rights and non-personal-recovery entries
  ---
  duration_ms: 0.641667
  type: 'test'
  ...
# Subtest: Legal information scopes missing public configuration to external support and keeps local documents available
ok 1529 - Legal information scopes missing public configuration to external support and keeps local documents available
  ---
  duration_ms: 1.085417
  type: 'test'
  ...
# Subtest: Legal request form keeps validation inline, field-specific, and API-free
ok 1530 - Legal request form keeps validation inline, field-specific, and API-free
  ---
  duration_ms: 0.766375
  type: 'test'
  ...
# Subtest: Settings account presentation names guest, authenticated, and unavailable states and keeps sign-out provider-owned
ok 1531 - Settings account presentation names guest, authenticated, and unavailable states and keeps sign-out provider-owned
  ---
  duration_ms: 1.112208
  type: 'test'
  ...
# Subtest: Settings keeps the backend verification group explicitly development-only
ok 1532 - Settings keeps the backend verification group explicitly development-only
  ---
  duration_ms: 0.16025
  type: 'test'
  ...
# Subtest: grouped settings rows follow the Figma 200% text geometry
ok 1533 - grouped settings rows follow the Figma 200% text geometry
  ---
  duration_ms: 0.310708
  type: 'test'
  ...
# Subtest: InfoBlock and ListRow remount native text when live Dynamic Type scale changes
ok 1534 - InfoBlock and ListRow remount native text when live Dynamic Type scale changes
  ---
  duration_ms: 0.215916
  type: 'test'
  ...
# Subtest: Settings heading has no redundant description and locale keeps goal copy
ok 1535 - Settings heading has no redundant description and locale keeps goal copy
  ---
  duration_ms: 0.456875
  type: 'test'
  ...
# Subtest: Premium keeps a localized Settings context while retaining the back action
ok 1536 - Premium keeps a localized Settings context while retaining the back action
  ---
  duration_ms: 0.594959
  type: 'test'
  ...
# Subtest: Your data keeps the Settings entry label and names its local header consistently
ok 1537 - Your data keeps the Settings entry label and names its local header consistently
  ---
  duration_ms: 0.355834
  type: 'test'
  ...
# Subtest: Your data owns an exhaustive account-state action matrix and wires the mapped controls
ok 1538 - Your data owns an exhaustive account-state action matrix and wires the mapped controls
  ---
  duration_ms: 0.9325
  type: 'test'
  ...
# Subtest: Your data export copy matches the complete JSON scope and the system share or save action
ok 1539 - Your data export copy matches the complete JSON scope and the system share or save action
  ---
  duration_ms: 0.269292
  type: 'test'
  ...
# Subtest: Settings app identity follows the Figma footer geometry
ok 1540 - Settings app identity follows the Figma footer geometry
  ---
  duration_ms: 0.217083
  type: 'test'
  ...
# Subtest: Settings keeps appearance values readable at large text
ok 1541 - Settings keeps appearance values readable at large text
  ---
  duration_ms: 0.058709
  type: 'test'
  ...
# Subtest: shared supporting list-row text uses the Figma fractional line height
ok 1542 - shared supporting list-row text uses the Figma fractional line height
  ---
  duration_ms: 0.354375
  type: 'test'
  ...
# Subtest: appearance selection owns the typed accessible radio choice flow
ok 1543 - appearance selection owns the typed accessible radio choice flow
  ---
  duration_ms: 0.259667
  type: 'test'
  ...
# Subtest: language selection owns the typed accessible radio choice flow
ok 1544 - language selection owns the typed accessible radio choice flow
  ---
  duration_ms: 0.222292
  type: 'test'
  ...
# Subtest: System language detail follows the device locale independently from the selected app locale
ok 1545 - System language detail follows the device locale independently from the selected app locale
  ---
  duration_ms: 0.274125
  type: 'test'
  ...
# Subtest: InfoBlock exposes opt-in alert semantics for dynamic settings errors
ok 1546 - InfoBlock exposes opt-in alert semantics for dynamic settings errors
  ---
  duration_ms: 0.11925
  type: 'test'
  ...
# Subtest: appearance choices use the Figma preview variants without changing language choices
ok 1547 - appearance choices use the Figma preview variants without changing language choices
  ---
  duration_ms: 0.089667
  type: 'test'
  ...
# Subtest: settings bottom sheets use the Figma elevated shell and modal accessibility boundary
ok 1548 - settings bottom sheets use the Figma elevated shell and modal accessibility boundary
  ---
  duration_ms: 0.281292
  type: 'test'
  ...
# Subtest: information topics keep a stable locale-independent selection and explicit next-page affordance
ok 1549 - information topics keep a stable locale-independent selection and explicit next-page affordance
  ---
  duration_ms: 0.314708
  type: 'test'
  ...
# Subtest: active sessions stay local and block account snapshot export
ok 1550 - active sessions stay local and block account snapshot export
  ---
  duration_ms: 6.096292
  type: 'test'
  ...
# Subtest: canonical account records round trip through remote materialization
ok 1551 - canonical account records round trip through remote materialization
  ---
  duration_ms: 2.585708
  type: 'test'
  ...
# Subtest: remote materialization keeps the newest active track independent of input order and acknowledges both records
ok 1552 - remote materialization keeps the newest active track independent of input order and acknowledges both records
  ---
  duration_ms: 8.493291
  type: 'test'
  ...
# Subtest: remote materialization rejects missing or invalid updatedAt
ok 1553 - remote materialization rejects missing or invalid updatedAt
  ---
  duration_ms: 1.455291
  type: 'test'
  ...
# Subtest: equal updatedAt selects the same active track using canonical identity
ok 1554 - equal updatedAt selects the same active track using canonical identity
  ---
  duration_ms: 3.272542
  type: 'test'
  ...
# Subtest: snapshot and materialization preserve one exact goal-plan bundle
ok 1555 - snapshot and materialization preserve one exact goal-plan bundle
  ---
  duration_ms: 51.971291
  type: 'test'
  ...
# Subtest: bound account sync validates a goal and learning plan as one sync-plan bundle
ok 1556 - bound account sync validates a goal and learning plan as one sync-plan bundle
  ---
  duration_ms: 20.3355
  type: 'test'
  ...
# Subtest: bound account sync builds one retryable canonical outbox and acknowledges it
ok 1557 - bound account sync builds one retryable canonical outbox and acknowledges it
  ---
  duration_ms: 6.381125
  type: 'test'
  ...
# Subtest: bound account outbox creates an explicit tombstone for a deleted acknowledged record
ok 1558 - bound account outbox creates an explicit tombstone for a deleted acknowledged record
  ---
  duration_ms: 12.902708
  type: 'test'
  ...
# Subtest: reselecting an acknowledged active track tombstones the previously acknowledged track
ok 1559 - reselecting an acknowledged active track tombstones the previously acknowledged track
  ---
  duration_ms: 1.514209
  type: 'test'
  ...
# Subtest: pending mutation IDs stay stable across an uncertain retry
ok 1560 - pending mutation IDs stay stable across an uncertain retry
  ---
  duration_ms: 2.083584
  type: 'test'
  ...
# Subtest: removed identity metadata is rejected before persistence
ok 1561 - removed identity metadata is rejected before persistence
  ---
  duration_ms: 0.239667
  type: 'test'
  ...
# Subtest: deleted records keep their exact durable identity and tombstone state
ok 1562 - deleted records keep their exact durable identity and tombstone state
  ---
  duration_ms: 0.18325
  type: 'test'
  ...
# Subtest: canonical repository bootstrap requires an already active storage scope
ok 1563 - canonical repository bootstrap requires an already active storage scope
  ---
  duration_ms: 4.554459
  type: 'test'
  ...
# Subtest: canonical repositories use individual immutable records and one active session
ok 1564 - canonical repositories use individual immutable records and one active session
  ---
  duration_ms: 3.660334
  type: 'test'
  ...
# Subtest: training sessions permit free navigation while rejecting regressing foreground time and missing active records
ok 1565 - training sessions permit free navigation while rejecting regressing foreground time and missing active records
  ---
  duration_ms: 1.331208
  type: 'test'
  ...
# Subtest: active sessions persist only preallocated conditional reinsert resolutions
ok 1566 - active sessions persist only preallocated conditional reinsert resolutions
  ---
  duration_ms: 45.679458
  type: 'test'
  ...
# Subtest: terminal sessions are immutable except for identical recovery replay
ok 1567 - terminal sessions are immutable except for identical recovery replay
  ---
  duration_ms: 1.668875
  type: 'test'
  ...
# Subtest: strict guards accept resolved identities and reject mismatches, tombstones, and legacy identity fields
ok 1568 - strict guards accept resolved identities and reject mismatches, tombstones, and legacy identity fields
  ---
  duration_ms: 0.514292
  type: 'test'
  ...
# Subtest: strict session reads reject a legacy-shaped stored record without inference
ok 1569 - strict session reads reject a legacy-shaped stored record without inference
  ---
  duration_ms: 0.270875
  type: 'test'
  ...
# Subtest: canonical repository bootstrap reports the exact six steps in order
ok 1570 - canonical repository bootstrap reports the exact six steps in order
  ---
  duration_ms: 1.414458
  type: 'test'
  ...
# Subtest: canonical repository bootstrap isolates a throwing step observer without wrapping failures
ok 1571 - canonical repository bootstrap isolates a throwing step observer without wrapping failures
  ---
  duration_ms: 0.787125
  type: 'test'
  ...
# Subtest: typed stores keep unavailable records outside strict runtime keys and reject legacy identity fields
ok 1572 - typed stores keep unavailable records outside strict runtime keys and reject legacy identity fields
  ---
  duration_ms: 15.591792
  type: 'test'
  ...
# Subtest: abandon unavailable active writes terminal archival history before removing the tombstone
ok 1573 - abandon unavailable active writes terminal archival history before removing the tombstone
  ---
  duration_ms: 2.123959
  type: 'test'
  ...
# Subtest: removing an unavailable review removes only that entry
ok 1574 - removing an unavailable review removes only that entry
  ---
  duration_ms: 19.558541
  type: 'test'
  ...
# Subtest: stored unavailable indexes fail closed when a record is malformed
ok 1575 - stored unavailable indexes fail closed when a record is malformed
  ---
  duration_ms: 0.4475
  type: 'test'
  ...
# Subtest: committed unavailable-active repair preserves active order and removes only archive IDs from the index
ok 1576 - committed unavailable-active repair preserves active order and removes only archive IDs from the index
  ---
  duration_ms: 0.845833
  type: 'test'
  ...
# Subtest: committed unavailable-active repair is an idempotent no-op for an already exact active index
ok 1577 - committed unavailable-active repair is an idempotent no-op for an already exact active index
  ---
  duration_ms: 0.250958
  type: 'test'
  ...
# Subtest: committed unavailable-active repair treats an expected-revision race as a typed conflict without retry or partial write
ok 1578 - committed unavailable-active repair treats an expected-revision race as a typed conflict without retry or partial write
  ---
  duration_ms: 0.635292
  type: 'test'
  ...
# Subtest: committed unavailable-active repair reports a verification mismatch after one index write without retry
ok 1579 - committed unavailable-active repair reports a verification mismatch after one index write without retry
  ---
  duration_ms: 0.436625
  type: 'test'
  ...
# Subtest: committed unavailable-active repair fails typed and makes no partial write for invalid index or record state
ok 1580 - committed unavailable-active repair fails typed and makes no partial write for invalid index or record state
  ---
  duration_ms: 1.475417
  type: 'test'
  ...
# Subtest: committed unavailable-active repair removes archive-only IDs while preserving their records
ok 1581 - committed unavailable-active repair removes archive-only IDs while preserving their records
  ---
  duration_ms: 1.261875
  type: 'test'
  ...
# Subtest: learning-state reset clears all three private content-identity stores
ok 1582 - learning-state reset clears all three private content-identity stores
  ---
  duration_ms: 0.691666
  type: 'test'
  ...
# Subtest: report form submission persists a queued local outbox entry when backend is unavailable
ok 1583 - report form submission persists a queued local outbox entry when backend is unavailable
  ---
  duration_ms: 5.210542
  type: 'test'
  ...
# Subtest: report outbox normalizes an omitted note and rejects obvious private data before persistence
ok 1584 - report outbox normalizes an omitted note and rejects obvious private data before persistence
  ---
  duration_ms: 0.47725
  type: 'test'
  ...
# Subtest: report outbox requires App Check, then accepts with the same idempotency key
ok 1585 - report outbox requires App Check, then accepts with the same idempotency key
  ---
  duration_ms: 1.103958
  type: 'test'
  ...
# Subtest: throwing native App Check provider leaves a report failed and retryable
ok 1586 - throwing native App Check provider leaves a report failed and retryable
  ---
  duration_ms: 0.576542
  type: 'test'
  ...
# Subtest: failed transport is retryable without creating a new report identity
ok 1587 - failed transport is retryable without creating a new report identity
  ---
  duration_ms: 0.846
  type: 'test'
  ...
# Subtest: a lost response keeps the original report identity and accepts duplicate confirmation
ok 1588 - a lost response keeps the original report identity and accepts duplicate confirmation
  ---
  duration_ms: 0.46
  type: 'test'
  ...
# Subtest: cleanup failure never claims accepted and preserves the retrying record
ok 1589 - cleanup failure never claims accepted and preserves the retrying record
  ---
  duration_ms: 0.412542
  type: 'test'
  ...
# Subtest: canonical bootstrap purges legacy accepted entries but preserves uncertain reports
ok 1590 - canonical bootstrap purges legacy accepted entries but preserves uncertain reports
  ---
  duration_ms: 99.802917
  type: 'test'
  ...
# Subtest: local outbox removes unconfirmed reports after 30 days and preserves newer retries
ok 1591 - local outbox removes unconfirmed reports after 30 days and preserves newer retries
  ---
  duration_ms: 1.150042
  type: 'test'
  ...
# Subtest: canonical runtime transport flushes once after readiness and is torn down without fallback
ok 1592 - canonical runtime transport flushes once after readiness and is torn down without fallback
  ---
  duration_ms: 1.309917
  type: 'test'
  ...
# Subtest: restart readiness replays queued, retrying, and failed records with their original identities
ok 1593 - restart readiness replays queued, retrying, and failed records with their original identities
  ---
  duration_ms: 2.530334
  type: 'test'
  ...
# Subtest: readiness flush and a concurrent submit share one in-flight send and one cleanup
ok 1594 - readiness flush and a concurrent submit share one in-flight send and one cleanup
  ---
  duration_ms: 0.534708
  type: 'test'
  ...
# Subtest: teardown during an in-flight response leaves the entry retryable for duplicate reconciliation
ok 1595 - teardown during an in-flight response leaves the entry retryable for duplicate reconciliation
  ---
  duration_ms: 0.560458
  type: 'test'
  ...
# Subtest: goal onboarding dismissal is durable, idempotent, and scoped per track
ok 1596 - goal onboarding dismissal is durable, idempotent, and scoped per track
  ---
  duration_ms: 1.08825
  type: 'test'
  ...
# Subtest: goal onboarding dismissal rejects unsupported stored records
ok 1597 - goal onboarding dismissal rejects unsupported stored records
  ---
  duration_ms: 0.390125
  type: 'test'
  ...
# Subtest: goal snapshots expose canonical revisions and CAS advances them
ok 1598 - goal snapshots expose canonical revisions and CAS advances them
  ---
  duration_ms: 2.392667
  type: 'test'
  ...
# Subtest: goal snapshot CAS rejects stale create and update without changing durable data
ok 1599 - goal snapshot CAS rejects stale create and update without changing durable data
  ---
  duration_ms: 0.667667
  type: 'test'
  ...
# Subtest: legacy goal access stays compatible and snapshot writes keep goal validation
ok 1600 - legacy goal access stays compatible and snapshot writes keep goal validation
  ---
  duration_ms: 0.261375
  type: 'test'
  ...
# Subtest: goal snapshot CAS rejects a reentrant create for the same canonical key
ok 1601 - goal snapshot CAS rejects a reentrant create for the same canonical key
  ---
  duration_ms: 3.832917
  type: 'test'
  ...
# Subtest: guest access is an explicit durable decision and can be cleared for account entry
ok 1602 - guest access is an explicit durable decision and can be cleared for account entry
  ---
  duration_ms: 1.090208
  type: 'test'
  ...
# Subtest: provisions one validated guest installation and preserves it across repeated bootstrap
ok 1603 - provisions one validated guest installation and preserves it across repeated bootstrap
  ---
  duration_ms: 84.17875
  type: 'test'
  ...
# Subtest: guest access requires an existing unbound installation and rejects retained account data
ok 1604 - guest access requires an existing unbound installation and rejects retained account data
  ---
  duration_ms: 0.454042
  type: 'test'
  ...
# Subtest: corrupt or unsupported guest installation records block without replacement
ok 1605 - corrupt or unsupported guest installation records block without replacement
  ---
  duration_ms: 0.743042
  type: 'test'
  ...
# Subtest: guest installation blocks coercible identifiers and non-v4 UUID records
ok 1606 - guest installation blocks coercible identifiers and non-v4 UUID records
  ---
  duration_ms: 0.400792
  type: 'test'
  ...
# Subtest: valid later binding states are preserved without adopting or regenerating an installation
ok 1607 - valid later binding states are preserved without adopting or regenerating an installation
  ---
  duration_ms: 19.7915
  type: 'test'
  ...
# Subtest: identity or write failure blocks before recovery/content and leaves no partial guest record
ok 1608 - identity or write failure blocks before recovery/content and leaves no partial guest record
  ---
  duration_ms: 0.748042
  type: 'test'
  ...
# Subtest: guest installation rejects malformed generated identities without writing
ok 1609 - guest installation rejects malformed generated identities without writing
  ---
  duration_ms: 0.145208
  type: 'test'
  ...
# Subtest: bootstrap blocks corrupt guest access before content without replacing it
ok 1610 - bootstrap blocks corrupt guest access before content without replacing it
  ---
  duration_ms: 0.20025
  type: 'test'
  ...
# Subtest: inconsistent installation bindings block bootstrap and guest access without replacement
ok 1611 - inconsistent installation bindings block bootstrap and guest access without replacement
  ---
  duration_ms: 0.4535
  type: 'test'
  ...
# Subtest: persistent plan read returns its canonical envelope revision
ok 1612 - persistent plan read returns its canonical envelope revision
  ---
  duration_ms: 24.707459
  type: 'test'
  ...
# Subtest: dual-key CAS rejects stale goal and plan revisions and accepts one idempotent command retry
ok 1613 - dual-key CAS rejects stale goal and plan revisions and accepts one idempotent command retry
  ---
  duration_ms: 6.752584
  type: 'test'
  ...
# Subtest: compound lock sorts and deduplicates keys and rejects reentrant acquisition
ok 1614 - compound lock sorts and deduplicates keys and rejects reentrant acquisition
  ---
  duration_ms: 0.391542
  type: 'test'
  ...
# Subtest: write uncertainty can be retried by command id, while a failure before persistence is not a false success
ok 1615 - write uncertainty can be retried by command id, while a failure before persistence is not a false success
  ---
  duration_ms: 0.865583
  type: 'test'
  ...
# Subtest: accepts a journal whose scope and writes use one exact resolved artifact
ok 1616 - accepts a journal whose scope and writes use one exact resolved artifact
  ---
  duration_ms: 15.258125
  type: 'test'
  ...
# Subtest: uses the complete resolved reference when validating attempt and session relationships
ok 1617 - uses the complete resolved reference when validating attempt and session relationships
  ---
  duration_ms: 11.535
  type: 'test'
  ...
# Subtest: requires an exact lowercase artifact SHA and rejects legacy top-level identity fields
ok 1618 - requires an exact lowercase artifact SHA and rejects legacy top-level identity fields
  ---
  duration_ms: 1.581334
  type: 'test'
  ...
# Subtest: permits a reset journal only with a null artifact scope
ok 1619 - permits a reset journal only with a null artifact scope
  ---
  duration_ms: 1.732375
  type: 'test'
  ...
# Subtest: stores and reads the complete plan identity, slot identity, and envelope revision
ok 1620 - stores and reads the complete plan identity, slot identity, and envelope revision
  ---
  duration_ms: 32.283708
  type: 'test'
  ...
# Subtest: legacy settings migrate to enabled-only state while retaining every native notification id
ok 1621 - legacy settings migrate to enabled-only state while retaining every native notification id
  ---
  duration_ms: 0.511375
  type: 'test'
  ...
# Subtest: legacy daily settings retain the one native id during migration
ok 1622 - legacy daily settings retain the one native id during migration
  ---
  duration_ms: 0.183042
  type: 'test'
  ...
# Subtest: legacy journals become cancellation-only journals and cannot restore their old desired slots
ok 1623 - legacy journals become cancellation-only journals and cannot restore their old desired slots
  ---
  duration_ms: 0.622666
  type: 'test'
  ...
# Subtest: rejects duplicate days or slot IDs in a canonical settings record
ok 1624 - rejects duplicate days or slot IDs in a canonical settings record
  ---
  duration_ms: 1.069208
  type: 'test'
  ...
# Subtest: rejects identity without commandId, contentVersion, or a valid artifact SHA
ok 1625 - rejects identity without commandId, contentVersion, or a valid artifact SHA
  ---
  duration_ms: 0.454958
  type: 'test'
  ...
# Subtest: Premium testing override is unavailable outside sandbox and local development runtimes
ok 1626 - Premium testing override is unavailable outside sandbox and local development runtimes
  ---
  duration_ms: 1.069125
  type: 'test'
  ...
# Subtest: Premium testing override persists only for a sandbox or local development runtime
ok 1627 - Premium testing override persists only for a sandbox or local development runtime
  ---
  duration_ms: 0.225417
  type: 'test'
  ...
# Subtest: keeps the same question distinct across immutable artifact SHA-256 values
ok 1628 - keeps the same question distinct across immutable artifact SHA-256 values
  ---
  duration_ms: 3.036334
  type: 'test'
  ...
# Subtest: preserves durable identity conflicts for one resolved content reference
ok 1629 - preserves durable identity conflicts for one resolved content reference
  ---
  duration_ms: 2.261042
  type: 'test'
  ...
# Subtest: rejects a durable ID rewrite across artifact identities before writing either entry
ok 1630 - rejects a durable ID rewrite across artifact identities before writing either entry
  ---
  duration_ms: 0.706875
  type: 'test'
  ...
# Subtest: preserves index order while updating and removing canonical entries
ok 1631 - preserves index order while updating and removing canonical entries
  ---
  duration_ms: 12.159125
  type: 'test'
  ...
# Subtest: rejects legacy identity fields, mixed records, tombstones, and non-lowercase artifact hashes
ok 1632 - rejects legacy identity fields, mixed records, tombstones, and non-lowercase artifact hashes
  ---
  duration_ms: 0.695666
  type: 'test'
  ...
# Subtest: reads only strict canonical entries from durable storage
ok 1633 - reads only strict canonical entries from durable storage
  ---
  duration_ms: 0.321625
  type: 'test'
  ...
# Subtest: clears all canonical review records and the index
ok 1634 - clears all canonical review records and the index
  ---
  duration_ms: 0.261208
  type: 'test'
  ...
# Subtest: repository codec distinguishes absence and corrupt JSON
ok 1635 - repository codec distinguishes absence and corrupt JSON
  ---
  duration_ms: 2.647041
  type: 'test'
  ...
# Subtest: canonical storage uses envelopes and rejects an unsupported schema identity
ok 1636 - canonical storage uses envelopes and rejects an unsupported schema identity
  ---
  duration_ms: 1.465125
  type: 'test'
  ...
# Subtest: the atomic track cutover rejects every persisted former track identity without translating it
ok 1637 - the atomic track cutover rejects every persisted former track identity without translating it
  ---
  duration_ms: 3.200125
  type: 'test'
  ...
# Subtest: draft replacement verifies its expected revision
ok 1638 - draft replacement verifies its expected revision
  ---
  duration_ms: 4.896166
  type: 'test'
  ...
# Subtest: bootstrap blocks an inconsistent active-session reference and a missing required draft
ok 1639 - bootstrap blocks an inconsistent active-session reference and a missing required draft
  ---
  duration_ms: 74.128417
  type: 'test'
  ...
# Subtest: bootstrap runs resolution only after recovery/content validation and exposes profile/content mismatch as blocking
ok 1640 - bootstrap runs resolution only after recovery/content validation and exposes profile/content mismatch as blocking
  ---
  duration_ms: 17.788416
  type: 'test'
  ...
# Subtest: one MMKV native adapter is infrastructure-owned and runtime access stays bounded
ok 1641 - one MMKV native adapter is infrastructure-owned and runtime access stays bounded
  ---
  duration_ms: 56.190292
  type: 'test'
  ...
# Subtest: cutover removes old storage and remote content paths
ok 1642 - cutover removes old storage and remote content paths
  ---
  duration_ms: 443.418958
  type: 'test'
  ...
# Subtest: canonical keys use the one Patternly namespace
ok 1643 - canonical keys use the one Patternly namespace
  ---
  duration_ms: 0.648458
  type: 'test'
  ...
# Subtest: initializes and reuses the exact canonical metadata payload
ok 1644 - initializes and reuses the exact canonical metadata payload
  ---
  duration_ms: 4.3925
  type: 'test'
  ...
# Subtest: fails closed when stored metadata has an unknown shape or newer schema
ok 1645 - fails closed when stored metadata has an unknown shape or newer schema
  ---
  duration_ms: 0.540666
  type: 'test'
  ...
# Subtest: practice answer fixture completes ten canonical submissions with the exact mixed interaction outcomes
ok 1646 - practice answer fixture completes ten canonical submissions with the exact mixed interaction outcomes
  ---
  duration_ms: 742.838792
  type: 'test'
  ...
# Subtest: fixture construction uses canonical runtime methods and has no persistence path
ok 1647 - fixture construction uses canonical runtime methods and has no persistence path
  ---
  duration_ms: 0.422542
  type: 'test'
  ...
# Subtest: runtime selectors are deterministic and use the canonical grammar
ok 1648 - runtime selectors are deterministic and use the canonical grammar
  ---
  duration_ms: 0.941625
  type: 'test'
  ...
# Subtest: Premium offer setup selectors are deterministic and valid
ok 1649 - Premium offer setup selectors are deterministic and valid
  ---
  duration_ms: 0.184792
  type: 'test'
  ...
# Subtest: Design Interview save selectors distinguish persistence status and retry
ok 1650 - Design Interview save selectors distinguish persistence status and retry
  ---
  duration_ms: 0.119083
  type: 'test'
  ...
# Subtest: runtime selectors preserve canonical identities without learner-visible copy
ok 1651 - runtime selectors preserve canonical identities without learner-visible copy
  ---
  duration_ms: 0.177792
  type: 'test'
  ...
# Subtest: runtime selectors preserve case-sensitive authored item identities
ok 1652 - runtime selectors preserve case-sensitive authored item identities
  ---
  duration_ms: 0.154167
  type: 'test'
  ...
# Subtest: session metadata selectors expose validated lifecycle values without learner copy
ok 1653 - session metadata selectors expose validated lifecycle values without learner copy
  ---
  duration_ms: 0.12375
  type: 'test'
  ...
# Subtest: complexity selectors encode authored notation without weakening the selector grammar
ok 1654 - complexity selectors encode authored notation without weakening the selector grammar
  ---
  duration_ms: 0.328125
  type: 'test'
  ...
# Subtest: runtime selectors keep distinct runtime entities distinct
ok 1655 - runtime selectors keep distinct runtime entities distinct
  ---
  duration_ms: 0.267333
  type: 'test'
  ...
# Subtest: unavailable recovery and review selectors remain stable and distinct
ok 1656 - unavailable recovery and review selectors remain stable and distinct
  ---
  duration_ms: 0.343833
  type: 'test'
  ...
# Subtest: runtime selector factories reject values that cannot be represented in the contract
ok 1657 - runtime selector factories reject values that cannot be represented in the contract
  ---
  duration_ms: 0.47025
  type: 'test'
  ...
# Subtest: goal selectors expose stable target-date input and field-error identities
ok 1658 - goal selectors expose stable target-date input and field-error identities
  ---
  duration_ms: 0.080125
  type: 'test'
  ...
# Subtest: learning plan selectors use the closed primary states and stable slot identities
ok 1659 - learning plan selectors use the closed primary states and stable slot identities
  ---
  duration_ms: 0.26925
  type: 'test'
  ...
# Subtest: learning plan editor retry selectors distinguish save from start-existing
ok 1660 - learning plan editor retry selectors distinguish save from start-existing
  ---
  duration_ms: 0.080042
  type: 'test'
  ...
# Subtest: notification selectors keep plan slots and closed error states typed
ok 1661 - notification selectors keep plan slots and closed error states typed
  ---
  duration_ms: 0.175709
  type: 'test'
  ...
# Subtest: target date guidance selectors expose every closed state and reason
ok 1662 - target date guidance selectors expose every closed state and reason
  ---
  duration_ms: 0.489166
  type: 'test'
  ...
# Subtest: Home plan selectors expose every closed unavailable reason
ok 1663 - Home plan selectors expose every closed unavailable reason
  ---
  duration_ms: 0.103792
  type: 'test'
  ...
# Subtest: Progress plan selectors expose typed completion, day and unavailable identities
ok 1664 - Progress plan selectors expose typed completion, day and unavailable identities
  ---
  duration_ms: 0.14625
  type: 'test'
  ...
# Subtest: journey resolves canonical track mode and pool
ok 1665 - journey resolves canonical track mode and pool
  ---
  duration_ms: 671.974584
  type: 'test'
  ...
# Subtest: onDanger keeps destructive button text above normal-text contrast in both themes
ok 1666 - onDanger keeps destructive button text above normal-text contrast in both themes
  ---
  duration_ms: 0.701083
  type: 'test'
  ...
# Subtest: onPrimary keeps goal status and selected day labels above normal-text contrast in both themes
ok 1667 - onPrimary keeps goal status and selected day labels above normal-text contrast in both themes
  ---
  duration_ms: 0.116708
  type: 'test'
  ...
# Subtest: RC Certification Maestro flows change, restore, persist, resume, finish, and review the 50-item exam
ok 1668 - RC Certification Maestro flows change, restore, persist, resume, finish, and review the 50-item exam
  ---
  duration_ms: 2.00625
  type: 'test'
  ...
# Subtest: RC Android runner requires the explicit current dev-client and evidence destination
ok 1669 - RC Android runner requires the explicit current dev-client and evidence destination
  ---
  duration_ms: 0.158875
  type: 'test'
  ...
# Subtest: RC iOS runner requires one booted simulator and the same explicit evidence contract
ok 1670 - RC iOS runner requires one booted simulator and the same explicit evidence contract
  ---
  duration_ms: 0.133042
  type: 'test'
  ...
# Subtest: RC iOS certification smoke requires local credentials and authenticates only when Settings offers account entry
ok 1671 - RC iOS certification smoke requires local credentials and authenticates only when Settings offers account entry
  ---
  duration_ms: 0.966166
  type: 'test'
  ...
# Subtest: Free Certification Exam flow resets once, reaches the Premium paywall, and retries after a cold restart without reset
ok 1672 - Free Certification Exam flow resets once, reaches the Premium paywall, and retries after a cold restart without reset
  ---
  duration_ms: 0.822416
  type: 'test'
  ...
# Subtest: RC iOS timeout runner prepares one local exam, advances the audit clock, and captures timeout review evidence
ok 1673 - RC iOS timeout runner prepares one local exam, advances the audit clock, and captures timeout review evidence
  ---
  duration_ms: 0.525416
  type: 'test'
  ...
# Subtest: Certification progress derives practice, exam, outcome, taxonomy, review, and repeated-mistake signals
ok 1674 - Certification progress derives practice, exam, outcome, taxonomy, review, and repeated-mistake signals
  ---
  duration_ms: 20.905958
  type: 'test'
  ...
# Subtest: Certification progress has explicit empty state and no synthetic learning metrics
ok 1675 - Certification progress has explicit empty state and no synthetic learning metrics
  ---
  duration_ms: 1.165708
  type: 'test'
  ...
# Subtest: Certification progress ignores same-version evidence from another exact content package
ok 1676 - Certification progress ignores same-version evidence from another exact content package
  ---
  duration_ms: 0.242167
  type: 'test'
  ...
# Subtest: Certification result keeps truthful session metrics and routes Focus domains through the canonical formatter
ok 1677 - Certification result keeps truthful session metrics and routes Focus domains through the canonical formatter
  ---
  duration_ms: 0.83225
  type: 'test'
  ...
# Subtest: Certification Focus domain formatter resolves only a canonical roadmap node
ok 1678 - Certification Focus domain formatter resolves only a canonical roadmap node
  ---
  duration_ms: 0.86275
  type: 'test'
  ...
# Subtest: direct entry to excluded Algorithms declared-scope modes fails without substitution
ok 1679 - direct entry to excluded Algorithms declared-scope modes fails without substitution
  ---
  duration_ms: 1021.652209
  type: 'test'
  ...
# Subtest: completed Algorithms practice replaces its runner with the session-keyed summary route
ok 1680 - completed Algorithms practice replaces its runner with the session-keyed summary route
  ---
  duration_ms: 1.011917
  type: 'test'
  ...
# Subtest: practice summary reloads the immutable result and runner navigation requires verified completion
ok 1681 - practice summary reloads the immutable result and runner navigation requires verified completion
  ---
  duration_ms: 0.696333
  type: 'test'
  ...
# Subtest: practice question review is a readonly session surface with bounded navigation and a return to its result
ok 1682 - practice question review is a readonly session surface with bounded navigation and a return to its result
  ---
  duration_ms: 0.306042
  type: 'test'
  ...
# Subtest: session control labels identify the dimension, ordering position, and command
ok 1683 - session control labels identify the dimension, ordering position, and command
  ---
  duration_ms: 2.590792
  type: 'test'
  ...
# Subtest: coding review pending keeps SessionShell navigation while using neutral response anatomy
ok 1684 - coding review pending keeps SessionShell navigation while using neutral response anatomy
  ---
  duration_ms: 0.320458
  type: 'test'
  ...
# Subtest: interactive Algorithms session controls use real 48-point minimum geometry without hit-area substitutes
ok 1685 - interactive Algorithms session controls use real 48-point minimum geometry without hit-area substitutes
  ---
  duration_ms: 0.923916
  type: 'test'
  ...
# Subtest: simulation accessibility respects motion, focus, and touch-target constraints
ok 1686 - simulation accessibility respects motion, focus, and touch-target constraints
  ---
  duration_ms: 0.174958
  type: 'test'
  ...
# Subtest: canonical session surfaces expose deterministic state and do not group interactive descendants
ok 1687 - canonical session surfaces expose deterministic state and do not group interactive descendants
  ---
  duration_ms: 0.955958
  type: 'test'
  ...
# Subtest: practice exit makes abandonment a single explicit decision in a modal
ok 1688 - practice exit makes abandonment a single explicit decision in a modal
  ---
  duration_ms: 0.585459
  type: 'test'
  ...
# Subtest: standalone practice conflict and unavailable states respect both safe-area edges
ok 1689 - standalone practice conflict and unavailable states respect both safe-area edges
  ---
  duration_ms: 0.230834
  type: 'test'
  ...
# Subtest: large text can grow session chrome and controls without fixed interactive heights
ok 1690 - large text can grow session chrome and controls without fixed interactive heights
  ---
  duration_ms: 0.319875
  type: 'test'
  ...
# Subtest: bottom navigation preserves one-line visual labels while keeping every tab semantically named
ok 1691 - bottom navigation preserves one-line visual labels while keeping every tab semantically named
  ---
  duration_ms: 0.350292
  type: 'test'
  ...
# Subtest: bottom navigation uses theme-appropriate separators without altering the light overlay
ok 1692 - bottom navigation uses theme-appropriate separators without altering the light overlay
  ---
  duration_ms: 0.491792
  type: 'test'
  ...
# Subtest: Practice Hub keeps the quiet-layered recommendation readable at large text and removes the competing stats card
ok 1693 - Practice Hub keeps the quiet-layered recommendation readable at large text and removes the competing stats card
  ---
  duration_ms: 0.218292
  type: 'test'
  ...
# Subtest: Practice Hub retains its mode layout and canonical ownership
ok 1694 - Practice Hub retains its mode layout and canonical ownership
  ---
  duration_ms: 0.981708
  type: 'test'
  ...
# Subtest: Practice Question Shell keeps the Figma prompt-to-answer rhythm
ok 1695 - Practice Question Shell keeps the Figma prompt-to-answer rhythm
  ---
  duration_ms: 0.204375
  type: 'test'
  ...
# Subtest: certification exam stacks descriptive actions so large text cannot clip flagging or navigation
ok 1696 - certification exam stacks descriptive actions so large text cannot clip flagging or navigation
  ---
  duration_ms: 0.26425
  type: 'test'
  ...
# Subtest: practice runtime selectors are derived from the canonical session projection without entering speech labels
ok 1697 - practice runtime selectors are derived from the canonical session projection without entering speech labels
  ---
  duration_ms: 0.518792
  type: 'test'
  ...
# Subtest: dry-run regression starts the recommended session directly and proves its live timer
ok 1698 - dry-run regression starts the recommended session directly and proves its live timer
  ---
  duration_ms: 0.919625
  type: 'test'
  ...
# Subtest: dry-run regression ends early into a truthful partial summary
ok 1699 - dry-run regression ends early into a truthful partial summary
  ---
  duration_ms: 0.228125
  type: 'test'
  ...
# Subtest: Algorithms presentation metadata covers exactly the generated structural roadmap
ok 1700 - Algorithms presentation metadata covers exactly the generated structural roadmap
  ---
  duration_ms: 2.137208
  type: 'test'
  ...
# Subtest: Algorithms runtime derives roadmap parent relationships and mental units from the generated SOT
ok 1701 - Algorithms runtime derives roadmap parent relationships and mental units from the generated SOT
  ---
  duration_ms: 0.307292
  type: 'test'
  ...
# Subtest: AUD-02B runner fails closed outside the existing booted iPhone 17 app and local evidence setup
ok 1702 - AUD-02B runner fails closed outside the existing booted iPhone 17 app and local evidence setup
  ---
  duration_ms: 0.795917
  type: 'test'
  ...
# Subtest: AUD-02B executes authenticated Free, Premium, and expiry phases in order with the exact audit URL
ok 1703 - AUD-02B executes authenticated Free, Premium, and expiry phases in order with the exact audit URL
  ---
  duration_ms: 0.189125
  type: 'test'
  ...
# Subtest: AUD-02B owns only its local backend process and gates both entitlement phases on readiness
ok 1704 - AUD-02B owns only its local backend process and gates both entitlement phases on readiness
  ---
  duration_ms: 0.366042
  type: 'test'
  ...
# Subtest: AUD-02B Free evidence selects Coding Mock and repeats the paywall after clearState:false relaunch
ok 1705 - AUD-02B Free evidence selects Coding Mock and repeats the paywall after clearState:false relaunch
  ---
  duration_ms: 0.721625
  type: 'test'
  ...
# Subtest: AUD-02B Premium evidence restores the same 40-question draft before manual finalization and endpoint review
ok 1706 - AUD-02B Premium evidence restores the same 40-question draft before manual finalization and endpoint review
  ---
  duration_ms: 0.602417
  type: 'test'
  ...
# Subtest: AUD-02B expiry invokes only the exact Coding Mock command and captures finalized unanswered review
ok 1707 - AUD-02B expiry invokes only the exact Coding Mock command and captures finalized unanswered review
  ---
  duration_ms: 0.155916
  type: 'test'
  ...
# Subtest: Custom Practice resume preserves the selected durable at-session-end timing
ok 1708 - Custom Practice resume preserves the selected durable at-session-end timing
  ---
  duration_ms: 341.303333
  type: 'test'
  ...
# Subtest: resume rejects an active session that lacks a canonical feedback timing
ok 1709 - resume rejects an active session that lacks a canonical feedback timing
  ---
  duration_ms: 0.26125
  type: 'test'
  ...
# Subtest: M3 keeps the same Custom Practice session and withholds feedback across leave, kill, and resume
ok 1710 - M3 keeps the same Custom Practice session and withholds feedback across leave, kill, and resume
  ---
  duration_ms: 1.18475
  type: 'test'
  ...
# Subtest: M4 restores the exact Custom Practice durable feedback after leave, kill, and resume
ok 1711 - M4 restores the exact Custom Practice durable feedback after leave, kill, and resume
  ---
  duration_ms: 0.218334
  type: 'test'
  ...
# Subtest: M5 reuses the complete M1 flow and proves a terminal session has no active resume path after relaunch
ok 1712 - M5 reuses the complete M1 flow and proves a terminal session has no active resume path after relaunch
  ---
  duration_ms: 0.107625
  type: 'test'
  ...
# Subtest: RC Algorithms bootstrap resets learning data and explicitly selects the Algorithms track
ok 1713 - RC Algorithms bootstrap resets learning data and explicitly selects the Algorithms track
  ---
  duration_ms: 1.380541
  type: 'test'
  ...
# Subtest: RC Algorithms iOS runner validates and passes explicit capture inputs only to the final Maestro flow
ok 1714 - RC Algorithms iOS runner validates and passes explicit capture inputs only to the final Maestro flow
  ---
  duration_ms: 0.276833
  type: 'test'
  ...
# Subtest: AUD-02C runner is pinned to one existing iPhone 17 and ordered local entitlement phases
ok 1715 - AUD-02C runner is pinned to one existing iPhone 17 and ordered local entitlement phases
  ---
  duration_ms: 0.887542
  type: 'test'
  ...
# Subtest: AUD-02C flows prove Free denial, durable resume, manual result, timeout result, and rubric review
ok 1716 - AUD-02C flows prove Free denial, durable resume, manual result, timeout result, and rubric review
  ---
  duration_ms: 0.526458
  type: 'test'
  ...
# Subtest: AUD-02C premium and timeout flows preserve each response before saved status without keyboard commands
ok 1717 - AUD-02C premium and timeout flows preserve each response before saved status without keyboard commands
  ---
  duration_ms: 0.272125
  type: 'test'
  ...
# Subtest: Design session mode titles match the learner-facing journey
ok 1718 - Design session mode titles match the learner-facing journey
  ---
  duration_ms: 1.252708
  type: 'test'
  ...
# Subtest: Design result names its exact package topic and exposes missing mapping
ok 1719 - Design result names its exact package topic and exposes missing mapping
  ---
  duration_ms: 0.569708
  type: 'test'
  ...
1..1719
# tests 1770
# suites 0
# pass 1766
# fail 0
# cancelled 0
# skipped 4
# todo 0
# duration_ms 52882.1665
npm notice
npm notice New major version of npm available! 10.9.8 -> 12.2.0
npm notice Changelog: https://github.com/npm/cli/releases/tag/v12.2.0
npm notice To update run: npm install -g npm@12.2.0
npm notice

> patternly@0.1.0 validate:content-boundary
> node scripts/validateContentBoundary.mjs

CONTENT_BOUNDARY_CHECK=passed
npm notice
npm notice New major version of npm available! 10.9.8 -> 12.2.0
npm notice Changelog: https://github.com/npm/cli/releases/tag/v12.2.0
npm notice To update run: npm install -g npm@12.2.0
npm notice

> patternly@0.1.0 validate:runtime-privacy-boundary
> node scripts/validateRuntimePrivacyBoundary.mjs

RUNTIME_PRIVACY_BOUNDARY_CHECK=passed
npm notice
npm notice New major version of npm available! 10.9.8 -> 12.2.0
npm notice Changelog: https://github.com/npm/cli/releases/tag/v12.2.0
npm notice To update run: npm install -g npm@12.2.0
npm notice
RECOVERY_BASELINE_REPORT={"activeContent":{"contentBoundary":"src/content","productionContentPresent":false,"certificationCatalog":"src/tracks/certification/certificationContentCatalog.ts"},"activeTests":{"files":300,"cases":1718},"commands":[{"command":"npm run qa:static","exitCode":0,"signal":null}],"packageScripts":["android","android:sandbox","android:smoke","baseline:report","check:content-release","check:legal-variables","e2e:aud-02b:coding-mock:ios","e2e:aud-02d:ios","e2e:rc:algorithms:android","e2e:rc:algorithms:ios","e2e:rc:certification-exam:android","e2e:rc:certification-exam:ios","emulator:firebase-auth-generation","export:legal","ios","ios:sandbox","ios:smoke","launch:readiness","qa:static","recovery:check","release:gate","release:manifest","release:manifest:create","release:manifest:verify","start","start:sandbox","start:smoke","sync:content-release","test","test:content-release-cross-repo","test:firebase-auth-generation:emulator","test:recovery-operations:emulator","typecheck","validate:content-boundary","validate:runtime-privacy-boundary","web","web:sandbox","web:smoke"],"sourceFiles":448}
npm notice
npm notice New major version of npm available! 10.9.8 -> 12.2.0
npm notice Changelog: https://github.com/npm/cli/releases/tag/v12.2.0
npm notice To update run: npm install -g npm@12.2.0
npm notice
