
> patternly@0.1.0 qa:static
> npm run recovery:check && npm run typecheck && npm test && npm run validate:content-boundary && npm run validate:runtime-privacy-boundary


> patternly@0.1.0 recovery:check
> node scripts/checkRecoveryBaseline.mjs

RECOVERY_INVENTORY_CHECK=passed
RECOVERY_ACTIVE_SOURCE_FILES=450
RECOVERY_ACTIVE_TESTS=311
RECOVERY_TEST_CASES=1753
RECOVERY_STAGE_1_BOUNDARIES=passed

> patternly@0.1.0 typecheck
> tsc --noEmit


> patternly@0.1.0 test
> node --import tsx --test 'src/**/*.test.ts' 'src/**/*.test.mjs' 'scripts/**/*.test.ts' 'scripts/**/*.test.mjs'

TAP version 13
# Subtest: learning kernel and registry boundaries exclude family content and platform owners
ok 1 - learning kernel and registry boundaries exclude family content and platform owners
  ---
  duration_ms: 6.911667
  type: 'test'
  ...
# Subtest: families do not import one another and source contains no replacement bridge
ok 2 - families do not import one another and source contains no replacement bridge
  ---
  duration_ms: 91.351208
  type: 'test'
  ...
# Subtest: application mutations depend on repositories rather than raw storage internals
ok 3 - application mutations depend on repositories rather than raw storage internals
  ---
  duration_ms: 0.509958
  type: 'test'
  ...
# Subtest: canonical lifecycle use cases have no React, storage implementation, or family-scoring dependency
ok 4 - canonical lifecycle use cases have no React, storage implementation, or family-scoring dependency
  ---
  duration_ms: 0.495167
  type: 'test'
  ...
# Subtest: the public storage barrel does not expose raw keys or codec
ok 5 - the public storage barrel does not expose raw keys or codec
  ---
  duration_ms: 0.167083
  type: 'test'
  ...
# Subtest: AUD-02D starts child before auth and records expired baseline before observation
ok 6 - AUD-02D starts child before auth and records expired baseline before observation
  ---
  duration_ms: 17.105542
  type: 'test'
  ...
# Subtest: child readiness waits for readiness and races early completion
ok 7 - child readiness waits for readiness and races early completion
  ---
  duration_ms: 3.421459
  type: 'test'
  ...
# Subtest: nonzero child completion remains a hard failure
ok 8 - nonzero child completion remains a hard failure
  ---
  duration_ms: 0.079875
  type: 'test'
  ...
# Subtest: bounded cleanup leaves a naturally completed child alone
ok 9 - bounded cleanup leaves a naturally completed child alone
  ---
  duration_ms: 0.410417
  type: 'test'
  ...
# Subtest: timeout stops the child, its owned backend, then confirms port release
ok 10 - timeout stops the child, its owned backend, then confirms port release
  ---
  duration_ms: 5.695375
  type: 'test'
  ...
# Subtest: cleanup is bounded and retains each cleanup failure
ok 11 - cleanup is bounded and retains each cleanup failure
  ---
  duration_ms: 7.896292
  type: 'test'
  ...
# Subtest: cleanup context keeps the original failure first
ok 12 - cleanup context keeps the original failure first
  ---
  duration_ms: 0.524375
  type: 'test'
  ...
# Subtest: listener ownership requires a complete ancestry chain to the exact runner
ok 13 - listener ownership requires a complete ancestry chain to the exact runner
  ---
  duration_ms: 0.703291
  type: 'test'
  ...
# Subtest: backend signal uses only the group captured by successful ownership proof
ok 14 - backend signal uses only the group captured by successful ownership proof
  ---
  duration_ms: 5.447875
  type: 'test'
  ...
# Subtest: failed backend ownership proof skips backend signal and reports secondary failure
ok 15 - failed backend ownership proof skips backend signal and reports secondary failure
  ---
  duration_ms: 6.783583
  type: 'test'
  ...
# Subtest: AUD-02D evidence manifest snapshots redact credentials without mutating live case records
ok 16 - AUD-02D evidence manifest snapshots redact credentials without mutating live case records
  ---
  duration_ms: 19.234958
  type: 'test'
  ...
# Subtest: AUD-02D evidence redaction scrubs text artifacts atomically and scans every regular file
ok 17 - AUD-02D evidence redaction scrubs text artifacts atomically and scans every regular file
  ---
  duration_ms: 110.747958
  type: 'test'
  ...
# Subtest: AUD-02D evidence redaction rejects symbolic links under the output root
ok 18 - AUD-02D evidence redaction rejects symbolic links under the output root
  ---
  duration_ms: 24.683625
  type: 'test'
  ...
# Subtest: AUD-02D evidence scan removes later unsafe credential files after an earlier directory symlink
ok 19 - AUD-02D evidence scan removes later unsafe credential files after an earlier directory symlink
  ---
  duration_ms: 18.993208
  type: 'test'
  ...
# Subtest: AUD-02D matrix is exactly bound to the nine-track candidate lock
ok 20 - AUD-02D matrix is exactly bound to the nine-track candidate lock
  ---
  duration_ms: 7.268792
  type: 'test'
  ...
# Subtest: Custom Practice matrix includes every 10/20/40 by timing combination
ok 21 - Custom Practice matrix includes every 10/20/40 by timing combination
  ---
  duration_ms: 1.903167
  type: 'test'
  ...
# Subtest: coordinating runner binds every case to clean sources, one install, native identity and stable bundle bytes
ok 22 - coordinating runner binds every case to clean sources, one install, native identity and stable bundle bytes
  ---
  duration_ms: 2.460292
  type: 'test'
  ...
# Subtest: AUD-02D validates smoke profile for Metro and owns active backend through pre-premium runtime cases
ok 23 - AUD-02D validates smoke profile for Metro and owns active backend through pre-premium runtime cases
  ---
  duration_ms: 3.095208
  type: 'test'
  ...
# Subtest: AUD-02D non-exam premium runners receive their declared premium flows
ok 24 - AUD-02D non-exam premium runners receive their declared premium flows
  ---
  duration_ms: 0.617209
  type: 'test'
  ...
# Subtest: AUD-02D resolves and validates the exact local Expo iOS AppEntry launch asset
ok 25 - AUD-02D resolves and validates the exact local Expo iOS AppEntry launch asset
  ---
  duration_ms: 2.276875
  type: 'test'
  ...
# Subtest: smoke entitlement probe exchanges ordinary auth for a generation-pinned token without persisting secrets
ok 26 - smoke entitlement probe exchanges ordinary auth for a generation-pinned token without persisting secrets
  ---
  duration_ms: 2.147208
  type: 'test'
  ...
# Subtest: smoke auth errors persist only HTTP status and safe error.code
ok 27 - smoke auth errors persist only HTTP status and safe error.code
  ---
  duration_ms: 7.935584
  type: 'test'
  ...
# Subtest: AUD-02D Maestro flows cover track readiness and all setup selectors before session start
ok 28 - AUD-02D Maestro flows cover track readiness and all setup selectors before session start
  ---
  duration_ms: 49.165209
  type: 'test'
  ...
# Subtest: auth preflight extended waits are recorded and flows without assertions remain rejected
ok 29 - auth preflight extended waits are recorded and flows without assertions remain rejected
  ---
  duration_ms: 12.544917
  type: 'test'
  ...
# Subtest: feedback lifecycle flows resume, complete ten answers and open the result review
ok 30 - feedback lifecycle flows resume, complete ten answers and open the result review
  ---
  duration_ms: 21.121542
  type: 'test'
  ...
# Subtest: result review selects the caller-provided question while retaining its occurrence root
ok 31 - result review selects the caller-provided question while retaining its occurrence root
  ---
  duration_ms: 12.873042
  type: 'test'
  ...
# Subtest: all new AUD-02D Maestro YAML documents parse and contain executable assertion commands
ok 32 - all new AUD-02D Maestro YAML documents parse and contain executable assertion commands
  ---
  duration_ms: 61.030333
  type: 'test'
  ...
# Subtest: Expo and npm expose one canonical Patternly identity
ok 33 - Expo and npm expose one canonical Patternly identity
  ---
  duration_ms: 3.851208
  type: 'test'
  ...
# Subtest: RC runners, runtime-audit URLs, and every Maestro flow share the Patternly identity
ok 34 - RC runners, runtime-audit URLs, and every Maestro flow share the Patternly identity
  ---
  duration_ms: 14.098584
  type: 'test'
  ...
# Subtest: build identity cutover leaves canonical learning-data keys unchanged
ok 35 - build identity cutover leaves canonical learning-data keys unchanged
  ---
  duration_ms: 0.146208
  type: 'test'
  ...
# Subtest: sandbox builds validate the same closed public environment schema as the installed app
ok 36 - sandbox builds validate the same closed public environment schema as the installed app
  ---
  duration_ms: 3.516834
  type: 'test'
  ...
# Subtest: runtime mode is explicit and persists in public Expo config
ok 37 - runtime mode is explicit and persists in public Expo config
  ---
  duration_ms: 0.454458
  type: 'test'
  ...
# Subtest: sandbox and release reject mode/configuration mismatches
ok 38 - sandbox and release reject mode/configuration mismatches
  ---
  duration_ms: 0.311209
  type: 'test'
  ...
# Subtest: release app config always rejects the checked-in public legal payload
ok 39 - release app config always rejects the checked-in public legal payload
  ---
  duration_ms: 2.325333
  type: 'test'
  ...
# Subtest: release public legal links use the configured public environment parser and match the legal record
ok 40 - release public legal links use the configured public environment parser and match the legal record
  ---
  duration_ms: 0.744333
  type: 'test'
  ...
# Subtest: smoke is explicit, locally bound, and permits debug App Check
ok 41 - smoke is explicit, locally bound, and permits debug App Check
  ---
  duration_ms: 0.175792
  type: 'test'
  ...
# Subtest: remote artifacts require their public Firebase configuration before prebuild
ok 42 - remote artifacts require their public Firebase configuration before prebuild
  ---
  duration_ms: 0.254958
  type: 'test'
  ...
# Subtest: only iOS remote artifacts require the public RevenueCat Apple SDK key before prebuild
ok 43 - only iOS remote artifacts require the public RevenueCat Apple SDK key before prebuild
  ---
  duration_ms: 0.358542
  type: 'test'
  ...
# Subtest: remote artifacts require production App Check providers before prebuild
ok 44 - remote artifacts require production App Check providers before prebuild
  ---
  duration_ms: 0.274417
  type: 'test'
  ...
# Subtest: sandbox and release accept only production App Check provider pairs
ok 45 - sandbox and release accept only production App Check provider pairs
  ---
  duration_ms: 32.463458
  type: 'test'
  ...
# Subtest: sandbox uses the one tracked native Firebase registration while release requires production file variables
ok 46 - sandbox uses the one tracked native Firebase registration while release requires production file variables
  ---
  duration_ms: 0.394333
  type: 'test'
  ...
# Subtest: explicit iOS sandbox and release require iOS configuration and ignore Android-only configuration
ok 47 - explicit iOS sandbox and release require iOS configuration and ignore Android-only configuration
  ---
  duration_ms: 1.289166
  type: 'test'
  ...
# Subtest: explicit Android sandbox and release require Android configuration and ignore iOS-only configuration
ok 48 - explicit Android sandbox and release require Android configuration and ignore iOS-only configuration
  ---
  duration_ms: 5.143542
  type: 'test'
  ...
# Subtest: without an explicit native target, sandbox and release require both platform configurations
ok 49 - without an explicit native target, sandbox and release require both platform configurations
  ---
  duration_ms: 4.947541
  type: 'test'
  ...
# Subtest: explicit iOS and Android builds always require shared Firebase public configuration
ok 50 - explicit iOS and Android builds always require shared Firebase public configuration
  ---
  duration_ms: 1.509792
  type: 'test'
  ...
# Subtest: candidate lock binds the exact nine bundled artifacts
ok 51 - candidate lock binds the exact nine bundled artifacts
  ---
  duration_ms: 17.190875
  type: 'test'
  ...
# Subtest: candidate lock rejects bundled bytes outside the candidate
ok 52 - candidate lock rejects bundled bytes outside the candidate
  ---
  duration_ms: 21.123042
  type: 'test'
  ...
# Subtest: CI bootstrap binds the actual current v3 lock to all nine verified bundled artifacts
ok 53 - CI bootstrap binds the actual current v3 lock to all nine verified bundled artifacts
  ---
  duration_ms: 1769.97
  type: 'test'
  ...
# Subtest: CI bootstrap fails closed for malformed v3 metadata without an active v2 fallback
    # Subtest: old schema
    ok 1 - old schema
      ---
      duration_ms: 7.979708
      type: 'test'
      ...
    # Subtest: extra root field
    ok 2 - extra root field
      ---
      duration_ms: 7.715042
      type: 'test'
      ...
    # Subtest: missing track
    ok 3 - missing track
      ---
      duration_ms: 5.691916
      type: 'test'
      ...
    # Subtest: extra track
    ok 4 - extra track
      ---
      duration_ms: 6.214459
      type: 'test'
      ...
    # Subtest: duplicate track
    ok 5 - duplicate track
      ---
      duration_ms: 12.550834
      type: 'test'
      ...
    # Subtest: mixed pin
    ok 6 - mixed pin
      ---
      duration_ms: 7.888291
      type: 'test'
      ...
    # Subtest: source mismatch
    ok 7 - source mismatch
      ---
      duration_ms: 6.211125
      type: 'test'
      ...
    # Subtest: malformed pin
    ok 8 - malformed pin
      ---
      duration_ms: 15.086
      type: 'test'
      ...
    # Subtest: mixed release
    ok 9 - mixed release
      ---
      duration_ms: 4.679292
      type: 'test'
      ...
    # Subtest: bad checksum
    ok 10 - bad checksum
      ---
      duration_ms: 9.521542
      type: 'test'
      ...
    # Subtest: bad manifest digest
    ok 11 - bad manifest digest
      ---
      duration_ms: 5.137625
      type: 'test'
      ...
    # Subtest: bad candidate identity
    ok 12 - bad candidate identity
      ---
      duration_ms: 12.215792
      type: 'test'
      ...
    # Subtest: wrong candidate path
    ok 13 - wrong candidate path
      ---
      duration_ms: 18.139792
      type: 'test'
      ...
    1..13
ok 54 - CI bootstrap fails closed for malformed v3 metadata without an active v2 fallback
  ---
  duration_ms: 127.274959
  type: 'test'
  ...
# Subtest: CI bootstrap rejects valid-shaped metadata that disagrees with actual bundled hashes or versions
    # Subtest: bundledContentLockSha256
    ok 1 - bundledContentLockSha256
      ---
      duration_ms: 555.121542
      type: 'test'
      ...
    # Subtest: checksumSha256
    ok 2 - checksumSha256
      ---
      duration_ms: 1205.545542
      type: 'test'
      ...
    # Subtest: contentVersion
    ok 3 - contentVersion
      ---
      duration_ms: 1254.736458
      type: 'test'
      ...
    1..3
ok 55 - CI bootstrap rejects valid-shaped metadata that disagrees with actual bundled hashes or versions
  ---
  duration_ms: 3017.248084
  type: 'test'
  ...
# Subtest: both QA jobs share the strict pin reader and retain mandatory candidate and actual checkout identity gates
ok 56 - both QA jobs share the strict pin reader and retain mandatory candidate and actual checkout identity gates
  ---
  duration_ms: 1.113625
  type: 'test'
  ...
# Subtest: historical bootstrap preserves the exact frozen lock and distinct producer checkout
ok 57 - historical bootstrap preserves the exact frozen lock and distinct producer checkout
  ---
  duration_ms: 510.831209
  type: 'test'
  ...
# Subtest: Metro selects Certification Exam review fixtures only in smoke and keeps disabled peer inert
ok 58 - Metro selects Certification Exam review fixtures only in smoke and keeps disabled peer inert
  ---
  duration_ms: 981.825375
  type: 'test'
  ...
# Subtest: QA installs the frontend lock before native and root verification
ok 59 - QA installs the frontend lock before native and root verification
  ---
  duration_ms: 0.672084
  type: 'test'
  ...
# Subtest: EAS release configuration has explicit version, runtime, and channel policy
ok 60 - EAS release configuration has explicit version, runtime, and channel policy
  ---
  duration_ms: 1.419458
  type: 'test'
  ...
# Subtest: EAS source archives exclude generated native output, artifacts, and credentials
ok 61 - EAS source archives exclude generated native output, artifacts, and credentials
  ---
  duration_ms: 0.350792
  type: 'test'
  ...
# Subtest: exports exactly Coding and AWS from current ordinary Free pools with source-bound authored feedback
ok 62 - exports exactly Coding and AWS from current ordinary Free pools with source-bound authored feedback
  ---
  duration_ms: 1758.087333
  type: 'test'
  ...
# Subtest: snapshot check accepts exact bytes and rejects missing or stale generated content
ok 63 - snapshot check accepts exact bytes and rejects missing or stale generated content
  ---
  duration_ms: 0.324125
  type: 'test'
  ...
# Subtest: rejects source, identity, current locks/admission/receipts, family, and resolved Free-pool mismatches for each demo
ok 64 - rejects source, identity, current locks/admission/receipts, family, and resolved Free-pool mismatches for each demo
  ---
  duration_ms: 2.603417
  type: 'test'
  ...
# Subtest: production exporter rejects the current incomplete canonical source before creating output
ok 65 - production exporter rejects the current incomplete canonical source before creating output
  ---
  duration_ms: 373.860667
  type: 'test'
  ...
# Subtest: synthetic seven-locale artifacts are marked unapproved and contain complete, interpolated drafts
ok 66 - synthetic seven-locale artifacts are marked unapproved and contain complete, interpolated drafts
  ---
  duration_ms: 13.369875
  type: 'test'
  ...
# Subtest: app legal exports retain the same output as parameterized template rendering
ok 67 - app legal exports retain the same output as parameterized template rendering
  ---
  duration_ms: 0.292
  type: 'test'
  ...
# Subtest: release gate and exporter use the same canonical source fingerprint
ok 68 - release gate and exporter use the same canonical source fingerprint
  ---
  duration_ms: 965.826375
  type: 'test'
  ...
# Subtest: launch readiness CI is the complete exact-four-SHA owning gate
ok 69 - launch readiness CI is the complete exact-four-SHA owning gate
  ---
  duration_ms: 14.3035
  type: 'test'
  ...
# Subtest: mutations of any required SHA input fail closed
ok 70 - mutations of any required SHA input fail closed
  ---
  duration_ms: 4.8475
  type: 'test'
  ...
# Subtest: mutations of each fixed repository slug, ref, path and fetch depth fail closed
ok 71 - mutations of each fixed repository slug, ref, path and fetch depth fail closed
  ---
  duration_ms: 12.151166
  type: 'test'
  ...
# Subtest: mutations of historical lock resolution or app content roots fail closed
ok 72 - mutations of historical lock resolution or app content roots fail closed
  ---
  duration_ms: 7.734459
  type: 'test'
  ...
# Subtest: mutations of every exact-head or clean-worktree assertion fail closed
ok 73 - mutations of every exact-head or clean-worktree assertion fail closed
  ---
  duration_ms: 1.868125
  type: 'test'
  ...
# Subtest: mutations of toolchain and every npm ci owning gate fail closed
ok 74 - mutations of toolchain and every npm ci owning gate fail closed
  ---
  duration_ms: 80.455584
  type: 'test'
  ...
# Subtest: mutations of the web server wait, base URL and cleanup fail closed
ok 75 - mutations of the web server wait, base URL and cleanup fail closed
  ---
  duration_ms: 7.008208
  type: 'test'
  ...
# Subtest: mutations of backend sibling roots and content/web gate commands fail closed
ok 76 - mutations of backend sibling roots and content/web gate commands fail closed
  ---
  duration_ms: 4.683542
  type: 'test'
  ...
# Subtest: mutations of manifest creation, verification and enforced release fail closed
ok 77 - mutations of manifest creation, verification and enforced release fail closed
  ---
  duration_ms: 4.827083
  type: 'test'
  ...
# Subtest: mutations of JSON validation, unconditional uploads and final outcome enforcement fail closed
ok 78 - mutations of JSON validation, unconditional uploads and final outcome enforcement fail closed
  ---
  duration_ms: 2.531833
  type: 'test'
  ...
# Subtest: moving candidate refs, write permissions or secrets fail closed
ok 79 - moving candidate refs, write permissions or secrets fail closed
  ---
  duration_ms: 0.46275
  type: 'test'
  ...
# Subtest: Metro selects proposal fixtures only in the smoke runtime
ok 80 - Metro selects proposal fixtures only in the smoke runtime
  ---
  duration_ms: 1020.749334
  type: 'test'
  ...
# Subtest: one journal contract, materializer, verifier, and coordinator remain
ok 81 - one journal contract, materializer, verifier, and coordinator remain
  ---
  duration_ms: 1.209042
  type: 'test'
  ...
# Subtest: mutation failure has one boundary owner and presentation cannot recreate durable state
ok 82 - mutation failure has one boundary owner and presentation cannot recreate durable state
  ---
  duration_ms: 43.137875
  type: 'test'
  ...
# Subtest: features and track semantics cannot import storage or repository implementations
ok 83 - features and track semantics cannot import storage or repository implementations
  ---
  duration_ms: 97.565334
  type: 'test'
  ...
# Subtest: Algorithms runtime composition has no persistence binding
ok 84 - Algorithms runtime composition has no persistence binding
  ---
  duration_ms: 1.291167
  type: 'test'
  ...
# Subtest: Coding Interview read projections do not create a barrel cycle through the session facade
ok 85 - Coding Interview read projections do not create a barrel cycle through the session facade
  ---
  duration_ms: 0.695084
  type: 'test'
  ...
# Subtest: one family-neutral foreground timer is bound only in application composition, never in presentation
ok 86 - one family-neutral foreground timer is bound only in application composition, never in presentation
  ---
  duration_ms: 6.218375
  type: 'test'
  ...
# Subtest: training-session identity has one lifecycle authority and no obsolete runtime port
ok 87 - training-session identity has one lifecycle authority and no obsolete runtime port
  ---
  duration_ms: 4.175375
  type: 'test'
  ...
# Subtest: old active exam persistence owner and feature services are deleted
ok 88 - old active exam persistence owner and feature services are deleted
  ---
  duration_ms: 68.43175
  type: 'test'
  ...
# Subtest: Certification answers cannot recreate the deleted selector or competing writer
ok 89 - Certification answers cannot recreate the deleted selector or competing writer
  ---
  duration_ms: 86.196333
  type: 'test'
  ...
# Subtest: Certification presentation reads materialized feedback without owning family scoring
ok 90 - Certification presentation reads materialized feedback without owning family scoring
  ---
  duration_ms: 11.665459
  type: 'test'
  ...
# Subtest: Certification durable Practice state has one exact projection, recovery command, and shared notice mapper
ok 91 - Certification durable Practice state has one exact projection, recovery command, and shared notice mapper
  ---
  duration_ms: 0.947458
  type: 'test'
  ...
# Subtest: Certification route handoffs use exact resume intent and cannot hide failures behind start fallbacks
ok 92 - Certification route handoffs use exact resume intent and cannot hide failures behind start fallbacks
  ---
  duration_ms: 0.653
  type: 'test'
  ...
# Subtest: presentation routes use application ports without persistence internals
ok 93 - presentation routes use application ports without persistence internals
  ---
  duration_ms: 8.084333
  type: 'test'
  ...
# Subtest: startup recovery uses canonical bootstrap recovery
ok 94 - startup recovery uses canonical bootstrap recovery
  ---
  duration_ms: 0.123125
  type: 'test'
  ...
# Subtest: release-native configuration excludes canonical learning storage from backup and unneeded ingress
ok 95 - release-native configuration excludes canonical learning storage from backup and unneeded ingress
  ---
  duration_ms: 0.87725
  type: 'test'
  ...
# Subtest: Android privacy transforms are reproducible without generated native projects
ok 96 - Android privacy transforms are reproducible without generated native projects
  ---
  duration_ms: 0.900083
  type: 'test'
  ...
# Subtest: iOS backup transform is reproducible without a generated AppDelegate
ok 97 - iOS backup transform is reproducible without a generated AppDelegate
  ---
  duration_ms: 0.11
  type: 'test'
  ...
# Subtest: clean iOS output declares current data collection without tracking or remote notifications
ok 98 - clean iOS output declares current data collection without tracking or remote notifications
  ---
  duration_ms: 6.175916
  type: 'test'
  ...
# Subtest: Expo platform configuration declares the supported phone-only native matrix
ok 99 - Expo platform configuration declares the supported phone-only native matrix
  ---
  duration_ms: 1.978291
  type: 'test'
  ...
# Subtest: Premium node offers and their local fixture transport share one smoke-only Metro module
ok 100 - Premium node offers and their local fixture transport share one smoke-only Metro module
  ---
  duration_ms: 784.648709
  type: 'test'
  ...
# Subtest: release Metro source selections cannot expose the local Premium offer or payload
ok 101 - release Metro source selections cannot expose the local Premium offer or payload
  ---
  duration_ms: 40.52875
  type: 'test'
  ...
# Subtest: provider auth fixture runtime resolves to smoke implementation only for smoke
ok 102 - provider auth fixture runtime resolves to smoke implementation only for smoke
  ---
  duration_ms: 930.308417
  type: 'test'
  ...
# Subtest: non-smoke provider fixture peer contains no token-generation or provider-auth SDK calls
ok 103 - non-smoke provider fixture peer contains no token-generation or provider-auth SDK calls
  ---
  duration_ms: 7.409291
  type: 'test'
  ...
# Subtest: recovery integration refuses missing producer pins before starting emulators
ok 104 - recovery integration refuses missing producer pins before starting emulators
  ---
  duration_ms: 143.669667
  type: 'test'
  ...
# Subtest: recovery integration refuses blank producer pins before starting emulators
ok 105 - recovery integration refuses blank producer pins before starting emulators
  ---
  duration_ms: 109.8315
  type: 'test'
  ...
# Subtest: an explicit producer pin file retains the exact repository HEAD fence
ok 106 - an explicit producer pin file retains the exact repository HEAD fence
  ---
  duration_ms: 171.041167
  type: 'test'
  ...
# Subtest: mobile recovery coordinator, secure-store fixture and adapter complete real HTTP recovery operations
ok 107 - mobile recovery coordinator, secure-store fixture and adapter complete real HTTP recovery operations # SKIP
  ---
  duration_ms: 1.439542
  type: 'test'
  ...
# Subtest: HTTP session revoke conflicts with an unacknowledged recovery result and succeeds after its ACK
ok 108 - HTTP session revoke conflicts with an unacknowledged recovery result and succeeds after its ACK # SKIP
  ---
  duration_ms: 0.093708
  type: 'test'
  ...
# Subtest: same-operation concurrent HTTP recovery consumes return the persisted real Admin winner
ok 109 - same-operation concurrent HTTP recovery consumes return the persisted real Admin winner # SKIP
  ---
  duration_ms: 0.043875
  type: 'test'
  ...
# Subtest: HTTP account deletion supersedes an unacknowledged recovery result and removes its proof-bound data
ok 110 - HTTP account deletion supersedes an unacknowledged recovery result and removes its proof-bound data # SKIP
  ---
  duration_ms: 0.065125
  type: 'test'
  ...
# Subtest: launch readiness report is deterministic and exposes the unresolved release blockers
ok 111 - launch readiness report is deterministic and exposes the unresolved release blockers
  ---
  duration_ms: 1603.44875
  type: 'test'
  ...
# Subtest: release readiness reports missing, malformed, and complete public legal configuration safely
ok 112 - release readiness reports missing, malformed, and complete public legal configuration safely
  ---
  duration_ms: 3713.937292
  type: 'test'
  ...
# Subtest: launch readiness rejects a forged runtime admission
ok 113 - launch readiness rejects a forged runtime admission
  ---
  duration_ms: 706.515875
  type: 'test'
  ...
# Subtest: release gate fails while the readiness report contains blockers
ok 114 - release gate fails while the readiness report contains blockers
  ---
  duration_ms: 872.360958
  type: 'test'
  ...
# Subtest: enforced release gate requires a verified four-repository manifest
ok 115 - enforced release gate requires a verified four-repository manifest
  ---
  duration_ms: 832.869667
  type: 'test'
  ...
# Subtest: launch readiness fails closed when the content evidence checkout is dirty
ok 116 - launch readiness fails closed when the content evidence checkout is dirty
  ---
  duration_ms: 368.004875
  type: 'test'
  ...
# Subtest: explicit report output is written after inspection and does not dirty either worktree
ok 117 - explicit report output is written after inspection and does not dirty either worktree
  ---
  duration_ms: 1060.23475
  type: 'test'
  ...
# Subtest: owning validator rejects stale identity and malformed readiness semantics
ok 118 - owning validator rejects stale identity and malformed readiness semantics
  ---
  duration_ms: 6324.244041
  type: 'test'
  ...
# Subtest: enforced mode still writes a valid report before returning exit 1
ok 119 - enforced mode still writes a valid report before returning exit 1
  ---
  duration_ms: 1240.454208
  type: 'test'
  ...
# Subtest: CLI rejects malformed arguments and physical output paths inside either worktree
ok 120 - CLI rejects malformed arguments and physical output paths inside either worktree
  ---
  duration_ms: 1627.554833
  type: 'test'
  ...
# Subtest: launch readiness fails closed when the application release lock provenance is invalid
ok 121 - launch readiness fails closed when the application release lock provenance is invalid
  ---
  duration_ms: 956.504625
  type: 'test'
  ...
# Subtest: launch readiness fails closed when the application evidence checkout is dirty
ok 122 - launch readiness fails closed when the application evidence checkout is dirty
  ---
  duration_ms: 1042.596583
  type: 'test'
  ...
# Subtest: launch readiness admits external evidence only when its envelope is bound and self-integral
ok 123 - launch readiness admits external evidence only when its envelope is bound and self-integral
  ---
  duration_ms: 2685.554666
  type: 'test'
  ...
# Subtest: physical-device evidence is optional through freeze and mandatory at go
ok 124 - physical-device evidence is optional through freeze and mandatory at go
  ---
  duration_ms: 2849.983459
  type: 'test'
  ...
# Subtest: stage contract keeps PO, provider, store, and device evidence out of local and freeze
ok 125 - stage contract keeps PO, provider, store, and device evidence out of local and freeze
  ---
  duration_ms: 2582.056416
  type: 'test'
  ...
# Subtest: creates deterministic portable identity with repositories, locks, build, configuration, and evidence
ok 126 - creates deterministic portable identity with repositories, locks, build, configuration, and evidence
  ---
  duration_ms: 4471.807958
  type: 'test'
  ...
# Subtest: verifies exact HEADs, clean worktrees, hashes and current content/OpenAPI owning checks
ok 127 - verifies exact HEADs, clean worktrees, hashes and current content/OpenAPI owning checks
  ---
  duration_ms: 2366.136292
  type: 'test'
  ...
# Subtest: CLI create output can be copied to another external directory and verified
ok 128 - CLI create output can be copied to another external directory and verified
  ---
  duration_ms: 6107.217209
  type: 'test'
  ...
# Subtest: enforced releaseGate reports a verified manifest identity without absolute paths
ok 129 - enforced releaseGate reports a verified manifest identity without absolute paths
  ---
  duration_ms: 3258.295291
  type: 'test'
  ...
# Subtest: releaseGate accepts only a physical receipt for the exact embedded manifest and build
ok 130 - releaseGate accepts only a physical receipt for the exact embedded manifest and build
  ---
  duration_ms: 6639.189458
  type: 'test'
  ...
# Subtest: runtime receipt rejects every mismatch with the verified embedded artifact
ok 131 - runtime receipt rejects every mismatch with the verified embedded artifact
  ---
  duration_ms: 0.65325
  type: 'test'
  ...
# Subtest: enforced releaseGate writes portable reports for invalid and missing manifests
ok 132 - enforced releaseGate writes portable reports for invalid and missing manifests
  ---
  duration_ms: 1908.422375
  type: 'test'
  ...
# Subtest: rejects missing, extra and duplicate repository roles plus the legacy two-SHA shape
ok 133 - rejects missing, extra and duplicate repository roles plus the legacy two-SHA shape
  ---
  duration_ms: 3.083333
  type: 'test'
  ...
# Subtest: rejects wrong manifest identity, stale candidate/track scope and wrong repository SHA
ok 134 - rejects wrong manifest identity, stale candidate/track scope and wrong repository SHA
  ---
  duration_ms: 849.858041
  type: 'test'
  ...
# Subtest: rejects modified evidence before accepting a portable reference
ok 135 - rejects modified evidence before accepting a portable reference
  ---
  duration_ms: 355.485541
  type: 'test'
  ...
# Subtest: rejects changed iOS build, public configuration, and signing evidence bytes
ok 136 - rejects changed iOS build, public configuration, and signing evidence bytes
  ---
  duration_ms: 1806.881083
  type: 'test'
  ...
# Subtest: rejects absolute, traversal and symlink references
ok 137 - rejects absolute, traversal and symlink references
  ---
  duration_ms: 2.371042
  type: 'test'
  ...
# Subtest: rejects dirty repositories and output paths inside or through symlinked parents
ok 138 - rejects dirty repositories and output paths inside or through symlinked parents
  ---
  duration_ms: 39.747708
  type: 'test'
  ...
# Subtest: local profile dotenv parser has no process side effect
ok 139 - local profile dotenv parser has no process side effect
  ---
  duration_ms: 1.5935
  type: 'test'
  ...
# Subtest: the default iOS command uses the local profile and sandbox remains explicit
ok 140 - the default iOS command uses the local profile and sandbox remains explicit
  ---
  duration_ms: 0.202209
  type: 'test'
  ...
# Subtest: smoke profile requires explicit matching local E2E endpoints
ok 141 - smoke profile requires explicit matching local E2E endpoints
  ---
  duration_ms: 0.491375
  type: 'test'
  ...
# Subtest: sandbox profile rejects every local auth override
ok 142 - sandbox profile rejects every local auth override
  ---
  duration_ms: 0.168083
  type: 'test'
  ...
# Subtest: smoke emulator probe reports profile, origin, and action on failure
ok 143 - smoke emulator probe reports profile, origin, and action on failure
  ---
  duration_ms: 0.493583
  type: 'test'
  ...
# Subtest: Auth probe requires the documented emulator configuration response
ok 144 - Auth probe requires the documented emulator configuration response
  ---
  duration_ms: 0.218833
  type: 'test'
  ...
# Subtest: API readiness waits for dependencies and rejects false checks
ok 145 - API readiness waits for dependencies and rejects false checks
  ---
  duration_ms: 11.226875
  type: 'test'
  ...
# Subtest: failed smoke preflight cannot spawn Expo
ok 146 - failed smoke preflight cannot spawn Expo
  ---
  duration_ms: 5004.858458
  type: 'test'
  ...
# Subtest: sync replaces the whole generated directory with an exact validated set
ok 147 - sync replaces the whole generated directory with an exact validated set
  ---
  duration_ms: 125.489917
  type: 'test'
  ...
# Subtest: sync accepts a complete GCP Exam envelope inside the artifact lock boundary
ok 148 - sync accepts a complete GCP Exam envelope inside the artifact lock boundary
  ---
  duration_ms: 105.826459
  type: 'test'
  ...
# Subtest: sync accepts the exact Coding Mock profile with its ordered 40-question pool
ok 149 - sync accepts the exact Coding Mock profile with its ordered 40-question pool
  ---
  duration_ms: 113.564042
  type: 'test'
  ...
# Subtest: sync accepts and preserves each exact per-track Design Interview simulation profile
ok 150 - sync accepts and preserves each exact per-track Design Interview simulation profile
  ---
  duration_ms: 62.513083
  type: 'test'
  ...
# Subtest: sync rejects Design profile identity, deadline, stage, response, criterion, rubric, and scoring drift
ok 151 - sync rejects Design profile identity, deadline, stage, response, criterion, rubric, and scoring drift
  ---
  duration_ms: 471.216708
  type: 'test'
  ...
# Subtest: sync rejects Coding Mock profiles that drift from the declared strict contract
ok 152 - sync rejects Coding Mock profiles that drift from the declared strict contract
  ---
  duration_ms: 224.066417
  type: 'test'
  ...
# Subtest: sync continues to accept a legacy GCP artifact without simulation metadata
ok 153 - sync continues to accept a legacy GCP artifact without simulation metadata
  ---
  duration_ms: 49.015333
  type: 'test'
  ...
# Subtest: sync rejects malformed GCP profiles before replacing the target even when lock SHA is recomputed
ok 154 - sync rejects malformed GCP profiles before replacing the target even when lock SHA is recomputed
  ---
  duration_ms: 504.53
  type: 'test'
  ...
# Subtest: check mode proves byte parity and never writes inside the application root
ok 155 - check mode proves byte parity and never writes inside the application root
  ---
  duration_ms: 104.652709
  type: 'test'
  ...
# Subtest: check fails on byte drift without repairing it
ok 156 - check fails on byte drift without repairing it
  ---
  duration_ms: 82.90775
  type: 'test'
  ...
# Subtest: producer failure preserves the existing complete target and cleans staging
ok 157 - producer failure preserves the existing complete target and cleans staging
  ---
  duration_ms: 92.938417
  type: 'test'
  ...
# Subtest: failed second rename rolls back the previous directory
ok 158 - failed second rename rolls back the previous directory
  ---
  duration_ms: 153.268541
  type: 'test'
  ...
# Subtest: an interrupted target-to-backup move is recovered before replacement
ok 159 - an interrupted target-to-backup move is recovered before replacement
  ---
  duration_ms: 148.062833
  type: 'test'
  ...
# Subtest: validation rejects extra files, duplicate IDs, tampering, and symlink entries
ok 160 - validation rejects extra files, duplicate IDs, tampering, and symlink entries
  ---
  duration_ms: 25.184375
  type: 'test'
  ...
# Subtest: validation rejects a missing or misnamed artifact and an unsorted lock
ok 161 - validation rejects a missing or misnamed artifact and an unsorted lock
  ---
  duration_ms: 18.365791
  type: 'test'
  ...
# Subtest: failed first rename preserves the target byte-for-byte and leaves no transaction debris
ok 162 - failed first rename preserves the target byte-for-byte and leaves no transaction debris
  ---
  duration_ms: 53.185042
  type: 'test'
  ...
# Subtest: a symlinked target parent fails before staging and cannot write outside appRoot
ok 163 - a symlinked target parent fails before staging and cannot write outside appRoot
  ---
  duration_ms: 20.8955
  type: 'test'
  ...
# Subtest: dirty producer state fails before build or application write
ok 164 - dirty producer state fails before build or application write
  ---
  duration_ms: 15.538541
  type: 'test'
  ...
# Subtest: check rejects a temporary root inside appRoot before any app-tree write
ok 165 - check rejects a temporary root inside appRoot before any app-tree write
  ---
  duration_ms: 71.488792
  type: 'test'
  ...
# CONTENT_BOUNDARY_CHECK=passed
# Subtest: content boundary rejects global fetch ingress but ignores property fetch methods
ok 166 - content boundary rejects global fetch ingress but ignores property fetch methods
  ---
  duration_ms: 0.967166
  type: 'test'
  ...
# Subtest: content boundary rejects legacy identity types and fields in active runtime code
ok 167 - content boundary rejects legacy identity types and fields in active runtime code
  ---
  duration_ms: 0.535291
  type: 'test'
  ...
# Subtest: content boundary rejects legacy published-bank contracts and family catalogs
ok 168 - content boundary rejects legacy published-bank contracts and family catalogs
  ---
  duration_ms: 0.0995
  type: 'test'
  ...
# Subtest: content boundary permits legacy shape only at fail-closed boundaries
ok 169 - content boundary permits legacy shape only at fail-closed boundaries
  ---
  duration_ms: 1.736458
  type: 'test'
  ...
# Subtest: content boundary never permits removed family architecture through explicit allowlists
ok 170 - content boundary never permits removed family architecture through explicit allowlists
  ---
  duration_ms: 0.245375
  type: 'test'
  ...
# Subtest: content boundary permits quoted legacy keys used only by fail-closed rejection guards
ok 171 - content boundary permits quoted legacy keys used only by fail-closed rejection guards
  ---
  duration_ms: 0.30675
  type: 'test'
  ...
# Subtest: recognizes only an enumerated ContentPreparationGate state
ok 172 - recognizes only an enumerated ContentPreparationGate state
  ---
  duration_ms: 0.579083
  type: 'test'
  ...
# Subtest: waits through transient hierarchy failures and returns once a gate state is visible
ok 173 - waits through transient hierarchy failures and returns once a gate state is visible
  ---
  duration_ms: 0.167375
  type: 'test'
  ...
# Subtest: fails closed at the bounded deadline when no gate state is visible
ok 174 - fails closed at the bounded deadline when no gate state is visible
  ---
  duration_ms: 0.931458
  type: 'test'
  ...
# Subtest: deletion authorization expires, binds both UID and generation, and cannot be replayed
ok 175 - deletion authorization expires, binds both UID and generation, and cannot be replayed
  ---
  duration_ms: 1.400583
  type: 'test'
  ...
# Subtest: deletion authorization reports a live grant without consuming it
ok 176 - deletion authorization reports a live grant without consuming it
  ---
  duration_ms: 0.219541
  type: 'test'
  ...
# Subtest: foreground refresh guard skips only a current live deletion grant
ok 177 - foreground refresh guard skips only a current live deletion grant
  ---
  duration_ms: 0.244792
  type: 'test'
  ...
# Subtest: a foreground refresh queued behind prepareDeletion skips the issued grant without consuming it
ok 178 - a foreground refresh queued behind prepareDeletion skips the issued grant without consuming it
  ---
  duration_ms: 1.213125
  type: 'test'
  ...
# Subtest: wrong reauthentication never issues a deletion grant or reaches deletion
ok 179 - wrong reauthentication never issues a deletion grant or reaches deletion
  ---
  duration_ms: 0.363709
  type: 'test'
  ...
# Subtest: a session change after reauthentication prevents grant issuance
ok 180 - a session change after reauthentication prevents grant issuance
  ---
  duration_ms: 0.218209
  type: 'test'
  ...
# Subtest: deletion authorization prepares the backend session after reauthentication and before issuing the grant
ok 181 - deletion authorization prepares the backend session after reauthentication and before issuing the grant
  ---
  duration_ms: 0.123417
  type: 'test'
  ...
# Subtest: deletion authorization fails closed when backend session preparation fails
ok 182 - deletion authorization fails closed when backend session preparation fails
  ---
  duration_ms: 0.110084
  type: 'test'
  ...
# Subtest: deletion authorization fails closed when the session changes during backend session preparation
ok 183 - deletion authorization fails closed when the session changes during backend session preparation
  ---
  duration_ms: 0.273417
  type: 'test'
  ...
# Subtest: verify-before email mutation reports pending work while the current email stays unchanged
ok 184 - verify-before email mutation reports pending work while the current email stays unchanged
  ---
  duration_ms: 0.595375
  type: 'test'
  ...
# Subtest: password mutation failures remain failures after successful reauthentication
ok 185 - password mutation failures remain failures after successful reauthentication
  ---
  duration_ms: 0.30975
  type: 'test'
  ...
# Subtest: sensitive command lane rejects a concurrent different command
ok 186 - sensitive command lane rejects a concurrent different command
  ---
  duration_ms: 0.910917
  type: 'test'
  ...
# Subtest: a second login waits until the first account's Firebase sign-out settles
ok 187 - a second login waits until the first account's Firebase sign-out settles
  ---
  duration_ms: 0.344833
  type: 'test'
  ...
# Subtest: sensitive command lane waits for an active command only through the refresh path
ok 188 - sensitive command lane waits for an active command only through the refresh path
  ---
  duration_ms: 0.117
  type: 'test'
  ...
# Subtest: waiting refresh drains a command that starts at the idle microtask boundary
ok 189 - waiting refresh drains a command that starts at the idle microtask boundary
  ---
  duration_ms: 0.135042
  type: 'test'
  ...
# Subtest: an active refresh settles before a command claims the lane, even when refresh fails
ok 190 - an active refresh settles before a command claims the lane, even when refresh fails
  ---
  duration_ms: 0.134042
  type: 'test'
  ...
# Subtest: two commands waiting for one refresh leave only the first command admitted
ok 191 - two commands waiting for one refresh leave only the first command admitted
  ---
  duration_ms: 0.114583
  type: 'test'
  ...
# Subtest: refresh holds are refcounted and idempotent while explicit commands remain available
ok 192 - refresh holds are refcounted and idempotent while explicit commands remain available
  ---
  duration_ms: 0.121041
  type: 'test'
  ...
# Subtest: prompt hold lifecycle releases exactly once across success, cancel, error, and unmount paths
ok 193 - prompt hold lifecycle releases exactly once across success, cancel, error, and unmount paths
  ---
  duration_ms: 0.082416
  type: 'test'
  ...
# Subtest: a prompt callback can submit during a refresh hold before its queued foreground refresh
ok 194 - a prompt callback can submit during a refresh hold before its queued foreground refresh
  ---
  duration_ms: 0.385916
  type: 'test'
  ...
# Subtest: a prompt callback during an active refresh keeps queued refresh and submit serialized
ok 195 - a prompt callback during an active refresh keeps queued refresh and submit serialized
  ---
  duration_ms: 0.169209
  type: 'test'
  ...
# Subtest: auth command composition keeps provider credentials and hold-only deletion wiring
ok 196 - auth command composition keeps provider credentials and hold-only deletion wiring
  ---
  duration_ms: 1.358542
  type: 'test'
  ...
# Subtest: account snapshot and outbox use one exact canonical identity contract
ok 197 - account snapshot and outbox use one exact canonical identity contract
  ---
  duration_ms: 15.509333
  type: 'test'
  ...
# Subtest: stored account state rejects removed protocol and content schema fields
ok 198 - stored account state rejects removed protocol and content schema fields
  ---
  duration_ms: 0.626375
  type: 'test'
  ...
# Subtest: guest adoption choice is canonical and survives a durable reread
ok 199 - guest adoption choice is canonical and survives a durable reread
  ---
  duration_ms: 0.353041
  type: 'test'
  ...
# Subtest: stored account state fails closed instead of assigning missing outbox sequence
ok 200 - stored account state fails closed instead of assigning missing outbox sequence
  ---
  duration_ms: 6.37275
  type: 'test'
  ...
# Subtest: account export distinguishes recent authentication, revoked sessions, transport, limits, and 5xx
ok 201 - account export distinguishes recent authentication, revoked sessions, transport, limits, and 5xx
  ---
  duration_ms: 1.474375
  type: 'test'
  ...
# Subtest: validates the account export envelope before any file is created
ok 202 - validates the account export envelope before any file is created
  ---
  duration_ms: 3.822666
  type: 'test'
  ...
# Subtest: rejects partial profiles and malformed section entries
ok 203 - rejects partial profiles and malformed section entries
  ---
  duration_ms: 0.847583
  type: 'test'
  ...
# Subtest: writes to the cache-prefixed filename and deletes after sharing
ok 204 - writes to the cache-prefixed filename and deletes after sharing
  ---
  duration_ms: 0.431708
  type: 'test'
  ...
# Subtest: deletes the temporary file when the share sheet rejects
ok 205 - deletes the temporary file when the share sheet rejects
  ---
  duration_ms: 0.473416
  type: 'test'
  ...
# Subtest: does not create a file when system sharing is unavailable
ok 206 - does not create a file when system sharing is unavailable
  ---
  duration_ms: 0.715959
  type: 'test'
  ...
# Subtest: classifies cache file construction failures without rejecting
ok 207 - classifies cache file construction failures without rejecting
  ---
  duration_ms: 0.417625
  type: 'test'
  ...
# Subtest: a changed account session is rejected before sharing and the file is deleted
ok 208 - a changed account session is rejected before sharing and the file is deleted
  ---
  duration_ms: 0.6945
  type: 'test'
  ...
# Subtest: reports a failed final cleanup and leaves bootstrap responsible for retry
ok 209 - reports a failed final cleanup and leaves bootstrap responsible for retry
  ---
  duration_ms: 0.506125
  type: 'test'
  ...
# Subtest: bootstrap cleanup without an active storage profile preserves all export files
ok 210 - bootstrap cleanup without an active storage profile preserves all export files
  ---
  duration_ms: 0.840333
  type: 'test'
  ...
# Subtest: account export cache cleanup is limited to the selected local profile
ok 211 - account export cache cleanup is limited to the selected local profile
  ---
  duration_ms: 1.058959
  type: 'test'
  ...
# Subtest: profile cleanup leaves legacy unscoped exports because their owner cannot be proven
ok 212 - profile cleanup leaves legacy unscoped exports because their owner cannot be proven
  ---
  duration_ms: 0.650583
  type: 'test'
  ...
# Subtest: guest-merge materialization accepts its timestamp-free contract only when active track is unambiguous
ok 213 - guest-merge materialization accepts its timestamp-free contract only when active track is unambiguous
  ---
  duration_ms: 2.392625
  type: 'test'
  ...
# Subtest: requestEmailChange preserves the global classifier and exposes only the email conflict locally
ok 214 - requestEmailChange preserves the global classifier and exposes only the email conflict locally
  ---
  duration_ms: 0.700375
  type: 'test'
  ...
# Subtest: requestEmailChange keeps operational failures in their existing categories
ok 215 - requestEmailChange keeps operational failures in their existing categories
  ---
  duration_ms: 0.127917
  type: 'test'
  ...
# Subtest: requestEmailChange owns the contextual mapper without changing the Firebase client contract
ok 216 - requestEmailChange owns the contextual mapper without changing the Firebase client contract
  ---
  duration_ms: 0.326375
  type: 'test'
  ...
# Subtest: foreground scheduler coalesces duplicate active events and runs a newer return after the current refresh
ok 217 - foreground scheduler coalesces duplicate active events and runs a newer return after the current refresh
  ---
  duration_ms: 1.370208
  type: 'test'
  ...
# Subtest: foreground scheduler cleanup cancels queued work and drops stale intents
ok 218 - foreground scheduler cleanup cancels queued work and drops stale intents
  ---
  duration_ms: 0.183667
  type: 'test'
  ...
# Subtest: ODK-E2E-041 keeps a runnable guest goal to account restart journey
ok 219 - ODK-E2E-041 keeps a runnable guest goal to account restart journey
  ---
  duration_ms: 0.727333
  type: 'test'
  ...
# Subtest: ODK-E2E-041 preserves the per-track dismissal and restart proof
ok 220 - ODK-E2E-041 preserves the per-track dismissal and restart proof
  ---
  duration_ms: 0.446458
  type: 'test'
  ...
# Subtest: ODK-E2E-041 covers an existing goal on a clean device and an account without a goal
ok 221 - ODK-E2E-041 covers an existing goal on a clean device and an account without a goal
  ---
  duration_ms: 0.260584
  type: 'test'
  ...
# Subtest: ODK-E2E-041 data evidence covers identity, atomic goal-plan validation, recovery, and explicit UI states
ok 222 - ODK-E2E-041 data evidence covers identity, atomic goal-plan validation, recovery, and explicit UI states
  ---
  duration_ms: 1.664584
  type: 'test'
  ...
# Subtest: ODK-E2E-041 visual matrix maps every required journey to executable evidence
ok 223 - ODK-E2E-041 visual matrix maps every required journey to executable evidence
  ---
  duration_ms: 1.2755
  type: 'test'
  ...
# Subtest: public environment and Firebase client configuration fail closed
ok 224 - public environment and Firebase client configuration fail closed
  ---
  duration_ms: 2.27075
  type: 'test'
  ...
# Subtest: Firebase account configuration requires core fields and accepts only valid optional Google IDs
ok 225 - Firebase account configuration requires core fields and accepts only valid optional Google IDs
  ---
  duration_ms: 0.342833
  type: 'test'
  ...
# Subtest: native App Check composes either provider, both providers, or an explicit unavailable state
ok 226 - native App Check composes either provider, both providers, or an explicit unavailable state
  ---
  duration_ms: 0.751458
  type: 'test'
  ...
# Subtest: only the explicit local smoke runtime finalizes every password-identity command without verification side effects
ok 227 - only the explicit local smoke runtime finalizes every password-identity command without verification side effects
  ---
  duration_ms: 0.463666
  type: 'test'
  ...
# Subtest: account entry copy makes the destructive choice and code acknowledgement explicit
ok 228 - account entry copy makes the destructive choice and code acknowledgement explicit
  ---
  duration_ms: 1.574708
  type: 'test'
  ...
# Subtest: account entry owns one terminal choice and keeps synced account controls separate
ok 229 - account entry owns one terminal choice and keeps synced account controls separate
  ---
  duration_ms: 2.091458
  type: 'test'
  ...
# Subtest: account recovery owns one status message, a truthful retry, and a sign-out exit
ok 230 - account recovery owns one status message, a truthful retry, and a sign-out exit
  ---
  duration_ms: 2.278459
  type: 'test'
  ...
# Subtest: current-account ISSUE defer requires an explicit sign-in, canonical session check, and persistent identity fence
ok 231 - current-account ISSUE defer requires an explicit sign-in, canonical session check, and persistent identity fence
  ---
  duration_ms: 0.934
  type: 'test'
  ...
# Subtest: account recovery back action follows live navigator history
ok 232 - account recovery back action follows live navigator history
  ---
  duration_ms: 0.555416
  type: 'test'
  ...
# Subtest: signed-out sign-in presentation is independent of pending remote revocation
ok 233 - signed-out sign-in presentation is independent of pending remote revocation
  ---
  duration_ms: 2.141958
  type: 'test'
  ...
# Subtest: local sign-out persists its block before closing scope and never invokes remote preparation
ok 234 - local sign-out persists its block before closing scope and never invokes remote preparation
  ---
  duration_ms: 0.933291
  type: 'test'
  ...
# Subtest: completed sign-out cannot publish signed-out state over a newly authenticated UID
ok 235 - completed sign-out cannot publish signed-out state over a newly authenticated UID
  ---
  duration_ms: 0.307208
  type: 'test'
  ...
# Subtest: explicit login and registration Auth mutations serialize with local sign-out
ok 236 - explicit login and registration Auth mutations serialize with local sign-out
  ---
  duration_ms: 0.597959
  type: 'test'
  ...
# Subtest: restored matching logout block closes scope and remains pending until manual retry
ok 237 - restored matching logout block closes scope and remains pending until manual retry
  ---
  duration_ms: 1.220542
  type: 'test'
  ...
# Subtest: foreground identity publication keeps the latest account data and rejects stale generations
ok 238 - foreground identity publication keeps the latest account data and rejects stale generations
  ---
  duration_ms: 0.17325
  type: 'test'
  ...
# Subtest: queued identity refresh is rejected by the production guard after sign-out or UID switch
ok 239 - queued identity refresh is rejected by the production guard after sign-out or UID switch
  ---
  duration_ms: 0.47125
  type: 'test'
  ...
# Subtest: email security composition delegates refresh to the global foreground owner
ok 240 - email security composition delegates refresh to the global foreground owner
  ---
  duration_ms: 2.050458
  type: 'test'
  ...
# Subtest: the foreground owner retries plan recovery at bootstrap, reconnect, foreground, and its durable timer
ok 241 - the foreground owner retries plan recovery at bootstrap, reconnect, foreground, and its durable timer
  ---
  duration_ms: 0.55925
  type: 'test'
  ...
# Subtest: sign-in keeps guest access visible and uses the approved Google logo asset
ok 242 - sign-in keeps guest access visible and uses the approved Google logo asset
  ---
  duration_ms: 1.494125
  type: 'test'
  ...
# Subtest: registration keeps consent presentation separate from the boolean domain contract
ok 243 - registration keeps consent presentation separate from the boolean domain contract
  ---
  duration_ms: 3.419084
  type: 'test'
  ...
# Subtest: both recovery-code surfaces warn before copying through the guarded clipboard
ok 244 - both recovery-code surfaces warn before copying through the guarded clipboard
  ---
  duration_ms: 0.841125
  type: 'test'
  ...
# Subtest: unconfigured account entry never composes Google OAuth without typed provider configuration
ok 245 - unconfigured account entry never composes Google OAuth without typed provider configuration
  ---
  duration_ms: 0.530292
  type: 'test'
  ...
# Subtest: a guest transition resets navigation into the application session
ok 246 - a guest transition resets navigation into the application session
  ---
  duration_ms: 0.09925
  type: 'test'
  ...
# Subtest: secure auth persistence stores only a Firebase refresh-token-shaped record
ok 247 - secure auth persistence stores only a Firebase refresh-token-shaped record
  ---
  duration_ms: 0.799416
  type: 'test'
  ...
# Subtest: secure auth persistence isolates Firebase metadata from the saved auth user
ok 248 - secure auth persistence isolates Firebase metadata from the saved auth user
  ---
  duration_ms: 2.154875
  type: 'test'
  ...
# Subtest: startup waits for persisted auth resolution before choosing the entry screen or Home
ok 249 - startup waits for persisted auth resolution before choosing the entry screen or Home
  ---
  duration_ms: 0.799208
  type: 'test'
  ...
# Subtest: account finalization coordinator shares one in-flight and completed result per generation
ok 250 - account finalization coordinator shares one in-flight and completed result per generation
  ---
  duration_ms: 0.347
  type: 'test'
  ...
# Subtest: account finalization coordinator drops late results after invalidation and disposal
ok 251 - account finalization coordinator drops late results after invalidation and disposal
  ---
  duration_ms: 0.349833
  type: 'test'
  ...
# Subtest: read-only generation capture cannot reactivate a session during sign-out
ok 252 - read-only generation capture cannot reactivate a session during sign-out
  ---
  duration_ms: 0.095334
  type: 'test'
  ...
# Subtest: account restore has a bounded initialization recovery path
ok 253 - account restore has a bounded initialization recovery path
  ---
  duration_ms: 0.700167
  type: 'test'
  ...
# Subtest: App Check has an explicit unavailable state and never fabricates a token
ok 254 - App Check has an explicit unavailable state and never fabricates a token
  ---
  duration_ms: 0.108916
  type: 'test'
  ...
# Subtest: account failures expose explicit provider, network, expiry, and revoked-session states
ok 255 - account failures expose explicit provider, network, expiry, and revoked-session states
  ---
  duration_ms: 0.45075
  type: 'test'
  ...
# Subtest: cold account_not_found clears persisted Firebase auth or exposes a truthful sign-out retry
ok 256 - cold account_not_found clears persisted Firebase auth or exposes a truthful sign-out retry
  ---
  duration_ms: 0.284875
  type: 'test'
  ...
# Subtest: privacy requests expose App Check failures as unavailable
ok 257 - privacy requests expose App Check failures as unavailable
  ---
  duration_ms: 0.109375
  type: 'test'
  ...
# Subtest: account sync preserves known validation failures without persisting arbitrary error messages
ok 258 - account sync preserves known validation failures without persisting arbitrary error messages
  ---
  duration_ms: 17.377875
  type: 'test'
  ...
# Subtest: deletion retries after a revoked or stale session and leaves a verified local tombstone
ok 259 - deletion retries after a revoked or stale session and leaves a verified local tombstone
  ---
  duration_ms: 5.936167
  type: 'test'
  ...
# Subtest: deletion cleanup removes the complete canonical learning namespace while preserving device records and recovery markers
ok 260 - deletion cleanup removes the complete canonical learning namespace while preserving device records and recovery markers
  ---
  duration_ms: 0.448916
  type: 'test'
  ...
# Subtest: a completed marker from an earlier account does not block a later bound account
ok 261 - a completed marker from an earlier account does not block a later bound account
  ---
  duration_ms: 1.186541
  type: 'test'
  ...
# Subtest: a preflight journal failure does not create a deletion operation and pending retry cannot start one
ok 262 - a preflight journal failure does not create a deletion operation and pending retry cannot start one
  ---
  duration_ms: 10.555833
  type: 'test'
  ...
# Subtest: response loss resolves a matching remote operation and rejects mismatched status without local cleanup
ok 263 - response loss resolves a matching remote operation and rejects mismatched status without local cleanup
  ---
  duration_ms: 2.996
  type: 'test'
  ...
# Subtest: local deletion cleanup resumes after a failed key removal without issuing another remote delete
ok 264 - local deletion cleanup resumes after a failed key removal without issuing another remote delete
  ---
  duration_ms: 1.227542
  type: 'test'
  ...
# Subtest: account deletion remains pending until reminders are disabled and retry does not repeat remote deletion
ok 265 - account deletion remains pending until reminders are disabled and retry does not repeat remote deletion
  ---
  duration_ms: 1.782334
  type: 'test'
  ...
# Subtest: server reauthentication failures remain reauthentication failures with the pending marker intact
ok 266 - server reauthentication failures remain reauthentication failures with the pending marker intact
  ---
  duration_ms: 0.962875
  type: 'test'
  ...
# Subtest: an invalid deletion acknowledgement keeps the same operation pending until an explicit retry verifies proof
ok 267 - an invalid deletion acknowledgement keeps the same operation pending until an explicit retry verifies proof
  ---
  duration_ms: 40.977
  type: 'test'
  ...
# Subtest: an uncertain server deletion failure resolves through the bound operation status
ok 268 - an uncertain server deletion failure resolves through the bound operation status
  ---
  duration_ms: 1.723375
  type: 'test'
  ...
# Subtest: a durable terminal learning commit uploads once when Home retries pending data
ok 269 - a durable terminal learning commit uploads once when Home retries pending data
  ---
  duration_ms: 81.046708
  type: 'test'
  ...
# Subtest: concurrent Home retries share one offline attempt and preserve durable pending state
ok 270 - concurrent Home retries share one offline attempt and preserve durable pending state
  ---
  duration_ms: 33.261708
  type: 'test'
  ...
# Subtest: a concurrent local session start during upload keeps the interrupted Home sync retryable
ok 271 - a concurrent local session start during upload keeps the interrupted Home sync retryable
  ---
  duration_ms: 160.669875
  type: 'test'
  ...
# Subtest: a concurrent local session start during download keeps the interrupted Home sync retryable
ok 272 - a concurrent local session start during download keeps the interrupted Home sync retryable
  ---
  duration_ms: 211.588708
  type: 'test'
  ...
# Subtest: Home pending retry honors binding, state, and durable recovery guards without remote calls
ok 273 - Home pending retry honors binding, state, and durable recovery guards without remote calls
  ---
  duration_ms: 2.742416
  type: 'test'
  ...
# Subtest: bound restart exposes a projection for a locally saved session without remote reads or writes
ok 274 - bound restart exposes a projection for a locally saved session without remote reads or writes
  ---
  duration_ms: 5.756042
  type: 'test'
  ...
# Subtest: resume requires matching installation and account-state bindings
ok 275 - resume requires matching installation and account-state bindings
  ---
  duration_ms: 1.54175
  type: 'test'
  ...
# Subtest: a pending learning journal blocks bound account sync without clearing the journal
ok 276 - a pending learning journal blocks bound account sync without clearing the journal
  ---
  duration_ms: 2.357459
  type: 'test'
  ...
# Subtest: a deferred upload state resumes locally and syncs idempotently after finalization
ok 277 - a deferred upload state resumes locally and syncs idempotently after finalization
  ---
  duration_ms: 38.530667
  type: 'test'
  ...
# Subtest: discard deletes guest records and goals but preserves device preferences and performs no remote writes
ok 278 - discard deletes guest records and goals but preserves device preferences and performs no remote writes
  ---
  duration_ms: 3.200834
  type: 'test'
  ...
# Subtest: discard restores existing account records unchanged without uploading guest data
ok 279 - discard restores existing account records unchanged without uploading guest data
  ---
  duration_ms: 1.361666
  type: 'test'
  ...
# Subtest: failed account fetch keeps guest data and the approved discard plan for retry
ok 280 - failed account fetch keeps guest data and the approved discard plan for retry
  ---
  duration_ms: 0.934458
  type: 'test'
  ...
# Subtest: existing-account login restores remote data without offering or uploading guest adoption
ok 281 - existing-account login restores remote data without offering or uploading guest adoption
  ---
  duration_ms: 0.955542
  type: 'test'
  ...
# Subtest: one separable invalid remote plan restores Home data, quarantines its version, and resolves after replacement sync
ok 282 - one separable invalid remote plan restores Home data, quarantines its version, and resolves after replacement sync
  ---
  duration_ms: 207.202875
  type: 'test'
  ...
# Subtest: normal no-plan remote state creates no recovery incident
ok 283 - normal no-plan remote state creates no recovery incident
  ---
  duration_ms: 18.586
  type: 'test'
  ...
# Subtest: learning plan recovery reserves before a read and commits the replacement with its ACK
ok 284 - learning plan recovery reserves before a read and commits the replacement with its ACK
  ---
  duration_ms: 27.7725
  type: 'test'
  ...
# Subtest: learning plan recovery persists failed attempts and respects the durable due time
ok 285 - learning plan recovery persists failed attempts and respects the durable due time
  ---
  duration_ms: 25.577291
  type: 'test'
  ...
# Subtest: learning plan recovery drops stale responses after a generation, incident, or account ownership change
ok 286 - learning plan recovery drops stale responses after a generation, incident, or account ownership change
  ---
  duration_ms: 51.036625
  type: 'test'
  ...
# Subtest: invalid plan recovery fails closed on bad envelope, duplicate identity, uncertain goal, or ownership
ok 287 - invalid plan recovery fails closed on bad envelope, duplicate identity, uncertain goal, or ownership
  ---
  duration_ms: 62.46475
  type: 'test'
  ...
# Subtest: transfer applies an explicit guest conflict resolution once and completes durably
ok 288 - transfer applies an explicit guest conflict resolution once and completes durably
  ---
  duration_ms: 3.282458
  type: 'test'
  ...
# Subtest: guest adoption quarantines one invalid plan while materializing its goal and unambiguous active track
ok 289 - guest adoption quarantines one invalid plan while materializing its goal and unambiguous active track
  ---
  duration_ms: 3.35225
  type: 'test'
  ...
# Subtest: offline transfer retry reuses the durable confirmation and never uploads a duplicate guest snapshot
ok 290 - offline transfer retry reuses the durable confirmation and never uploads a duplicate guest snapshot
  ---
  duration_ms: 1.658917
  type: 'test'
  ...
# Subtest: discard resumes after partial-index failure without reconstructing a guest upload
ok 291 - discard resumes after partial-index failure without reconstructing a guest upload
  ---
  duration_ms: 2.598209
  type: 'test'
  ...
# Subtest: discard resumes after binding failure without reconstructing a guest upload
ok 292 - discard resumes after binding failure without reconstructing a guest upload
  ---
  duration_ms: 2.309875
  type: 'test'
  ...
# Subtest: discard resumes after finish failure without reconstructing a guest upload
ok 293 - discard resumes after finish failure without reconstructing a guest upload
  ---
  duration_ms: 2.204375
  type: 'test'
  ...
# Subtest: discard rejects another account and pending adoption without changing guest data
ok 294 - discard rejects another account and pending adoption without changing guest data
  ---
  duration_ms: 0.321125
  type: 'test'
  ...
# Subtest: a stale adoption confirmation is cleared so retry can request a fresh preview
ok 295 - a stale adoption confirmation is cleared so retry can request a fresh preview
  ---
  duration_ms: 0.314417
  type: 'test'
  ...
# Subtest: discard blocks an active guest session before fetching or deleting data
ok 296 - discard blocks an active guest session before fetching or deleting data
  ---
  duration_ms: 0.394541
  type: 'test'
  ...
# Subtest: concurrent discard calls make one transition and keep the guest outbox empty before fetching
ok 297 - concurrent discard calls make one transition and keep the guest outbox empty before fetching
  ---
  duration_ms: 0.498708
  type: 'test'
  ...
# Subtest: a session start requested while discard fetches waits and is preserved after materialization
ok 298 - a session start requested while discard fetches waits and is preserved after materialization
  ---
  duration_ms: 2.693334
  type: 'test'
  ...
# Subtest: malformed remote records keep the guest dataset and durable approved discard plan
ok 299 - malformed remote records keep the guest dataset and durable approved discard plan
  ---
  duration_ms: 0.451666
  type: 'test'
  ...
# Subtest: pending materialization blocks lifecycle account deletion without losing the marker
ok 300 - pending materialization blocks lifecycle account deletion without losing the marker
  ---
  duration_ms: 0.158
  type: 'test'
  ...
# Subtest: a durable adoption confirmation blocks a new learning commit
ok 301 - a durable adoption confirmation blocks a new learning commit
  ---
  duration_ms: 0.4295
  type: 'test'
  ...
# Subtest: unreadable mutation journal blocks discard before deleting guest data
ok 302 - unreadable mutation journal blocks discard before deleting guest data
  ---
  duration_ms: 0.187292
  type: 'test'
  ...
# Subtest: authenticated reset restores history without uploading tombstones and preserves local context
ok 303 - authenticated reset restores history without uploading tombstones and preserves local context
  ---
  duration_ms: 45.184458
  type: 'test'
  ...
# Subtest: authenticated reset rejects pending account context without changing state or calling the API
ok 304 - authenticated reset rejects pending account context without changing state or calling the API
  ---
  duration_ms: 16.945792
  type: 'test'
  ...
# Subtest: canonical clean synced state remains eligible for the guarded reset
ok 305 - canonical clean synced state remains eligible for the guarded reset
  ---
  duration_ms: 5.190209
  type: 'test'
  ...
# Subtest: authenticated reset exposes the remote-restore guard and keeps it after a fetch failure
ok 306 - authenticated reset exposes the remote-restore guard and keeps it after a fetch failure
  ---
  duration_ms: 3.774042
  type: 'test'
  ...
# Subtest: a failed remote restore retains the reset guard and account binding
ok 307 - a failed remote restore retains the reset guard and account binding
  ---
  duration_ms: 6.739708
  type: 'test'
  ...
# Subtest: a failed local reset keeps the pre-reset marker and retries the same journal safely
ok 308 - a failed local reset keeps the pre-reset marker and retries the same journal safely
  ---
  duration_ms: 11.730875
  type: 'test'
  ...
# Subtest: concurrent authenticated reset requests share one guarded operation
ok 309 - concurrent authenticated reset requests share one guarded operation
  ---
  duration_ms: 8.720542
  type: 'test'
  ...
# Subtest: reset guard blocks outbox synthesis for a canonical acknowledged record
ok 310 - reset guard blocks outbox synthesis for a canonical acknowledged record
  ---
  duration_ms: 0.279292
  type: 'test'
  ...
# Subtest: only confirmed offline to confirmed online is a reconnect
ok 311 - only confirmed offline to confirmed online is a reconnect
  ---
  duration_ms: 1.293
  type: 'test'
  ...
# Subtest: recovery-code issuance preserves invalid credentials from reauthentication
ok 312 - recovery-code issuance preserves invalid credentials from reauthentication
  ---
  duration_ms: 2.149375
  type: 'test'
  ...
# Subtest: ordinary Firebase identity exchanges before /me and blocks its custom-token observer event
ok 313 - ordinary Firebase identity exchanges before /me and blocks its custom-token observer event
  ---
  duration_ms: 2.520875
  type: 'test'
  ...
# Subtest: a custom-token recovery session with an authorization generation bypasses exchange
ok 314 - a custom-token recovery session with an authorization generation bypasses exchange
  ---
  duration_ms: 0.179584
  type: 'test'
  ...
# Subtest: recovery requires its exact generation and never exchanges a missing or mismatched claim
    # Subtest: rejects generation null
    ok 1 - rejects generation null
      ---
      duration_ms: 0.585125
      type: 'test'
      ...
    # Subtest: rejects generation 1
    ok 2 - rejects generation 1
      ---
      duration_ms: 0.216208
      type: 'test'
      ...
    # Subtest: rejects generation 3
    ok 3 - rejects generation 3
      ---
      duration_ms: 0.180084
      type: 'test'
      ...
    1..3
ok 315 - recovery requires its exact generation and never exchanges a missing or mismatched claim
  ---
  duration_ms: 1.409792
  type: 'test'
  ...
# Subtest: a generation change after exchange prevents token sign-in and /me
ok 316 - a generation change after exchange prevents token sign-in and /me
  ---
  duration_ms: 0.212167
  type: 'test'
  ...
# Subtest: custom-token exchange requires a valid authorization generation before /me
    # Subtest: rejects claim undefined
    ok 1 - rejects claim undefined
      ---
      duration_ms: 2.170125
      type: 'test'
      ...
    # Subtest: rejects claim 0
    ok 2 - rejects claim 0
      ---
      duration_ms: 0.595083
      type: 'test'
      ...
    # Subtest: rejects claim 1
    ok 3 - rejects claim 1
      ---
      duration_ms: 0.741667
      type: 'test'
      ...
    1..3
ok 317 - custom-token exchange requires a valid authorization generation before /me
  ---
  duration_ms: 5.493667
  type: 'test'
  ...
# Subtest: recovery issue session restore requires a current explicit sign-in intent and matching UID
    # Subtest: before the user chooses sign-in
    ok 1 - before the user chooses sign-in
      ---
      duration_ms: 0.189833
      type: 'test'
      ...
    # Subtest: after the pending intent expires
    ok 2 - after the pending intent expires
      ---
      duration_ms: 0.140834
      type: 'test'
      ...
    # Subtest: after restart has lost the pending intent
    ok 3 - after restart has lost the pending intent
      ---
      duration_ms: 0.134292
      type: 'test'
      ...
    # Subtest: when Firebase is bound to another UID
    ok 4 - when Firebase is bound to another UID
      ---
      duration_ms: 0.057625
      type: 'test'
      ...
    1..4
ok 318 - recovery issue session restore requires a current explicit sign-in intent and matching UID
  ---
  duration_ms: 0.71625
  type: 'test'
  ...
# Subtest: recovery issue session restore rejects a present mismatched or malformed generation before exchange
    # Subtest: present wrong generation
    ok 1 - present wrong generation
      ---
      duration_ms: 0.112875
      type: 'test'
      ...
    # Subtest: malformed Firebase claim
    ok 2 - malformed Firebase claim
      ---
      duration_ms: 0.09125
      type: 'test'
      ...
    1..2
ok 319 - recovery issue session restore rejects a present mismatched or malformed generation before exchange
  ---
  duration_ms: 0.288542
  type: 'test'
  ...
# Subtest: a missing recovery generation restores only for current explicit intent, then checks the exact generation
ok 320 - a missing recovery generation restores only for current explicit intent, then checks the exact generation
  ---
  duration_ms: 0.198417
  type: 'test'
  ...
# Subtest: recovery intent expiring during exchange prevents observer release and Firebase sign-in
ok 321 - recovery intent expiring during exchange prevents observer release and Firebase sign-in
  ---
  duration_ms: 0.097917
  type: 'test'
  ...
# Subtest: a recovery sign-in returning another generation fails before ACK or /me
ok 322 - a recovery sign-in returning another generation fails before ACK or /me
  ---
  duration_ms: 0.1935
  type: 'test'
  ...
# Subtest: account-bound Premium cache stays scoped away from a retained guest profile
ok 323 - account-bound Premium cache stays scoped away from a retained guest profile
  ---
  duration_ms: 31.536667
  type: 'test'
  ...
# Subtest: sign-out clears only the authenticated account Premium cache before closing its account profile
ok 324 - sign-out clears only the authenticated account Premium cache before closing its account profile
  ---
  duration_ms: 10.730708
  type: 'test'
  ...
# Subtest: sign-out clears the authenticated account cache from a retained adoption-pending guest profile
ok 325 - sign-out clears the authenticated account cache from a retained adoption-pending guest profile
  ---
  duration_ms: 1.63825
  type: 'test'
  ...
# Subtest: sign-out preserves a foreign-account cache instead of deleting it
ok 326 - sign-out preserves a foreign-account cache instead of deleting it
  ---
  duration_ms: 1.662792
  type: 'test'
  ...
# Subtest: unknown ownership and invalid cache records return localCleanupFailure without deleting data
ok 327 - unknown ownership and invalid cache records return localCleanupFailure without deleting data
  ---
  duration_ms: 1.60525
  type: 'test'
  ...
# Subtest: a profile switch invalidates cleanup against the previous captured scope
ok 328 - a profile switch invalidates cleanup against the previous captured scope
  ---
  duration_ms: 2.915083
  type: 'test'
  ...
# Subtest: sign-out returns stale and preserves a new active guest profile
ok 329 - sign-out returns stale and preserves a new active guest profile
  ---
  duration_ms: 5.291167
  type: 'test'
  ...
# Subtest: a cache remove failure stays explicit while sign-out still clears Auth
ok 330 - a cache remove failure stays explicit while sign-out still clears Auth
  ---
  duration_ms: 1.533458
  type: 'test'
  ...
# Subtest: an SDK failure remains signOutPending when owned-cache cleanup also fails
ok 331 - an SDK failure remains signOutPending when owned-cache cleanup also fails
  ---
  duration_ms: 2.056834
  type: 'test'
  ...
# Subtest: guest transition lock admits one command and denies a concurrent command before side effects
ok 332 - guest transition lock admits one command and denies a concurrent command before side effects
  ---
  duration_ms: 0.616167
  type: 'test'
  ...
# Subtest: guest transition lock releases after both success and failure
ok 333 - guest transition lock releases after both success and failure
  ---
  duration_ms: 0.9135
  type: 'test'
  ...
# Subtest: Home presents a non-blocking recover-plan notice with durable dismissal
ok 334 - Home presents a non-blocking recover-plan notice with durable dismissal
  ---
  duration_ms: 0.992833
  type: 'test'
  ...
# Subtest: learning plan recovery uses capped exponential retry delays and an inclusive due boundary
ok 335 - learning plan recovery uses capped exponential retry delays and an inclusive due boundary
  ---
  duration_ms: 2.6875
  type: 'test'
  ...
# Subtest: resumes a pending revoke, validates the replacement session, then clears the exact durable marker
ok 336 - resumes a pending revoke, validates the replacement session, then clears the exact durable marker
  ---
  duration_ms: 1.89375
  type: 'test'
  ...
# Subtest: keeps the durable marker when the replacement token changes authorization generation
ok 337 - keeps the durable marker when the replacement token changes authorization generation
  ---
  duration_ms: 0.376583
  type: 'test'
  ...
# Subtest: never clears the durable marker after the session command becomes stale
ok 338 - never clears the durable marker after the session command becomes stale
  ---
  duration_ms: 0.134458
  type: 'test'
  ...
# Subtest: rejects a command that becomes stale while local completion is persisted
ok 339 - rejects a command that becomes stale while local completion is persisted
  ---
  duration_ms: 0.229667
  type: 'test'
  ...
# Subtest: same UID and generation join one pending-revocation batch
ok 340 - same UID and generation join one pending-revocation batch
  ---
  duration_ms: 0.37525
  type: 'test'
  ...
# Subtest: a new generation waits, re-reads the marker, and retries only after the stale owner settles
ok 341 - a new generation waits, re-reads the marker, and retries only after the stale owner settles
  ---
  duration_ms: 3.45525
  type: 'test'
  ...
# Subtest: a different UID never consumes or completes the stale owner's marker
ok 342 - a different UID never consumes or completes the stale owner's marker
  ---
  duration_ms: 0.49475
  type: 'test'
  ...
# Subtest: a failed exact-operation replay retains its pending marker
ok 343 - a failed exact-operation replay retains its pending marker
  ---
  duration_ms: 0.277125
  type: 'test'
  ...
# Subtest: automatic session revocation keeps sign-in on loading and exposes pending recovery only on failure
ok 344 - automatic session revocation keeps sign-in on loading and exposes pending recovery only on failure
  ---
  duration_ms: 1.868583
  type: 'test'
  ...
# Subtest: Premium refreshes run in request order and continue after a failed provider read
ok 345 - Premium refreshes run in request order and continue after a failed provider read
  ---
  duration_ms: 1.756542
  type: 'test'
  ...
# Subtest: confirmed offline admission consults only the account-bound cache
ok 346 - confirmed offline admission consults only the account-bound cache
  ---
  duration_ms: 0.96025
  type: 'test'
  ...
# Subtest: online and unknown reachability require a fresh result and never fall back to cache
ok 347 - online and unknown reachability require a fresh result and never fall back to cache
  ---
  duration_ms: 0.401292
  type: 'test'
  ...
# Subtest: restored Auth resolves /me before selecting and activating its exact account scope
ok 348 - restored Auth resolves /me before selecting and activating its exact account scope
  ---
  duration_ms: 2.287333
  type: 'test'
  ...
# Subtest: UID change while /me is pending prevents account selection and activation
ok 349 - UID change while /me is pending prevents account selection and activation
  ---
  duration_ms: 6.8795
  type: 'test'
  ...
# Subtest: /me failure leaves prepared storage closed without selecting a profile
ok 350 - /me failure leaves prepared storage closed without selecting a profile
  ---
  duration_ms: 0.81775
  type: 'test'
  ...
# Subtest: a malformed successful /me response cannot select or activate an account profile
ok 351 - a malformed successful /me response cannot select or activate an account profile
  ---
  duration_ms: 71.404
  type: 'test'
  ...
# Subtest: only a current restored account_not_found signs out persisted Auth
ok 352 - only a current restored account_not_found signs out persisted Auth
  ---
  duration_ms: 0.109125
  type: 'test'
  ...
# Subtest: provisional provider cancellation returns to sign-in only when its blocked UID owns the null Auth event
ok 353 - provisional provider cancellation returns to sign-in only when its blocked UID owns the null Auth event
  ---
  duration_ms: 0.1615
  type: 'test'
  ...
# Subtest: delayed null after sign-out promise resolution consumes the still-owned provider cancellation
ok 354 - delayed null after sign-out promise resolution consumes the still-owned provider cancellation
  ---
  duration_ms: 0.164458
  type: 'test'
  ...
# Subtest: replacement sign-in invalidates cancellation intent before a delayed stale null callback
ok 355 - replacement sign-in invalidates cancellation intent before a delayed stale null callback
  ---
  duration_ms: 0.055458
  type: 'test'
  ...
# Subtest: Auth loss locks the rendered account state before closing its profile scope
ok 356 - Auth loss locks the rendered account state before closing its profile scope
  ---
  duration_ms: 0.230041
  type: 'test'
  ...
# Subtest: local account sign-out verifies the durable block before locking, closing, and calling Firebase
ok 357 - local account sign-out verifies the durable block before locking, closing, and calling Firebase
  ---
  duration_ms: 0.89575
  type: 'test'
  ...
# Subtest: logout receipt validation requires the exact pending pair or completed receipt
ok 358 - logout receipt validation requires the exact pending pair or completed receipt
  ---
  duration_ms: 0.09625
  type: 'test'
  ...
# Subtest: owned-cache cleanup failure is explicit after Firebase sign-out and never reports success
ok 359 - owned-cache cleanup failure is explicit after Firebase sign-out and never reports success
  ---
  duration_ms: 0.106792
  type: 'test'
  ...
# Subtest: Firebase failure remains signOutPending even when owned-cache cleanup fails
ok 360 - Firebase failure remains signOutPending even when owned-cache cleanup fails
  ---
  duration_ms: 0.108167
  type: 'test'
  ...
# Subtest: failed local control write closes access and attempts Firebase sign-out but stays a failure
ok 361 - failed local control write closes access and attempts Firebase sign-out but stays a failure
  ---
  duration_ms: 0.089667
  type: 'test'
  ...
# Subtest: SDK failure after an unverified control write remains signOutPending without cache cleanup
ok 362 - SDK failure after an unverified control write remains signOutPending without cache cleanup
  ---
  duration_ms: 0.100334
  type: 'test'
  ...
# Subtest: retrying sign-out for the exact completed UID-operation receipt still clears local Auth
ok 363 - retrying sign-out for the exact completed UID-operation receipt still clears local Auth
  ---
  duration_ms: 0.093459
  type: 'test'
  ...
# Subtest: a retained Auth retry rejects blocked receipts for a different UID or operation
ok 364 - a retained Auth retry rejects blocked receipts for a different UID or operation
  ---
  duration_ms: 0.143458
  type: 'test'
  ...
# Subtest: unverified local control read-back attempts Firebase sign-out only when no scoped marker is recoverable
ok 365 - unverified local control read-back attempts Firebase sign-out only when no scoped marker is recoverable
  ---
  duration_ms: 0.133542
  type: 'test'
  ...
# Subtest: when a scoped operation is durable, control-write failure retains Auth for a recoverable retry
ok 366 - when a scoped operation is durable, control-write failure retains Auth for a recoverable retry
  ---
  duration_ms: 0.079209
  type: 'test'
  ...
# Subtest: restore locks only for a matching scoped logout marker missing from the control journal
ok 367 - restore locks only for a matching scoped logout marker missing from the control journal
  ---
  duration_ms: 0.087334
  type: 'test'
  ...
# Subtest: pending remote revoke blocks profile preparation only for its matching Auth UID
ok 368 - pending remote revoke blocks profile preparation only for its matching Auth UID
  ---
  duration_ms: 0.053083
  type: 'test'
  ...
# Subtest: authenticated scope checks and repairs incomplete logout before publishing profile preparation
ok 369 - authenticated scope checks and repairs incomplete logout before publishing profile preparation
  ---
  duration_ms: 0.145584
  type: 'test'
  ...
# Subtest: scope guard rechecks Auth generation after reading an absent marker
ok 370 - scope guard rechecks Auth generation after reading an absent marker
  ---
  duration_ms: 0.069083
  type: 'test'
  ...
# Subtest: a completed revoke receipt clears the scoped marker before profile startup continues
ok 371 - a completed revoke receipt clears the scoped marker before profile startup continues
  ---
  duration_ms: 0.069125
  type: 'test'
  ...
# Subtest: failed completed-marker cleanup keeps the authenticated profile closed
ok 372 - failed completed-marker cleanup keeps the authenticated profile closed
  ---
  duration_ms: 0.735541
  type: 'test'
  ...
# Subtest: a UID switch while fallback control persistence is pending closes only the captured scope
ok 373 - a UID switch while fallback control persistence is pending closes only the captured scope
  ---
  duration_ms: 1.891125
  type: 'test'
  ...
# Subtest: fallback setup failure never cleans cache from a blocked-only receipt
ok 374 - fallback setup failure never cleans cache from a blocked-only receipt
  ---
  duration_ms: 0.159834
  type: 'test'
  ...
# Subtest: stale sign-out completion closes its scope without publishing over the newer identity
ok 375 - stale sign-out completion closes its scope without publishing over the newer identity
  ---
  duration_ms: 0.092375
  type: 'test'
  ...
# Subtest: Firebase sign-out failure retains the matching block for manual retry
ok 376 - Firebase sign-out failure retains the matching block for manual retry
  ---
  duration_ms: 0.182834
  type: 'test'
  ...
# Subtest: Auth rejection remains pending until durable local sign-out reports success
ok 377 - Auth rejection remains pending until durable local sign-out reports success
  ---
  duration_ms: 0.102709
  type: 'test'
  ...
# Subtest: ambiguous saved Guest profiles are reported as a choice requirement
ok 378 - ambiguous saved Guest profiles are reported as a choice requirement
  ---
  duration_ms: 0.107
  type: 'test'
  ...
# Subtest: guest preparation failure closes the scope and returns to signed-out login
ok 379 - guest preparation failure closes the scope and returns to signed-out login
  ---
  duration_ms: 0.069625
  type: 'test'
  ...
# Subtest: Guest selection keeps the signed-out account entry mounted when no scope is active
ok 380 - Guest selection keeps the signed-out account entry mounted when no scope is active
  ---
  duration_ms: 0.047625
  type: 'test'
  ...
# Subtest: restored Guest validates persisted access before selecting or activating its scope
ok 381 - restored Guest validates persisted access before selecting or activating its scope
  ---
  duration_ms: 0.284333
  type: 'test'
  ...
# Subtest: invalid restored Guest access stays closed
ok 382 - invalid restored Guest access stays closed
  ---
  duration_ms: 0.058042
  type: 'test'
  ...
# Subtest: fresh installation opens Guest only after explicit choice
ok 383 - fresh installation opens Guest only after explicit choice
  ---
  duration_ms: 0.063667
  type: 'test'
  ...
# Subtest: preparation gate opens registry metadata without activating or reading a profile
ok 384 - preparation gate opens registry metadata without activating or reading a profile
  ---
  duration_ms: 0.694083
  type: 'test'
  ...
# Subtest: logout-control corruption or storage failure fails closed with an explicit retry surface
ok 385 - logout-control corruption or storage failure fails closed with an explicit retry surface
  ---
  duration_ms: 0.264
  type: 'test'
  ...
# Subtest: preferences remain on defaults until storage activation emits the ready event
ok 386 - preferences remain on defaults until storage activation emits the ready event
  ---
  duration_ms: 0.234916
  type: 'test'
  ...
# Subtest: preparation failure is explicit, retryable, and counts only reserved lost-key retries
ok 387 - preparation failure is explicit, retryable, and counts only reserved lost-key retries
  ---
  duration_ms: 0.209875
  type: 'test'
  ...
# Subtest: key-loss recovery preserves delayed confirmed removal and requires preparation again afterward
ok 388 - key-loss recovery preserves delayed confirmed removal and requires preparation again afterward
  ---
  duration_ms: 0.181083
  type: 'test'
  ...
# Subtest: mapped provider identity exchanges, signs in with the returned session token, then finalizes
ok 389 - mapped provider identity exchanges, signs in with the returned session token, then finalizes
  ---
  duration_ms: 4.646875
  type: 'test'
  ...
# Subtest: unmapped provider identity remains provisional on the same UID without registration or finalization
ok 390 - unmapped provider identity remains provisional on the same UID without registration or finalization
  ---
  duration_ms: 0.412958
  type: 'test'
  ...
# Subtest: stale UID or generation rejects before exchange and after an async boundary
    # Subtest: UID changed before run
    ok 1 - UID changed before run
      ---
      duration_ms: 0.325083
      type: 'test'
      ...
    # Subtest: generation changed while exchange is pending
    ok 2 - generation changed while exchange is pending
      ---
      duration_ms: 4.405833
      type: 'test'
      ...
    1..2
ok 391 - stale UID or generation rejects before exchange and after an async boundary
  ---
  duration_ms: 5.001042
  type: 'test'
  ...
# Subtest: duplicate concurrent classification shares one in-flight result
ok 392 - duplicate concurrent classification shares one in-flight result
  ---
  duration_ms: 0.277083
  type: 'test'
  ...
# Subtest: issue result stays private through a deferred final identity read: exact
ok 393 - issue result stays private through a deferred final identity read: exact
  ---
  duration_ms: 6.156666
  type: 'test'
  ...
# Subtest: issue result stays private through a deferred final identity read: different_uid
ok 394 - issue result stays private through a deferred final identity read: different_uid
  ---
  duration_ms: 0.111167
  type: 'test'
  ...
# Subtest: issue result stays private through a deferred final identity read: different_generation
ok 395 - issue result stays private through a deferred final identity read: different_generation
  ---
  duration_ms: 0.056875
  type: 'test'
  ...
# Subtest: issue result stays private through a deferred final identity read: signed_out
ok 396 - issue result stays private through a deferred final identity read: signed_out
  ---
  duration_ms: 0.361084
  type: 'test'
  ...
# Subtest: issue result stays private through a deferred final identity read: read_failure
ok 397 - issue result stays private through a deferred final identity read: read_failure
  ---
  duration_ms: 0.13375
  type: 'test'
  ...
# Subtest: issue result stays private through a deferred final identity read: stale_revision
ok 398 - issue result stays private through a deferred final identity read: stale_revision
  ---
  duration_ms: 0.214208
  type: 'test'
  ...
# Subtest: missing or unreadable initial identity cannot read a generation for a different account
ok 399 - missing or unreadable initial identity cannot read a generation for a different account
  ---
  duration_ms: 0.211667
  type: 'test'
  ...
# Subtest: provider gates subscription and closes scoped access before releasing rejected issue results
ok 400 - provider gates subscription and closes scoped access before releasing rejected issue results
  ---
  duration_ms: 0.847125
  type: 'test'
  ...
# Subtest: issue persists operation identity before POST and blocks profile preparation until saved ACK
ok 401 - issue persists operation identity before POST and blocks profile preparation until saved ACK
  ---
  duration_ms: 3.799
  type: 'test'
  ...
# Subtest: vault persistence failure prevents both issue and consume requests
ok 402 - vault persistence failure prevents both issue and consume requests
  ---
  duration_ms: 0.449583
  type: 'test'
  ...
# Subtest: restored issue with an authenticated UID but missing generation remains blocked and hides codes
ok 403 - restored issue with an authenticated UID but missing generation remains blocked and hides codes
  ---
  duration_ms: 0.273708
  type: 'test'
  ...
# Subtest: defer requires a valid proven mismatch and retains a hidden issue after restart without remote effects
ok 404 - defer requires a valid proven mismatch and retains a hidden issue after restart without remote effects
  ---
  duration_ms: 0.501916
  type: 'test'
  ...
# Subtest: durably deferred issue permits signed-out preparation without changing the retained operation
ok 405 - durably deferred issue permits signed-out preparation without changing the retained operation
  ---
  duration_ms: 5.235792
  type: 'test'
  ...
# Subtest: signed-out preparation remains blocked before durable defer
ok 406 - signed-out preparation remains blocked before durable defer
  ---
  duration_ms: 0.906375
  type: 'test'
  ...
# Subtest: defer accepts a same-UID generation mismatch only after the live claim proves it
ok 407 - defer accepts a same-UID generation mismatch only after the live claim proves it
  ---
  duration_ms: 1.380834
  type: 'test'
  ...
# Subtest: old issue codes return only after an explicit resume on the original identity
ok 408 - old issue codes return only after an explicit resume on the original identity
  ---
  duration_ms: 1.058875
  type: 'test'
  ...
# Subtest: identity change during defer persistence keeps the marker but leaves profile preparation blocked
ok 409 - identity change during defer persistence keeps the marker but leaves profile preparation blocked
  ---
  duration_ms: 1.011208
  type: 'test'
  ...
# Subtest: deferred issue cannot be overwritten by new issue or consume and write failure retains the old record
ok 410 - deferred issue cannot be overwritten by new issue or consume and write failure retains the old record
  ---
  duration_ms: 1.434292
  type: 'test'
  ...
# Subtest: synchronous identity suspension redacts an in-flight status result and preserves durable codes
ok 411 - synchronous identity suspension redacts an in-flight status result and preserves durable codes
  ---
  duration_ms: 1.277209
  type: 'test'
  ...
# Subtest: identity swap during initial issue POST persists codes but never exposes or ACKs them
ok 412 - identity swap during initial issue POST persists codes but never exposes or ACKs them
  ---
  duration_ms: 0.65075
  type: 'test'
  ...
# Subtest: consume persists code before POST, keeps custom token out of durable and visible state, then ACKs the matching SDK identity
ok 413 - consume persists code before POST, keeps custom token out of durable and visible state, then ACKs the matching SDK identity
  ---
  duration_ms: 1.169917
  type: 'test'
  ...
# Subtest: signed-in UID with a malformed generation is not treated as signed out for pending consume
ok 414 - signed-in UID with a malformed generation is not treated as signed out for pending consume
  ---
  duration_ms: 0.552625
  type: 'test'
  ...
# Subtest: cold matching consume identity ACKs without another SDK sign-in
ok 415 - cold matching consume identity ACKs without another SDK sign-in
  ---
  duration_ms: 0.190042
  type: 'test'
  ...
# Subtest: signed-out restart first records server result, then explicit resume signs in and ACKs
ok 416 - signed-out restart first records server result, then explicit resume signs in and ACKs
  ---
  duration_ms: 0.563666
  type: 'test'
  ...
# Subtest: an issue provider retry reuses its saved operation ID rather than allocating a new one
ok 417 - an issue provider retry reuses its saved operation ID rather than allocating a new one
  ---
  duration_ms: 0.431125
  type: 'test'
  ...
# Subtest: explicit replacement confirms delivery_unconfirmed, saves one backup before POST, and exposes only the durable new result
ok 418 - explicit replacement confirms delivery_unconfirmed, saves one backup before POST, and exposes only the durable new result
  ---
  duration_ms: 4.736166
  type: 'test'
  ...
# Subtest: replacement vault write failure prevents POST and retains the old operation and codes
ok 419 - replacement vault write failure prevents POST and retains the old operation and codes
  ---
  duration_ms: 0.63
  type: 'test'
  ...
# Subtest: lost replacement POST and exact missing-status response preserve both records and the same new ID
ok 420 - lost replacement POST and exact missing-status response preserve both records and the same new ID
  ---
  duration_ms: 1.42775
  type: 'test'
  ...
# Subtest: explicit retry of a persisted replacement GETs first and reuses its saved ID
ok 421 - explicit retry of a persisted replacement GETs first and reuses its saved ID
  ---
  duration_ms: 0.460583
  type: 'test'
  ...
# Subtest: generic retry, restart reconciliation, and unconfirmed start are status-only for pending replacements
ok 422 - generic retry, restart reconciliation, and unconfirmed start are status-only for pending replacements
  ---
  duration_ms: 0.456083
  type: 'test'
  ...
# Subtest: replacement refuses a malformed or cross-generation result and keeps the old backup durable
ok 423 - replacement refuses a malformed or cross-generation result and keeps the old backup durable
  ---
  duration_ms: 0.364625
  type: 'test'
  ...
# Subtest: authoritative delivery_unconfirmed ends the current replacement backup without allocating another ID
ok 424 - authoritative delivery_unconfirmed ends the current replacement backup without allocating another ID
  ---
  duration_ms: 0.192666
  type: 'test'
  ...
# Subtest: a separate explicit confirmation after confirmed replacement expiry starts a new backed-up ID
ok 425 - a separate explicit confirmation after confirmed replacement expiry starts a new backed-up ID
  ---
  duration_ms: 0.318084
  type: 'test'
  ...
# Subtest: replacement status auth and service errors retain the old backup without POST
ok 426 - replacement status auth and service errors retain the old backup without POST
  ---
  duration_ms: 0.316458
  type: 'test'
  ...
# Subtest: confirmed ACK and superseded replacement statuses resolve the backup as terminal
ok 427 - confirmed ACK and superseded replacement statuses resolve the backup as terminal
  ---
  duration_ms: 0.253333
  type: 'test'
  ...
# Subtest: confirmed replacement expiry stays explicit and retains prior codes until separate confirmation
ok 428 - confirmed replacement expiry stays explicit and retains prior codes until separate confirmation
  ---
  duration_ms: 2.118792
  type: 'test'
  ...
# Subtest: storage recovery audit command exposes only the documented presentation fixtures in development smoke
ok 429 - storage recovery audit command exposes only the documented presentation fixtures in development smoke
  ---
  duration_ms: 2.683209
  type: 'test'
  ...
# Subtest: storage recovery audit command is unavailable outside development smoke
ok 430 - storage recovery audit command is unavailable outside development smoke
  ---
  duration_ms: 0.261666
  type: 'test'
  ...
# Subtest: storage recovery audit command rejects unrelated or expanded commands
ok 431 - storage recovery audit command rejects unrelated or expanded commands
  ---
  duration_ms: 0.415958
  type: 'test'
  ...
# Subtest: Activity read model keeps terminal history semantics and includes completed sessions without answers
ok 432 - Activity read model keeps terminal history semantics and includes completed sessions without answers
  ---
  duration_ms: 20.675333
  type: 'test'
  ...
# Subtest: Activity read model surfaces a corrupt canonical result instead of presenting an empty history
ok 433 - Activity read model surfaces a corrupt canonical result instead of presenting an empty history
  ---
  duration_ms: 0.553791
  type: 'test'
  ...
# Subtest: Activity read model treats repository issues as an explicit storage failure
ok 434 - Activity read model treats repository issues as an explicit storage failure
  ---
  duration_ms: 0.419209
  type: 'test'
  ...
# Subtest: Activity read model reuses the caller's attempts read when supplied
ok 435 - Activity read model reuses the caller's attempts read when supplied
  ---
  duration_ms: 0.671458
  type: 'test'
  ...
# Subtest: Activity full history keeps unavailable sessions as immutable summaries
ok 436 - Activity full history keeps unavailable sessions as immutable summaries
  ---
  duration_ms: 1.838209
  type: 'test'
  ...
# Subtest: Activity read owner invalidates late focus reads and lets the newest retry win
ok 437 - Activity read owner invalidates late focus reads and lets the newest retry win
  ---
  duration_ms: 0.425375
  type: 'test'
  ...
# Subtest: Activity read owner keeps current read failures explicit
ok 438 - Activity read owner keeps current read failures explicit
  ---
  duration_ms: 0.175167
  type: 'test'
  ...
# Subtest: bootstrap surfaces unavailable active sessions before content preparation or resume
ok 439 - bootstrap surfaces unavailable active sessions before content preparation or resume
  ---
  duration_ms: 113.767625
  type: 'test'
  ...
# Subtest: bootstrap emits a bounded diagnostic for a content-stage failure
ok 440 - bootstrap emits a bounded diagnostic for a content-stage failure
  ---
  duration_ms: 4.135792
  type: 'test'
  ...
# Subtest: bootstrap reports the last canonical repository step for a repository failure
ok 441 - bootstrap reports the last canonical repository step for a repository failure
  ---
  duration_ms: 0.378792
  type: 'test'
  ...
# Subtest: AUD-02D feedback flows match canonical selected answers and conditional reinsert plan
ok 442 - AUD-02D feedback flows match canonical selected answers and conditional reinsert plan
  ---
  duration_ms: 743.423833
  type: 'test'
  ...
# Subtest: a correct GCP simulation answer recorded before due time does not advance older review evidence at finalization
ok 443 - a correct GCP simulation answer recorded before due time does not advance older review evidence at finalization
  ---
  duration_ms: 473.87
  type: 'test'
  ...
# Subtest: due-answer boundaries preserve the two-success rule and the exact-current-session guard
    # Subtest: before-counter-zero
    ok 1 - before-counter-zero
      ---
      duration_ms: 31.892208
      type: 'test'
      ...
    # Subtest: before-counter-one
    ok 2 - before-counter-one
      ---
      duration_ms: 18.085708
      type: 'test'
      ...
    # Subtest: equal-counter-zero
    ok 3 - equal-counter-zero
      ---
      duration_ms: 28.520208
      type: 'test'
      ...
    # Subtest: equal-counter-one
    ok 4 - equal-counter-one
      ---
      duration_ms: 64.024792
      type: 'test'
      ...
    # Subtest: after-counter-zero
    ok 5 - after-counter-zero
      ---
      duration_ms: 18.914208
      type: 'test'
      ...
    # Subtest: after-counter-one
    ok 6 - after-counter-one
      ---
      duration_ms: 46.356167
      type: 'test'
      ...
    # Subtest: persistent exact-reference review from the same session remains unchanged
    ok 7 - persistent exact-reference review from the same session remains unchanged
      ---
      duration_ms: 32.762833
      type: 'test'
      ...
    1..7
ok 444 - due-answer boundaries preserve the two-success rule and the exact-current-session guard
  ---
  duration_ms: 241.727
  type: 'test'
  ...
# Subtest: journal replay applies one eligible due success exactly once after draft-cleanup interruption
ok 445 - journal replay applies one eligible due success exactly once after draft-cleanup interruption
  ---
  duration_ms: 45.795791
  type: 'test'
  ...
# Subtest: Coding weak-area review with explicit due_queue does not use a historical miss as fallback evidence
ok 446 - Coding weak-area review with explicit due_queue does not use a historical miss as fallback evidence
  ---
  duration_ms: 343.916833
  type: 'test'
  ...
# Subtest: actual lifecycle persists only due current refs, shortens to available due content, and does not append miss fallback
ok 447 - actual lifecycle persists only due current refs, shortens to available due content, and does not append miss fallback
  ---
  duration_ms: 509.299708
  type: 'test'
  ...
# Subtest: actual lifecycle rejects empty due evidence with no session write and preserves the historical attempt
ok 448 - actual lifecycle rejects empty due evidence with no session write and preserves the historical attempt
  ---
  duration_ms: 0.742291
  type: 'test'
  ...
# Subtest: explicit session_misses is unavailable before lifecycle persistence
ok 449 - explicit session_misses is unavailable before lifecycle persistence
  ---
  duration_ms: 0.30225
  type: 'test'
  ...
# Subtest: a single-source Design weak-area review keeps its existing due-only default without reviewSource
ok 450 - a single-source Design weak-area review keeps its existing due-only default without reviewSource
  ---
  duration_ms: 0.704
  type: 'test'
  ...
# Subtest: single-source Certification weak-area review also keeps its due-only default without reviewSource
ok 451 - single-source Certification weak-area review also keeps its due-only default without reviewSource
  ---
  duration_ms: 0.87175
  type: 'test'
  ...
# Subtest: due review selection rejects future and stale artifact/version/track references without fallback
ok 452 - due review selection rejects future and stale artifact/version/track references without fallback
  ---
  duration_ms: 2.157
  type: 'test'
  ...
# Subtest: invalid review sources and refs are rejected on practice and simulation before selection
ok 453 - invalid review sources and refs are rejected on practice and simulation before selection
  ---
  duration_ms: 1.065791
  type: 'test'
  ...
# Subtest: actual lifecycle rejects review source on a simulation before any durable session write
ok 454 - actual lifecycle rejects review source on a simulation before any durable session write
  ---
  duration_ms: 4.096667
  type: 'test'
  ...
# Subtest: real loader prepares all 29 modes across nine tracks
ok 455 - real loader prepares all 29 modes across nine tracks
  ---
  duration_ms: 357.931417
  type: 'test'
  ...
# Subtest: real canonical questions submit and score all five interaction types
ok 456 - real canonical questions submit and score all five interaction types
  ---
  duration_ms: 43.524916
  type: 'test'
  ...
# Subtest: actual Design runtime rejects a sparse ordering response before creating an outcome
ok 457 - actual Design runtime rejects a sparse ordering response before creating an outcome
  ---
  duration_ms: 1.808083
  type: 'test'
  ...
# Subtest: evidence permits one item and multi-source Coding review requires an explicit source
ok 458 - evidence permits one item and multi-source Coding review requires an explicit source
  ---
  duration_ms: 0.393792
  type: 'test'
  ...
# Subtest: coding review preserves identity and resolves after two due successes
ok 459 - coding review preserves identity and resolves after two due successes
  ---
  duration_ms: 12.805333
  type: 'test'
  ...
# Subtest: resume and query boundaries reject tampering, foreign attempts and old pins
ok 460 - resume and query boundaries reject tampering, foreign attempts and old pins
  ---
  duration_ms: 6.488333
  type: 'test'
  ...
# Subtest: Claude Focus persists selectable feedback, scores single and multi-select, and finalizes complete evidence
ok 461 - Claude Focus persists selectable feedback, scores single and multi-select, and finalizes complete evidence
  ---
  duration_ms: 64.395416
  type: 'test'
  ...
# Subtest: reinsert resolves exact branch after three durable intervening submissions and preserves ordinary branch on correct
ok 462 - reinsert resolves exact branch after three durable intervening submissions and preserves ordinary branch on correct
  ---
  duration_ms: 15.8225
  type: 'test'
  ...
# Subtest: GCP simulation prepares the profile-weighted immutable 50-item plan and exact snapshot
ok 463 - GCP simulation prepares the profile-weighted immutable 50-item plan and exact snapshot
  ---
  duration_ms: 11.057625
  type: 'test'
  ...
# Subtest: GCP simulation validates draft occurrence keys, completeness, flags, revision, and deadline
ok 464 - GCP simulation validates draft occurrence keys, completeness, flags, revision, and deadline
  ---
  duration_ms: 12.962541
  type: 'test'
  ...
# Subtest: GCP simulation finalization scores only complete responses and partitions all 50 occurrences
ok 465 - GCP simulation finalization scores only complete responses and partitions all 50 occurrences
  ---
  duration_ms: 10.894541
  type: 'test'
  ...
# Subtest: Coding Mock consumes its exact ordered 40-question profile with foreground timer and shared draft runtime
ok 466 - Coding Mock consumes its exact ordered 40-question profile with foreground timer and shared draft runtime
  ---
  duration_ms: 3.591583
  type: 'test'
  ...
# Subtest: Design Interview Simulation uses each exact track profile, resumes durable stage text, and finalizes completeness only
ok 467 - Design Interview Simulation uses each exact track profile, resumes durable stage text, and finalizes completeness only
  ---
  duration_ms: 1.350584
  type: 'test'
  ...
# Subtest: Design Interview Simulation timeout can finalize a partial draft without assigning semantic correctness
ok 468 - Design Interview Simulation timeout can finalize a partial draft without assigning semantic correctness
  ---
  duration_ms: 0.304125
  type: 'test'
  ...
# Subtest: ordinary sessions expand practiced coverage across coding, design and certification pools
ok 469 - ordinary sessions expand practiced coverage across coding, design and certification pools
  ---
  duration_ms: 512.298666
  type: 'test'
  ...
# Subtest: selection ignores attempts outside its pool or exact content pin and handles exhaustion
ok 470 - selection ignores attempts outside its pool or exact content pin and handles exhaustion
  ---
  duration_ms: 0.869708
  type: 'test'
  ...
# Subtest: a never-attempted question stays uncovered even when its unit has attempt history
ok 471 - a never-attempted question stays uncovered even when its unit has attempt history
  ---
  duration_ms: 0.176875
  type: 'test'
  ...
# Subtest: single choice feedback exposes selected incorrect, omitted correct and remaining neutral
ok 472 - single choice feedback exposes selected incorrect, omitted correct and remaining neutral
  ---
  duration_ms: 3.699083
  type: 'test'
  ...
# Subtest: multi choice feedback preserves every selected and correct combination
ok 473 - multi choice feedback preserves every selected and correct combination
  ---
  duration_ms: 1.245583
  type: 'test'
  ...
# Subtest: choice feedback rejects a mismatched response contract
ok 474 - choice feedback rejects a mismatched response contract
  ---
  duration_ms: 0.274833
  type: 'test'
  ...
# Subtest: authored choice messages follow selected incorrect and omitted correct stable IDs in authored order
ok 475 - authored choice messages follow selected incorrect and omitted correct stable IDs in authored order
  ---
  duration_ms: 0.389916
  type: 'test'
  ...
# Subtest: multiple choice messages include only selected wrong and omitted correct targets regardless of response order
ok 476 - multiple choice messages include only selected wrong and omitted correct targets regardless of response order
  ---
  duration_ms: 0.179292
  type: 'test'
  ...
# Subtest: message projection preserves absent-message and non-choice behavior, and freezes provided empty results
ok 477 - message projection preserves absent-message and non-choice behavior, and freezes provided empty results
  ---
  duration_ms: 11.705542
  type: 'test'
  ...
# Subtest: real GCP and Coding artifacts deliver exact selected-wrong authored messages
ok 478 - real GCP and Coding artifacts deliver exact selected-wrong authored messages
  ---
  duration_ms: 852.609334
  type: 'test'
  ...
# MC_REACHABLE coding-interview-dsa-problem-solving completedRound=7
# MC_REACHABLE claude-certified-architect-professional-certification completedRound=5
# Subtest: actual GCP practice choice orders vary between session identities and survive durable resume unchanged
ok 479 - actual GCP practice choice orders vary between session identities and survive durable resume unchanged
  ---
  duration_ms: 456.83125
  type: 'test'
  ...
# Subtest: resume accepts a fingerprint-bound legal choice permutation without requiring regeneration
ok 480 - resume accepts a fingerprint-bound legal choice permutation without requiring regeneration
  ---
  duration_ms: 1.853834
  type: 'test'
  ...
# Subtest: all 16077 actual items preserve control membership, ID answers and non-choice order without exposing an answer to the ranker
ok 481 - all 16077 actual items preserve control membership, ID answers and non-choice order without exposing an answer to the ranker
  ---
  duration_ms: 3781.289083
  type: 'test'
  ...
# Subtest: all real 29 practice modes and canonical simulation profiles prepare valid frozen orders with unchanged question selection
ok 482 - all real 29 practice modes and canonical simulation profiles prepare valid frozen orders with unchanged question selection
  ---
  duration_ms: 76.480417
  type: 'test'
  ...
# Subtest: legacy source orders remain valid; malformed orders, stale pins and unstored permutation changes fail resume
ok 483 - legacy source orders remain valid; malformed orders, stale pins and unstored permutation changes fail resume
  ---
  duration_ms: 4.837125
  type: 'test'
  ...
# Subtest: actual Coding conditional repeat retains the source prepared order after three durable intervening answers and rebind
ok 484 - actual Coding conditional repeat retains the source prepared order after three durable intervening answers and rebind
  ---
  duration_ms: 108.652625
  type: 'test'
  ...
# Subtest: MC becomes reachable through completed canonical sessions and real persisted history without changing selection policy
ok 485 - MC becomes reachable through completed canonical sessions and real persisted history without changing selection policy
  ---
  duration_ms: 2277.488833
  type: 'test'
  ...
# Subtest: actual Frontend Design ordering feedback follows missing adjacent relations across all legal permutations
ok 486 - actual Frontend Design ordering feedback follows missing adjacent relations across all legal permutations
  ---
  duration_ms: 385.949042
  type: 'test'
  ...
# Subtest: ordering message projection is absent outside ordering or when authored messages are absent
ok 487 - ordering message projection is absent outside ordering or when authored messages are absent
  ---
  duration_ms: 0.139083
  type: 'test'
  ...
# Subtest: invalid ordering responses are rejected before authored diagnostics are inferred
ok 488 - invalid ordering responses are rejected before authored diagnostics are inferred
  ---
  duration_ms: 0.828834
  type: 'test'
  ...
# Subtest: projects exact HTTPS sources in authored order without normalizing query or hash
ok 489 - projects exact HTTPS sources in authored order without normalizing query or hash
  ---
  duration_ms: 1.615375
  type: 'test'
  ...
# Subtest: rejects non-HTTPS, malformed and missing sources without inventing a fallback
ok 490 - rejects non-HTTPS, malformed and missing sources without inventing a fallback
  ---
  duration_ms: 0.115208
  type: 'test'
  ...
# Subtest: opens the exact projected URL and reports success or failure explicitly
ok 491 - opens the exact projected URL and reports success or failure explicitly
  ---
  duration_ms: 0.138458
  type: 'test'
  ...
# Subtest: rejects unsafe or malformed source URLs without calling the opener
ok 492 - rejects unsafe or malformed source URLs without calling the opener
  ---
  duration_ms: 0.083584
  type: 'test'
  ...
# Subtest: projects the exact URL from an accepted certification artifact without changing the artifact
ok 493 - projects the exact URL from an accepted certification artifact without changing the artifact
  ---
  duration_ms: 3.853583
  type: 'test'
  ...
# Subtest: all 440 actual multiple-choice items reject every wrong-containing subset independently of oracle parity
ok 494 - all 440 actual multiple-choice items reject every wrong-containing subset independently of oracle parity
  ---
  duration_ms: 639.666458
  type: 'test'
  ...
# Subtest: actual practice runtime writes zero-point incorrect attempt/review, survives repository rebind and preserves authored feedback
ok 495 - actual practice runtime writes zero-point incorrect attempt/review, survives repository rebind and preserves authored feedback
  ---
  duration_ms: 81.117833
  type: 'test'
  ...
# Subtest: actual Coding Mock simulation finalization records wrong-containing response as incorrect zero, preserving other answers
ok 496 - actual Coding Mock simulation finalization records wrong-containing response as incorrect zero, preserving other answers
  ---
  duration_ms: 44.852875
  type: 'test'
  ...
# Subtest: ODK-096 AWS Free focus selects unique 10/20/40 question plans from the current canonical node
ok 497 - ODK-096 AWS Free focus selects unique 10/20/40 question plans from the current canonical node
  ---
  duration_ms: 1790.19125
  type: 'test'
  ...
# Subtest: ODK-096 AWS evidence-conditioned review truthfully shortens to due evidence and fails closed without it
ok 498 - ODK-096 AWS evidence-conditioned review truthfully shortens to due evidence and fails closed without it
  ---
  duration_ms: 2064.66375
  type: 'test'
  ...
# Subtest: ODK-097 Design Tradeoff sessions use the exact free node and unique 10/20/40 items
ok 499 - ODK-097 Design Tradeoff sessions use the exact free node and unique 10/20/40 items
  ---
  duration_ms: 509.767875
  type: 'test'
  ...
# Subtest: ODK-097 Design Review is due-only, truthfully shortens, and fails closed without eligible evidence
ok 500 - ODK-097 Design Review is due-only, truthfully shortens, and fails closed without eligible evidence
  ---
  duration_ms: 6.7595
  type: 'test'
  ...
# Subtest: ODK-097 Review evidence rejects stale, wrong-artifact, and cross-track entries
ok 501 - ODK-097 Review evidence rejects stale, wrong-artifact, and cross-track entries
  ---
  duration_ms: 0.420916
  type: 'test'
  ...
# Subtest: ODK-097 Coding due entries remain identity-scoped without consuming historical misses
ok 502 - ODK-097 Coding due entries remain identity-scoped without consuming historical misses
  ---
  duration_ms: 0.364125
  type: 'test'
  ...
# Subtest: Certification Exam Simulation authorizes before preparation resolution and starts durably only when allowed
ok 503 - Certification Exam Simulation authorizes before preparation resolution and starts durably only when allowed
  ---
  duration_ms: 810.239458
  type: 'test'
  ...
# Subtest: completed exam review projects answered and unanswered items across the complete fixed plan
ok 504 - completed exam review projects answered and unanswered items across the complete fixed plan
  ---
  duration_ms: 618.463083
  type: 'test'
  ...
# Subtest: fully unanswered completed exam projects all 50 items without creating attempts
ok 505 - fully unanswered completed exam projects all 50 items without creating attempts
  ---
  duration_ms: 5.389833
  type: 'test'
  ...
# Subtest: exam result rejects tampered partition, attempt scores, and profile evidence
ok 506 - exam result rejects tampered partition, attempt scores, and profile evidence
  ---
  duration_ms: 9.960958
  type: 'test'
  ...
# Subtest: active Certification projection strips answers, explanations and feedback structurally
ok 507 - active Certification projection strips answers, explanations and feedback structurally
  ---
  duration_ms: 1.493542
  type: 'test'
  ...
# Subtest: deferred feedback remains absent after durable submit while immediate feedback is unchanged
ok 508 - deferred feedback remains absent after durable submit while immediate feedback is unchanged
  ---
  duration_ms: 0.795708
  type: 'test'
  ...
# Subtest: immediate Certification feedback returns only authored messages for selected incorrect IDs
ok 509 - immediate Certification feedback returns only authored messages for selected incorrect IDs
  ---
  duration_ms: 0.434958
  type: 'test'
  ...
# Subtest: completed review evidence fails closed when durable outcome aggregates are missing or inconsistent
ok 510 - completed review evidence fails closed when durable outcome aggregates are missing or inconsistent
  ---
  duration_ms: 0.412167
  type: 'test'
  ...
# Subtest: completed practice projector preserves the canonical five-state answer matrix
ok 511 - completed practice projector preserves the canonical five-state answer matrix
  ---
  duration_ms: 674.15425
  type: 'test'
  ...
# Subtest: practice review rejects altered identity, coverage, attempts, score, and resolution
ok 512 - practice review rejects altered identity, coverage, attempts, score, and resolution
  ---
  duration_ms: 1.718209
  type: 'test'
  ...
# Subtest: Certification route preserves domains and sends an exact Premium node through facade to Gate A before mutation
ok 513 - Certification route preserves domains and sends an exact Premium node through facade to Gate A before mutation
  ---
  duration_ms: 1063.381625
  type: 'test'
  ...
# Subtest: coding facade converts every supported UI response into the canonical response union
ok 514 - coding facade converts every supported UI response into the canonical response union
  ---
  duration_ms: 3.398666
  type: 'test'
  ...
# Subtest: completed Coding practice is readable and review uses the same completed projection
ok 515 - completed Coding practice is readable and review uses the same completed projection
  ---
  duration_ms: 1210.385833
  type: 'test'
  ...
# Subtest: completed conditional-reinsert practice projects the final replaced occurrence order
ok 516 - completed conditional-reinsert practice projects the final replaced occurrence order
  ---
  duration_ms: 332.116666
  type: 'test'
  ...
# Subtest: abandoned Coding summary keeps its separate existing projection and performs no read writes
ok 517 - abandoned Coding summary keeps its separate existing projection and performs no read writes
  ---
  duration_ms: 52.939791
  type: 'test'
  ...
# Subtest: completed Mock result stays pending until exact saved content validation finishes
ok 518 - completed Mock result stays pending until exact saved content validation finishes
  ---
  duration_ms: 114.099542
  type: 'test'
  ...
# Subtest: completed result rejects a source-session attempt outside the saved occurrence plan
ok 519 - completed result rejects a source-session attempt outside the saved occurrence plan
  ---
  duration_ms: 192.248167
  type: 'test'
  ...
# Subtest: completed result rejects a removed attempt and a scorer/result mismatch
ok 520 - completed result rejects a removed attempt and a scorer/result mismatch
  ---
  duration_ms: 206.16225
  type: 'test'
  ...
# Subtest: completed result rejects a mismatched family, completion time, or answer coverage
ok 521 - completed result rejects a mismatched family, completion time, or answer coverage
  ---
  duration_ms: 417.245542
  type: 'test'
  ...
# Subtest: completed result rejects attempts with a different mode or resolved item
ok 522 - completed result rejects attempts with a different mode or resolved item
  ---
  duration_ms: 263.121709
  type: 'test'
  ...
# Subtest: completed result rejects duplicate attempts, invalid responses, and stale artifact references
ok 523 - completed result rejects duplicate attempts, invalid responses, and stale artifact references
  ---
  duration_ms: 216.185791
  type: 'test'
  ...
# Subtest: completed result rejects persisted counts and points that disagree with committed attempts
ok 524 - completed result rejects persisted counts and points that disagree with committed attempts
  ---
  duration_ms: 236.686125
  type: 'test'
  ...
# Subtest: completed result ignores valid attempts belonging to an unrelated session
ok 525 - completed result ignores valid attempts belonging to an unrelated session
  ---
  duration_ms: 203.932
  type: 'test'
  ...
# Subtest: startAlgorithmsSession adapts feedback timing on the actual lifecycle request
ok 526 - startAlgorithmsSession adapts feedback timing on the actual lifecycle request
  ---
  duration_ms: 5.389833
  type: 'test'
  ...
# Subtest: Coding Mock flags persist in the active draft and reappear after lifecycle resume
ok 527 - Coding Mock flags persist in the active draft and reappear after lifecycle resume
  ---
  duration_ms: 1078.157333
  type: 'test'
  ...
# Subtest: Coding Mock persists a response, finalizes, and reads all 40 completed review rows
ok 528 - Coding Mock persists a response, finalizes, and reads all 40 completed review rows
  ---
  duration_ms: 150.397458
  type: 'test'
  ...
# Subtest: Coding immediate practice feedback survives durable submit and lifecycle rebind
ok 529 - Coding immediate practice feedback survives durable submit and lifecycle rebind
  ---
  duration_ms: 29.2025
  type: 'test'
  ...
# Subtest: resolves an exact canonical artifact by track, content version, and SHA
ok 530 - resolves an exact canonical artifact by track, content version, and SHA
  ---
  duration_ms: 710.135041
  type: 'test'
  ...
# Subtest: resolves only the question identified by a canonical ResolvedContentRef
ok 531 - resolves only the question identified by a canonical ResolvedContentRef
  ---
  duration_ms: 2.247167
  type: 'test'
  ...
# Subtest: prepares Certification Exam Simulation from the exact canonical artifact profile
ok 532 - prepares Certification Exam Simulation from the exact canonical artifact profile
  ---
  duration_ms: 43.114458
  type: 'test'
  ...
# Subtest: prepares Coding Mock from the exact canonical artifact profile and ordered 40-question pool
ok 533 - prepares Coding Mock from the exact canonical artifact profile and ordered 40-question pool
  ---
  duration_ms: 10.804583
  type: 'test'
  ...
# Subtest: all three actual Design pools deliver exact authored wrong-option feedback after durable submit and rebind
ok 534 - all three actual Design pools deliver exact authored wrong-option feedback after durable submit and rebind
  ---
  duration_ms: 1674.277125
  type: 'test'
  ...
# Subtest: Design choice diagnostics stay hidden for a failed journal write and committed-only response
ok 535 - Design choice diagnostics stay hidden for a failed journal write and committed-only response
  ---
  duration_ms: 57.543625
  type: 'test'
  ...
# Subtest: manual Design Simulation completion requires every non-empty stage
ok 536 - manual Design Simulation completion requires every non-empty stage
  ---
  duration_ms: 0.574167
  type: 'test'
  ...
# Subtest: home snapshot resolves canonical track metadata
ok 537 - home snapshot resolves canonical track metadata
  ---
  duration_ms: 789.424375
  type: 'test'
  ...
# Subtest: actual Home command rejects profile changes after Activity reads and before publication, including A/B/A
    # Subtest: same profile publishes actual persisted answers
    ok 1 - same profile publishes actual persisted answers
      ---
      duration_ms: 232.755958
      type: 'test'
      ...
    # Subtest: same-profile attempt committed after parallel reads rejects stale HomeShell publication
    ok 2 - same-profile attempt committed after parallel reads rejects stale HomeShell publication
      ---
      duration_ms: 95.695792
      type: 'test'
      ...
    # Subtest: same-profile attempt committed after the final dashboard await rejects publication
    ok 3 - same-profile attempt committed after the final dashboard await rejects publication
      ---
      duration_ms: 47.5105
      type: 'test'
      ...
    # Subtest: A→B after Activity read rejects publication
    ok 4 - A→B after Activity read rejects publication
      ---
      duration_ms: 43.02325
      type: 'test'
      ...
    # Subtest: A→B→A after Activity read rejects publication
    ok 5 - A→B→A after Activity read rejects publication
      ---
      duration_ms: 24.79175
      type: 'test'
      ...
    # Subtest: active transition at entry prevents reads and publication
    ok 6 - active transition at entry prevents reads and publication
      ---
      duration_ms: 11.892875
      type: 'test'
      ...
    # Subtest: transition starts during the last read and prevents publication
    ok 7 - transition starts during the last read and prevents publication
      ---
      duration_ms: 12.827792
      type: 'test'
      ...
    1..7
ok 538 - actual Home command rejects profile changes after Activity reads and before publication, including A/B/A
  ---
  duration_ms: 1326.718125
  type: 'test'
  ...
# Subtest: Home fence rejects persisted goal and accepted-plan changes
ok 539 - Home fence rejects persisted goal and accepted-plan changes
  ---
  duration_ms: 24.934166
  type: 'test'
  ...
# Subtest: Home fence rejects persisted review and attempt additions
ok 540 - Home fence rejects persisted review and attempt additions
  ---
  duration_ms: 1.476333
  type: 'test'
  ...
# Subtest: Home fence rejects terminal, active, and result-only session evidence writes
ok 541 - Home fence rejects terminal, active, and result-only session evidence writes
  ---
  duration_ms: 2.399542
  type: 'test'
  ...
# Subtest: Home fence observes selected-track changes, including from a null-track snapshot
ok 542 - Home fence observes selected-track changes, including from a null-track snapshot
  ---
  duration_ms: 0.349709
  type: 'test'
  ...
# Subtest: Home fence preserves onboarding fallback and ignores unrelated reminder settings
ok 543 - Home fence preserves onboarding fallback and ignores unrelated reminder settings
  ---
  duration_ms: 0.778458
  type: 'test'
  ...
# Subtest: Home fence fails closed for active journals and corrupt canonical session indexes
ok 544 - Home fence fails closed for active journals and corrupt canonical session indexes
  ---
  duration_ms: 32.353834
  type: 'test'
  ...
# Subtest: actual artifact→repository→Home presenter includes local Monday before UTC Monday and excludes future answers
ok 545 - actual artifact→repository→Home presenter includes local Monday before UTC Monday and excludes future answers
  ---
  duration_ms: 1036.547583
  type: 'test'
  ...
# Subtest: all nine canonical tracks use the same activity count without turning it into completion
ok 546 - all nine canonical tracks use the same activity count without turning it into completion
  ---
  duration_ms: 806.586667
  type: 'test'
  ...
# Subtest: active exclusion, ended-early history and old package facts remain distinct from completed sessions
ok 547 - active exclusion, ended-early history and old package facts remain distinct from completed sessions
  ---
  duration_ms: 1.960458
  type: 'test'
  ...
# Subtest: civil Monday boundaries agree in Warsaw/Los Angeles and across both DST transitions
ok 548 - civil Monday boundaries agree in Warsaw/Los Angeles and across both DST transitions
  ---
  duration_ms: 1.898958
  type: 'test'
  ...
# Subtest: same question new attempts count separately, identical IDs once, conflicting IDs unavailable
ok 549 - same question new attempts count separately, identical IDs once, conflicting IDs unavailable
  ---
  duration_ms: 0.830792
  type: 'test'
  ...
# Subtest: invalid relevant record/context never becomes empty activity; repository corruption still throws
ok 550 - invalid relevant record/context never becomes empty activity; repository corruption still throws
  ---
  duration_ms: 14.448625
  type: 'test'
  ...
# Subtest: weekly text and accessibility label share real translated plural values in seven locales
ok 551 - weekly text and accessibility label share real translated plural values in seven locales
  ---
  duration_ms: 18.664625
  type: 'test'
  ...
# Subtest: actual memory profile router separates A/B history and reconstructs A after storage reopening offline
ok 552 - actual memory profile router separates A/B history and reconstructs A after storage reopening offline
  ---
  duration_ms: 15.822792
  type: 'test'
  ...
# Subtest: removed simulation response path is unavailable
ok 553 - removed simulation response path is unavailable
  ---
  duration_ms: 1181.797584
  type: 'test'
  ...
# Subtest: A before journal persistence leaves no durable outcome
ok 554 - A before journal persistence leaves no durable outcome
  ---
  duration_ms: 21.630708
  type: 'test'
  ...
# Subtest: B after journal persistence recovers complete
ok 555 - B after journal persistence recovers complete
  ---
  duration_ms: 36.874041
  type: 'test'
  ...
# Subtest: C after attempt write does not duplicate
ok 556 - C after attempt write does not duplicate
  ---
  duration_ms: 18.928875
  type: 'test'
  ...
# Subtest: D after review writes no duplicate evidence
ok 557 - D after review writes no duplicate evidence
  ---
  duration_ms: 4.0855
  type: 'test'
  ...
# Subtest: E after session no twice advance
ok 558 - E after session no twice advance
  ---
  duration_ms: 2.816584
  type: 'test'
  ...
# Subtest: F all writes before verification
ok 559 - F all writes before verification
  ---
  duration_ms: 3.887584
  type: 'test'
  ...
# Subtest: G verification before clear safely replays
ok 560 - G verification before clear safely replays
  ---
  duration_ms: 3.142208
  type: 'test'
  ...
# Subtest: resolved review deletion is physical and safely replays after force-close
ok 561 - resolved review deletion is physical and safely replays after force-close
  ---
  duration_ms: 2.469167
  type: 'test'
  ...
# Subtest: resolved review deletion recovers when its index update fails
ok 562 - resolved review deletion recovers when its index update fails
  ---
  duration_ms: 3.235083
  type: 'test'
  ...
# Subtest: manual review removal recovers after index switch but before physical deletion
ok 563 - manual review removal recovers after index switch but before physical deletion
  ---
  duration_ms: 4.679417
  type: 'test'
  ...
# Subtest: session abandonment persists abandoned session before clearing active pointer
ok 564 - session abandonment persists abandoned session before clearing active pointer
  ---
  duration_ms: 34.562875
  type: 'test'
  ...
# Subtest: session abandonment replay is idempotent
ok 565 - session abandonment replay is idempotent
  ---
  duration_ms: 36.543417
  type: 'test'
  ...
# Subtest: abandonment recovers identically after every durable write boundary
ok 566 - abandonment recovers identically after every durable write boundary
  ---
  duration_ms: 43.12575
  type: 'test'
  ...
# Subtest: abandonment does not navigate before durability
ok 567 - abandonment does not navigate before durability
  ---
  duration_ms: 0.699083
  type: 'test'
  ...
# Subtest: local answer commit defers snapshot and outbox construction until account synchronization
ok 568 - local answer commit defers snapshot and outbox construction until account synchronization
  ---
  duration_ms: 23.303666
  type: 'test'
  ...
# Subtest: failed pending-sync write retains the verified journal and recovers without duplicating the answer
ok 569 - failed pending-sync write retains the verified journal and recovers without duplicating the answer
  ---
  duration_ms: 29.20975
  type: 'test'
  ...
# Subtest: clear local history is one journaled learning-state mutation
ok 570 - clear local history is one journaled learning-state mutation
  ---
  duration_ms: 17.759417
  type: 'test'
  ...
# Subtest: clear local history copy covers progress and review data
ok 571 - clear local history copy covers progress and review data
  ---
  duration_ms: 0.17375
  type: 'test'
  ...
# Subtest: clear local history preserves the one guest installation and local dataset identity
ok 572 - clear local history preserves the one guest installation and local dataset identity
  ---
  duration_ms: 3.587917
  type: 'test'
  ...
# Subtest: reset recovers a pending command before deleting its fully materialized learning state
ok 573 - reset recovers a pending command before deleting its fully materialized learning state
  ---
  duration_ms: 39.632291
  type: 'test'
  ...
# Subtest: reset failure remains explicit and recovery is identical after every deletion boundary
ok 574 - reset failure remains explicit and recovery is identical after every deletion boundary
  ---
  duration_ms: 31.088792
  type: 'test'
  ...
# Subtest: journal durability precedes idempotent materialization and recovery
ok 575 - journal durability precedes idempotent materialization and recovery
  ---
  duration_ms: 30.713583
  type: 'test'
  ...
# Subtest: journal phase advances only one immutable step at a time
ok 576 - journal phase advances only one immutable step at a time
  ---
  duration_ms: 24.380417
  type: 'test'
  ...
# Subtest: journaled command rejects a conflicting pending command
ok 577 - journaled command rejects a conflicting pending command
  ---
  duration_ms: 6.443166
  type: 'test'
  ...
# Subtest: journal has a versioned SHA-256 command identity and rejects stale expected revisions
ok 578 - journal has a versioned SHA-256 command identity and rejects stale expected revisions
  ---
  duration_ms: 1.468667
  type: 'test'
  ...
# Subtest: journal construction rejects writes that cross exact resolved artifact identities
ok 579 - journal construction rejects writes that cross exact resolved artifact identities
  ---
  duration_ms: 0.551583
  type: 'test'
  ...
# Subtest: practice submission recovers identically after every durable write boundary
ok 580 - practice submission recovers identically after every durable write boundary
  ---
  duration_ms: 62.407041
  type: 'test'
  ...
# Subtest: concurrent conflicting journal persists use one CAS winner and ownership-checked clear
ok 581 - concurrent conflicting journal persists use one CAS winner and ownership-checked clear
  ---
  duration_ms: 1.492083
  type: 'test'
  ...
# Subtest: materializes one attempt
ok 582 - materializes one attempt
  ---
  duration_ms: 6.4865
  type: 'test'
  ...
# Subtest: materializes one review entry
ok 583 - materializes one review entry
  ---
  duration_ms: 1.574333
  type: 'test'
  ...
# Subtest: rejects an unsupported write kind instead of silently materializing it
ok 584 - rejects an unsupported write kind instead of silently materializing it
  ---
  duration_ms: 0.5575
  type: 'test'
  ...
# Subtest: materializes one session
ok 585 - materializes one session
  ---
  duration_ms: 3.1545
  type: 'test'
  ...
# Subtest: clears active session pointer
ok 586 - clears active session pointer
  ---
  duration_ms: 18.080875
  type: 'test'
  ...
# Subtest: materializes a complete training outcome in canonical order
ok 587 - materializes a complete training outcome in canonical order
  ---
  duration_ms: 4.180709
  type: 'test'
  ...
# Subtest: replays a fully materialized journal without duplicate effects
ok 588 - replays a fully materialized journal without duplicate effects
  ---
  duration_ms: 3.732084
  type: 'test'
  ...
# Subtest: resumes after only attempt write completed
ok 589 - resumes after only attempt write completed
  ---
  duration_ms: 1.254125
  type: 'test'
  ...
# Subtest: resumes after attempt and review writes completed
ok 590 - resumes after attempt and review writes completed
  ---
  duration_ms: 2.292333
  type: 'test'
  ...
# Subtest: resumes after session write completed
ok 591 - resumes after session write completed
  ---
  duration_ms: 1.47725
  type: 'test'
  ...
# Subtest: rejects conflicting immutable attempt
ok 592 - rejects conflicting immutable attempt
  ---
  duration_ms: 0.600833
  type: 'test'
  ...
# Subtest: rejects conflicting session record
ok 593 - rejects conflicting session record
  ---
  duration_ms: 0.690625
  type: 'test'
  ...
# Subtest: rejects conflicting review record
ok 594 - rejects conflicting review record
  ---
  duration_ms: 0.44275
  type: 'test'
  ...
# Subtest: preserves active journal after write failure
ok 595 - preserves active journal after write failure
  ---
  duration_ms: 22.016
  type: 'test'
  ...
# Subtest: does nothing when no journal exists
ok 596 - does nothing when no journal exists
  ---
  duration_ms: 0.9695
  type: 'test'
  ...
# Subtest: recovers a journal before any writes
ok 597 - recovers a journal before any writes
  ---
  duration_ms: 71.849333
  type: 'test'
  ...
# Subtest: recovers partially materialized
ok 598 - recovers partially materialized
  ---
  duration_ms: 9.167708
  type: 'test'
  ...
# Subtest: fully materialized unverified
ok 599 - fully materialized unverified
  ---
  duration_ms: 32.062
  type: 'test'
  ...
# Subtest: verified journal whose clear failed
ok 600 - verified journal whose clear failed
  ---
  duration_ms: 13.248125
  type: 'test'
  ...
# Subtest: accepts ident immutable attempt
ok 601 - accepts ident immutable attempt
  ---
  duration_ms: 2.383042
  type: 'test'
  ...
# Subtest: rejects conflicting immutable attempt
ok 602 - rejects conflicting immutable attempt
  ---
  duration_ms: 1.54775
  type: 'test'
  ...
# Subtest: rejects conflicting active journal
ok 603 - rejects conflicting active journal
  ---
  duration_ms: 20.755667
  type: 'test'
  ...
# Subtest: blocks corrupt journal
ok 604 - blocks corrupt journal
  ---
  duration_ms: 1.068875
  type: 'test'
  ...
# Subtest: blocks journal read failure
ok 605 - blocks journal read failure
  ---
  duration_ms: 1.142875
  type: 'test'
  ...
# Subtest: preserves journal after materialization failure
ok 606 - preserves journal after materialization failure
  ---
  duration_ms: 3.232666
  type: 'test'
  ...
# Subtest: preserves journal after verification failure
ok 607 - preserves journal after verification failure
  ---
  duration_ms: 11.524583
  type: 'test'
  ...
# Subtest: preserves journal after journal clear failure
ok 608 - preserves journal after journal clear failure
  ---
  duration_ms: 23.788667
  type: 'test'
  ...
# Subtest: rejects a semantically malformed persisted journal and retains it
ok 609 - rejects a semantically malformed persisted journal and retains it
  ---
  duration_ms: 0.480708
  type: 'test'
  ...
# Subtest: rejects an unknown persisted write and retains its journal
ok 610 - rejects an unknown persisted write and retains its journal
  ---
  duration_ms: 0.283375
  type: 'test'
  ...
# Subtest: rejects an old persisted journal without an exact artifact SHA-256
ok 611 - rejects an old persisted journal without an exact artifact SHA-256
  ---
  duration_ms: 0.416291
  type: 'test'
  ...
# Subtest: rejects incomplete operation plans before persistence
ok 612 - rejects incomplete operation plans before persistence
  ---
  duration_ms: 0.298417
  type: 'test'
  ...
# Subtest: rejects duplicate write targets before persistence
ok 613 - rejects duplicate write targets before persistence
  ---
  duration_ms: 4.184584
  type: 'test'
  ...
# Subtest: rejects destructive writes that do not belong to the operation
ok 614 - rejects destructive writes that do not belong to the operation
  ---
  duration_ms: 2.082375
  type: 'test'
  ...
# Subtest: rejects attempts and reviews that conflict with the durable session plan
ok 615 - rejects attempts and reviews that conflict with the durable session plan
  ---
  duration_ms: 1.401417
  type: 'test'
  ...
# Subtest: rejects an immediate submit for a planned but non-current occurrence
ok 616 - rejects an immediate submit for a planned but non-current occurrence
  ---
  duration_ms: 0.414
  type: 'test'
  ...
# Subtest: rejects contradictory review actions and duplicate terminal item outcomes
ok 617 - rejects contradictory review actions and duplicate terminal item outcomes
  ---
  duration_ms: 0.502542
  type: 'test'
  ...
# Subtest: accepts a review update that retains its original durable source identity
ok 618 - accepts a review update that retains its original durable source identity
  ---
  duration_ms: 0.680958
  type: 'test'
  ...
# Subtest: rejects a fabricated historical source on a nonexistent review identity
ok 619 - rejects a fabricated historical source on a nonexistent review identity
  ---
  duration_ms: 0.283833
  type: 'test'
  ...
# Subtest: rejects an explicit review update when its durable identity does not exist
ok 620 - rejects an explicit review update when its durable identity does not exist
  ---
  duration_ms: 0.426375
  type: 'test'
  ...
# Subtest: rejects a persisted plan with a corrupt fingerprint and retains it
ok 621 - rejects a persisted plan with a corrupt fingerprint and retains it
  ---
  duration_ms: 0.260042
  type: 'test'
  ...
# Subtest: idempotent repeated recovery
ok 622 - idempotent repeated recovery
  ---
  duration_ms: 17.073333
  type: 'test'
  ...
# Subtest: does not require remote content
ok 623 - does not require remote content
  ---
  duration_ms: 11.528917
  type: 'test'
  ...
# Subtest: does not recalc scoring
ok 624 - does not recalc scoring
  ---
  duration_ms: 2.842
  type: 'test'
  ...
# Subtest: does not generate IDs
ok 625 - does not generate IDs
  ---
  duration_ms: 1.845958
  type: 'test'
  ...
# Subtest: verifies a complete materialized mutation
ok 626 - verifies a complete materialized mutation
  ---
  duration_ms: 65.6125
  type: 'test'
  ...
# Subtest: rejects missing attempt
ok 627 - rejects missing attempt
  ---
  duration_ms: 4.665416
  type: 'test'
  ...
# Subtest: rejects conflicting attempt
ok 628 - rejects conflicting attempt
  ---
  duration_ms: 2.385916
  type: 'test'
  ...
# Subtest: rejects missing review entry
ok 629 - rejects missing review entry
  ---
  duration_ms: 0.868958
  type: 'test'
  ...
# Subtest: rejects conflicting review entry
ok 630 - rejects conflicting review entry
  ---
  duration_ms: 2.091291
  type: 'test'
  ...
# Subtest: rejects missing session
ok 631 - rejects missing session
  ---
  duration_ms: 5.383834
  type: 'test'
  ...
# Subtest: rejects conflicting session
ok 632 - rejects conflicting session
  ---
  duration_ms: 11.259416
  type: 'test'
  ...
# Subtest: rejects active session pointer that should be cleared
ok 633 - rejects active session pointer that should be cleared
  ---
  duration_ms: 0.952291
  type: 'test'
  ...
# Subtest: propagates storage read failure
ok 634 - propagates storage read failure
  ---
  duration_ms: 0.781167
  type: 'test'
  ...
# Subtest: preserves active journal after verification failure
ok 635 - preserves active journal after verification failure
  ---
  duration_ms: 26.9955
  type: 'test'
  ...
# Subtest: an occurrence-keyed draft persists, edits, and resumes without learning side effects
ok 636 - an occurrence-keyed draft persists, edits, and resumes without learning side effects
  ---
  duration_ms: 32.3035
  type: 'test'
  ...
# Subtest: draft persistence rejects unknown occurrences and mismatched session scope
ok 637 - draft persistence rejects unknown occurrences and mismatched session scope
  ---
  duration_ms: 0.846834
  type: 'test'
  ...
# Subtest: immediate-feedback sessions cannot persist draft responses
ok 638 - immediate-feedback sessions cannot persist draft responses
  ---
  duration_ms: 0.333416
  type: 'test'
  ...
# Subtest: clear local history removes the resumable draft
ok 639 - clear local history removes the resumable draft
  ---
  duration_ms: 12.789042
  type: 'test'
  ...
# Subtest: Algorithms finalization commits exactly answered occurrences and deletes the matching draft
ok 640 - Algorithms finalization commits exactly answered occurrences and deletes the matching draft
  ---
  duration_ms: 55.074958
  type: 'test'
  ...
# Subtest: Algorithms finalization rejects attempts that do not correspond exactly to answered draft occurrences
ok 641 - Algorithms finalization rejects attempts that do not correspond exactly to answered draft occurrences
  ---
  duration_ms: 7.766334
  type: 'test'
  ...
# Subtest: Algorithms finalization rejects a stale cleanup draft before journal persistence or outcome writes
ok 642 - Algorithms finalization rejects a stale cleanup draft before journal persistence or outcome writes
  ---
  duration_ms: 1.571208
  type: 'test'
  ...
# Subtest: force-close replay completes an Algorithms finalization idempotently at the draft-delete boundary
ok 643 - force-close replay completes an Algorithms finalization idempotently at the draft-delete boundary
  ---
  duration_ms: 16.003041
  type: 'test'
  ...
# Subtest: duplicate content occurrences keep distinct attempts and consolidate review to the latest planned transition
ok 644 - duplicate content occurrences keep distinct attempts and consolidate review to the latest planned transition
  ---
  duration_ms: 5.850208
  type: 'test'
  ...
# Subtest: finalization can resolve a review through an exact transition attempt
ok 645 - finalization can resolve a review through an exact transition attempt
  ---
  duration_ms: 7.984209
  type: 'test'
  ...
# Subtest: journaled transition delete rejects a same-id review conflict before outcome writes and replays exact or absent identity
ok 646 - journaled transition delete rejects a same-id review conflict before outcome writes and replays exact or absent identity
  ---
  duration_ms: 18.780042
  type: 'test'
  ...
# Subtest: Algorithms finalization recovers idempotently across every canonical write boundary
ok 647 - Algorithms finalization recovers idempotently across every canonical write boundary
  ---
  duration_ms: 59.698792
  type: 'test'
  ...
# Subtest: persisted finalization journal preflights a stale durable draft before replaying any outcome write
ok 648 - persisted finalization journal preflights a stale durable draft before replaying any outcome write
  ---
  duration_ms: 6.010291
  type: 'test'
  ...
# Subtest: draft saves are locked as soon as a finalization journal is pending
ok 649 - draft saves are locked as soon as a finalization journal is pending
  ---
  duration_ms: 2.489125
  type: 'test'
  ...
# Subtest: a draft save started before journal persistence rechecks immediately before writing
ok 650 - a draft save started before journal persistence rechecks immediately before writing
  ---
  duration_ms: 1.648584
  type: 'test'
  ...
# Subtest: actual canonical proposal plus repositories: attempts arriving after async resolve cannot persist
ok 651 - actual canonical proposal plus repositories: attempts arriving after async resolve cannot persist
  ---
  duration_ms: 837.736167
  type: 'test'
  ...
# Subtest: calendar changing during plan construction is checked immediately before CAS
ok 652 - calendar changing during plan construction is checked immediately before CAS
  ---
  duration_ms: 12.582458
  type: 'test'
  ...
# Subtest: accepted-plan replacement after proposal creation cannot be overwritten
ok 653 - accepted-plan replacement after proposal creation cannot be overwritten
  ---
  duration_ms: 10.348458
  type: 'test'
  ...
# Subtest: evidence and calendar changes invalidate a proposal editor without writing
ok 654 - evidence and calendar changes invalidate a proposal editor without writing
  ---
  duration_ms: 13.565583
  type: 'test'
  ...
# Subtest: same-scope uncertain accept acknowledges exact durable command even with active journal, without another write
ok 655 - same-scope uncertain accept acknowledges exact durable command even with active journal, without another write
  ---
  duration_ms: 9.331333
  type: 'test'
  ...
# Subtest: same-scope uncertain editor acknowledgement does not re-run the write or proposal freshness
ok 656 - same-scope uncertain editor acknowledgement does not re-run the write or proposal freshness
  ---
  duration_ms: 7.713958
  type: 'test'
  ...
# Subtest: uncertain accepted result and editors do not leak into a replacement storage scope
ok 657 - uncertain accepted result and editors do not leak into a replacement storage scope
  ---
  duration_ms: 8.455917
  type: 'test'
  ...
# Subtest: actual profile router A/B/A republishes a new lease; old editor, in-flight and terminal result remain stale
ok 658 - actual profile router A/B/A republishes a new lease; old editor, in-flight and terminal result remain stale
  ---
  duration_ms: 25.879416
  type: 'test'
  ...
# Subtest: replay of a terminal acceptance after a later edit cannot reconcile old reminders
ok 659 - replay of a terminal acceptance after a later edit cannot reconcile old reminders
  ---
  duration_ms: 5.105625
  type: 'test'
  ...
# Subtest: goal changes after uncertain durable writes cannot acknowledge a stale pair or reconcile reminders
    # Subtest: accept
    ok 1 - accept
      ---
      duration_ms: 34.955458
      type: 'test'
      ...
    # Subtest: editor
    ok 2 - editor
      ---
      duration_ms: 23.794875
      type: 'test'
      ...
    1..2
ok 660 - goal changes after uncertain durable writes cannot acknowledge a stale pair or reconcile reminders
  ---
  duration_ms: 64.876333
  type: 'test'
  ...
# Subtest: uncertain editor retry rechecks goal synchronously after its async read
ok 661 - uncertain editor retry rechecks goal synchronously after its async read
  ---
  duration_ms: 11.508042
  type: 'test'
  ...
# Subtest: proposal editor preserves retained slot IDs, drops removed IDs, sorts days, and saves revision one
ok 662 - proposal editor preserves retained slot IDs, drops removed IDs, sorts days, and saves revision one
  ---
  duration_ms: 63.2385
  type: 'test'
  ...
# Subtest: accepted plan edit explicitly reads a snapshot, increments plan revision, and stale sessions do not commit
ok 663 - accepted plan edit explicitly reads a snapshot, increments plan revision, and stale sessions do not commit
  ---
  duration_ms: 1.62275
  type: 'test'
  ...
# Subtest: direct accept and proposal editor share plan CAS and retry after idempotent success
ok 664 - direct accept and proposal editor share plan CAS and retry after idempotent success
  ---
  duration_ms: 0.680292
  type: 'test'
  ...
# Subtest: parallel proposal acceptance shares one promise and one durable save
ok 665 - parallel proposal acceptance shares one promise and one durable save
  ---
  duration_ms: 0.476458
  type: 'test'
  ...
# Subtest: parallel acceptance for one proposal across tracks never shares the in-flight success
ok 666 - parallel acceptance for one proposal across tracks never shares the in-flight success
  ---
  duration_ms: 0.4565
  type: 'test'
  ...
# Subtest: accepted result cache is scoped by proposal and track identity
ok 667 - accepted result cache is scoped by proposal and track identity
  ---
  duration_ms: 0.402833
  type: 'test'
  ...
# Subtest: pending acceptance retry is scoped by proposal and track identity
ok 668 - pending acceptance retry is scoped by proposal and track identity
  ---
  duration_ms: 0.470666
  type: 'test'
  ...
# Subtest: storage uncertainty keeps the editor session and retries through durable command reconciliation
ok 669 - storage uncertainty keeps the editor session and retries through durable command reconciliation
  ---
  duration_ms: 0.621375
  type: 'test'
  ...
# Subtest: accepted-plan retry reconciles its durable command before checking refreshed content context
ok 670 - accepted-plan retry reconciles its durable command before checking refreshed content context
  ---
  duration_ms: 1.162375
  type: 'test'
  ...
# Subtest: a replacement proposal keeps plan identity and increments plan revision
ok 671 - a replacement proposal keeps plan identity and increments plan revision
  ---
  duration_ms: 1.116916
  type: 'test'
  ...
# Subtest: a target-date replacement remains explicit and atomically updates the accepted plan identity
ok 672 - a target-date replacement remains explicit and atomically updates the accepted plan identity
  ---
  duration_ms: 0.812083
  type: 'test'
  ...
# Subtest: accepted plan freshness checks content version, artifact SHA, and timezone
ok 673 - accepted plan freshness checks content version, artifact SHA, and timezone
  ---
  duration_ms: 0.295542
  type: 'test'
  ...
# Subtest: proposal creation rejects a local-day change during package resolution
ok 674 - proposal creation rejects a local-day change during package resolution
  ---
  duration_ms: 940.879083
  type: 'test'
  ...
# Subtest: proposal resolution rejects a timezone change during package resolution
ok 675 - proposal resolution rejects a timezone change during package resolution
  ---
  duration_ms: 8.679042
  type: 'test'
  ...
# Subtest: unchanged persisted GCP inputs stay ready through the synchronous commit guard
ok 676 - unchanged persisted GCP inputs stay ready through the synchronous commit guard
  ---
  duration_ms: 6.787458
  type: 'test'
  ...
# Subtest: a newly persisted exact-package attempt stales the proposal; immutable replay adds no evidence
ok 677 - a newly persisted exact-package attempt stales the proposal; immutable replay adds no evidence
  ---
  duration_ms: 44.984958
  type: 'test'
  ...
# Subtest: a persisted review becoming due within the same local day stales its proposal
ok 678 - a persisted review becoming due within the same local day stales its proposal
  ---
  duration_ms: 15.443833
  type: 'test'
  ...
# Subtest: a persisted goal revision change stales its proposal
ok 679 - a persisted goal revision change stales its proposal
  ---
  duration_ms: 11.069959
  type: 'test'
  ...
# Subtest: corrupt, dangling, and journaled evidence reads are errors, never empty histories
    # Subtest: corrupt-index
    ok 1 - corrupt-index
      ---
      duration_ms: 1.021875
      type: 'test'
      ...
    # Subtest: dangling-attempt
    ok 2 - dangling-attempt
      ---
      duration_ms: 0.314917
      type: 'test'
      ...
    # Subtest: active-journal
    ok 3 - active-journal
      ---
      duration_ms: 2.768417
      type: 'test'
      ...
    1..3
ok 680 - corrupt, dangling, and journaled evidence reads are errors, never empty histories
  ---
  duration_ms: 15.081084
  type: 'test'
  ...
# Subtest: storage profile replacement during package resolution stales creation
ok 681 - storage profile replacement during package resolution stales creation
  ---
  duration_ms: 0.486416
  type: 'test'
  ...
# Subtest: an injected canonical-package artifact change stales the synchronous guard
ok 682 - an injected canonical-package artifact change stales the synchronous guard
  ---
  duration_ms: 1.743167
  type: 'test'
  ...
# Subtest: exact duplicate evidence preserves order and conflicting duplicate IDs fail closed
ok 683 - exact duplicate evidence preserves order and conflicting duplicate IDs fail closed
  ---
  duration_ms: 3.004833
  type: 'test'
  ...
# Subtest: a repository read failure after package await remains retryable
ok 684 - a repository read failure after package await remains retryable
  ---
  duration_ms: 0.280166
  type: 'test'
  ...
# Subtest: plan accept saves first and returns the synced reminder outcome
ok 685 - plan accept saves first and returns the synced reminder outcome
  ---
  duration_ms: 3.599
  type: 'test'
  ...
# Subtest: a saved plan remains successful with a durable pending reminder result
ok 686 - a saved plan remains successful with a durable pending reminder result
  ---
  duration_ms: 0.188875
  type: 'test'
  ...
# Subtest: a terminal cleared reminder outcome is not relabeled as pending
ok 687 - a terminal cleared reminder outcome is not relabeled as pending
  ---
  duration_ms: 0.104042
  type: 'test'
  ...
# Subtest: stale acceptance and failed evidence do not reconcile local reminders
ok 688 - stale acceptance and failed evidence do not reconcile local reminders
  ---
  duration_ms: 0.112375
  type: 'test'
  ...
# Subtest: actual canonical producer preserves a versioned completion rule in the hashed artifact
ok 689 - actual canonical producer preserves a versioned completion rule in the hashed artifact
  ---
  duration_ms: 1279.20025
  type: 'test'
  ...
# Subtest: Home rejects a goal change during exact package resolution instead of publishing an old generation
ok 690 - Home rejects a goal change during exact package resolution instead of publishing an old generation
  ---
  duration_ms: 791.434125
  type: 'test'
  ...
# Subtest: real producer → verified canonical runtime → persisted evidence → Home and proposal use the same rule
ok 691 - real producer → verified canonical runtime → persisted evidence → Home and proposal use the same rule
  ---
  duration_ms: 2144.395666
  type: 'test'
  ...
# Subtest: Progress consumes actual shared evidence without claiming completion from minimum attempt volume
    # Subtest: targeted
    ok 1 - targeted
      ---
      duration_ms: 875.283167
      type: 'test'
      ...
    # Subtest: learn_at_own_pace
    ok 2 - learn_at_own_pace
      ---
      duration_ms: 692.173834
      type: 'test'
      ...
    1..2
ok 692 - Progress consumes actual shared evidence without claiming completion from minimum attempt volume
  ---
  duration_ms: 3846.928416
  type: 'test'
  ...
# Subtest: shared evidence is package-wide across plan revisions, exact by artifact, deduplicated, and partial is not correct
ok 693 - shared evidence is package-wide across plan revisions, exact by artifact, deduplicated, and partial is not correct
  ---
  duration_ms: 2378.915125
  type: 'test'
  ...
# Subtest: absent actual policies stay unknown in both actual Home and proposal for all nine current tracks
ok 694 - absent actual policies stay unknown in both actual Home and proposal for all nine current tracks
  ---
  duration_ms: 1082.542583
  type: 'test'
  ...
# Subtest: actual Home none and Progress unavailable preserve honest status, actions and retry semantics
ok 695 - actual Home none and Progress unavailable preserve honest status, actions and retry semantics
  ---
  duration_ms: 136.496041
  type: 'test'
  ...
# Subtest: producer and actual consumer reject the same malformed v1 rule vectors and hash binds a valid rule
ok 696 - producer and actual consumer reject the same malformed v1 rule vectors and hash binds a valid rule
  ---
  duration_ms: 1232.808042
  type: 'test'
  ...
# Subtest: Home rejects evidence changes and journal failure inside exact resolution
ok 697 - Home rejects evidence changes and journal failure inside exact resolution
  ---
  duration_ms: 2167.377333
  type: 'test'
  ...
# Subtest: matching-package phantom question IDs fail instead of contributing fabricated progress
ok 698 - matching-package phantom question IDs fail instead of contributing fabricated progress
  ---
  duration_ms: 3609.850375
  type: 'test'
  ...
# Subtest: actual profile router A/B/A rejects old Home snapshot even when account A learning data is unchanged
ok 699 - actual profile router A/B/A rejects old Home snapshot even when account A learning data is unchanged
  ---
  duration_ms: 1947.541417
  type: 'test'
  ...
# Subtest: actual persisted reviews share exact qualification and due cutoff; phantom matching review fails closed
ok 700 - actual persisted reviews share exact qualification and due cutoff; phantom matching review fails closed
  ---
  duration_ms: 2340.511209
  type: 'test'
  ...
# Subtest: future exact-package evidence cannot complete proposal while Home rejects the same facts
ok 701 - future exact-package evidence cannot complete proposal while Home rejects the same facts
  ---
  duration_ms: 3180.868666
  type: 'test'
  ...
# {"home":"unavailable","reason":"calculation_error","proposal":"generator_error"}
# Subtest: captured instant rejects same-day future answers by one millisecond without silently dropping them
ok 702 - captured instant rejects same-day future answers by one millisecond without silently dropping them
  ---
  duration_ms: 2947.672417
  type: 'test'
  ...
# Subtest: past and exactly captured answers remain eligible despite later materialization, duplicates and historical future evidence
ok 703 - past and exactly captured answers remain eligible despite later materialization, duplicates and historical future evidence
  ---
  duration_ms: 1894.655292
  type: 'test'
  ...
# Subtest: absent production rule does not hide future exact-package facts as unknown
ok 704 - absent production rule does not hide future exact-package facts as unknown
  ---
  duration_ms: 9.012334
  type: 'test'
  ...
# Subtest: clock rollback blocks real proposal resolve and acceptance before goal-plan CAS or reminders
ok 705 - clock rollback blocks real proposal resolve and acceptance before goal-plan CAS or reminders
  ---
  duration_ms: 2280.737042
  type: 'test'
  ...
# Subtest: current producer rebuild preserves all nine rule-free artifact bytes and exact app lock
ok 706 - current producer rebuild preserves all nine rule-free artifact bytes and exact app lock
  ---
  duration_ms: 4586.291875
  type: 'test'
  ...
# Subtest: P05 persisted 25 attempts / 5 correct in latest 10 cannot predict completion today
ok 707 - P05 persisted 25 attempts / 5 correct in latest 10 cannot predict completion today
  ---
  duration_ms: 729.581917
  type: 'test'
  ...
# Subtest: P05 evaluator result cannot become an achievable target merely because volume is met
ok 708 - P05 evaluator result cannot become an achievable target merely because volume is met
  ---
  duration_ms: 4.282375
  type: 'test'
  ...
# Subtest: P05 evaluator, proposal copy and canonical guidance presentation agree in all seven locales
ok 709 - P05 evaluator, proposal copy and canonical guidance presentation agree in all seven locales
  ---
  duration_ms: 30.28625
  type: 'test'
  ...
# Subtest: missing actual rule stays unknown before quality guard even when there are many persisted attempts
ok 710 - missing actual rule stays unknown before quality guard even when there are many persisted attempts
  ---
  duration_ms: 3.904333
  type: 'test'
  ...
# Subtest: minimum exactly met still needs quality, while own pace and shortfall keep their target semantics
ok 711 - minimum exactly met still needs quality, while own pace and shortfall keep their target semantics
  ---
  duration_ms: 3.4485
  type: 'test'
  ...
# Subtest: current completed window permits zero-work; later incorrect durable attempts restore the quality limit
ok 712 - current completed window permits zero-work; later incorrect durable attempts restore the quality limit
  ---
  duration_ms: 12.127375
  type: 'test'
  ...
# Subtest: applies no-goal, paused-goal, no-plan and freshness precedence
ok 713 - applies no-goal, paused-goal, no-plan and freshness precedence
  ---
  duration_ms: 54.502
  type: 'test'
  ...
# Subtest: maps plan paused, completed, overdue boundaries and open-ended targets
ok 714 - maps plan paused, completed, overdue boundaries and open-ended targets
  ---
  duration_ms: 2.552167
  type: 'test'
  ...
# Subtest: maps capacity, typed forecast status and all unavailable reasons without recomputing
ok 715 - maps capacity, typed forecast status and all unavailable reasons without recomputing
  ---
  duration_ms: 1.84975
  type: 'test'
  ...
# Subtest: requires full forecast identity and maps malformed foreign forecasts to calculation_error
ok 716 - requires full forecast identity and maps malformed foreign forecasts to calculation_error
  ---
  duration_ms: 0.517625
  type: 'test'
  ...
# Subtest: returns frozen, typed presentation values and ignores immutable fact arrays
ok 717 - returns frozen, typed presentation values and ignores immutable fact arrays
  ---
  duration_ms: 0.396
  type: 'test'
  ...
# Subtest: maps every guidance state, reason, message key, action and fact variant
ok 718 - maps every guidance state, reason, message key, action and fact variant
  ---
  duration_ms: 30.063125
  type: 'test'
  ...
# Subtest: accepts canonical overdue guidance with an unavailable forecast
ok 719 - accepts canonical overdue guidance with an unavailable forecast
  ---
  duration_ms: 0.732625
  type: 'test'
  ...
# Subtest: covers no-target text facts for paused and completed states
ok 720 - covers no-target text facts for paused and completed states
  ---
  duration_ms: 1.656583
  type: 'test'
  ...
# Subtest: uses native English and Polish plural categories for pace facts
ok 721 - uses native English and Polish plural categories for pace facts
  ---
  duration_ms: 2.409333
  type: 'test'
  ...
# Subtest: formats civil dates in the supplied timezone without UTC day drift
ok 722 - formats civil dates in the supplied timezone without UTC day drift
  ---
  duration_ms: 14.639792
  type: 'test'
  ...
# Subtest: rejects invalid locale, timezone, date and unknown runtime variants explicitly
ok 723 - rejects invalid locale, timezone, date and unknown runtime variants explicitly
  ---
  duration_ms: 1.11775
  type: 'test'
  ...
# Subtest: rejects a secondary action outside its two allowed states and inconsistent missing secondary
ok 724 - rejects a secondary action outside its two allowed states and inconsistent missing secondary
  ---
  duration_ms: 0.284541
  type: 'test'
  ...
# Subtest: fails closed for missing translations and unresolved placeholders
ok 725 - fails closed for missing translations and unresolved placeholders
  ---
  duration_ms: 0.821875
  type: 'test'
  ...
# Subtest: fails closed when the selected English or Polish plural suffix is missing
ok 726 - fails closed when the selected English or Polish plural suffix is missing
  ---
  duration_ms: 0.529292
  type: 'test'
  ...
# Subtest: does not mutate guidance input and keeps the presentation deeply immutable
ok 727 - does not mutate guidance input and keeps the presentation deeply immutable
  ---
  duration_ms: 1.652584
  type: 'test'
  ...
# Subtest: keeps locale resource keys flat and exactly in parity
ok 728 - keeps locale resource keys flat and exactly in parity
  ---
  duration_ms: 2.078
  type: 'test'
  ...
# Subtest: explicit enable materializes only the exact accepted plan slots and full identity
ok 729 - explicit enable materializes only the exact accepted plan slots and full identity
  ---
  duration_ms: 21.427875
  type: 'test'
  ...
# Subtest: reconcile never requests permission and returns permission_denied as pending
ok 730 - reconcile never requests permission and returns permission_denied as pending
  ---
  duration_ms: 0.744167
  type: 'test'
  ...
# Subtest: explicit enable is the only path that requests permission and persists a denied retry
ok 731 - explicit enable is the only path that requests permission and persists a denied retry
  ---
  duration_ms: 0.743958
  type: 'test'
  ...
# Subtest: disable cancels every native reminder before persisting disabled state and fails closed on cancellation errors
ok 732 - disable cancels every native reminder before persisting disabled state and fails closed on cancellation errors
  ---
  duration_ms: 2.320458
  type: 'test'
  ...
# Subtest: permission pending retains existing native IDs for a later retry
ok 733 - permission pending retains existing native IDs for a later retry
  ---
  duration_ms: 2.243084
  type: 'test'
  ...
# Subtest: timezone mismatch clears durable and native schedules without publishing
ok 734 - timezone mismatch clears durable and native schedules without publishing
  ---
  duration_ms: 0.323625
  type: 'test'
  ...
# Subtest: source absence and terminal plan states are separate closed outcomes
ok 735 - source absence and terminal plan states are separate closed outcomes
  ---
  duration_ms: 0.721459
  type: 'test'
  ...
# Subtest: a paused goal is a separate closed outcome and clears native schedules
ok 736 - a paused goal is a separate closed outcome and clears native schedules
  ---
  duration_ms: 0.165834
  type: 'test'
  ...
# Subtest: an expected identity from another active track stays pending and is persisted for retry
ok 737 - an expected identity from another active track stays pending and is persisted for retry
  ---
  duration_ms: 6.482708
  type: 'test'
  ...
# Subtest: full source identity mismatch is fail-closed before scheduling
ok 738 - full source identity mismatch is fail-closed before scheduling
  ---
  duration_ms: 0.537125
  type: 'test'
  ...
# Subtest: legacy cancellation-only journal is cancelled before the current plan is scheduled
ok 739 - legacy cancellation-only journal is cancelled before the current plan is scheduled
  ---
  duration_ms: 1.266167
  type: 'test'
  ...
# Subtest: journal-created slots are trusted only when the discovered native identity and day match
ok 740 - journal-created slots are trusted only when the discovered native identity and day match
  ---
  duration_ms: 0.948
  type: 'test'
  ...
# Subtest: post-read plan change is concurrent_change and leaves a retryable journal
ok 741 - post-read plan change is concurrent_change and leaves a retryable journal
  ---
  duration_ms: 1.022917
  type: 'test'
  ...
# Subtest: post-read device timezone change is concurrent_change and does not publish
ok 742 - post-read device timezone change is concurrent_change and does not publish
  ---
  duration_ms: 1.043542
  type: 'test'
  ...
# Subtest: scheduler failure is pending and never reports synced
ok 743 - scheduler failure is pending and never reports synced
  ---
  duration_ms: 0.569042
  type: 'test'
  ...
# Subtest: serialized duplicate enables schedule each accepted slot only once
ok 744 - serialized duplicate enables schedule each accepted slot only once
  ---
  duration_ms: 0.650458
  type: 'test'
  ...
# Subtest: retry resumes a durable journal after scheduler failure
ok 745 - retry resumes a durable journal after scheduler failure
  ---
  duration_ms: 1.574
  type: 'test'
  ...
# Subtest: retry reuses a native schedule when journal persistence failed after scheduling
ok 746 - retry reuses a native schedule when journal persistence failed after scheduling
  ---
  duration_ms: 1.674792
  type: 'test'
  ...
# Subtest: a newer accepted plan replaces schedules and cancels the previous native IDs
ok 747 - a newer accepted plan replaces schedules and cancels the previous native IDs
  ---
  duration_ms: 1.308833
  type: 'test'
  ...
# Subtest: corrupt durable journal becomes scheduler_failure instead of publishing
ok 748 - corrupt durable journal becomes scheduler_failure instead of publishing
  ---
  duration_ms: 0.460042
  type: 'test'
  ...
# Subtest: selecting a track persists locally and marks a synced account pending
ok 749 - selecting a track persists locally and marks a synced account pending
  ---
  duration_ms: 2.195916
  type: 'test'
  ...
# Subtest: selecting a track on a guest installation persists locally without account sync
ok 750 - selecting a track on a guest installation persists locally without account sync
  ---
  duration_ms: 0.352
  type: 'test'
  ...
# Subtest: track selection waits for earlier account materialization and remains the final local choice
ok 751 - track selection waits for earlier account materialization and remains the final local choice
  ---
  duration_ms: 5.247125
  type: 'test'
  ...
# Subtest: active track read waits for materialization and returns its settled state without side effects
ok 752 - active track read waits for materialization and returns its settled state without side effects
  ---
  duration_ms: 2.579708
  type: 'test'
  ...
# Subtest: operational diagnostics classify failures without exposing raw details
ok 753 - operational diagnostics classify failures without exposing raw details
  ---
  duration_ms: 12.881125
  type: 'test'
  ...
# Subtest: bootstrap observers receive only the canonical bounded event
ok 754 - bootstrap observers receive only the canonical bounded event
  ---
  duration_ms: 3.215375
  type: 'test'
  ...
# Subtest: a throwing diagnostic observer cannot alter the operation
ok 755 - a throwing diagnostic observer cannot alter the operation
  ---
  duration_ms: 0.167542
  type: 'test'
  ...
# Subtest: explicit practice routes skip the stored-track read and do not load reviews for roadmap/setup
ok 756 - explicit practice routes skip the stored-track read and do not load reviews for roadmap/setup
  ---
  duration_ms: 585.290167
  type: 'test'
  ...
# Subtest: Hub review evidence is limited to due entries for the active track and exact artifact
ok 757 - Hub review evidence is limited to due entries for the active track and exact artifact
  ---
  duration_ms: 0.710583
  type: 'test'
  ...
# Subtest: a missing stored track stays an explicit empty selection
ok 758 - a missing stored track stays an explicit empty selection
  ---
  duration_ms: 0.468708
  type: 'test'
  ...
# Subtest: practice read surfaces storage issues instead of treating a partial read as empty
ok 759 - practice read surfaces storage issues instead of treating a partial read as empty
  ---
  duration_ms: 1.5425
  type: 'test'
  ...
# Subtest: release offer map is empty and the local smoke offer is explicit and isolated
ok 760 - release offer map is empty and the local smoke offer is explicit and isolated
  ---
  duration_ms: 1.394625
  type: 'test'
  ...
# Subtest: exact installed offer composes app-owned mode in the shared runtime without entering Free discovery
ok 761 - exact installed offer composes app-owned mode in the shared runtime without entering Free discovery
  ---
  duration_ms: 808.3215
  type: 'test'
  ...
# Subtest: review view keeps unavailable entries separate and never makes them due
ok 762 - review view keeps unavailable entries separate and never makes them due
  ---
  duration_ms: 4.805208
  type: 'test'
  ...
# Subtest: stored unavailable reviews are readable without resolving content metadata
ok 763 - stored unavailable reviews are readable without resolving content metadata
  ---
  duration_ms: 3.672458
  type: 'test'
  ...
# Subtest: foreground timer checkpoints monotonic segments with an explicit drift bound and never counts closed-app wall time
ok 764 - foreground timer checkpoints monotonic segments with an explicit drift bound and never counts closed-app wall time
  ---
  duration_ms: 5.441208
  type: 'test'
  ...
# Subtest: foreground timer rejects stale checkpoints and retains the previous durable checkpoint
ok 765 - foreground timer rejects stale checkpoints and retains the previous durable checkpoint
  ---
  duration_ms: 2.303833
  type: 'test'
  ...
# Subtest: foreground enter and leave checkpoint authoritative time outside the UI
ok 766 - foreground enter and leave checkpoint authoritative time outside the UI
  ---
  duration_ms: 3.574583
  type: 'test'
  ...
# Subtest: Coding Mock audit advancement checkpoints the monotonic foreground countdown before canonical expiry finalization
ok 767 - Coding Mock audit advancement checkpoints the monotonic foreground countdown before canonical expiry finalization
  ---
  duration_ms: 0.838208
  type: 'test'
  ...
# Subtest: Coding Mock audit advancement requires its exact foreground session owner
ok 768 - Coding Mock audit advancement requires its exact foreground session owner
  ---
  duration_ms: 1.103
  type: 'test'
  ...
# Subtest: ordinary practice publishes a live elapsed timer without a countdown
ok 769 - ordinary practice publishes a live elapsed timer without a countdown
  ---
  duration_ms: 0.658708
  type: 'test'
  ...
# Subtest: one family-neutral timer initializes and restores ordinary Certification foreground time
ok 770 - one family-neutral timer initializes and restores ordinary Certification foreground time
  ---
  duration_ms: 0.461541
  type: 'test'
  ...
# Subtest: absolute-deadline Certification Exam remains outside the foreground timer owner
ok 771 - absolute-deadline Certification Exam remains outside the foreground timer owner
  ---
  duration_ms: 0.188833
  type: 'test'
  ...
# Subtest: absolute-deadline draft save commits before expiry without creating a foreground timer
ok 772 - absolute-deadline draft save commits before expiry without creating a foreground timer
  ---
  duration_ms: 1.493458
  type: 'test'
  ...
# Subtest: absolute-deadline draft save finalizes and blocks the commit at and after expiry
ok 773 - absolute-deadline draft save finalizes and blocks the commit at and after expiry
  ---
  duration_ms: 0.912334
  type: 'test'
  ...
# Subtest: a durable foreground timer from another family is rejected instead of reused
ok 774 - a durable foreground timer from another family is rejected instead of reused
  ---
  duration_ms: 1.489292
  type: 'test'
  ...
# Subtest: AppState foreground transitions and force-close recovery never count background or closed-app time
ok 775 - AppState foreground transitions and force-close recovery never count background or closed-app time
  ---
  duration_ms: 2.49775
  type: 'test'
  ...
# Subtest: periodic checkpoint publishes a live projection refresh
ok 776 - periodic checkpoint publishes a live projection refresh
  ---
  duration_ms: 1.189333
  type: 'test'
  ...
# Subtest: local reset barrier waits for an in-flight checkpoint before durable clear and blocks late callbacks
ok 777 - local reset barrier waits for an in-flight checkpoint before durable clear and blocks late callbacks
  ---
  duration_ms: 0.896459
  type: 'test'
  ...
# Subtest: local reset barrier is single-flight and rejects timer commands until durable reset settles
ok 778 - local reset barrier is single-flight and rejects timer commands until durable reset settles
  ---
  duration_ms: 0.739542
  type: 'test'
  ...
# Subtest: failed durable reset releases only cleared runtime state and permits exact durable restore
ok 779 - failed durable reset releases only cleared runtime state and permits exact durable restore
  ---
  duration_ms: 0.433208
  type: 'test'
  ...
# Subtest: reset followed by a new session cannot observe or recreate the prior persisted timer
ok 780 - reset followed by a new session cannot observe or recreate the prior persisted timer
  ---
  duration_ms: 1.141875
  type: 'test'
  ...
# Subtest: controlled timer refreshes consecutive visible labels without a durable write each second
ok 781 - controlled timer refreshes consecutive visible labels without a durable write each second
  ---
  duration_ms: 0.931042
  type: 'test'
  ...
# Subtest: periodic checkpoint uses the declared durable interval with an exact write count
ok 782 - periodic checkpoint uses the declared durable interval with an exact write count
  ---
  duration_ms: 0.828292
  type: 'test'
  ...
# Subtest: force-close immediately before and after the checkpoint boundary resumes within the declared drift
ok 783 - force-close immediately before and after the checkpoint boundary resumes within the declared drift
  ---
  duration_ms: 0.687459
  type: 'test'
  ...
# Subtest: expiry clamps to zero, checkpoints first, and finalizes exactly once
ok 784 - expiry clamps to zero, checkpoints first, and finalizes exactly once
  ---
  duration_ms: 2.047542
  type: 'test'
  ...
# Subtest: a response-save checkpoint that crosses countdown expiry finalizes before any draft save can follow
ok 785 - a response-save checkpoint that crosses countdown expiry finalizes before any draft save can follow
  ---
  duration_ms: 2.65375
  type: 'test'
  ...
# Subtest: manual and expiry use the same injected finalization operation
ok 786 - manual and expiry use the same injected finalization operation
  ---
  duration_ms: 0.905375
  type: 'test'
  ...
# Subtest: manual finalization checkpoints the active foreground segment before it freezes the result
ok 787 - manual finalization checkpoints the active foreground segment before it freezes the result
  ---
  duration_ms: 0.374458
  type: 'test'
  ...
# Subtest: practice completion checkpoint freezes the captured tick until verified release
ok 788 - practice completion checkpoint freezes the captured tick until verified release
  ---
  duration_ms: 2.135917
  type: 'test'
  ...
# Subtest: a completed timer checkpoint is not released before completion is verified
ok 789 - a completed timer checkpoint is not released before completion is verified
  ---
  duration_ms: 6.50975
  type: 'test'
  ...
# Subtest: concurrent Finish handoffs share one timer checkpoint and one completion result
ok 790 - concurrent Finish handoffs share one timer checkpoint and one completion result
  ---
  duration_ms: 6.397166
  type: 'test'
  ...
# Subtest: missing persisted timer on resume is a typed application recovery failure
ok 791 - missing persisted timer on resume is a typed application recovery failure
  ---
  duration_ms: 0.588667
  type: 'test'
  ...
# Subtest: resume repairs a durable timer checkpoint that precedes the session aggregate
ok 792 - resume repairs a durable timer checkpoint that precedes the session aggregate
  ---
  duration_ms: 0.2865
  type: 'test'
  ...
# Subtest: repeated resume of a repaired timer does not write another session checkpoint
ok 793 - repeated resume of a repaired timer does not write another session checkpoint
  ---
  duration_ms: 0.230208
  type: 'test'
  ...
# Subtest: resume rejects a durable timer checkpoint that is behind the session aggregate
ok 794 - resume rejects a durable timer checkpoint that is behind the session aggregate
  ---
  duration_ms: 0.266875
  type: 'test'
  ...
# Subtest: a failed durable timer repair remains a blocking recovery error
ok 795 - a failed durable timer repair remains a blocking recovery error
  ---
  duration_ms: 0.342042
  type: 'test'
  ...
# Subtest: Coding Mock countdown audit command is exact and requires a development smoke runtime
ok 796 - Coding Mock countdown audit command is exact and requires a development smoke runtime
  ---
  duration_ms: 1.986125
  type: 'test'
  ...
# Subtest: production and malformed countdown commands never reach the timer owner
ok 797 - production and malformed countdown commands never reach the timer owner
  ---
  duration_ms: 0.200041
  type: 'test'
  ...
# Subtest: an exact development smoke command delegates countdown advancement to the foreground timer owner
ok 798 - an exact development smoke command delegates countdown advancement to the foreground timer owner
  ---
  duration_ms: 0.099292
  type: 'test'
  ...
# Subtest: injected audit clock drives normal scheduling and both due retention outcomes without storage mutation
ok 799 - injected audit clock drives normal scheduling and both due retention outcomes without storage mutation
  ---
  duration_ms: 5.718292
  type: 'test'
  ...
# Subtest: injected audit clock rejects an advance outside the ISO date range without changing its offset
ok 800 - injected audit clock rejects an advance outside the ISO date range without changing its offset
  ---
  duration_ms: 0.299083
  type: 'test'
  ...
# Subtest: passive runtime selectors are attached to visible content rather than containers with interactive descendants
ok 801 - passive runtime selectors are attached to visible content rather than containers with interactive descendants
  ---
  duration_ms: 1.260584
  type: 'test'
  ...
# Subtest: active-session resume uses the single recommendation card and a separate continue control
ok 802 - active-session resume uses the single recommendation card and a separate continue control
  ---
  duration_ms: 0.356084
  type: 'test'
  ...
# Subtest: Home uses the approved compact presentation without changing recommendation ownership
not ok 803 - Home uses the approved compact presentation without changing recommendation ownership
  ---
  duration_ms: 2.530792
  type: 'test'
  location: '/Users/lukaszkurczab/Desktop/Projects/Patternly/patternly/src/application/runtimeAuditabilitySurfaces.test.ts:2:3352'
  failureType: 'testCodeFailure'
  error: |-
    The input did not match the regular expression /trackIconContainer:[\s\S]*?height:\s*22/. Input:
    
    'import { getTrackIconName } from "../../../components/trackIcon";\n' +
      'import { Pressable, StyleSheet, Text, useWindowDimensions, View } from "react-native";\n' +
      'import { useTranslation } from "react-i18next";\n' +
      'import { Fragment, useState } from "react";\n' +
      '\n' +
      'import { Button, Card, Icon, SkeletonShape, useSkeletonGlassMotion } from "../../../components";\n' +
      'import { FRONTEND_SYSTEM_DESIGN_INTERVIEW_TRACK_ID } from "../../../domain";\n' +
      'import type { ReviewQueueEntry, TrackDisplay, TrainingAttempt, TrainingSession } from "../../../domain";\n' +
      'import type { CodingInterviewDashboard } from "../../../application/coding-interview";\n' +
      'import type { GuidanceAction } from "../../../application/learningPlan";\n' +
      'import { presentTargetDateGuidance } from "../../../application/learningPlan";\n' +
      'import type { HomePlanSnapshot } from "../../../application/homePlanSnapshotReader";\n' +
      'import { colorWithOpacity, radius, spacing, typography } from "../../../theme";\n' +
      'import type { AnalyticsData } from "../../analytics/analyticsService";\n' +
      'import { modeLabel } from "./activityPresentation";\n' +
      'import { buildHomeTabModel, type HomeRecommendationAction } from "./homeTabModel";\n' +
      'import { buildHomeOverviewMetrics } from "./homeOverviewPresentation";\n' +
      'import { useAppPreferences, useThemedStyles } from "../../../preferences";\n' +
      'import type { AppColors } from "../../../theme";\n' +
      'import { runtimeSelectors } from "../../../testing/runtimeSelectors";\n' +
      'import {\n' +
      '  formatPracticeTopicDetail,\n' +
      '  formatPracticeTopicTitle,\n' +
      '} from "../../practice/practiceFlowPresentation";\n' +
      'import { localizeHomePlanArea } from "../homePlanUiContract";\n' +
      '\n' +
      '\n' +
      'type HomeTabProps = {\n' +
      '  activeTrack: TrackDisplay;\n' +
      '  activeSession: TrainingSession | null;\n' +
      '  analytics: AnalyticsData;\n' +
      '  algorithmsDashboard: CodingInterviewDashboard | null;\n' +
      '  dashboardError: string | null;\n' +
      '  onChangeTrack: () => void;\n' +
      '  onChooseTopic: () => void;\n' +
      '  onDismissGoalOnboarding: () => Promise<void>;\n' +
      '  onOpenActivity: () => void;\n' +
      '  onOpenSettings: () => void;\n' +
      '  onSetGoal: () => void;\n' +
      '  onRecommendationAction: (action: HomeRecommendationAction) => void;\n' +
      '  onHomePlanAction: (action: GuidanceAction) => void;\n' +
      '  onRetryHomePlan: () => void;\n' +
      '  onStartLearning: (topicId: string) => void;\n' +
      '  homePlan: HomePlanSnapshot | null;\n' +
      '  reviewQueueItems: readonly ReviewQueueEntry[];\n' +
      '  goalInvitationAudience: "guest" | "account";\n' +
      '  showGoalInvitation: boolean;\n' +
      '  trainingAttempts: readonly TrainingAttempt[];\n' +
      '};\n' +
      '\n' +
      'type HomeActionKey = "focus" | "activity";\n' +
      'type HomeActionWidths = Readonly<Record<HomeActionKey, number>>;\n' +
      'type HomeActionMeasurements = Readonly<{ key: string; widths: HomeActionWidths }>;\n' +
      '\n' +
      'export function HomeLoadingSkeleton() {\n' +
      '  const styles = useThemedStyles(createStyles);\n' +
      '  const { t } = useTranslation("common");\n' +
      '  const { fontScale } = useWindowDimensions();\n' +
      '  const textScale = Math.min(fontScale, 2);\n' +
      '  const largeLayout = fontScale >= 1.8;\n' +
      '  const motion = useSkeletonGlassMotion();\n' +
      '\n' +
      '  return (\n' +
      '    <View\n' +
      '      accessibilityLabel={t("Loading Home")}\n' +
      '      accessibilityLiveRegion="polite"\n' +
      '      accessibilityRole="progressbar"\n' +
      '      accessibilityState={{ busy: true }}\n' +
      '      accessible\n' +
      '      style={styles.homeLoading}\n' +
      '      testID="home-loading-skeleton"\n' +
      '    >\n' +
      '      <Text accessible={false} maxFontSizeMultiplier={2} style={styles.pageTitle}>{t("Home")}</Text>\n' +
      '      <View accessible={false} accessibilityElementsHidden importantForAccessibility="no-hide-descendants" pointerEvents="none" style={styles.homeLoadingShapes}>\n' +
      '        <View style={styles.homeLoadingTrackContext}>\n' +
      '          <SkeletonShape motion={motion} style={[styles.homeLoadingLine, styles.homeLoadingTrackLabel, { height: 15 * textScale }]} />\n' +
      '          <SkeletonShape motion={motion} style={[styles.homeLoadingLine, styles.homeLoadingTrackAction, { height: 13 * textScale }]} />\n' +
      '        </View>\n' +
      '        <View style={styles.homeLoadingDecisionCard}>\n' +
      '          <View style={styles.homeLoadingDecisionHeader}>\n' +
      '            <SkeletonShape motion={motion} style={styles.homeLoadingDecisionIcon} />\n' +
      '            <View style={styles.homeLoadingDecisionCopy}>\n' +
      '              <SkeletonShape motion={motion} style={[styles.homeLoadingLine, styles.homeLoadingDecisionTitle, { height: 20 * textScale }]} />\n' +
      '              <SkeletonShape motion={motion} style={[styles.homeLoadingLine, styles.homeLoadingDecisionDetail, { height: 13 * textScale }]} />\n' +
      '            </View>\n' +
      '          </View>\n' +
      '          <SkeletonShape motion={motion} style={[styles.homeLoadingAction, { minHeight: 48 * textScale }]} />\n' +
      '        </View>\n' +
      '        <View style={styles.homeLoadingSection}>\n' +
      '          <SkeletonShape motion={motion} style={[styles.homeLoadingLine, styles.homeLoadingSectionLabel, { height: 12 * textScale }]} />\n' +
      '          <View style={styles.homeLoadingOverview}>\n' +
      '            {[0, 1, 2].map((row) => (\n' +
      '              <View key={row} style={[styles.homeLoadingOverviewRow, largeLayout ? styles.homeLoadingOverviewRowLarge : null]}>\n' +
      '                <SkeletonShape motion={motion} style={[styles.homeLoadingLine, styles.homeLoadingOverviewLabel, { height: 14 * textScale }]} />\n' +
      '                <SkeletonShape motion={motion} style={[styles.homeLoadingLine, styles.homeLoadingOverviewValue, { height: 14 * textScale }]} />\n' +
      '              </View>\n' +
      '            ))}\n' +
      '          </View>\n' +
      '        </View>\n' +
      '        <View style={styles.homeLoadingSection}>\n' +
      '          <SkeletonShape motion={motion} style={[styles.homeLoadingLine, styles.homeLoadingSectionLabelShort, { height: 12 * textScale }]} />\n' +
      '          <View style={[styles.homeLoadingFocusRow, largeLayout ? styles.homeLoadingFocusRowLarge : null]}>\n' +
      '            <SkeletonShape motion={motion} style={[styles.homeLoadingLine, styles.homeLoadingFocusTitle, { height: 16 * textScale }]} />\n' +
      '            <SkeletonShape motion={motion} style={[styles.homeLoadingLine, styles.homeLoadingFocusAction, { height: 16 * textScale }]} />\n' +
      '          </View>\n' +
      '        </View>\n' +
      '        <View style={styles.homeLoadingSection}>\n' +
      '          <SkeletonShape motion={motion} style={[styles.homeLoadingLine, styles.homeLoadingSectionLabel, { height: 12 * textScale }]} />\n' +
      '          <View style={styles.homeLoadingActivityRow}>\n' +
      '            <SkeletonShape motion={motion} style={[styles.homeLoadingLine, styles.homeLoadingActivityTitle, { height: 15 * textScale }]} />\n' +
      '            <SkeletonShape motion={motion} style={[styles.homeLoadingLine, styles.homeLoadingActivityAction, { height: 15 * textScale }]} />\n' +
      '          </View>\n' +
      '        </View>\n' +
      '      </View>\n' +
      '    </View>\n' +
      '  );\n' +
      '}\n' +
      '\n' +
      'export function HomeTab({\n' +
      '  activeTrack,\n' +
      '  activeSession,\n' +
      '  analytics,\n' +
      '  algorithmsDashboard,\n' +
      '  dashboardError,\n' +
      '  onChangeTrack,\n' +
      '  onChooseTopic,\n' +
      '  onDismissGoalOnboarding,\n' +
      '  onOpenActivity,\n' +
      '  onOpenSettings,\n' +
      '  onSetGoal,\n' +
      '  onRecommendationAction,\n' +
      '  onHomePlanAction,\n' +
      '  onRetryHomePlan,\n' +
      '  onStartLearning,\n' +
      '  homePlan,\n' +
      '  reviewQueueItems,\n' +
      '  goalInvitationAudience,\n' +
      '  showGoalInvitation,\n' +
      '  trainingAttempts,\n' +
      '}: HomeTabProps) {\n' +
      '  const styles = useThemedStyles(createStyles);\n' +
      '  const { colors: palette } = useAppPreferences();\n' +
      '  const { i18n, t } = useTranslation("common");\n' +
      '  const { t: tPlan } = useTranslation("learningPlan");\n' +
      '  const { fontScale, width } = useWindowDimensions();\n' +
      '  const largeText = fontScale >= 1.3;\n' +
      '  const actionMeasurementKey = `${i18n.resolvedLanguage ?? i18n.language}:${fontScale}:${width}`;\n' +
      '  const [actionMeasurements, setActionMeasurements] = useState<HomeActionMeasurements>({ key: "", widths: { activity: 0, focus: 0 } });\n' +
      '  const [goalOnboardingError, setGoalOnboardingError] = useState<string | null>(null);\n' +
      '  const [savingGoalOnboarding, setSavingGoalOnboarding] = useState(false);\n' +
      '  const actionWidths = actionMeasurements.key === actionMeasurementKey\n' +
      '    ? actionMeasurements.widths\n' +
      '    : { activity: 0, focus: 0 };\n' +
      '  const actionWidth = Math.max(actionWidths.focus, actionWidths.activity);\n' +
      '  const model = buildHomeTabModel({ activeSession, activeTrack, algorithmsDashboard, analytics, dashboardError, trainingAttempts });\n' +
      '  const recommendation = model.recommendations[0];\n' +
      '  const hasActiveSession = activeSession?.status === "active" && activeSession.trackId === activeTrack.id;\n' +
      '  const readyHomePlan = !hasActiveSession && homePlan?.kind === "ready" ? homePlan : null;\n' +
      '  const homePlanReady = readyHomePlan !== null;\n' +
      '  const homePlanUnavailable = !hasActiveSession && homePlan?.kind === "unavailable";\n' +
      '  const homePlanPresentation = homePlanReady\n' +
      '    ? presentTargetDateGuidance({\n' +
      '      guidance: readyHomePlan.guidance,\n' +
      '      locale: i18n.resolvedLanguage?.toLowerCase().startsWith("pl") ? "pl" : "en",\n' +
      '      timezone: readyHomePlan.plan.timezone,\n' +
      '    })\n' +
      '    : null;\n' +
      '  const isReviewRecommendation = recommendation?.action.kind === "start_supported_mode" &&\n' +
      '    recommendation.action.evidenceSources !== undefined;\n' +
      '  const isRecommendationSettingsAction = !hasActiveSession && !homePlanReady && !homePlanUnavailable && recommendation !== undefined;\n' +
      '  const resumeSessionId = recommendation?.action.kind === "resume_active_practice" || recommendation?.action.kind === "resume_certification_practice" || recommendation?.action.kind === "resume_design_interview"\n' +
      '    ? recommendation.action.sessionId\n' +
      '    : undefined;\n' +
      '  const decisionTitle = hasActiveSession\n' +
      '    ? "Session in progress"\n' +
      '    : homePlanPresentation && readyHomePlan\n' +
      '      ? homePlanPresentation.stateLabel\n' +
      '      : homePlanUnavailable\n' +
      '        ? tPlan("Home plan unavailable")\n' +
      '    : isReviewRecommendation\n' +
      '      ? "Review weak areas"\n' +
      '      : recommendation?.title ?? formatPracticeTopicTitle(model.heroTitle, t);\n' +
      '  const decisionDetail = hasActiveSession\n' +
      '    ? t(modeLabel(activeSession.modeId))\n' +
      '    : homePlanPresentation && readyHomePlan\n' +
      '      ? tPlan("homePlan.todayDetail", {\n' +
      '        area: localizeHomePlanArea(readyHomePlan, t),\n' +
      '        count: readyHomePlan.session.sessionLength,\n' +
      '        message: homePlanPresentation.message,\n' +
      '        reviews: readyHomePlan.dueReviewCount,\n' +
      '        status: tPlan(`homePlan.day.${readyHomePlan.day.status}`),\n' +
      '      })\n' +
      '      : homePlanUnavailable\n' +
      '        ? tPlan(`homePlan.unavailable.${homePlan.reason}`)\n' +
      '    : isReviewR'... 22113 more characters
    
  code: 'ERR_ASSERTION'
  name: 'AssertionError'
  expected:
  actual: |-
    import { getTrackIconName } from "../../../components/trackIcon";
    import { Pressable, StyleSheet, Text, useWindowDimensions, View } from "react-native";
    import { useTranslation } from "react-i18next";
    import { Fragment, useState } from "react";
    
    import { Button, Card, Icon, SkeletonShape, useSkeletonGlassMotion } from "../../../components";
    import { FRONTEND_SYSTEM_DESIGN_INTERVIEW_TRACK_ID } from "../../../domain";
    import type { ReviewQueueEntry, TrackDisplay, TrainingAttempt, TrainingSession } from "../../../domain";
    import type { CodingInterviewDashboard } from "../../../application/coding-interview";
    import type { GuidanceAction } from "../../../application/learningPlan";
    import { presentTargetDateGuidance } from "../../../application/learningPlan";
    import type { HomePlanSnapshot } from "../../../application/homePlanSnapshotReader";
    import { colorWithOpacity, radius, spacing, typography } from "../../../theme";
    import type { AnalyticsData } from "../../analytics/analyticsService";
    import { modeLabel } from "./activityPresentation";
    import { buildHomeTabModel, type HomeRecommendationAction } from "./homeTabModel";
    import { buildHomeOverviewMetrics } from "./homeOverviewPresentation";
    import { useAppPreferences, useThemedStyles } from "../../../preferences";
    import type { AppColors } from "../../../theme";
    import { runtimeSelectors } from "../../../testing/runtimeSelectors";
    import {
      formatPracticeTopicDetail,
      formatPracticeTopicTitle,
    } from "../../practice/practiceFlowPresentation";
    import { localizeHomePlanArea } from "../homePlanUiContract";
    
    
    type HomeTabProps = {
      activeTrack: TrackDisplay;
      activeSession: TrainingSession | null;
      analytics: AnalyticsData;
      algorithmsDashboard: CodingInterviewDashboard | null;
      dashboardError: string | null;
      onChangeTrack: () => void;
      onChooseTopic: () => void;
      onDismissGoalOnboarding: () => Promise<void>;
      onOpenActivity: () => void;
      onOpenSettings: () => void;
      onSetGoal: () => void;
      onRecommendationAction: (action: HomeRecommendationAction) => void;
      onHomePlanAction: (action: GuidanceAction) => void;
      onRetryHomePlan: () => void;
      onStartLearning: (topicId: string) => void;
      homePlan: HomePlanSnapshot | null;
      reviewQueueItems: readonly ReviewQueueEntry[];
      goalInvitationAudience: "guest" | "account";
      showGoalInvitation: boolean;
      trainingAttempts: readonly TrainingAttempt[];
    };
    
    type HomeActionKey = "focus" | "activity";
    type HomeActionWidths = Readonly<Record<HomeActionKey, number>>;
    type HomeActionMeasurements = Readonly<{ key: string; widths: HomeActionWidths }>;
    
    export function HomeLoadingSkeleton() {
      const styles = useThemedStyles(createStyles);
      const { t } = useTranslation("common");
      const { fontScale } = useWindowDimensions();
      const textScale = Math.min(fontScale, 2);
      const largeLayout = fontScale >= 1.8;
      const motion = useSkeletonGlassMotion();
    
      return (
        <View
          accessibilityLabel={t("Loading Home")}
          accessibilityLiveRegion="polite"
          accessibilityRole="progressbar"
          accessibilityState={{ busy: true }}
          accessible
          style={styles.homeLoading}
          testID="home-loading-skeleton"
        >
          <Text accessible={false} maxFontSizeMultiplier={2} style={styles.pageTitle}>{t("Home")}</Text>
          <View accessible={false} accessibilityElementsHidden importantForAccessibility="no-hide-descendants" pointerEvents="none" style={styles.homeLoadingShapes}>
            <View style={styles.homeLoadingTrackContext}>
              <SkeletonShape motion={motion} style={[styles.homeLoadingLine, styles.homeLoadingTrackLabel, { height: 15 * textScale }]} />
              <SkeletonShape motion={motion} style={[styles.homeLoadingLine, styles.homeLoadingTrackAction, { height: 13 * textScale }]} />
            </View>
            <View style={styles.homeLoadingDecisionCard}>
              <View style={styles.homeLoadingDecisionHeader}>
                <SkeletonShape motion={motion} style={styles.homeLoadingDecisionIcon} />
                <View style={styles.homeLoadingDecisionCopy}>
                  <SkeletonShape motion={motion} style={[styles.homeLoadingLine, styles.homeLoadingDecisionTitle, { height: 20 * textScale }]} />
                  <SkeletonShape motion={motion} style={[styles.homeLoadingLine, styles.homeLoadingDecisionDetail, { height: 13 * textScale }]} />
                </View>
              </View>
              <SkeletonShape motion={motion} style={[styles.homeLoadingAction, { minHeight: 48 * textScale }]} />
            </View>
            <View style={styles.homeLoadingSection}>
              <SkeletonShape motion={motion} style={[styles.homeLoadingLine, styles.homeLoadingSectionLabel, { height: 12 * textScale }]} />
              <View style={styles.homeLoadingOverview}>
                {[0, 1, 2].map((row) => (
                  <View key={row} style={[styles.homeLoadingOverviewRow, largeLayout ? styles.homeLoadingOverviewRowLarge : null]}>
                    <SkeletonShape motion={motion} style={[styles.homeLoadingLine, styles.homeLoadingOverviewLabel, { height: 14 * textScale }]} />
                    <SkeletonShape motion={motion} style={[styles.homeLoadingLine, styles.homeLoadingOverviewValue, { height: 14 * textScale }]} />
                  </View>
                ))}
              </View>
            </View>
            <View style={styles.homeLoadingSection}>
              <SkeletonShape motion={motion} style={[styles.homeLoadingLine, styles.homeLoadingSectionLabelShort, { height: 12 * textScale }]} />
              <View style={[styles.homeLoadingFocusRow, largeLayout ? styles.homeLoadingFocusRowLarge : null]}>
                <SkeletonShape motion={motion} style={[styles.homeLoadingLine, styles.homeLoadingFocusTitle, { height: 16 * textScale }]} />
                <SkeletonShape motion={motion} style={[styles.homeLoadingLine, styles.homeLoadingFocusAction, { height: 16 * textScale }]} />
              </View>
            </View>
            <View style={styles.homeLoadingSection}>
              <SkeletonShape motion={motion} style={[styles.homeLoadingLine, styles.homeLoadingSectionLabel, { height: 12 * textScale }]} />
              <View style={styles.homeLoadingActivityRow}>
                <SkeletonShape motion={motion} style={[styles.homeLoadingLine, styles.homeLoadingActivityTitle, { height: 15 * textScale }]} />
                <SkeletonShape motion={motion} style={[styles.homeLoadingLine, styles.homeLoadingActivityAction, { height: 15 * textScale }]} />
              </View>
            </View>
          </View>
        </View>
      );
    }
    
    export function HomeTab({
      activeTrack,
      activeSession,
      analytics,
      algorithmsDashboard,
      dashboardError,
      onChangeTrack,
      onChooseTopic,
      onDismissGoalOnboarding,
      onOpenActivity,
      onOpenSettings,
      onSetGoal,
      onRecommendationAction,
      onHomePlanAction,
      onRetryHomePlan,
      onStartLearning,
      homePlan,
      reviewQueueItems,
      goalInvitationAudience,
      showGoalInvitation,
      trainingAttempts,
    }: HomeTabProps) {
      const styles = useThemedStyles(createStyles);
      const { colors: palette } = useAppPreferences();
      const { i18n, t } = useTranslation("common");
      const { t: tPlan } = useTranslation("learningPlan");
      const { fontScale, width } = useWindowDimensions();
      const largeText = fontScale >= 1.3;
      const actionMeasurementKey = `${i18n.resolvedLanguage ?? i18n.language}:${fontScale}:${width}`;
      const [actionMeasurements, setActionMeasurements] = useState<HomeActionMeasurements>({ key: "", widths: { activity: 0, focus: 0 } });
      const [goalOnboardingError, setGoalOnboardingError] = useState<string | null>(null);
      const [savingGoalOnboarding, setSavingGoalOnboarding] = useState(false);
      const actionWidths = actionMeasurements.key === actionMeasurementKey
        ? actionMeasurements.widths
        : { activity: 0, focus: 0 };
      const actionWidth = Math.max(actionWidths.focus, actionWidths.activity);
      const model = buildHomeTabModel({ activeSession, activeTrack, algorithmsDashboard, analytics, dashboardError, trainingAttempts });
      const recommendation = model.recommendations[0];
      const hasActiveSession = activeSession?.status === "active" && activeSession.trackId === activeTrack.id;
      const readyHomePlan = !hasActiveSession && homePlan?.kind === "ready" ? homePlan : null;
      const homePlanReady = readyHomePlan !== null;
      const homePlanUnavailable = !hasActiveSession && homePlan?.kind === "unavailable";
      const homePlanPresentation = homePlanReady
        ? presentTargetDateGuidance({
          guidance: readyHomePlan.guidance,
          locale: i18n.resolvedLanguage?.toLowerCase().startsWith("pl") ? "pl" : "en",
          timezone: readyHomePlan.plan.timezone,
        })
        : null;
      const isReviewRecommendation = recommendation?.action.kind === "start_supported_mode" &&
        recommendation.action.evidenceSources !== undefined;
      const isRecommendationSettingsAction = !hasActiveSession && !homePlanReady && !homePlanUnavailable && recommendation !== undefined;
      const resumeSessionId = recommendation?.action.kind === "resume_active_practice" || recommendation?.action.kind === "resume_certification_practice" || recommendation?.action.kind === "resume_design_interview"
        ? recommendation.action.sessionId
        : undefined;
      const decisionTitle = hasActiveSession
        ? "Session in progress"
        : homePlanPresentation && readyHomePlan
          ? homePlanPresentation.stateLabel
          : homePlanUnavailable
            ? tPlan("Home plan unavailable")
        : isReviewRecommendation
          ? "Review weak areas"
          : recommendation?.title ?? formatPracticeTopicTitle(model.heroTitle, t);
      const decisionDetail = hasActiveSession
        ? t(modeLabel(activeSession.modeId))
        : homePlanPresentation && readyHomePlan
          ? tPlan("homePlan.todayDetail", {
            area: localizeHomePlanArea(readyHomePlan, t),
            count: readyHomePlan.session.sessionLength,
            message: homePlanPresentation.message,
            reviews: readyHomePlan.dueReviewCount,
            status: tPlan(`homePlan.day.${readyHomePlan.day.status}`),
          })
          : homePlanUnavailable
            ? tPlan(`homePlan.unavailable.${homePlan.reason}`)
        : isReviewRecommendation
          ? t("Review due items before they become stale.")
        : recommendation
          ? t(recommendation.unavailableReason ?? recommendation.detail)
        : formatPracticeTopicDetail(model.heroSubtitle, t);
      const decisionLabel = hasActiveSession
        ? "Resume session"
        : homePlanPresentation?.primaryLabel ?? (homePlanUnavailable ? tPlan("Try again") : recommendation?.primaryLabel ?? model.primaryLabel);
      const isCodingInterviewTrack = activeTrack.id === "coding-interview-dsa-problem-solving";
      const isFrontendTrack = activeTrack.id === FRONTEND_SYSTEM_DESIGN_INTERVIEW_TRACK_ID;
      const decisionIcon = homePlanUnavailable
        ? "alert-triangle"
        : homePlanPresentation?.tone === "danger"
          ? "alert-triangle"
          : homePlanPresentation
            ? "route"
            : recommendation?.icon ?? (isFrontendTrack ? getTrackIconName(activeTrack.id) : isCodingInterviewTrack ? "route" : "cloud");
      const decisionTone = homePlanUnavailable || recommendation?.enabled === false ? "muted" : "primary";
      const decisionEnabled = homePlanUnavailable || homePlanReady || recommendation?.enabled !== false;
      const recentAttempts = trainingAttempts
        .filter((attempt) => attempt.trackId === activeTrack.id && attempt.sessionId !== activeSession?.id)
        .sort((left, right) => right.answeredAt.localeCompare(left.answeredAt));
      const recentAttempt = recentAttempts[0];
      const overview = buildHomeOverviewMetrics({ trackId: activeTrack.id, reviewQueueItems, trainingAttempts, activeSessionId: activeSession?.id });
      const isFirstUse = !hasActiveSession && trainingAttempts.length === 0 && reviewQueueItems.length === 0;
    
      function recordActionWidth(key: HomeActionKey, width: number): void {
        setActionMeasurements((current) => {
          const widths = current.key === actionMeasurementKey ? current.widths : { activity: 0, focus: 0 };
          return current.key === actionMeasurementKey && widths[key] === width
            ? current
            : { key: actionMeasurementKey, widths: { ...widths, [key]: width } };
        });
      }
    
      async function dismissGoalOnboarding(): Promise<void> {
        if (savingGoalOnboarding) return;
        setSavingGoalOnboarding(true);
        setGoalOnboardingError(null);
        try {
          await onDismissGoalOnboarding();
        } catch {
          setGoalOnboardingError(t("We couldn't hide this goal invitation. Try again. Your goal data was not changed."));
        } finally {
          setSavingGoalOnboarding(false);
        }
      }
    
      return (
        <Fragment key={fontScale}>
          <View style={styles.pageIntro}>
            <Text maxFontSizeMultiplier={2} style={styles.pageTitle}>{t("Home")}</Text>
            <Pressable
              accessibilityRole="button"
              onPress={onChangeTrack}
              style={({ pressed }) => [
                styles.trackContext,
                largeText ? styles.trackContextLargeText : null,
                pressed ? styles.pressed : null,
              ]}
              testID={runtimeSelectors.home.changeTrack()}
            >
              <View style={styles.trackContextCopy}>
                <View style={styles.trackIconContainer}>
                  <Icon color={palette.primary} name={isFrontendTrack ? getTrackIconName(activeTrack.id) : isCodingInterviewTrack ? "code-brackets" : "cloud"} size={22} />
                </View>
                <Text maxFontSizeMultiplier={2} style={styles.focusTitle} testID={runtimeSelectors.home.trackCard(activeTrack.id)}>
                  {t(activeTrack.shortTitle)}
                </Text>
              </View>
              <Text maxFontSizeMultiplier={2} style={styles.changeTrack}>{t("Change")}</Text>
            </Pressable>
          </View>
    
          <Card variant="layered" style={styles.decisionCard}>
            <View style={styles.cardRail} />
            <View
              style={[styles.decisionHeading, largeText ? styles.decisionHeadingLargeText : null]}
              testID={resumeSessionId
                ? runtimeSelectors.resume.card(resumeSessionId)
                : homePlanReady || homePlanUnavailable
                  ? runtimeSelectors.targetDateGuidance.root("home")
                  : undefined}
            >
              <View style={styles.decisionIconTile}>
                <Icon color={decisionTone === "muted" ? palette.textMuted : palette.accentTeal} name={decisionIcon} size={24} />
              </View>
              <View style={styles.decisionCopy}>
                <Text
                  maxFontSizeMultiplier={2}
                  style={styles.decisionTitle}
                  testID={resumeSessionId
                    ? runtimeSelectors.resume.title(resumeSessionId)
                    : homePlanReady && homePlanPresentation
                      ? runtimeSelectors.targetDateGuidance.state("home", homePlanPresentation.state)
                      : homePlanUnavailable
                        ? runtimeSelectors.targetDateGuidance.state("home", "unavailable")
                      : undefined}
                >
                  {homePlanReady && homePlanPresentation ? decisionTitle : t(decisionTitle)}
                </Text>
                <Text
                  maxFontSizeMultiplier={2}
                  style={styles.decisionDetail}
                  testID={resumeSessionId
                    ? runtimeSelectors.resume.status(resumeSessionId)
                    : homePlanReady && homePlanPresentation
                      ? runtimeSelectors.targetDateGuidance.reason("home", homePlanPresentation.reason)
                      : homePlanUnavailable
                        ? runtimeSelectors.homePlan.reason(homePlan.reason)
                      : undefined}
                >
                  {decisionDetail}
                </Text>
              </View>
            </View>
            <Button
              disabled={!decisionEnabled}
              onPress={() => {
                if (homePlanReady) {
                  onHomePlanAction(readyHomePlan.guidance.home.primary);
                  return;
                }
                if (homePlanUnavailable) {
                  onRetryHomePlan();
                  return;
                }
                if (recommendation) {
                  onRecommendationAction(recommendation.action);
                  return;
                }
                onStartLearning(model.topicId);
              }}
              style={styles.startButton}
              testID={resumeSessionId
                ? runtimeSelectors.resume.continue(resumeSessionId)
                : homePlanReady || homePlanUnavailable
                  ? runtimeSelectors.targetDateGuidance.primary("home")
                  : runtimeSelectors.home.primaryAction()}
              variant="primary"
            >
              {homePlanReady || homePlanUnavailable ? decisionLabel : t(decisionLabel)}
            </Button>
            {hasActiveSession || isFirstUse ? null : (
              <Pressable
                accessibilityRole="button"
                onPress={isRecommendationSettingsAction ? onOpenSettings : onChooseTopic}
                style={({ pressed }) => [styles.secondaryAction, pressed ? styles.pressed : null]}
              >
                <Text maxFontSizeMultiplier={2} style={styles.secondaryActionText}>{t(isRecommendationSettingsAction ? "Manage settings" : "Choose another topic")}</Text>
                {isRecommendationSettingsAction ? null : <Icon color={palette.accentPurple} name="chevron-right" size={18} />}
              </Pressable>
            )}
          </Card>
          {showGoalInvitation ? (
            <Card style={styles.goalOnboardingCard} testID={runtimeSelectors.goalOnboarding.root()}>
              <View style={[styles.goalOnboardingHeading, largeText ? styles.goalOnboardingHeadingLargeText : null]}>
                <View style={styles.firstUseIcon}>
                  <Icon color={palette.accentTeal} name="route" size={20} />
                </View>
                <View style={styles.goalOnboardingCopy}>
                  <Text maxFontSizeMultiplier={2} style={styles.firstUseTitle}>{t(goalInvitationAudience === "account" ? "No goal is set for this track" : "Set a goal for this track")}</Text>
                  <Text maxFontSizeMultiplier={2} style={styles.firstUseDetail}>
                    {t(goalInvitationAudience === "account" ? "Your account has no goal for {{trackName}} yet. You can add one now or later." : "Choose when and why you want to practise {{trackName}}.", { trackName: t(activeTrack.shortTitle) })}
                  </Text>
                </View>
              </View>
              <Button onPress={onSetGoal} testID={runtimeSelectors.goalOnboarding.setGoal()}>
                {t("Set a goal")}
              </Button>
              <Pressable
                accessibilityRole="button"
                disabled={savingGoalOnboarding}
                onPress={() => { void dismissGoalOnboarding(); }}
                style={({ pressed }) => [styles.goalOnboardingSecondary, pressed ? styles.pressed : null]}
                testID={runtimeSelectors.goalOnboarding.notNow()}
              >
                <Text maxFontSizeMultiplier={2} style={styles.secondaryActionText}>{t("Not now")}</Text>
              </Pressable>
              {goalOnboardingError ? (
                <Text accessibilityLiveRegion="polite" maxFontSizeMultiplier={2} style={styles.goalOnboardingError} testID={runtimeSelectors.goalOnboarding.error()}>
                  {goalOnboardingError}
                </Text>
              ) : null}
            </Card>
          ) : null}
          {isFirstUse && !showGoalInvitation ? (
            <View style={styles.firstUseState}>
              <View style={styles.firstUseIcon}>
                <Icon color={palette.accentTeal} name="route" size={20} />
              </View>
              <View style={styles.firstUseCopy}>
                <Text maxFontSizeMultiplier={2} style={styles.firstUseTitle}>{t("Your learning starts here")}</Text>
                <Text maxFontSizeMultiplier={2} style={styles.firstUseDetail}>{t("Complete your first session to see progress and activity here.")}</Text>
              </View>
            </View>
          ) : null}
          {!isFirstUse ? <View style={styles.overviewSection} testID="home-overview">
            <Text maxFontSizeMultiplier={2} style={styles.sectionLabel}>{t("Overview")}</Text>
            {overview.map((metric, index) => (
              <View key={metric.label} style={[styles.overviewRow, largeText ? styles.overviewRowLargeText : null, index < overview.length - 1 ? styles.overviewRowDivider : null]} accessibilityLabel={`${t(metric.label)}: ${t(metric.value, { count: metric.count })}`}>
                <Text maxFontSizeMultiplier={2} style={[styles.overviewLabel, largeText ? styles.overviewLabelLargeText : null]}>{t(metric.label)}</Text>
                <Text maxFontSizeMultiplier={2} style={[styles.overviewValue, largeText ? styles.overviewValueLargeText : null]}>{t(metric.value, { count: metric.count })}</Text>
              </View>
            ))}
          </View> : null}
          {!isFirstUse ? <View style={styles.detailSection}>
            <Text maxFontSizeMultiplier={2} style={styles.sectionLabel}>{t("Current focus")}</Text>
            <View style={[styles.focusRow, largeText ? styles.focusRowLargeText : null]}>
              <Text maxFontSizeMultiplier={2} style={styles.currentFocusTitle}>{formatPracticeTopicTitle(model.heroTitle, t)}</Text>
              <View key={`focus-action-${actionMeasurementKey}`} style={[styles.actionWidthWrapper, actionWidth > 0 ? { width: actionWidth } : null]}>
                <View onLayout={({ nativeEvent }) => recordActionWidth("focus", nativeEvent.layout.width)} style={styles.measuredControl}>
                  <Button
                    labelStyle={styles.focusActionLabel}
                    onPress={onChooseTopic}
                    style={styles.measuredAction}
                    variant="ghost"
                  >
                    {t("Open Practice")}
                  </Button>
                </View>
              </View>
            </View>
          </View> : null}
          {!isFirstUse ? <View style={styles.detailSection}>
            <Text maxFontSizeMultiplier={2} style={styles.sectionLabel}>{t("Recent activity")}</Text>
            <View style={[styles.activityRow, largeText ? styles.activityRowLargeText : null]}>
              {recentAttempt ? (
                <View style={styles.activityCopy}>
                  <Text maxFontSizeMultiplier={2} style={styles.activityTitle}>{t(modeLabel(recentAttempt.modeId))}</Text>
                </View>
              ) : (
                <Text maxFontSizeMultiplier={2} style={styles.activityEmpty}>{t("No activity yet")}</Text>
              )}
              <View key={`activity-action-${actionMeasurementKey}`} style={[styles.actionWidthWrapper, actionWidth > 0 ? { width: actionWidth } : null]}>
                <Pressable
                  accessibilityRole="button"
                  onLayout={({ nativeEvent }) => recordActionWidth("activity", nativeEvent.layout.width)}
                  onPress={onOpenActivity}
                  style={({ pressed }) => [styles.activityAction, styles.measuredAction, pressed ? styles.pressed : null]}
                  testID={runtimeSelectors.home.activity()}
                >
                  <Text maxFontSizeMultiplier={2} style={styles.activityActionText}>{t("View activity")}</Text>
                </Pressable>
              </View>
            </View>
          </View> : null}
        </Fragment>
      );
    }
    
    const createStyles = (palette: AppColors) => StyleSheet.create({
      homeLoading: {
        gap: spacing.lg,
        width: "100%",
      },
      homeLoadingShapes: {
        gap: spacing.xl,
        width: "100%",
      },
      homeLoadingLine: {
        backgroundColor: palette.progress.loadingTrack,
        borderRadius: radius.pill,
      },
      homeLoadingTrackContext: {
        alignItems: "center",
        flexDirection: "row",
        gap: spacing.sm,
        justifyContent: "space-between",
      },
      homeLoadingTrackLabel: {
        maxWidth: "62%",
        width: "62%",
      },
      homeLoadingTrackAction: {
        width: "18%",
      },
      homeLoadingDecisionCard: {
        backgroundColor: palette.surface,
        borderColor: palette.border,
        borderRadius: radius.xl,
        borderWidth: 1,
        gap: spacing.lg,
        padding: spacing.xl,
      },
      homeLoadingDecisionHeader: {
        alignItems: "center",
        flexDirection: "row",
        gap: spacing.md,
      },
      homeLoadingDecisionIcon: {
        backgroundColor: palette.progress.loadingTrack,
        borderRadius: radius.lg,
        height: 44,
        width: 44,
      },
      homeLoadingDecisionCopy: {
        flex: 1,
        gap: spacing.xs,
        minWidth: 0,
      },
      homeLoadingDecisionTitle: {
        width: "76%",
      },
      homeLoadingDecisionDetail: {
        width: "58%",
      },
      homeLoadingAction: {
        backgroundColor: palette.progress.loadingTrack,
        borderRadius: radius.button,
        width: "100%",
      },
      homeLoadingSection: {
        gap: spacing.sm,
      },
      homeLoadingSectionLabel: {
        width: "29%",
      },
      homeLoadingSectionLabelShort: {
        width: "25%",
      },
      homeLoadingOverview: {
        gap: spacing.xs,
      },
      homeLoadingOverviewRow: {
        alignItems: "center",
        borderBottomColor: palette.border,
        borderBottomWidth: StyleSheet.hairlineWidth,
        flexDirection: "row",
        gap: spacing.sm,
        justifyContent: "space-between",
        minHeight: 42,
        paddingVertical: spacing.xs,
      },
      homeLoadingOverviewRowLarge: {
        alignItems: "flex-start",
        flexDirection: "column",
        gap: spacing.xxs,
        justifyContent: "center",
      },
      homeLoadingOverviewLabel: {
        maxWidth: "62%",
        width: "62%",
      },
      homeLoadingOverviewValue: {
        width: "27%",
      },
      homeLoadingFocusRow: {
        alignItems: "center",
        flexDirection: "row",
        gap: spacing.sm,
        justifyContent: "space-between",
      },
      homeLoadingFocusRowLarge: {
        alignItems: "flex-start",
        flexDirection: "column",
        gap: spacing.xs,
      },
      homeLoadingFocusTitle: {
        width: "54%",
      },
      homeLoadingFocusAction: {
        width: "24%",
      },
      homeLoadingActivityRow: {
        alignItems: "center",
        backgroundColor: palette.surface,
        borderColor: palette.border,
        borderRadius: radius.lg,
        borderWidth: 1,
        flexDirection: "row",
        gap: spacing.sm,
        justifyContent: "space-between",
        minHeight: 64,
        paddingHorizontal: spacing.lg,
        paddingVertical: spacing.md,
      },
      homeLoadingActivityTitle: {
        maxWidth: "64%",
        width: "64%",
      },
      homeLoadingActivityAction: {
        width: "22%",
      },
      pageIntro: {
        gap: 18,
      },
      pageTitle: {
        ...typography.title,
        color: palette.textPrimary,
      },
      trackContext: {
        alignItems: "center",
        flexDirection: "row",
        gap: spacing.sm,
        justifyContent: "space-between",
        minHeight: 44,
      },
      trackContextLargeText: {
        alignItems: "flex-start",
        alignSelf: "stretch",
      },
      trackContextCopy: {
        alignItems: "center",
        flex: 1,
        flexDirection: "row",
        gap: spacing.sm,
        minWidth: 0,
      },
      trackIconContainer: {
        alignItems: "center",
        backgroundColor: colorWithOpacity(palette.accentTeal, 0.08),
        borderRadius: 8,
        flexShrink: 0,
        height: 32,
        justifyContent: "center",
        width: 32,
      },
      changeTrack: {
        color: palette.primary,
        fontSize: 13,
        fontWeight: "600",
        lineHeight: 18,
      },
      pressed: {
        opacity: 0.78,
      },
      decisionCard: {
        backgroundColor: palette.surface,
        borderColor: palette.navigation.active,
        borderRadius: 22,
        elevation: 0,
        gap: spacing.lg,
        overflow: "hidden",
        padding: spacing.xl,
        position: "relative",
        shadowOpacity: 0,
      },
      cardRail: {
        backgroundColor: palette.navigation.active,
        borderRadius: 2,
        height: 44,
        left: -1,
        position: "absolute",
        top: 19,
        width: 3,
      },
      decisionHeading: {
        alignItems: "flex-start",
        flexDirection: "row",
        gap: spacing.md,
      },
      decisionHeadingLargeText: {
        alignItems: "flex-start",
        flexDirection: "column",
      },
      decisionTitle: {
        color: palette.textPrimary,
        fontSize: 22,
        fontWeight: "600",
        letterSpacing: -0.3,
        lineHeight: 28,
      },
      decisionCopy: {
        flex: 1,
        gap: spacing.xxs,
        minWidth: 0,
      },
      decisionIconTile: {
        alignItems: "center",
        backgroundColor: palette.surfaceInput,
        borderColor: palette.choice.active,
        borderRadius: 14,
        borderWidth: 1,
        height: 44,
        justifyContent: "center",
        width: 44,
      },
      startButton: {
        backgroundColor: palette.navigation.active,
        borderColor: palette.navigation.active,
        minHeight: 49,
        paddingVertical: 15,
      },
      decisionDetail: {
        color: palette.textSecondary,
        fontSize: 14,
        lineHeight: 22,
      },
      firstUseState: {
        alignItems: "flex-start",
        backgroundColor: palette.surface,
        borderColor: palette.border,
        borderRadius: 18,
        borderWidth: 1,
        flexDirection: "row",
        gap: spacing.md,
        padding: spacing.lg,
      },
      firstUseIcon: {
        alignItems: "center",
        backgroundColor: colorWithOpacity(palette.accentTeal, 0.08),
        borderRadius: 12,
        height: 40,
        justifyContent: "center",
        width: 40,
      },
      firstUseCopy: { flex: 1, gap: spacing.xxs, minWidth: 0 },
      firstUseTitle: { ...typography.bodyStrong, color: palette.textPrimary },
      firstUseDetail: { ...typography.body, color: palette.textSecondary },
      goalOnboardingCard: {
        backgroundColor: palette.surface,
        borderColor: palette.border,
        borderRadius: radius.xl,
        borderWidth: 1,
        gap: spacing.md,
        padding: spacing.lg,
      },
      goalOnboardingHeading: {
        alignItems: "flex-start",
        flexDirection: "row",
        gap: spacing.md,
      },
      goalOnboardingHeadingLargeText: {
        flexDirection: "column",
      },
      goalOnboardingCopy: {
        flex: 1,
        gap: spacing.xxs,
        minWidth: 0,
      },
      goalOnboardingSecondary: {
        alignItems: "center",
        alignSelf: "center",
        justifyContent: "center",
        minHeight: 44,
        paddingHorizontal: spacing.md,
      },
      goalOnboardingError: {
        ...typography.small,
        color: palette.danger,
        textAlign: "center",
      },
      overviewSection: {
        gap: 2,
      },
      sectionLabel: {
        color: palette.textMuted,
        fontSize: 13,
        fontWeight: "700",
        letterSpacing: 0.5,
        lineHeight: 16,
        textTransform: "uppercase",
      },
      overviewRow: {
        alignItems: "center",
        flexDirection: "row",
        gap: spacing.sm,
        paddingVertical: 10,
      },
      overviewRowLargeText: {
        alignItems: "flex-start",
        flexDirection: "column",
        gap: spacing.xxs,
      },
      overviewRowDivider: {
        borderBottomColor: palette.border,
        borderBottomWidth: 1,
      },
      overviewLabel: {
        color: palette.textSecondary,
        flex: 1,
        fontSize: 14,
        lineHeight: 22,
        minWidth: 0,
      },
      overviewLabelLargeText: {
        flex: 0,
      },
      overviewValue: {
        ...typography.bodyStrong,
        color: palette.textPrimary,
        flexShrink: 1,
        textAlign: "right",
      },
      overviewValueLargeText: {
        alignSelf: "stretch",
        textAlign: "left",
      },
      secondaryAction: {
        alignItems: "center",
        alignSelf: "center",
        flexDirection: "row",
        gap: spacing.xs,
        minHeight: 44,
        paddingHorizontal: spacing.sm,
      },
      secondaryActionText: {
        color: palette.primary,
        fontSize: 14,
        fontWeight: "600",
        lineHeight: 18,
      },
      detailSection: {
        gap: spacing.sm,
      },
      focusRow: {
        alignItems: "center",
        flexDirection: "row",
        gap: spacing.md,
        justifyContent: "space-between",
      },
      focusRowLargeText: {
        alignItems: "stretch",
        flexDirection: "column",
        gap: spacing.sm,
      },
      actionWidthWrapper: {
        alignSelf: "center",
      },
      measuredControl: {
        alignSelf: "center",
      },
      measuredAction: {
        alignSelf: "center",
      },
      focusTitle: {
        ...typography.heading,
        color: palette.textPrimary,
        flexShrink: 1,
        minWidth: 0,
      },
      currentFocusTitle: {
        color: palette.textPrimary,
        flex: 1,
        fontSize: 15,
        fontWeight: "500",
        lineHeight: 18,
        minWidth: 0,
      },
      focusActionLabel: {
        color: palette.primary,
        fontSize: 13,
        lineHeight: 18,
      },
      activityRow: {
        alignItems: "center",
        flexDirection: "row",
        gap: spacing.md,
        justifyContent: "space-between",
        minHeight: 44,
      },
      activityRowLargeText: {
        alignItems: "stretch",
        flexDirection: "column",
        gap: spacing.sm,
      },
      activityCopy: {
        flex: 1,
        gap: spacing.xxs,
      },
      activityTitle: {
        color: palette.textPrimary,
        fontSize: 14,
        fontWeight: "500",
        lineHeight: 18,
      },
      activityEmpty: {
        ...typography.small,
        color: palette.textSecondary,
      },
      activityAction: {
        alignItems: "center",
        flexShrink: 0,
        minHeight: 44,
        paddingHorizontal: spacing.xs,
      },
      activityActionText: {
        color: palette.primary,
        fontSize: 13,
        fontWeight: "600",
        lineHeight: 18,
      },
    });
    
  operator: 'match'
  stack: |-
    TestContext.<anonymous> (/Users/lukaszkurczab/Desktop/Projects/Patternly/patternly/src/application/runtimeAuditabilitySurfaces.test.ts:37:10)
    Test.runInAsyncScope (node:async_hooks:214:14)
    Test.run (node:internal/test_runner/test:1047:25)
    Test.processPendingSubtests (node:internal/test_runner/test:744:18)
    Test.postRun (node:internal/test_runner/test:1173:19)
    Test.run (node:internal/test_runner/test:1101:12)
    async Test.processPendingSubtests (node:internal/test_runner/test:744:7)
  ...
# Subtest: progress, simulation, and simulation summary selectors use canonical identities
ok 804 - progress, simulation, and simulation summary selectors use canonical identities
  ---
  duration_ms: 2.904041
  type: 'test'
  ...
# Subtest: configuration snapshot is validated, frozen, and preserved for deterministic resume
ok 805 - configuration snapshot is validated, frozen, and preserved for deterministic resume
  ---
  duration_ms: 2.615416
  type: 'test'
  ...
# Subtest: resume rejects a different mode or durable item and option plan
ok 806 - resume rejects a different mode or durable item and option plan
  ---
  duration_ms: 0.461625
  type: 'test'
  ...
# Subtest: content validation rejects missing, duplicate, and unknown durable option IDs
ok 807 - content validation rejects missing, duplicate, and unknown durable option IDs
  ---
  duration_ms: 0.50975
  type: 'test'
  ...
# Subtest: durable progress hydrates prior attempts and the answered current item in plan order
ok 808 - durable progress hydrates prior attempts and the answered current item in plan order
  ---
  duration_ms: 0.654416
  type: 'test'
  ...
# Subtest: duplicate exact content items are distinct through immutable occurrence identities
ok 809 - duplicate exact content items are distinct through immutable occurrence identities
  ---
  duration_ms: 0.273417
  type: 'test'
  ...
# Subtest: foreground accumulation persists only the supplied active interval
ok 810 - foreground accumulation persists only the supplied active interval
  ---
  duration_ms: 0.160083
  type: 'test'
  ...
# Subtest: start failure rejects without exposing a session
ok 811 - start failure rejects without exposing a session
  ---
  duration_ms: 0.108375
  type: 'test'
  ...
# Subtest: a new session is not returned before its durable write resolves
ok 812 - a new session is not returned before its durable write resolves
  ---
  duration_ms: 0.106042
  type: 'test'
  ...
# Subtest: advance failure rejects and cannot expose the next position
ok 813 - advance failure rejects and cannot expose the next position
  ---
  duration_ms: 0.352583
  type: 'test'
  ...
# Subtest: runtime-audit parser recognizes only documented reset and clock-advance commands
ok 814 - runtime-audit parser recognizes only documented reset and clock-advance commands
  ---
  duration_ms: 1.843709
  type: 'test'
  ...
# Subtest: unsupported and malformed runtime-audit URLs do not invoke reset
ok 815 - unsupported and malformed runtime-audit URLs do not invoke reset
  ---
  duration_ms: 0.21
  type: 'test'
  ...
# Subtest: runtime-audit reset is unavailable in production and reaches only the lifecycle facade in development
ok 816 - runtime-audit reset is unavailable in production and reaches only the lifecycle facade in development
  ---
  duration_ms: 0.227
  type: 'test'
  ...
# Subtest: development reset still restores a clean baseline when an interrupted journal cannot recover
ok 817 - development reset still restores a clean baseline when an interrupted journal cannot recover
  ---
  duration_ms: 0.702375
  type: 'test'
  ...
# Subtest: new training sessions have one application entry and no prepare-only bypass
ok 818 - new training sessions have one application entry and no prepare-only bypass
  ---
  duration_ms: 163.361958
  type: 'test'
  ...
# Subtest: Premium package download has one account-owned application entry
ok 819 - Premium package download has one account-owned application entry
  ---
  duration_ms: 39.003791
  type: 'test'
  ...
# Subtest: Free and unavailable Coding Mock access fail before package resolution, preparation, or mutation
ok 820 - Free and unavailable Coding Mock access fail before package resolution, preparation, or mutation
  ---
  duration_ms: 730.812208
  type: 'test'
  ...
# Subtest: Premium Coding Mock starts the exact 40-item product mode and immutable profile identity
ok 821 - Premium Coding Mock starts the exact 40-item product mode and immutable profile identity
  ---
  duration_ms: 0.637375
  type: 'test'
  ...
# Subtest: Coding Mock resume, draft save, and finalization each authorize once before one exact resolution
ok 822 - Coding Mock resume, draft save, and finalization each authorize once before one exact resolution
  ---
  duration_ms: 1.158208
  type: 'test'
  ...
# Subtest: expired Coding Mock draft-save boundary aborts before package resolution or draft persistence
ok 823 - expired Coding Mock draft-save boundary aborts before package resolution or draft persistence
  ---
  duration_ms: 0.49675
  type: 'test'
  ...
# Subtest: active Coding Mock reauthorizes before exact resolution and resume validation
ok 824 - active Coding Mock reauthorizes before exact resolution and resume validation
  ---
  duration_ms: 0.380583
  type: 'test'
  ...
# Subtest: all three Design simulations require Premium before create and resume, then prepare exact profile identity
ok 825 - all three Design simulations require Premium before create and resume, then prepare exact profile identity
  ---
  duration_ms: 1.726584
  type: 'test'
  ...
# Subtest: every Design mode denies before package resolution, preparation, and session mutation
ok 826 - every Design mode denies before package resolution, preparation, and session mutation
  ---
  duration_ms: 0.443167
  type: 'test'
  ...
# Subtest: only declared Premium simulation product modes bypass node-based admission
ok 827 - only declared Premium simulation product modes bypass node-based admission
  ---
  duration_ms: 2.465542
  type: 'test'
  ...
# Subtest: Free node starts without consulting Premium admission
ok 828 - Free node starts without consulting Premium admission
  ---
  duration_ms: 767.120916
  type: 'test'
  ...
# Subtest: Premium plans require admission before durable session start
ok 829 - Premium plans require admission before durable session start
  ---
  duration_ms: 2.832875
  type: 'test'
  ...
# Subtest: a Free-first mixed plan checks every item before durable start
ok 830 - a Free-first mixed plan checks every item before durable start
  ---
  duration_ms: 1.747333
  type: 'test'
  ...
# Subtest: training lifecycle resolves canonical runtime
ok 831 - training lifecycle resolves canonical runtime
  ---
  duration_ms: 801.116375
  type: 'test'
  ...
# Subtest: Progress week counts durable completed sessions, not distinct answers or earlier sessions
ok 832 - Progress week counts durable completed sessions, not distinct answers or earlier sessions
  ---
  duration_ms: 733.597166
  type: 'test'
  ...
# Subtest: A durable completed session without answers remains one completed session
ok 833 - A durable completed session without answers remains one completed session
  ---
  duration_ms: 3.046458
  type: 'test'
  ...
# Subtest: all nine tracks and all three Progress branches use the same durable weekly session facts
ok 834 - all nine tracks and all three Progress branches use the same durable weekly session facts
  ---
  duration_ms: 786.621125
  type: 'test'
  ...
# Subtest: active answers, abandoned activity, prior-week and future sessions never become completed this week
ok 835 - active answers, abandoned activity, prior-week and future sessions never become completed this week
  ---
  duration_ms: 3.253708
  type: 'test'
  ...
# Subtest: Monday is a civil boundary in the supplied zone, independent of elapsed DST hours
ok 836 - Monday is a civil boundary in the supplied zone, independent of elapsed DST hours
  ---
  duration_ms: 10.004959
  type: 'test'
  ...
# Subtest: history remains activity across valid content versions, and duplicate session IDs count once or fail conflict
ok 837 - history remains activity across valid content versions, and duplicate session IDs count once or fail conflict
  ---
  duration_ms: 1.583709
  type: 'test'
  ...
# Subtest: invalid calendar facts stay explicitly unavailable, and corrupt repository data is never zero activity
ok 838 - invalid calendar facts stay explicitly unavailable, and corrupt repository data is never zero activity
  ---
  duration_ms: 44.711958
  type: 'test'
  ...
# Subtest: weekly title plural forms are rendered by the actual translator in all seven locales
ok 839 - weekly title plural forms are rendered by the actual translator in all seven locales
  ---
  duration_ms: 39.239084
  type: 'test'
  ...
# Subtest: Activity read cannot publish account A sessions after an actual profile router switch to B
ok 840 - Activity read cannot publish account A sessions after an actual profile router switch to B
  ---
  duration_ms: 40.808459
  type: 'test'
  ...
# Subtest: Metro transforms SVG sources into React Native components
ok 841 - Metro transforms SVG sources into React Native components
  ---
  duration_ms: 0.721083
  type: 'test'
  ...
# Subtest: Metro keeps defaults and blocks only absolute local profile dotenv files
ok 842 - Metro keeps defaults and blocks only absolute local profile dotenv files
  ---
  duration_ms: 5.823583
  type: 'test'
  ...
# Subtest: Patternly mark SVG family stays deterministic and raster-free
ok 843 - Patternly mark SVG family stays deterministic and raster-free
  ---
  duration_ms: 2.738292
  type: 'test'
  ...
# Subtest: launcher source and generated assets are present
ok 844 - launcher source and generated assets are present
  ---
  duration_ms: 1.000875
  type: 'test'
  ...
# Subtest: Expo points to the canonical Patternly launcher assets
ok 845 - Expo points to the canonical Patternly launcher assets
  ---
  duration_ms: 1.003583
  type: 'test'
  ...
# Subtest: route ambient layer is the default shared background for every Screen
ok 846 - route ambient layer is the default shared background for every Screen
  ---
  duration_ms: 1.845875
  type: 'test'
  ...
# Subtest: ambient keeps randomized routes and signals without rectangular glow layers
ok 847 - ambient keeps randomized routes and signals without rectangular glow layers
  ---
  duration_ms: 0.559792
  type: 'test'
  ...
# Subtest: a release at 2999ms cancels and never confirms
ok 848 - a release at 2999ms cancels and never confirms
  ---
  duration_ms: 2.016917
  type: 'test'
  ...
# Subtest: a release at exactly 3000ms confirms once
ok 849 - a release at exactly 3000ms confirms once
  ---
  duration_ms: 0.13825
  type: 'test'
  ...
# Subtest: one controller instance survives setup cleanup setup and can confirm after reactivation
ok 850 - one controller instance survives setup cleanup setup and can confirm after reactivation
  ---
  duration_ms: 0.16025
  type: 'test'
  ...
# Subtest: a stale RAF from a deactivated setup cannot update the reactivated gesture
ok 851 - a stale RAF from a deactivated setup cannot update the reactivated gesture
  ---
  duration_ms: 0.183
  type: 'test'
  ...
# Subtest: the controller cannot be configured with a threshold below 3000ms
ok 852 - the controller cannot be configured with a threshold below 3000ms
  ---
  duration_ms: 0.105041
  type: 'test'
  ...
# Subtest: time passing and RAF readiness never confirm before release
ok 853 - time passing and RAF readiness never confirm before release
  ---
  duration_ms: 0.093166
  type: 'test'
  ...
# Subtest: a backward clock reading cancels the gesture fail-closed
ok 854 - a backward clock reading cancels the gesture fail-closed
  ---
  duration_ms: 0.212875
  type: 'test'
  ...
# Subtest: a non-finite clock reading cancels the gesture fail-closed
ok 855 - a non-finite clock reading cancels the gesture fail-closed
  ---
  duration_ms: 0.34675
  type: 'test'
  ...
# Subtest: repeated releases cannot duplicate a completed gesture
ok 856 - repeated releases cannot duplicate a completed gesture
  ---
  duration_ms: 0.407584
  type: 'test'
  ...
# Subtest: moving outside the measured bounds cancels the gesture
ok 857 - moving outside the measured bounds cancels the gesture
  ---
  duration_ms: 0.960458
  type: 'test'
  ...
# Subtest: background termination and disabled changes cancel without confirming
ok 858 - background termination and disabled changes cancel without confirming
  ---
  duration_ms: 0.2485
  type: 'test'
  ...
# Subtest: disabling immediately before release rejects the current gesture
ok 859 - disabling immediately before release rejects the current gesture
  ---
  duration_ms: 0.213166
  type: 'test'
  ...
# Subtest: release is rejected while the controller is inactive
ok 860 - release is rejected while the controller is inactive
  ---
  duration_ms: 0.146
  type: 'test'
  ...
# Subtest: destroying the controller cancels a held gesture and ignores later input
ok 861 - destroying the controller cancels a held gesture and ignores later input
  ---
  duration_ms: 0.210333
  type: 'test'
  ...
# Subtest: a new gesture starts from zero after an early release and progress is clamped
ok 862 - a new gesture starts from zero after an early release and progress is clamped
  ---
  duration_ms: 0.099084
  type: 'test'
  ...
# Subtest: reset cancels a scheduled RAF and does not invoke the completion callback
ok 863 - reset cancels a scheduled RAF and does not invoke the completion callback
  ---
  duration_ms: 0.063917
  type: 'test'
  ...
# Subtest: the component wires native responder cancellation and a simple full-surface progress fill
ok 864 - the component wires native responder cancellation and a simple full-surface progress fill
  ---
  duration_ms: 0.488791
  type: 'test'
  ...
# Subtest: destructive text layers meet their contrast thresholds
ok 865 - destructive text layers meet their contrast thresholds
  ---
  duration_ms: 0.345833
  type: 'test'
  ...
# Subtest: navigation context owns the approved 16/22/600 semantic token
ok 866 - navigation context owns the approved 16/22/600 semantic token
  ---
  duration_ms: 1.248709
  type: 'test'
  ...
# Subtest: shared and goal headers preserve long context at 200 percent text
ok 867 - shared and goal headers preserve long context at 200 percent text
  ---
  duration_ms: 0.534958
  type: 'test'
  ...
# Subtest: back controls keep a 44 point target while context can reflow
ok 868 - back controls keep a 44 point target while context can reflow
  ---
  duration_ms: 0.176625
  type: 'test'
  ...
# Subtest: approved exceptions remain local and tab typography stays out of scope
ok 869 - approved exceptions remain local and tab typography stays out of scope
  ---
  duration_ms: 1.548208
  type: 'test'
  ...
# Subtest: goal error keeps the same accessible navigation context as loading and ready states
ok 870 - goal error keeps the same accessible navigation context as loading and ready states
  ---
  duration_ms: 0.18775
  type: 'test'
  ...
# Subtest: shared visual effects have one theme-token owner
ok 871 - shared visual effects have one theme-token owner
  ---
  duration_ms: 64.9025
  type: 'test'
  ...
# Subtest: screens and components resolve colors exclusively through the active theme
ok 872 - screens and components resolve colors exclusively through the active theme
  ---
  duration_ms: 13.043042
  type: 'test'
  ...
# Subtest: all branded navigation headers use the one AppShellHeader path
ok 873 - all branded navigation headers use the one AppShellHeader path
  ---
  duration_ms: 47.522208
  type: 'test'
  ...
# Subtest: answer review pending uses the shared review shell anatomy without fabricated values
ok 874 - answer review pending uses the shared review shell anatomy without fabricated values
  ---
  duration_ms: 0.290667
  type: 'test'
  ...
# Subtest: route coverage has one native or inline shell owner and preserves active-session specialization
ok 875 - route coverage has one native or inline shell owner and preserves active-session specialization
  ---
  duration_ms: 2.994625
  type: 'test'
  ...
# Subtest: the headerless practice route owns every Algorithms and Certification render branch
ok 876 - the headerless practice route owns every Algorithms and Certification render branch
  ---
  duration_ms: 0.677667
  type: 'test'
  ...
# Subtest: the shared header owns accessible back geometry and long-copy reflow without navigation fallback
ok 877 - the shared header owns accessible back geometry and long-copy reflow without navigation fallback
  ---
  duration_ms: 1.455542
  type: 'test'
  ...
# Subtest: Screen and SessionShell remain the only general and active-session page owners
ok 878 - Screen and SessionShell remain the only general and active-session page owners
  ---
  duration_ms: 12.565042
  type: 'test'
  ...
# Subtest: representative Home, Settings, setup, session, and result routes keep canonical ownership
ok 879 - representative Home, Settings, setup, session, and result routes keep canonical ownership
  ---
  duration_ms: 5.583667
  type: 'test'
  ...
# Subtest: Progress follows the current Figma section copy and 200% text contract
ok 880 - Progress follows the current Figma section copy and 200% text contract
  ---
  duration_ms: 0.844334
  type: 'test'
  ...
# Subtest: Activity rows preserve the variable-height Figma copy at large text
ok 881 - Activity rows preserve the variable-height Figma copy at large text
  ---
  duration_ms: 0.194542
  type: 'test'
  ...
# Subtest: simulation review remains explicitly unavailable
ok 882 - simulation review remains explicitly unavailable
  ---
  duration_ms: 0.114667
  type: 'test'
  ...
# Subtest: answer review keeps its explicit unavailable state
ok 883 - answer review keeps its explicit unavailable state
  ---
  duration_ms: 0.117958
  type: 'test'
  ...
# Subtest: simulation active shell uses the Figma question and action-footer variant
ok 884 - simulation active shell uses the Figma question and action-footer variant
  ---
  duration_ms: 0.491208
  type: 'test'
  ...
# Subtest: Practice setup keeps one canonical back action and recovery copy names learner-visible consequences
ok 885 - Practice setup keeps one canonical back action and recovery copy names learner-visible consequences
  ---
  duration_ms: 7.563833
  type: 'test'
  ...
# Subtest: lost-key recovery uses the typed failure code and the canonical hold-to-remove operation
ok 886 - lost-key recovery uses the typed failure code and the canonical hold-to-remove operation
  ---
  duration_ms: 1.209292
  type: 'test'
  ...
# Subtest: lost-key recovery keeps removal, success, error, and bootstrap transitions explicit
ok 887 - lost-key recovery keeps removal, success, error, and bootstrap transitions explicit
  ---
  duration_ms: 0.306792
  type: 'test'
  ...
# Subtest: manual lost-key retries are process-local and automatic bootstrap does not spend the limit
ok 888 - manual lost-key retries are process-local and automatic bootstrap does not spend the limit
  ---
  duration_ms: 0.164625
  type: 'test'
  ...
# Subtest: recovery surface centers recovery states and gives success its own concise layout
ok 889 - recovery surface centers recovery states and gives success its own concise layout
  ---
  duration_ms: 0.471208
  type: 'test'
  ...
# Subtest: unavailable active content is a typed gate with explicit abandon and retry paths
ok 890 - unavailable active content is a typed gate with explicit abandon and retry paths
  ---
  duration_ms: 0.109833
  type: 'test'
  ...
# Subtest: bootstrap diagnostics are wired only through the development branch as one structural observer
ok 891 - bootstrap diagnostics are wired only through the development branch as one structural observer
  ---
  duration_ms: 0.283834
  type: 'test'
  ...
# Subtest: the recovery presentation fixture is development-smoke only and never calls storage operations
ok 892 - the recovery presentation fixture is development-smoke only and never calls storage operations
  ---
  duration_ms: 0.259458
  type: 'test'
  ...
# Subtest: session fingerprint uses canonical artifact and occurrence identity
ok 893 - session fingerprint uses canonical artifact and occurrence identity
  ---
  duration_ms: 1.316667
  type: 'test'
  ...
# Subtest: counts only settled failed manual attempts and hides retry after five failures
ok 894 - counts only settled failed manual attempts and hides retry after five failures
  ---
  duration_ms: 0.781583
  type: 'test'
  ...
# Subtest: success closes the recovery episode and re-enables retries
ok 895 - success closes the recovery episode and re-enables retries
  ---
  duration_ms: 0.104459
  type: 'test'
  ...
# Subtest: background and rerender do not reset the process-local episode state
ok 896 - background and rerender do not reset the process-local episode state
  ---
  duration_ms: 0.071625
  type: 'test'
  ...
# Subtest: node package scope is null during transition without reading the stale selected profile
ok 897 - node package scope is null during transition without reading the stale selected profile
  ---
  duration_ms: 1.345958
  type: 'test'
  ...
# Subtest: Premium package errors have distinct localized-copy keys and actionable recovery policy
ok 898 - Premium package errors have distinct localized-copy keys and actionable recovery policy
  ---
  duration_ms: 3.40925
  type: 'test'
  ...
# Subtest: profile completion settles before lifecycle composition and resume authorization
ok 899 - profile completion settles before lifecycle composition and resume authorization
  ---
  duration_ms: 1.462791
  type: 'test'
  ...
# Subtest: application bootstrap wires account completion ahead of lifecycle composition
ok 900 - application bootstrap wires account completion ahead of lifecycle composition
  ---
  duration_ms: 0.61125
  type: 'test'
  ...
# Subtest: recovery locale uses the first device language and supports Polish regional tags
ok 901 - recovery locale uses the first device language and supports Polish regional tags
  ---
  duration_ms: 0.768125
  type: 'test'
  ...
# Subtest: recovery locale fails to English for unsupported or malformed native values
ok 902 - recovery locale fails to English for unsupported or malformed native values
  ---
  duration_ms: 0.106667
  type: 'test'
  ...
# Subtest: BESD14 exact two-unit payloads and preserved items match sources with retired identities absent
ok 903 - BESD14 exact two-unit payloads and preserved items match sources with retired identities absent
  ---
  duration_ms: 880.172708
  type: 'test'
  ...
# Subtest: BESD14 real pre-answer view models expose authored facts and controls without feedback or answer fields
ok 904 - BESD14 real pre-answer view models expose authored facts and controls without feedback or answer fields
  ---
  duration_ms: 1.459208
  type: 'test'
  ...
# Subtest: BESD14 fixed-ID scoring and authored Reason, Details and diagnostics survive every option and reversed order
ok 905 - BESD14 fixed-ID scoring and authored Reason, Details and diagnostics survive every option and reversed order
  ---
  duration_ms: 1.425209
  type: 'test'
  ...
# Subtest: BIZQ-01 bundled loader and pre-submit projection preserve the corrected source contract
ok 906 - BIZQ-01 bundled loader and pre-submit projection preserve the corrected source contract
  ---
  duration_ms: 960.099583
  type: 'test'
  ...
# Subtest: BIZQ-01 replaced identities from an old package do not enter current due retrieval
ok 907 - BIZQ-01 replaced identities from an old package do not enter current due retrieval
  ---
  duration_ms: 0.280208
  type: 'test'
  ...
# Subtest: current canonical bundle carries the exact reviewed source while pre-submit hides authored feedback
ok 908 - current canonical bundle carries the exact reviewed source while pre-submit hides authored feedback
  ---
  duration_ms: 433.462584
  type: 'test'
  ...
# Subtest: all24 saved legal permutations preserve every selected stable ID, score and authored feedback
ok 909 - all24 saved legal permutations preserve every selected stable ID, score and authored feedback
  ---
  duration_ms: 4.16775
  type: 'test'
  ...
# Subtest: real current Coding practice rejects an old-package active session instead of substituting new content
ok 910 - real current Coding practice rejects an old-package active session instead of substituting new content
  ---
  duration_ms: 11.352334
  type: 'test'
  ...
# Subtest: OOD16 frozen bindings cover the seven final 17-item payloads
ok 911 - OOD16 frozen bindings cover the seven final 17-item payloads
  ---
  duration_ms: 10.34475
  type: 'test'
  ...
# Subtest: OOD16 preserves the complete B01 source unit in the current artifact
ok 912 - OOD16 preserves the complete B01 source unit in the current artifact
  ---
  duration_ms: 824.818209
  type: 'test'
  ...
# Subtest: OOD16 OOD-N01-B02 source payloads, replacement identities and retired IDs are exact
ok 913 - OOD16 OOD-N01-B02 source payloads, replacement identities and retired IDs are exact
  ---
  duration_ms: 2.087084
  type: 'test'
  ...
# Subtest: OOD16 OOD-N01-B02 real choice scoring, accessibility and submitted feedback follow fixed option IDs
ok 914 - OOD16 OOD-N01-B02 real choice scoring, accessibility and submitted feedback follow fixed option IDs
  ---
  duration_ms: 2.857167
  type: 'test'
  ...
# Subtest: OOD16 OOD-N01-B03 source payloads, replacement identities and retired IDs are exact
ok 915 - OOD16 OOD-N01-B03 source payloads, replacement identities and retired IDs are exact
  ---
  duration_ms: 2.035333
  type: 'test'
  ...
# Subtest: OOD16 OOD-N01-B03 real choice scoring, accessibility and submitted feedback follow fixed option IDs
ok 916 - OOD16 OOD-N01-B03 real choice scoring, accessibility and submitted feedback follow fixed option IDs
  ---
  duration_ms: 1.103417
  type: 'test'
  ...
# Subtest: OOD16 OOD-N01-B04 source payloads, replacement identities and retired IDs are exact
ok 917 - OOD16 OOD-N01-B04 source payloads, replacement identities and retired IDs are exact
  ---
  duration_ms: 1.105375
  type: 'test'
  ...
# Subtest: OOD16 OOD-N01-B04 real choice scoring, accessibility and submitted feedback follow fixed option IDs
ok 918 - OOD16 OOD-N01-B04 real choice scoring, accessibility and submitted feedback follow fixed option IDs
  ---
  duration_ms: 0.898625
  type: 'test'
  ...
# Subtest: OOD16 OOD-N01-B05 source payloads, replacement identities and retired IDs are exact
ok 919 - OOD16 OOD-N01-B05 source payloads, replacement identities and retired IDs are exact
  ---
  duration_ms: 2.014291
  type: 'test'
  ...
# Subtest: OOD16 OOD-N01-B05 real choice scoring, accessibility and submitted feedback follow fixed option IDs
ok 920 - OOD16 OOD-N01-B05 real choice scoring, accessibility and submitted feedback follow fixed option IDs
  ---
  duration_ms: 1.458
  type: 'test'
  ...
# Subtest: OOD16 OOD-N01-B06 source payloads, replacement identities and retired IDs are exact
ok 921 - OOD16 OOD-N01-B06 source payloads, replacement identities and retired IDs are exact
  ---
  duration_ms: 1.932333
  type: 'test'
  ...
# Subtest: OOD16 OOD-N01-B06 real choice scoring, accessibility and submitted feedback follow fixed option IDs
ok 922 - OOD16 OOD-N01-B06 real choice scoring, accessibility and submitted feedback follow fixed option IDs
  ---
  duration_ms: 1.108083
  type: 'test'
  ...
# Subtest: OOD16 OOD-N01-B07 source payloads, replacement identities and retired IDs are exact
ok 923 - OOD16 OOD-N01-B07 source payloads, replacement identities and retired IDs are exact
  ---
  duration_ms: 1.775958
  type: 'test'
  ...
# Subtest: OOD16 OOD-N01-B07 real choice scoring, accessibility and submitted feedback follow fixed option IDs
ok 924 - OOD16 OOD-N01-B07 real choice scoring, accessibility and submitted feedback follow fixed option IDs
  ---
  duration_ms: 1.130542
  type: 'test'
  ...
# Subtest: OOD16 OOD-N01-B08 source payloads, replacement identities and retired IDs are exact
ok 925 - OOD16 OOD-N01-B08 source payloads, replacement identities and retired IDs are exact
  ---
  duration_ms: 1.426541
  type: 'test'
  ...
# Subtest: OOD16 OOD-N01-B08 real choice scoring, accessibility and submitted feedback follow fixed option IDs
ok 926 - OOD16 OOD-N01-B08 real choice scoring, accessibility and submitted feedback follow fixed option IDs
  ---
  duration_ms: 0.970417
  type: 'test'
  ...
# Subtest: OOD16 all three actual canonical mode pools contain the full current 136-question node
ok 927 - OOD16 all three actual canonical mode pools contain the full current 136-question node
  ---
  duration_ms: 6.413042
  type: 'test'
  ...
# Subtest: OOD17 frozen bindings cover the eight frozen 19-item payloads
ok 928 - OOD17 frozen bindings cover the eight frozen 19-item payloads
  ---
  duration_ms: 7.529792
  type: 'test'
  ...
# Subtest: OOD17 preserves all 136 accepted N01 source and artifact objects
ok 929 - OOD17 preserves all 136 accepted N01 source and artifact objects
  ---
  duration_ms: 891.048791
  type: 'test'
  ...
# Subtest: OOD17 OOD-N02-B01 source payloads, replacement identities and retired IDs are exact
ok 930 - OOD17 OOD-N02-B01 source payloads, replacement identities and retired IDs are exact
  ---
  duration_ms: 2.190417
  type: 'test'
  ...
# Subtest: OOD17 OOD-N02-B01 real choice scoring, accessibility and submitted feedback follow fixed option IDs
ok 931 - OOD17 OOD-N02-B01 real choice scoring, accessibility and submitted feedback follow fixed option IDs
  ---
  duration_ms: 3.733
  type: 'test'
  ...
# Subtest: OOD17 OOD-N02-B02 source payloads, replacement identities and retired IDs are exact
ok 932 - OOD17 OOD-N02-B02 source payloads, replacement identities and retired IDs are exact
  ---
  duration_ms: 2.969417
  type: 'test'
  ...
# Subtest: OOD17 OOD-N02-B02 real choice scoring, accessibility and submitted feedback follow fixed option IDs
ok 933 - OOD17 OOD-N02-B02 real choice scoring, accessibility and submitted feedback follow fixed option IDs
  ---
  duration_ms: 1.2205
  type: 'test'
  ...
# Subtest: OOD17 OOD-N02-B03 source payloads, replacement identities and retired IDs are exact
ok 934 - OOD17 OOD-N02-B03 source payloads, replacement identities and retired IDs are exact
  ---
  duration_ms: 1.809792
  type: 'test'
  ...
# Subtest: OOD17 OOD-N02-B03 real choice scoring, accessibility and submitted feedback follow fixed option IDs
ok 935 - OOD17 OOD-N02-B03 real choice scoring, accessibility and submitted feedback follow fixed option IDs
  ---
  duration_ms: 1.103916
  type: 'test'
  ...
# Subtest: OOD17 OOD-N02-B04 source payloads, replacement identities and retired IDs are exact
ok 936 - OOD17 OOD-N02-B04 source payloads, replacement identities and retired IDs are exact
  ---
  duration_ms: 2.642791
  type: 'test'
  ...
# Subtest: OOD17 OOD-N02-B04 real choice scoring, accessibility and submitted feedback follow fixed option IDs
ok 937 - OOD17 OOD-N02-B04 real choice scoring, accessibility and submitted feedback follow fixed option IDs
  ---
  duration_ms: 1.910584
  type: 'test'
  ...
# Subtest: OOD17 OOD-N02-B05 source payloads, replacement identities and retired IDs are exact
ok 938 - OOD17 OOD-N02-B05 source payloads, replacement identities and retired IDs are exact
  ---
  duration_ms: 2.509792
  type: 'test'
  ...
# Subtest: OOD17 OOD-N02-B05 real choice scoring, accessibility and submitted feedback follow fixed option IDs
ok 939 - OOD17 OOD-N02-B05 real choice scoring, accessibility and submitted feedback follow fixed option IDs
  ---
  duration_ms: 1.638125
  type: 'test'
  ...
# Subtest: OOD17 OOD-N02-B06 source payloads, replacement identities and retired IDs are exact
ok 940 - OOD17 OOD-N02-B06 source payloads, replacement identities and retired IDs are exact
  ---
  duration_ms: 6.616917
  type: 'test'
  ...
# Subtest: OOD17 OOD-N02-B06 real choice scoring, accessibility and submitted feedback follow fixed option IDs
ok 941 - OOD17 OOD-N02-B06 real choice scoring, accessibility and submitted feedback follow fixed option IDs
  ---
  duration_ms: 1.58725
  type: 'test'
  ...
# Subtest: OOD17 OOD-N02-B07 source payloads, replacement identities and retired IDs are exact
ok 942 - OOD17 OOD-N02-B07 source payloads, replacement identities and retired IDs are exact
  ---
  duration_ms: 2.032625
  type: 'test'
  ...
# Subtest: OOD17 OOD-N02-B07 real choice scoring, accessibility and submitted feedback follow fixed option IDs
ok 943 - OOD17 OOD-N02-B07 real choice scoring, accessibility and submitted feedback follow fixed option IDs
  ---
  duration_ms: 2.216667
  type: 'test'
  ...
# Subtest: OOD17 OOD-N02-B08 source payloads, replacement identities and retired IDs are exact
ok 944 - OOD17 OOD-N02-B08 source payloads, replacement identities and retired IDs are exact
  ---
  duration_ms: 2.089292
  type: 'test'
  ...
# Subtest: OOD17 OOD-N02-B08 real choice scoring, accessibility and submitted feedback follow fixed option IDs
ok 945 - OOD17 OOD-N02-B08 real choice scoring, accessibility and submitted feedback follow fixed option IDs
  ---
  duration_ms: 7.154833
  type: 'test'
  ...
# Subtest: OOD17 N02 source quality does not widen the three ordinary N01 mode pools
ok 946 - OOD17 N02 source quality does not widen the three ordinary N01 mode pools
  ---
  duration_ms: 1.211333
  type: 'test'
  ...
# Subtest: OOD19 frozen bindings cover all nine reviewed 18-item payloads
ok 947 - OOD19 frozen bindings cover all nine reviewed 18-item payloads
  ---
  duration_ms: 20.952917
  type: 'test'
  ...
# Subtest: OOD19 preserves all 136 accepted N01 and 152 accepted N02 source and runtime objects
ok 948 - OOD19 preserves all 136 accepted N01 and 152 accepted N02 source and runtime objects
  ---
  duration_ms: 1003.810542
  type: 'test'
  ...
# Subtest: OOD19 OOD-N03-B01 source and runtime match frozen payload; predecessors are retired
ok 949 - OOD19 OOD-N03-B01 source and runtime match frozen payload; predecessors are retired
  ---
  duration_ms: 3.691667
  type: 'test'
  ...
# Subtest: OOD19 OOD-N03-B01 real scoring, reversed-option invariance and learner feedback use stable IDs
ok 950 - OOD19 OOD-N03-B01 real scoring, reversed-option invariance and learner feedback use stable IDs
  ---
  duration_ms: 3.105542
  type: 'test'
  ...
# Subtest: OOD19 OOD-N03-B02 source and runtime match frozen payload; predecessors are retired
ok 951 - OOD19 OOD-N03-B02 source and runtime match frozen payload; predecessors are retired
  ---
  duration_ms: 2.043
  type: 'test'
  ...
# Subtest: OOD19 OOD-N03-B02 real scoring, reversed-option invariance and learner feedback use stable IDs
ok 952 - OOD19 OOD-N03-B02 real scoring, reversed-option invariance and learner feedback use stable IDs
  ---
  duration_ms: 1.360458
  type: 'test'
  ...
# Subtest: OOD19 OOD-N03-B03 source and runtime match frozen payload; predecessors are retired
ok 953 - OOD19 OOD-N03-B03 source and runtime match frozen payload; predecessors are retired
  ---
  duration_ms: 2.437667
  type: 'test'
  ...
# Subtest: OOD19 OOD-N03-B03 real scoring, reversed-option invariance and learner feedback use stable IDs
ok 954 - OOD19 OOD-N03-B03 real scoring, reversed-option invariance and learner feedback use stable IDs
  ---
  duration_ms: 1.858625
  type: 'test'
  ...
# Subtest: OOD19 OOD-N03-B04 source and runtime match frozen payload; predecessors are retired
ok 955 - OOD19 OOD-N03-B04 source and runtime match frozen payload; predecessors are retired
  ---
  duration_ms: 6.138
  type: 'test'
  ...
# Subtest: OOD19 OOD-N03-B04 real scoring, reversed-option invariance and learner feedback use stable IDs
ok 956 - OOD19 OOD-N03-B04 real scoring, reversed-option invariance and learner feedback use stable IDs
  ---
  duration_ms: 2.489167
  type: 'test'
  ...
# Subtest: OOD19 OOD-N03-B05 source and runtime match frozen payload; predecessors are retired
ok 957 - OOD19 OOD-N03-B05 source and runtime match frozen payload; predecessors are retired
  ---
  duration_ms: 3.288625
  type: 'test'
  ...
# Subtest: OOD19 OOD-N03-B05 real scoring, reversed-option invariance and learner feedback use stable IDs
ok 958 - OOD19 OOD-N03-B05 real scoring, reversed-option invariance and learner feedback use stable IDs
  ---
  duration_ms: 1.225583
  type: 'test'
  ...
# Subtest: OOD19 OOD-N03-B06 source and runtime match frozen payload; predecessors are retired
ok 959 - OOD19 OOD-N03-B06 source and runtime match frozen payload; predecessors are retired
  ---
  duration_ms: 2.950875
  type: 'test'
  ...
# Subtest: OOD19 OOD-N03-B06 real scoring, reversed-option invariance and learner feedback use stable IDs
ok 960 - OOD19 OOD-N03-B06 real scoring, reversed-option invariance and learner feedback use stable IDs
  ---
  duration_ms: 6.519667
  type: 'test'
  ...
# Subtest: OOD19 OOD-N03-B07 source and runtime match frozen payload; predecessors are retired
ok 961 - OOD19 OOD-N03-B07 source and runtime match frozen payload; predecessors are retired
  ---
  duration_ms: 1.741791
  type: 'test'
  ...
# Subtest: OOD19 OOD-N03-B07 real scoring, reversed-option invariance and learner feedback use stable IDs
ok 962 - OOD19 OOD-N03-B07 real scoring, reversed-option invariance and learner feedback use stable IDs
  ---
  duration_ms: 6.372417
  type: 'test'
  ...
# Subtest: OOD19 OOD-N03-B08 source and runtime match frozen payload; predecessors are retired
ok 963 - OOD19 OOD-N03-B08 source and runtime match frozen payload; predecessors are retired
  ---
  duration_ms: 1.93275
  type: 'test'
  ...
# Subtest: OOD19 OOD-N03-B08 real scoring, reversed-option invariance and learner feedback use stable IDs
ok 964 - OOD19 OOD-N03-B08 real scoring, reversed-option invariance and learner feedback use stable IDs
  ---
  duration_ms: 2.977834
  type: 'test'
  ...
# Subtest: OOD19 OOD-N03-B09 source and runtime match frozen payload; predecessors are retired
ok 965 - OOD19 OOD-N03-B09 source and runtime match frozen payload; predecessors are retired
  ---
  duration_ms: 4.364583
  type: 'test'
  ...
# Subtest: OOD19 OOD-N03-B09 real scoring, reversed-option invariance and learner feedback use stable IDs
ok 966 - OOD19 OOD-N03-B09 real scoring, reversed-option invariance and learner feedback use stable IDs
  ---
  duration_ms: 1.412167
  type: 'test'
  ...
# Subtest: OOD19 leaves three ordinary N01 pools at 136 and does not grant N03 eligibility
ok 967 - OOD19 leaves three ordinary N01 pools at 136 and does not grant N03 eligibility
  ---
  duration_ms: 8.747333
  type: 'test'
  ...
# Subtest: OOD20 frozen bindings cover the nine reviewed N04 payloads and exact identity map
ok 968 - OOD20 frozen bindings cover the nine reviewed N04 payloads and exact identity map
  ---
  duration_ms: 15.263541
  type: 'test'
  ...
# Subtest: OOD20 OOD-N04-B01 source and loaded runtime match the fixed payload and retired identities
ok 969 - OOD20 OOD-N04-B01 source and loaded runtime match the fixed payload and retired identities
  ---
  duration_ms: 1060.041625
  type: 'test'
  ...
# Subtest: OOD20 OOD-N04-B02 source and loaded runtime match the fixed payload and retired identities
ok 970 - OOD20 OOD-N04-B02 source and loaded runtime match the fixed payload and retired identities
  ---
  duration_ms: 1.668917
  type: 'test'
  ...
# Subtest: OOD20 OOD-N04-B03 source and loaded runtime match the fixed payload and retired identities
ok 971 - OOD20 OOD-N04-B03 source and loaded runtime match the fixed payload and retired identities
  ---
  duration_ms: 1.353666
  type: 'test'
  ...
# Subtest: OOD20 OOD-N04-B04 source and loaded runtime match the fixed payload and retired identities
ok 972 - OOD20 OOD-N04-B04 source and loaded runtime match the fixed payload and retired identities
  ---
  duration_ms: 1.585458
  type: 'test'
  ...
# Subtest: OOD20 OOD-N04-B05 source and loaded runtime match the fixed payload and retired identities
ok 973 - OOD20 OOD-N04-B05 source and loaded runtime match the fixed payload and retired identities
  ---
  duration_ms: 2.58075
  type: 'test'
  ...
# Subtest: OOD20 OOD-N04-B06 source and loaded runtime match the fixed payload and retired identities
ok 974 - OOD20 OOD-N04-B06 source and loaded runtime match the fixed payload and retired identities
  ---
  duration_ms: 2.338
  type: 'test'
  ...
# Subtest: OOD20 OOD-N04-B07 source and loaded runtime match the fixed payload and retired identities
ok 975 - OOD20 OOD-N04-B07 source and loaded runtime match the fixed payload and retired identities
  ---
  duration_ms: 1.495166
  type: 'test'
  ...
# Subtest: OOD20 OOD-N04-B08 source and loaded runtime match the fixed payload and retired identities
ok 976 - OOD20 OOD-N04-B08 source and loaded runtime match the fixed payload and retired identities
  ---
  duration_ms: 1.603917
  type: 'test'
  ...
# Subtest: OOD20 OOD-N04-B09 source and loaded runtime match the fixed payload and retired identities
ok 977 - OOD20 OOD-N04-B09 source and loaded runtime match the fixed payload and retired identities
  ---
  duration_ms: 1.660667
  type: 'test'
  ...
# Subtest: OOD20 OOD-N04-B01 scoring, option order, feedback and pre-answer presentation use stable IDs
ok 978 - OOD20 OOD-N04-B01 scoring, option order, feedback and pre-answer presentation use stable IDs
  ---
  duration_ms: 3.169375
  type: 'test'
  ...
# Subtest: OOD20 OOD-N04-B02 scoring, option order, feedback and pre-answer presentation use stable IDs
ok 979 - OOD20 OOD-N04-B02 scoring, option order, feedback and pre-answer presentation use stable IDs
  ---
  duration_ms: 1.599833
  type: 'test'
  ...
# Subtest: OOD20 OOD-N04-B03 scoring, option order, feedback and pre-answer presentation use stable IDs
ok 980 - OOD20 OOD-N04-B03 scoring, option order, feedback and pre-answer presentation use stable IDs
  ---
  duration_ms: 1.589166
  type: 'test'
  ...
# Subtest: OOD20 OOD-N04-B04 scoring, option order, feedback and pre-answer presentation use stable IDs
ok 981 - OOD20 OOD-N04-B04 scoring, option order, feedback and pre-answer presentation use stable IDs
  ---
  duration_ms: 2.267333
  type: 'test'
  ...
# Subtest: OOD20 OOD-N04-B05 scoring, option order, feedback and pre-answer presentation use stable IDs
ok 982 - OOD20 OOD-N04-B05 scoring, option order, feedback and pre-answer presentation use stable IDs
  ---
  duration_ms: 4.271667
  type: 'test'
  ...
# Subtest: OOD20 OOD-N04-B06 scoring, option order, feedback and pre-answer presentation use stable IDs
ok 983 - OOD20 OOD-N04-B06 scoring, option order, feedback and pre-answer presentation use stable IDs
  ---
  duration_ms: 15.318875
  type: 'test'
  ...
# Subtest: OOD20 OOD-N04-B07 scoring, option order, feedback and pre-answer presentation use stable IDs
ok 984 - OOD20 OOD-N04-B07 scoring, option order, feedback and pre-answer presentation use stable IDs
  ---
  duration_ms: 5.470625
  type: 'test'
  ...
# Subtest: OOD20 OOD-N04-B08 scoring, option order, feedback and pre-answer presentation use stable IDs
ok 985 - OOD20 OOD-N04-B08 scoring, option order, feedback and pre-answer presentation use stable IDs
  ---
  duration_ms: 2.238333
  type: 'test'
  ...
# Subtest: OOD20 OOD-N04-B09 scoring, option order, feedback and pre-answer presentation use stable IDs
ok 986 - OOD20 OOD-N04-B09 scoring, option order, feedback and pre-answer presentation use stable IDs
  ---
  duration_ms: 1.572625
  type: 'test'
  ...
# Subtest: OOD20 leaves accepted node counts and the three ordinary N01 pools unchanged
ok 987 - OOD20 leaves accepted node counts and the three ordinary N01 pools unchanged
  ---
  duration_ms: 4.380417
  type: 'test'
  ...
# Subtest: OOD21 producer proof binds the frozen 153-item same-ID map and exact source files
ok 988 - OOD21 producer proof binds the frozen 153-item same-ID map and exact source files
  ---
  duration_ms: 43.254
  type: 'test'
  ...
# Subtest: OOD21 loaded runtime matches every fixed same-ID question object
ok 989 - OOD21 loaded runtime matches every fixed same-ID question object
  ---
  duration_ms: 1006.812958
  type: 'test'
  ...
# Subtest: OOD21 scoring, option-order reversal, feedback targets and pre-answer view use fixed IDs
ok 990 - OOD21 scoring, option-order reversal, feedback targets and pre-answer view use fixed IDs
  ---
  duration_ms: 48.052292
  type: 'test'
  ...
# Subtest: OOD21 preserves accepted N01-N04 node counts and the exact ordinary N01 pools
ok 991 - OOD21 preserves accepted N01-N04 node counts and the exact ordinary N01 pools
  ---
  duration_ms: 14.309666
  type: 'test'
  ...
# Subtest: OOD22 producer proof binds the frozen 180-item same-ID map and exact source files
ok 992 - OOD22 producer proof binds the frozen 180-item same-ID map and exact source files
  ---
  duration_ms: 67.080916
  type: 'test'
  ...
# Subtest: OOD22 loaded runtime matches every fixed same-ID question object
ok 993 - OOD22 loaded runtime matches every fixed same-ID question object
  ---
  duration_ms: 1186.428708
  type: 'test'
  ...
# Subtest: OOD22 scoring, option-order reversal, feedback targets and pre-answer view use fixed IDs
ok 994 - OOD22 scoring, option-order reversal, feedback targets and pre-answer view use fixed IDs
  ---
  duration_ms: 30.198542
  type: 'test'
  ...
# Subtest: OOD22 preserves accepted N01-N05 node counts and the exact ordinary N01 pools
ok 995 - OOD22 preserves accepted N01-N05 node counts and the exact ordinary N01 pools
  ---
  duration_ms: 10.717875
  type: 'test'
  ...
# Subtest: OOD19a applies exactly 25 Reason-only changes over immutable v19 payloads
ok 996 - OOD19a applies exactly 25 Reason-only changes over immutable v19 payloads
  ---
  duration_ms: 952.646875
  type: 'test'
  ...
# Subtest: OOD source replacement is the exact bundled and eligible canonical item with new scored option identities
ok 997 - OOD source replacement is the exact bundled and eligible canonical item with new scored option identities
  ---
  duration_ms: 851.166708
  type: 'test'
  ...
# Subtest: OOD12 consumer resolves only the source-bound completed switch outcomes replacement in the existing learning pool
ok 998 - OOD12 consumer resolves only the source-bound completed switch outcomes replacement in the existing learning pool
  ---
  duration_ms: 912.61875
  type: 'test'
  ...
# Subtest: OOD13 exact cohort is source-identical and eligible with retired identities absent
ok 999 - OOD13 exact cohort is source-identical and eligible with retired identities absent
  ---
  duration_ms: 862.271208
  type: 'test'
  ...
# Subtest: OOD13 reviewed answer identities score independently of option position with exact authored diagnostics
ok 1000 - OOD13 reviewed answer identities score independently of option position with exact authored diagnostics
  ---
  duration_ms: 2.774375
  type: 'test'
  ...
# Subtest: Design simulation profiles preserve exact per-track identity and reference-only evaluation
ok 1001 - Design simulation profiles preserve exact per-track identity and reference-only evaluation
  ---
  duration_ms: 396.609916
  type: 'test'
  ...
# Subtest: Design simulation schema rejects identity, stage, response, criteria, rubric, and semantic-scoring drift
ok 1002 - Design simulation schema rejects identity, stage, response, criteria, rubric, and semantic-scoring drift
  ---
  duration_ms: 618.40175
  type: 'test'
  ...
# Subtest: ProductModeConfig preserves the complete available 9-track mode matrix
ok 1003 - ProductModeConfig preserves the complete available 9-track mode matrix
  ---
  duration_ms: 2.165834
  type: 'test'
  ...
# Subtest: ODK-097 app Design modes stay in parity with the current producer profiles
ok 1004 - ODK-097 app Design modes stay in parity with the current producer profiles
  ---
  duration_ms: 2.784959
  type: 'test'
  ...
# Subtest: mode policies preserve feedback, elapsed timer, reinsert and evidence behavior
ok 1005 - mode policies preserve feedback, elapsed timer, reinsert and evidence behavior
  ---
  duration_ms: 0.214334
  type: 'test'
  ...
# Subtest: selection pools are non-empty, local, and large enough for every requested length
ok 1006 - selection pools are non-empty, local, and large enough for every requested length
  ---
  duration_ms: 100.604042
  type: 'test'
  ...
# Subtest: simulation mode is bound to the exact GCP profile, family, and mode
ok 1007 - simulation mode is bound to the exact GCP profile, family, and mode
  ---
  duration_ms: 0.490958
  type: 'test'
  ...
# Subtest: Coding Mock product mode binds only its declared Coding Interview profile
ok 1008 - Coding Mock product mode binds only its declared Coding Interview profile
  ---
  duration_ms: 0.137333
  type: 'test'
  ...
# Subtest: GCP Diagnostic preserves the verified exact ordered 40-question plan
ok 1009 - GCP Diagnostic preserves the verified exact ordered 40-question plan
  ---
  duration_ms: 0.185166
  type: 'test'
  ...
# Subtest: declared but uninstalled modes fail closed with a stable unavailable error
ok 1010 - declared but uninstalled modes fail closed with a stable unavailable error
  ---
  duration_ms: 0.191708
  type: 'test'
  ...
# Subtest: validated production configuration is recursively immutable
ok 1011 - validated production configuration is recursively immutable
  ---
  duration_ms: 0.281458
  type: 'test'
  ...
# Subtest: validator rejects duplicate, missing, additional, and non-canonical config shapes
ok 1012 - validator rejects duplicate, missing, additional, and non-canonical config shapes
  ---
  duration_ms: 1.106042
  type: 'test'
  ...
# Subtest: validator rejects foreign identities, empty pools, bad lengths, and policy mismatches
ok 1013 - validator rejects foreign identities, empty pools, bad lengths, and policy mismatches
  ---
  duration_ms: 1.442958
  type: 'test'
  ...
# Subtest: validator rejects foreign questions, Diagnostic reordering, bad evidence and unsupported interactions
ok 1014 - validator rejects foreign questions, Diagnostic reordering, bad evidence and unsupported interactions
  ---
  duration_ms: 997.788
  type: 'test'
  ...
# Subtest: validator rejects missing, duplicate, empty and foreign canonical artifacts
ok 1015 - validator rejects missing, duplicate, empty and foreign canonical artifacts
  ---
  duration_ms: 14969.985833
  type: 'test'
  ...
# Subtest: all nine canonical artifacts validate with exact inventory and stable learner whitespace
ok 1016 - all nine canonical artifacts validate with exact inventory and stable learner whitespace
  ---
  duration_ms: 564.031334
  type: 'test'
  ...
# Subtest: canonical scoring matches the producer oracle exhaustively
ok 1017 - canonical scoring matches the producer oracle exhaustively
  ---
  duration_ms: 1051.494
  type: 'test'
  ...
# Subtest: all interactions expose completeness and immutable AttemptResult semantics
ok 1018 - all interactions expose completeness and immutable AttemptResult semantics
  ---
  duration_ms: 7.008792
  type: 'test'
  ...
# Subtest: dimension scoring ignores inherited selections exactly like the producer oracle
ok 1019 - dimension scoring ignores inherited selections exactly like the producer oracle
  ---
  duration_ms: 16.028667
  type: 'test'
  ...
# Subtest: dimension responses reject sparse arrays and alias-normalization collisions
ok 1020 - dimension responses reject sparse arrays and alias-normalization collisions
  ---
  duration_ms: 3.585666
  type: 'test'
  ...
# Subtest: ordering response completeness rejects sparse own slots and inherited holes
ok 1021 - ordering response completeness rejects sparse own slots and inherited holes
  ---
  duration_ms: 3.881042
  type: 'test'
  ...
# Subtest: validator fails closed on exact keys, identities, membership and scoring consistency
ok 1022 - validator fails closed on exact keys, identities, membership and scoring consistency
  ---
  duration_ms: 191.909208
  type: 'test'
  ...
# Subtest: catalog verifies bytes before exposing frozen lookups and exact artifact metadata
ok 1023 - catalog verifies bytes before exposing frozen lookups and exact artifact metadata
  ---
  duration_ms: 524.107042
  type: 'test'
  ...
# Subtest: optional GCP simulation profile is strict, complete, immutable and covered by its artifact hash
ok 1024 - optional GCP simulation profile is strict, complete, immutable and covered by its artifact hash
  ---
  duration_ms: 2518.906
  type: 'test'
  ...
# Subtest: Coding Mock profile validation requires its strict declared ordered 40-question pool
ok 1025 - Coding Mock profile validation requires its strict declared ordered 40-question pool
  ---
  duration_ms: 694.694667
  type: 'test'
  ...
# Subtest: canonical runtime catalog exposes all locked tracks, modes, pools, and exact artifact identities
ok 1026 - canonical runtime catalog exposes all locked tracks, modes, pools, and exact artifact identities
  ---
  duration_ms: 1015.789292
  type: 'test'
  ...
# Subtest: injected loader failures are visible and do not poison the active cache
ok 1027 - injected loader failures are visible and do not poison the active cache
  ---
  duration_ms: 91.119125
  type: 'test'
  ...
# Subtest: canonical runtime catalog hashes artifacts sequentially and preserves artifact order
ok 1028 - canonical runtime catalog hashes artifacts sequentially and preserves artifact order
  ---
  duration_ms: 949.616834
  type: 'test'
  ...
# Subtest: public owner retries after a failed cached load and then preserves cache identity
ok 1029 - public owner retries after a failed cached load and then preserves cache identity
  ---
  duration_ms: 7705.299917
  type: 'test'
  ...
# Subtest: canonical runtime catalog caches only a validated active catalog
ok 1030 - canonical runtime catalog caches only a validated active catalog
  ---
  duration_ms: 0.323791
  type: 'test'
  ...
# Subtest: historical content release lock remains covered by frozen release manifests
ok 1031 - historical content release lock remains covered by frozen release manifests
  ---
  duration_ms: 5532.810583
  type: 'test'
  ...
# Subtest: bundled canonical release matches the current producer builder
ok 1032 - bundled canonical release matches the current producer builder
  ---
  duration_ms: 7807.0635
  type: 'test'
  ...
# Subtest: current canonical builder preserves the ODK-096 inventory and approved AWS identity without repinning history
ok 1033 - current canonical builder preserves the ODK-096 inventory and approved AWS identity without repinning history
  ---
  duration_ms: 5104.75275
  type: 'test'
  ...
# Subtest: node package verifier enforces exact transport headers, hashes, schema and app minimum
ok 1034 - node package verifier enforces exact transport headers, hashes, schema and app minimum
  ---
  duration_ms: 51.555167
  type: 'test'
  ...
# Subtest: install keeps old exact package resolvable after new activation and rolls back on failed reread or activation
ok 1035 - install keeps old exact package resolvable after new activation and rolls back on failed reread or activation
  ---
  duration_ms: 1018.992083
  type: 'test'
  ...
# Subtest: installed exact cache is isolated across profile changes and lazily rehydrates on return
ok 1036 - installed exact cache is isolated across profile changes and lazily rehydrates on return
  ---
  duration_ms: 643.290958
  type: 'test'
  ...
# Subtest: stale profile hydration cannot register records after an in-flight profile switch
ok 1037 - stale profile hydration cannot register records after an in-flight profile switch
  ---
  duration_ms: 624.463167
  type: 'test'
  ...
# Subtest: package hash and gzip output size reject corrupt, oversized, and truncated packages
ok 1038 - package hash and gzip output size reject corrupt, oversized, and truncated packages
  ---
  duration_ms: 0.807166
  type: 'test'
  ...
# Subtest: 404 and interrupted downloads do not replace an active package
ok 1039 - 404 and interrupted downloads do not replace an active package
  ---
  duration_ms: 0.960708
  type: 'test'
  ...
# Subtest: backend package admission failures keep their typed status and code
ok 1040 - backend package admission failures keep their typed status and code
  ---
  duration_ms: 1.022791
  type: 'test'
  ...
# Subtest: filesystem adapter leaves the old MMKV pointer on move or pointer-write failure and keeps valid history
ok 1041 - filesystem adapter leaves the old MMKV pointer on move or pointer-write failure and keeps valid history
  ---
  duration_ms: 2122.718709
  type: 'test'
  ...
# Subtest: pointer activation rolls back after a write-then-throw and a mismatching read-back
ok 1042 - pointer activation rolls back after a write-then-throw and a mismatching read-back
  ---
  duration_ms: 4.37025
  type: 'test'
  ...
# Subtest: retry replaces only an inactive partial final left by an interrupted file move
ok 1043 - retry replaces only an inactive partial final left by an interrupted file move
  ---
  duration_ms: 5.134375
  type: 'test'
  ...
# Subtest: canonical admission exposes nine launch tracks
ok 1044 - canonical admission exposes nine launch tracks
  ---
  duration_ms: 1390.980042
  type: 'test'
  ...
# Subtest: Coding Mock stays outside ordinary modes and resolves its exact declared profile
ok 1045 - Coding Mock stays outside ordinary modes and resolves its exact declared profile
  ---
  duration_ms: 0.45425
  type: 'test'
  ...
# Subtest: content report description is optional, trimmed and bounded
ok 1046 - content report description is optional, trimmed and bounded
  ---
  duration_ms: 3.560042
  type: 'test'
  ...
# Subtest: content report description rejects obvious contact and secret data
ok 1047 - content report description rejects obvious contact and secret data
  ---
  duration_ms: 0.563459
  type: 'test'
  ...
# Subtest: ordinary technical language is not mistaken for a secret
ok 1048 - ordinary technical language is not mistaken for a secret
  ---
  duration_ms: 0.086541
  type: 'test'
  ...
# Subtest: a new family carries payload, response, result, and evidence without a global union
ok 1049 - a new family carries payload, response, result, and evidence without a global union
  ---
  duration_ms: 4.905959
  type: 'test'
  ...
# Subtest: kernel accepts open track ids and enforces canonical session invariants
ok 1050 - kernel accepts open track ids and enforces canonical session invariants
  ---
  duration_ms: 3.119875
  type: 'test'
  ...
# Subtest: attempt result constructor enforces kind, range, and component totals
ok 1051 - attempt result constructor enforces kind, range, and component totals
  ---
  duration_ms: 18.7605
  type: 'test'
  ...
# Subtest: attempt, evidence, reasons, and learning evidence stay family neutral
ok 1052 - attempt, evidence, reasons, and learning evidence stay family neutral
  ---
  duration_ms: 4.8515
  type: 'test'
  ...
# Subtest: lifecycle record guards and completed-result coverage are explicit
ok 1053 - lifecycle record guards and completed-result coverage are explicit
  ---
  duration_ms: 1.27425
  type: 'test'
  ...
# Subtest: LearningPlan v1 guard requires the complete strict shape and canonical slot order
ok 1054 - LearningPlan v1 guard requires the complete strict shape and canonical slot order
  ---
  duration_ms: 48.027167
  type: 'test'
  ...
# Subtest: accepted target snapshot follows T4 goal meaning and canonical null dates
ok 1055 - accepted target snapshot follows T4 goal meaning and canonical null dates
  ---
  duration_ms: 1.174542
  type: 'test'
  ...
# Subtest: generates one stable 18:00 slot per normalized preferred day for every goal type
ok 1056 - generates one stable 18:00 slot per normalized preferred day for every goal type
  ---
  duration_ms: 48.668833
  type: 'test'
  ...
# Subtest: uses due review priority, otherwise package scope, without item identifiers
ok 1057 - uses due review priority, otherwise package scope, without item identifiers
  ---
  duration_ms: 0.58725
  type: 'test'
  ...
# Subtest: event boundaries are strict-before while deadline and checkpoint are inclusive
ok 1058 - event boundaries are strict-before while deadline and checkpoint are inclusive
  ---
  duration_ms: 1.029
  type: 'test'
  ...
# Subtest: missing target date is open-ended before an unknown completion rule
ok 1059 - missing target date is open-ended before an unknown completion rule
  ---
  duration_ms: 0.476917
  type: 'test'
  ...
# Subtest: C3 unknown is explicit with a target; in-progress uses remaining attempts and completed has no remaining work
ok 1060 - C3 unknown is explicit with a target; in-progress uses remaining attempts and completed has no remaining work
  ---
  duration_ms: 1.231792
  type: 'test'
  ...
# Subtest: S12 is the only capacity source and shortfall preserves all counts without slots or attainability
ok 1061 - S12 is the only capacity source and shortfall preserves all counts without slots or attainability
  ---
  duration_ms: 1.300208
  type: 'test'
  ...
# Subtest: leap-day and DST-neutral occurrence counting use calendar dates, not elapsed local milliseconds
ok 1062 - leap-day and DST-neutral occurrence counting use calendar dates, not elapsed local milliseconds
  ---
  duration_ms: 2.21375
  type: 'test'
  ...
# Subtest: does not mutate preferred day order or mutable input values and returns frozen output
ok 1063 - does not mutate preferred day order or mutable input values and returns frozen output
  ---
  duration_ms: 1.998167
  type: 'test'
  ...
# Subtest: rejects malformed or inconsistent input with the one explicit error class
ok 1064 - rejects malformed or inconsistent input with the one explicit error class
  ---
  duration_ms: 2.740875
  type: 'test'
  ...
# Subtest: uses the explicit formulas, includes today, and excludes an event target day
ok 1065 - uses the explicit formulas, includes today, and excludes an event target day
  ---
  duration_ms: 56.93125
  type: 'test'
  ...
# Subtest: minimum observation age is inclusive: six days gives seven days, five gives six
ok 1066 - minimum observation age is inclusive: six days gives seven days, five gives six
  ---
  duration_ms: 38.885208
  type: 'test'
  ...
# Subtest: trend starts at thirteen days and applies strict ten-percent boundaries
ok 1067 - trend starts at thirteen days and applies strict ten-percent boundaries
  ---
  duration_ms: 40.305834
  type: 'test'
  ...
# Subtest: trend handles zero-to-zero, zero-to-positive, and positive-to-zero windows after age fourteen
ok 1068 - trend handles zero-to-zero, zero-to-positive, and positive-to-zero windows after age fourteen
  ---
  duration_ms: 3.215458
  type: 'test'
  ...
# Subtest: completed work is zero work even without future occurrences or observations
ok 1069 - completed work is zero work even without future occurrences or observations
  ---
  duration_ms: 1.460666
  type: 'test'
  ...
# Subtest: returns each honest unavailable business reason
ok 1070 - returns each honest unavailable business reason
  ---
  duration_ms: 4.917708
  type: 'test'
  ...
# Subtest: requires a concrete non-negative completion requirement
ok 1071 - requires a concrete non-negative completion requirement
  ---
  duration_ms: 3.605291
  type: 'test'
  ...
# Subtest: returns calculation_error when the projected calendar date is not representable
ok 1072 - returns calculation_error when the projected calendar date is not representable
  ---
  duration_ms: 0.64775
  type: 'test'
  ...
# Subtest: uses full immutable facts and does not double-count session questions
ok 1073 - uses full immutable facts and does not double-count session questions
  ---
  duration_ms: 2.524708
  type: 'test'
  ...
# Subtest: handles DST, leap-day calendar arithmetic, and today occurrences without elapsed milliseconds
ok 1074 - handles DST, leap-day calendar arithmetic, and today occurrences without elapsed milliseconds
  ---
  duration_ms: 2.519709
  type: 'test'
  ...
# Subtest: rejects malformed numbers, dates, timezones, future facts, and inconsistent sessions
ok 1075 - rejects malformed numbers, dates, timezones, future facts, and inconsistent sessions
  ---
  duration_ms: 2.140291
  type: 'test'
  ...
# Subtest: completion rule validates explicit v1 bounds
ok 1076 - completion rule validates explicit v1 bounds
  ---
  duration_ms: 1.801208
  type: 'test'
  ...
# Subtest: completion is unknown without a package rule and otherwise uses the exact rolling window
ok 1077 - completion is unknown without a package rule and otherwise uses the exact rolling window
  ---
  duration_ms: 44.365167
  type: 'test'
  ...
# Subtest: completion filters full package identity, deduplicates exact retries, and rejects malformed or conflicting durable evidence
ok 1078 - completion filters full package identity, deduplicates exact retries, and rejects malformed or conflicting durable evidence
  ---
  duration_ms: 1.203167
  type: 'test'
  ...
# Subtest: same instant ordering is stable by id
ok 1079 - same instant ordering is stable by id
  ---
  duration_ms: 0.225583
  type: 'test'
  ...
# Subtest: ResolvedContentRef has exactly four canonical-safe fields and is frozen
ok 1080 - ResolvedContentRef has exactly four canonical-safe fields and is frozen
  ---
  duration_ms: 1.797042
  type: 'test'
  ...
# Subtest: ResolvedContentRef rejects null, extra fields, unsafe identities, and SHA casing without normalization
ok 1081 - ResolvedContentRef rejects null, extra fields, unsafe identities, and SHA casing without normalization
  ---
  duration_ms: 0.441375
  type: 'test'
  ...
# Subtest: ResolvedContentRef key is versioned, deterministic, and field-boundary safe
ok 1082 - ResolvedContentRef key is versioned, deterministic, and field-boundary safe
  ---
  duration_ms: 0.293375
  type: 'test'
  ...
# Subtest: tombstones are immutable, tagged, minimal, and contain no recursive legacy fields
ok 1083 - tombstones are immutable, tagged, minimal, and contain no recursive legacy fields
  ---
  duration_ms: 0.24875
  type: 'test'
  ...
# Subtest: resolution result is exact, frozen, and distinguishes resolved from tombstone
ok 1084 - resolution result is exact, frozen, and distinguishes resolved from tombstone
  ---
  duration_ms: 0.287458
  type: 'test'
  ...
# Subtest: public domain barrel exposes strict contracts but not the legacy decoder/mapper
ok 1085 - public domain barrel exposes strict contracts but not the legacy decoder/mapper
  ---
  duration_ms: 0.070291
  type: 'test'
  ...
# Subtest: registry resolves current tracks in canonical launch order without a default
ok 1086 - registry resolves current tracks in canonical launch order without a default
  ---
  duration_ms: 1.846834
  type: 'test'
  ...
# Subtest: a new track and family register without modifying the learning kernel
ok 1087 - a new track and family register without modifying the learning kernel
  ---
  duration_ms: 0.144
  type: 'test'
  ...
# Subtest: incorrect and partial attempts create remediation entries with source and taxonomy evidence
ok 1088 - incorrect and partial attempts create remediation entries with source and taxonomy evidence
  ---
  duration_ms: 5.504958
  type: 'test'
  ...
# Subtest: correct Algorithms attempt creates scheduled retrieval while correct Certification attempt creates none
ok 1089 - correct Algorithms attempt creates scheduled retrieval while correct Certification attempt creates none
  ---
  duration_ms: 0.779083
  type: 'test'
  ...
# Subtest: review transition counts only after due, resets on incorrect and partial, and resolves after two eligible successes
ok 1090 - review transition counts only after due, resets on incorrect and partial, and resolves after two eligible successes
  ---
  duration_ms: 0.747542
  type: 'test'
  ...
# Subtest: same-session correction does not resolve persistent review and only canonical reasons exist
ok 1091 - same-session correction does not resolve persistent review and only canonical reasons exist
  ---
  duration_ms: 0.301959
  type: 'test'
  ...
# Subtest: ordinary Algorithms practice cannot resolve persistent review after due
ok 1092 - ordinary Algorithms practice cannot resolve persistent review after due
  ---
  duration_ms: 0.199875
  type: 'test'
  ...
# Subtest: session creation preserves requested and actual lengths, immutable item order, option order, and no response
ok 1093 - session creation preserves requested and actual lengths, immutable item order, option order, and no response
  ---
  duration_ms: 2.109875
  type: 'test'
  ...
# Subtest: active session advances and persisted current position resumes deterministically
ok 1094 - active session advances and persisted current position resumes deterministically
  ---
  duration_ms: 0.324625
  type: 'test'
  ...
# Subtest: session supports valid direct navigation but rejects an invalid item index
ok 1095 - session supports valid direct navigation but rejects an invalid item index
  ---
  duration_ms: 0.353292
  type: 'test'
  ...
# Subtest: completion fixes position at the final item and cannot advance
ok 1096 - completion fixes position at the final item and cannot advance
  ---
  duration_ms: 0.360542
  type: 'test'
  ...
# Subtest: abandonment preserves committed position and cannot advance
ok 1097 - abandonment preserves committed position and cannot advance
  ---
  duration_ms: 0.143875
  type: 'test'
  ...
# Subtest: session rejects mismatched track, content version, duplicate references, and invalid completion position
ok 1098 - session rejects mismatched track, content version, duplicate references, and invalid completion position
  ---
  duration_ms: 0.182541
  type: 'test'
  ...
# Subtest: runtime admission resolves the exact candidate lock for every canonical launch track
ok 1099 - runtime admission resolves the exact candidate lock for every canonical launch track
  ---
  duration_ms: 763.629708
  type: 'test'
  ...
# Subtest: pending status waits while the target is not reflected by both identity sources
ok 1100 - pending status waits while the target is not reflected by both identity sources
  ---
  duration_ms: 0.742708
  type: 'test'
  ...
# Subtest: pending status confirms only matching verified Firebase and backend identities
ok 1101 - pending status confirms only matching verified Firebase and backend identities
  ---
  duration_ms: 0.151333
  type: 'test'
  ...
# Subtest: one-sided email or verification agreement remains waiting
ok 1102 - one-sided email or verification agreement remains waiting
  ---
  duration_ms: 0.107167
  type: 'test'
  ...
# Subtest: a different authenticated UID is unavailable and does not expose the old request as success
ok 1103 - a different authenticated UID is unavailable and does not expose the old request as success
  ---
  duration_ms: 0.05725
  type: 'test'
  ...
# Subtest: refresh failure takes priority over matching cached identity data
ok 1104 - refresh failure takes priority over matching cached identity data
  ---
  duration_ms: 0.056875
  type: 'test'
  ...
# Subtest: legacy recovery-code retry keeps an invalid credential on its password field
ok 1105 - legacy recovery-code retry keeps an invalid credential on its password field
  ---
  duration_ms: 16.177875
  type: 'test'
  ...
# Subtest: delete account switches from identity confirmation to the hold action
ok 1106 - delete account switches from identity confirmation to the hold action
  ---
  duration_ms: 18.346458
  type: 'test'
  ...
# Subtest: delete account password failures stay attached to Password
ok 1107 - delete account password failures stay attached to Password
  ---
  duration_ms: 2.367833
  type: 'test'
  ...
# Subtest: email validation identifies the address field for all sign-in providers
ok 1108 - email validation identifies the address field for all sign-in providers
  ---
  duration_ms: 0.815917
  type: 'test'
  ...
# Subtest: reauthentication errors identify a password only when that field exists
ok 1109 - reauthentication errors identify a password only when that field exists
  ---
  duration_ms: 0.214583
  type: 'test'
  ...
# Subtest: password change validation identifies the edited password field
ok 1110 - password change validation identifies the edited password field
  ---
  duration_ms: 0.121375
  type: 'test'
  ...
# Subtest: recovery-code wrong-password failures identify the current password
ok 1111 - recovery-code wrong-password failures identify the current password
  ---
  duration_ms: 0.067917
  type: 'test'
  ...
# Subtest: general errors and non-field security failures retain their existing banner presentation
ok 1112 - general errors and non-field security failures retain their existing banner presentation
  ---
  duration_ms: 0.092333
  type: 'test'
  ...
# Subtest: editing another field preserves its error; editing the affected field clears it
ok 1113 - editing another field preserves its error; editing the affected field clears it
  ---
  duration_ms: 0.223625
  type: 'test'
  ...
# Subtest: password-change field errors use the localized field-specific copy
ok 1114 - password-change field errors use the localized field-specific copy
  ---
  duration_ms: 3.244959
  type: 'test'
  ...
# Subtest: welcome screen keeps its mark, localized copy, and entry actions
ok 1115 - welcome screen keeps its mark, localized copy, and entry actions
  ---
  duration_ms: 1.031292
  type: 'test'
  ...
# Subtest: a recovery-code operation for a different account keeps codes hidden and offers explicit sign-in resolution
ok 1116 - a recovery-code operation for a different account keeps codes hidden and offers explicit sign-in resolution
  ---
  duration_ms: 0.889709
  type: 'test'
  ...
# Subtest: a confirmed account mismatch offers a separately explicit current-account transition
ok 1117 - a confirmed account mismatch offers a separately explicit current-account transition
  ---
  duration_ms: 0.11225
  type: 'test'
  ...
# Subtest: missing generation does not offer a defer action and deferred codes remain hidden
ok 1118 - missing generation does not offer a defer action and deferred codes remain hidden
  ---
  duration_ms: 0.180334
  type: 'test'
  ...
# Subtest: unconfirmed delivery keeps unsaved codes available and offers an explicit status retry
ok 1119 - unconfirmed delivery keeps unsaved codes available and offers an explicit status retry
  ---
  duration_ms: 0.067917
  type: 'test'
  ...
# Subtest: available result with persisted saved intent hides codes and offers an explicit ACK retry
ok 1120 - available result with persisted saved intent hides codes and offers an explicit ACK retry
  ---
  duration_ms: 0.064042
  type: 'test'
  ...
# Subtest: unconfirmed or blocked saved intent does not promise an available ACK
ok 1121 - unconfirmed or blocked saved intent does not promise an available ACK
  ---
  duration_ms: 0.239417
  type: 'test'
  ...
# Subtest: acknowledged issue is terminal and no longer blocks a replacement chosen by the user
ok 1122 - acknowledged issue is terminal and no longer blocks a replacement chosen by the user
  ---
  duration_ms: 0.055959
  type: 'test'
  ...
# Subtest: server-confirmed non-acknowledged terminal status requires an explicit continue action
ok 1123 - server-confirmed non-acknowledged terminal status requires an explicit continue action
  ---
  duration_ms: 0.059916
  type: 'test'
  ...
# Subtest: a consume operation for another account offers explicit resume without an automatic retry
ok 1124 - a consume operation for another account offers explicit resume without an automatic retry
  ---
  duration_ms: 0.198792
  type: 'test'
  ...
# Subtest: loading or unavailable vault state blocks code issuance until recovery state is known
ok 1125 - loading or unavailable vault state blocks code issuance until recovery state is known
  ---
  duration_ms: 0.390208
  type: 'test'
  ...
# Subtest: all account locales provide the recovery operation states and explicit mismatch actions
ok 1126 - all account locales provide the recovery operation states and explicit mismatch actions
  ---
  duration_ms: 1.303834
  type: 'test'
  ...
# Subtest: recovery panel resolves nested messages with the app's flat-key configuration
ok 1127 - recovery panel resolves nested messages with the app's flat-key configuration
  ---
  duration_ms: 16.937291
  type: 'test'
  ...
# Subtest: terminal continuation does not render a wrong-account warning
ok 1128 - terminal continuation does not render a wrong-account warning
  ---
  duration_ms: 0.238292
  type: 'test'
  ...
# Subtest: analytics lookup uses canonical identity
ok 1129 - analytics lookup uses canonical identity
  ---
  duration_ms: 1109.488834
  type: 'test'
  ...
# Subtest: Certification Exam runner uses exact resume, route-keyed reads and expired result navigation
ok 1130 - Certification Exam runner uses exact resume, route-keyed reads and expired result navigation
  ---
  duration_ms: 0.825541
  type: 'test'
  ...
# Subtest: exam response changes persist the canonical choice response before publishing the refreshed selection
ok 1131 - exam response changes persist the canonical choice response before publishing the refreshed selection
  ---
  duration_ms: 0.996458
  type: 'test'
  ...
# Subtest: all exam draft writes and navigation share one in-flight action lane
ok 1132 - all exam draft writes and navigation share one in-flight action lane
  ---
  duration_ms: 1.169542
  type: 'test'
  ...
# Subtest: a durable navigator move closes the navigator while a failed projection read exposes retry
ok 1133 - a durable navigator move closes the navigator while a failed projection read exposes retry
  ---
  duration_ms: 0.141208
  type: 'test'
  ...
# Subtest: exam actions describe navigation and finish confirmation, including unanswered questions
ok 1134 - exam actions describe navigation and finish confirmation, including unanswered questions
  ---
  duration_ms: 0.12525
  type: 'test'
  ...
# Subtest: review fixture accepts only named development smoke cases and exact deep links
ok 1135 - review fixture accepts only named development smoke cases and exact deep links
  ---
  duration_ms: 1.597334
  type: 'test'
  ...
# Subtest: reopening the same fixture case creates a fresh launch identity
ok 1136 - reopening the same fixture case creates a fresh launch identity
  ---
  duration_ms: 0.127958
  type: 'test'
  ...
# Subtest: fixture readers are optional screen seams and production readers remain the default
ok 1137 - fixture readers are optional screen seams and production readers remain the default
  ---
  duration_ms: 1.815167
  type: 'test'
  ...
# Subtest: fixture creates validator-approved fixed-50 canonical evidence without partial or persistence shortcuts
ok 1138 - fixture creates validator-approved fixed-50 canonical evidence without partial or persistence shortcuts
  ---
  duration_ms: 1053.440542
  type: 'test'
  ...
# Subtest: memory readers require the fixture session identity and preserve read-only evidence
ok 1139 - memory readers require the fixture session identity and preserve read-only evidence
  ---
  duration_ms: 86.764542
  type: 'test'
  ...
# Subtest: ready fixture calls the supplied opener with each exact projected source URL
ok 1140 - ready fixture calls the supplied opener with each exact projected source URL
  ---
  duration_ms: 81.4225
  type: 'test'
  ...
# Subtest: source-failure fixture records exact opener attempt but never calls external URL opening
ok 1141 - source-failure fixture records exact opener attempt but never calls external URL opening
  ---
  duration_ms: 139.080167
  type: 'test'
  ...
# Subtest: practice answer matrix exposes actual completed summary, five feedback previews, and full review
ok 1142 - practice answer matrix exposes actual completed summary, five feedback previews, and full review
  ---
  duration_ms: 55.227792
  type: 'test'
  ...
# Subtest: Metro disabled runtime is explicitly unavailable outside smoke
ok 1143 - Metro disabled runtime is explicitly unavailable outside smoke
  ---
  duration_ms: 0.519875
  type: 'test'
  ...
# Subtest: completed single-select review distinguishes the learner answer from the omitted correct answer
ok 1144 - completed single-select review distinguishes the learner answer from the omitted correct answer
  ---
  duration_ms: 1.565333
  type: 'test'
  ...
# Subtest: completed multi-select review preserves every selected, correct and omitted state
ok 1145 - completed multi-select review preserves every selected, correct and omitted state
  ---
  duration_ms: 0.236458
  type: 'test'
  ...
# Subtest: a request change makes an in-flight interval refresh stale before publication
ok 1146 - a request change makes an in-flight interval refresh stale before publication
  ---
  duration_ms: 4.877917
  type: 'test'
  ...
# Subtest: a newer same-request refresh wins over an older success
ok 1147 - a newer same-request refresh wins over an older success
  ---
  duration_ms: 0.490833
  type: 'test'
  ...
# Subtest: slow overlapping interval reads keep publishing when they complete in order
ok 1148 - slow overlapping interval reads keep publishing when they complete in order
  ---
  duration_ms: 0.538084
  type: 'test'
  ...
# Subtest: a newer successful refresh suppresses an older error
ok 1149 - a newer successful refresh suppresses an older error
  ---
  duration_ms: 1.455459
  type: 'test'
  ...
# Subtest: a newer successful refresh suppresses an older expiry
ok 1150 - a newer successful refresh suppresses an older expiry
  ---
  duration_ms: 0.09875
  type: 'test'
  ...
# Subtest: a newer same-request rejection wins over an older success
ok 1151 - a newer same-request rejection wins over an older success
  ---
  duration_ms: 0.140375
  type: 'test'
  ...
# Subtest: a newer same-request expiry wins over an older success
ok 1152 - a newer same-request expiry wins over an older success
  ---
  duration_ms: 0.183792
  type: 'test'
  ...
# Subtest: unmount cleanup invalidates an in-flight expiry read before publication
ok 1153 - unmount cleanup invalidates an in-flight expiry read before publication
  ---
  duration_ms: 0.173834
  type: 'test'
  ...
# Subtest: request change during start-on-miss prevents starting or rereading a replacement exam
ok 1154 - request change during start-on-miss prevents starting or rereading a replacement exam
  ---
  duration_ms: 0.359958
  type: 'test'
  ...
# Subtest: unmount cleanup during start-on-miss prevents the after-start interval read
ok 1155 - unmount cleanup during start-on-miss prevents the after-start interval read
  ---
  duration_ms: 0.457083
  type: 'test'
  ...
# Subtest: current start-on-miss refreshes after the new exam is started
ok 1156 - current start-on-miss refreshes after the new exam is started
  ---
  duration_ms: 0.134375
  type: 'test'
  ...
# Subtest: request change during expected resume prevents the old session from publishing
ok 1157 - request change during expected resume prevents the old session from publishing
  ---
  duration_ms: 0.092959
  type: 'test'
  ...
# Subtest: expected resume failure never falls back to starting a new exam
ok 1158 - expected resume failure never falls back to starting a new exam
  ---
  duration_ms: 0.11025
  type: 'test'
  ...
# Subtest: the current expiry outcome carries its session id for guarded navigation
ok 1159 - the current expiry outcome carries its session id for guarded navigation
  ---
  duration_ms: 0.064167
  type: 'test'
  ...
# Subtest: Exam Review has one local header owner and returns to the exact result session
ok 1160 - Exam Review has one local header owner and returns to the exact result session
  ---
  duration_ms: 1.097542
  type: 'test'
  ...
# Subtest: Previous and Next preserve their question navigation and boundary disabling
ok 1161 - Previous and Next preserve their question navigation and boundary disabling
  ---
  duration_ms: 0.232083
  type: 'test'
  ...
# Subtest: Unanswered uses shared feedback with complete details expanded and reporting unchanged
ok 1162 - Unanswered uses shared feedback with complete details expanded and reporting unchanged
  ---
  duration_ms: 0.140875
  type: 'test'
  ...
# Subtest: opaque result evidence preserves all answered outcomes including partial credit
ok 1163 - opaque result evidence preserves all answered outcomes including partial credit
  ---
  duration_ms: 3.388125
  type: 'test'
  ...
# Subtest: missing, malformed and inconsistent evidence does not invent zero scores
ok 1164 - missing, malformed and inconsistent evidence does not invent zero scores
  ---
  duration_ms: 0.94
  type: 'test'
  ...
# Subtest: a real zero and an absent abandoned score remain distinct
ok 1165 - a real zero and an absent abandoned score remain distinct
  ---
  duration_ms: 0.249542
  type: 'test'
  ...
# Subtest: invalid points stay unavailable without clamping
ok 1166 - invalid points stay unavailable without clamping
  ---
  duration_ms: 0.119583
  type: 'test'
  ...
# Subtest: exact historical maximum corrects display without mutating durable evidence
ok 1167 - exact historical maximum corrects display without mutating durable evidence
  ---
  duration_ms: 0.1675
  type: 'test'
  ...
# Subtest: backend diagnostics records prerequisite and sync preparation failures before final status
ok 1168 - backend diagnostics records prerequisite and sync preparation failures before final status
  ---
  duration_ms: 2.034834
  type: 'test'
  ...
# Subtest: successful backend diagnostics still verify sync apply, deduplication, conflict, and read-after
ok 1169 - successful backend diagnostics still verify sync apply, deduplication, conflict, and read-after
  ---
  duration_ms: 0.585125
  type: 'test'
  ...
# Subtest: GoalCadenceScreen passes its selected app locale into the calendar
ok 1170 - GoalCadenceScreen passes its selected app locale into the calendar
  ---
  duration_ms: 0.762458
  type: 'test'
  ...
# Subtest: the rendered month, weekday headings and accessible dates all use that locale
ok 1171 - the rendered month, weekday headings and accessible dates all use that locale
  ---
  duration_ms: 44.294083
  type: 'test'
  ...
# Subtest: month boundaries, leap days and week starts build complete selectable grids
ok 1172 - month boundaries, leap days and week starts build complete selectable grids
  ---
  duration_ms: 0.617584
  type: 'test'
  ...
# Subtest: the selected date is exposed through button state and its press updates the pending date
ok 1173 - the selected date is exposed through button state and its press updates the pending date
  ---
  duration_ms: 0.997208
  type: 'test'
  ...
# Subtest: only English starts on Sunday and all other supported locales start on Monday
ok 1174 - only English starts on Sunday and all other supported locales start on Monday
  ---
  duration_ms: 0.793125
  type: 'test'
  ...
# Subtest: Activity opens only resolver-owned result destinations
ok 1175 - Activity opens only resolver-owned result destinations
  ---
  duration_ms: 1.656792
  type: 'test'
  ...
# Subtest: Activity result routing fails closed for inline-only records
ok 1176 - Activity result routing fails closed for inline-only records
  ---
  duration_ms: 0.41125
  type: 'test'
  ...
# Subtest: Activity navigation preserves the original session identity
ok 1177 - Activity navigation preserves the original session identity
  ---
  duration_ms: 0.2785
  type: 'test'
  ...
# Subtest: Activity renders unavailable history as an explicit detail surface without runtime navigation
ok 1178 - Activity renders unavailable history as an explicit detail surface without runtime navigation
  ---
  duration_ms: 0.789584
  type: 'test'
  ...
# Subtest: Activity detail disclosures are mutually exclusive and expose expanded state
ok 1179 - Activity detail disclosures are mutually exclusive and expose expanded state
  ---
  duration_ms: 0.348916
  type: 'test'
  ...
# Subtest: goal cadence is a reachable root route backed by the canonical repository
ok 1180 - goal cadence is a reachable root route backed by the canonical repository
  ---
  duration_ms: 7.685833
  type: 'test'
  ...
# Subtest: Progress owns the goal entry point for the active track
ok 1181 - Progress owns the goal entry point for the active track
  ---
  duration_ms: 0.676708
  type: 'test'
  ...
# Subtest: Settings opens the shared goal screen with its return context
ok 1182 - Settings opens the shared goal screen with its return context
  ---
  duration_ms: 0.233917
  type: 'test'
  ...
# Subtest: active goal summary only exposes Save while editing
ok 1183 - active goal summary only exposes Save while editing
  ---
  duration_ms: 0.354
  type: 'test'
  ...
# Subtest: active goal summary keeps the reminder draft noninteractive
ok 1184 - active goal summary keeps the reminder draft noninteractive
  ---
  duration_ms: 0.64625
  type: 'test'
  ...
# Subtest: goal status and selected day labels use onPrimary on filled backgrounds
ok 1185 - goal status and selected day labels use onPrimary on filled backgrounds
  ---
  duration_ms: 0.581792
  type: 'test'
  ...
# Subtest: preferred-day shortcuts preserve domain ids and translate every EN/PL label
ok 1186 - preferred-day shortcuts preserve domain ids and translate every EN/PL label
  ---
  duration_ms: 1.012125
  type: 'test'
  ...
# Subtest: goal reminders are a read-only preferred-day draft in both create and active summary
ok 1187 - goal reminders are a read-only preferred-day draft in both create and active summary
  ---
  duration_ms: 0.700083
  type: 'test'
  ...
# Subtest: target dates use the shared localized calendar with cancellable drafts and an explicit ISO commit
ok 1188 - target dates use the shared localized calendar with cancellable drafts and an explicit ISO commit
  ---
  duration_ms: 12.087417
  type: 'test'
  ...
# Subtest: goal editing uses local keyboard avoidance while preserving the shared sticky footer
ok 1189 - goal editing uses local keyboard avoidance while preserving the shared sticky footer
  ---
  duration_ms: 1.58875
  type: 'test'
  ...
# Subtest: goal loading keeps its back action separate from the busy content announcement
ok 1190 - goal loading keeps its back action separate from the busy content announcement
  ---
  duration_ms: 0.5055
  type: 'test'
  ...
# Subtest: goal templates are sourced from every canonical track descriptor
ok 1191 - goal templates are sourced from every canonical track descriptor
  ---
  duration_ms: 3.443791
  type: 'test'
  ...
# Subtest: default goal is valid and keeps optional date unset
ok 1192 - default goal is valid and keeps optional date unset
  ---
  duration_ms: 1.671917
  type: 'test'
  ...
# Subtest: goal persistence guard rejects invalid cadence, date, track template, and extra fields
ok 1193 - goal persistence guard rejects invalid cadence, date, track template, and extra fields
  ---
  duration_ms: 0.4535
  type: 'test'
  ...
# Subtest: goal normalizer derives ordered cadence from legacy targets and every day count
ok 1194 - goal normalizer derives ordered cadence from legacy targets and every day count
  ---
  duration_ms: 2.532667
  type: 'test'
  ...
# Subtest: goal repository normalizes legacy records on read without repairing storage
ok 1195 - goal repository normalizes legacy records on read without repairing storage
  ---
  duration_ms: 1.751667
  type: 'test'
  ...
# Subtest: empty legacy goals remain readable, but saving an empty selection is rejected without data loss
ok 1196 - empty legacy goals remain readable, but saving an empty selection is rejected without data loss
  ---
  duration_ms: 0.687542
  type: 'test'
  ...
# Subtest: goal repository rejects a zero target with selected days without repairing the record
ok 1197 - goal repository rejects a zero target with selected days without repairing the record
  ---
  duration_ms: 0.421334
  type: 'test'
  ...
# Subtest: saving a goal persists the normalized cadence while preserving other fields
ok 1198 - saving a goal persists the normalized cadence while preserving other fields
  ---
  duration_ms: 0.494167
  type: 'test'
  ...
# Subtest: goal repository persists one canonical record per track
ok 1199 - goal repository persists one canonical record per track
  ---
  duration_ms: 1.352875
  type: 'test'
  ...
# Subtest: target-date projection follows goal type and explicit own-pace saves remove only legacy dates
ok 1200 - target-date projection follows goal type and explicit own-pace saves remove only legacy dates
  ---
  duration_ms: 1.000458
  type: 'test'
  ...
# Subtest: saved ISO dates initialize the native picker at local noon and preserve leap days
ok 1201 - saved ISO dates initialize the native picker at local noon and preserve leap days
  ---
  duration_ms: 1.933667
  type: 'test'
  ...
# Subtest: empty dates initialize to device-local today at noon
ok 1202 - empty dates initialize to device-local today at noon
  ---
  duration_ms: 0.113
  type: 'test'
  ...
# Subtest: non-empty saved dates must satisfy the persisted ISO calendar-date contract
ok 1203 - non-empty saved dates must satisfy the persisted ISO calendar-date contract
  ---
  duration_ms: 0.324875
  type: 'test'
  ...
# Subtest: local calendar dates round-trip across a daylight-saving transition
ok 1204 - local calendar dates round-trip across a daylight-saving transition
  ---
  duration_ms: 1.460333
  type: 'test'
  ...
# Subtest: guest privacy request copy separates acceptance from unconfirmed email delivery
ok 1205 - guest privacy request copy separates acceptance from unconfirmed email delivery
  ---
  duration_ms: 4.429792
  type: 'test'
  ...
# Subtest: guest privacy retry identity survives restart without persisting a session token
ok 1206 - guest privacy retry identity survives restart without persisting a session token
  ---
  duration_ms: 1.767583
  type: 'test'
  ...
# Subtest: choosing the first track reloads Home data for that selected track
ok 1207 - choosing the first track reloads Home data for that selected track
  ---
  duration_ms: 1.114375
  type: 'test'
  ...
# Subtest: a failed Home shell read keeps the learner in a retryable state on the canonical load path
ok 1208 - a failed Home shell read keeps the learner in a retryable state on the canonical load path
  ---
  duration_ms: 0.175
  type: 'test'
  ...
# Subtest: Home focus retries only eligible pending account data and clears route tab suppression on local navigation
ok 1209 - Home focus retries only eligible pending account data and clears route tab suppression on local navigation
  ---
  duration_ms: 0.358541
  type: 'test'
  ...
# Subtest: Home keeps resume-required handling internal instead of showing sync implementation details
ok 1210 - Home keeps resume-required handling internal instead of showing sync implementation details
  ---
  duration_ms: 0.151708
  type: 'test'
  ...
# Subtest: the first Home visit replaces repeated empty metrics with one honest next-step state
ok 1211 - the first Home visit replaces repeated empty metrics with one honest next-step state
  ---
  duration_ms: 1.472583
  type: 'test'
  ...
# Subtest: goal invitation stays optional for guest and healthy account, reloads after Goal, and persists dismissal per track
ok 1212 - goal invitation stays optional for guest and healthy account, reloads after Goal, and persists dismissal per track
  ---
  duration_ms: 0.448542
  type: 'test'
  ...
# Subtest: Home stacks quiet-layered context and decision metadata at large text sizes
ok 1213 - Home stacks quiet-layered context and decision metadata at large text sizes
  ---
  duration_ms: 2.468708
  type: 'test'
  ...
# Subtest: editor route carries only editor identity and never silently loads a plan
ok 1214 - editor route carries only editor identity and never silently loads a plan
  ---
  duration_ms: 0.9295
  type: 'test'
  ...
# Subtest: editor commits through the runtime wrapper and keeps reminder retry visible
ok 1215 - editor commits through the runtime wrapper and keeps reminder retry visible
  ---
  duration_ms: 0.297042
  type: 'test'
  ...
# Subtest: learning plan fixture URL accepts only the explicit development smoke case enum
ok 1216 - learning plan fixture URL accepts only the explicit development smoke case enum
  ---
  duration_ms: 3.76525
  type: 'test'
  ...
# Subtest: reopening the same fixture URL creates a fresh launch identity
ok 1217 - reopening the same fixture URL creates a fresh launch identity
  ---
  duration_ms: 3.161667
  type: 'test'
  ...
# Subtest: named proposal fixture cases produce domain-generated screen states with the declared schedule shape
ok 1218 - named proposal fixture cases produce domain-generated screen states with the declared schedule shape
  ---
  duration_ms: 3360.063417
  type: 'test'
  ...
# Subtest: fixture actions report one in-memory call and never report storage success
ok 1219 - fixture actions report one in-memory call and never report storage success
  ---
  duration_ms: 6008.423084
  type: 'test'
  ...
# Subtest: delayed loading remains pending before it resolves to the ready view
ok 1220 - delayed loading remains pending before it resolves to the ready view
  ---
  duration_ms: 3005.169417
  type: 'test'
  ...
# Subtest: disabled fixture peer is an explicit unavailable implementation
ok 1221 - disabled fixture peer is an explicit unavailable implementation
  ---
  duration_ms: 0.748417
  type: 'test'
  ...
# Subtest: proposal route carries only identity and resolves the in-memory proposal
ok 1222 - proposal route carries only identity and resolves the in-memory proposal
  ---
  duration_ms: 1.058125
  type: 'test'
  ...
# Subtest: proposal accepts through the plan/reminder runtime and preserves pending saves
ok 1223 - proposal accepts through the plan/reminder runtime and preserves pending saves
  ---
  duration_ms: 0.294083
  type: 'test'
  ...
# Subtest: proposal keeps explicit states, edit actions and localized copy
ok 1224 - proposal keeps explicit states, edit actions and localized copy
  ---
  duration_ms: 0.211125
  type: 'test'
  ...
# Subtest: every proposal screen branch leaves the top safe area to its stack header
ok 1225 - every proposal screen branch leaves the top safe area to its stack header
  ---
  duration_ms: 0.223542
  type: 'test'
  ...
# Subtest: ready and shortened proposals use the review title and a two-action footer
ok 1226 - ready and shortened proposals use the review title and a two-action footer
  ---
  duration_ms: 0.259167
  type: 'test'
  ...
# Subtest: goal type is the card heading while target and selected days remain visible
ok 1227 - goal type is the card heading while target and selected days remain visible
  ---
  duration_ms: 0.195125
  type: 'test'
  ...
# Subtest: review title is localized in all seven locales and removed goal-context copy is dead
ok 1228 - review title is localized in all seven locales and removed goal-context copy is dead
  ---
  duration_ms: 0.232625
  type: 'test'
  ...
# Subtest: shortfall and saved-plan actions retain their existing semantics
ok 1229 - shortfall and saved-plan actions retain their existing semantics
  ---
  duration_ms: 1.071375
  type: 'test'
  ...
# Subtest: goal save still opens a proposal only after its existing reminder reconciliation
ok 1230 - goal save still opens a proposal only after its existing reminder reconciliation
  ---
  duration_ms: 0.321292
  type: 'test'
  ...
# Subtest: target guidance retry performs a real canonical snapshot reload
ok 1231 - target guidance retry performs a real canonical snapshot reload
  ---
  duration_ms: 0.442834
  type: 'test'
  ...
# Subtest: authenticated required narrative validation returns inline error before either create command
ok 1232 - authenticated required narrative validation returns inline error before either create command
  ---
  duration_ms: 1.609959
  type: 'test'
  ...
# Subtest: guest invalid email validation returns field error before either create command
ok 1233 - guest invalid email validation returns field error before either create command
  ---
  duration_ms: 0.235292
  type: 'test'
  ...
# Subtest: valid submissions route exactly once and trim optional values
ok 1234 - valid submissions route exactly once and trim optional values
  ---
  duration_ms: 0.279459
  type: 'test'
  ...
# Subtest: Progress model preserves canonical guidance and completion without a volume ratio
ok 1235 - Progress model preserves canonical guidance and completion without a volume ratio
  ---
  duration_ms: 16.488041
  type: 'test'
  ...
# Subtest: Progress model never creates a self-link for completed guidance
ok 1236 - Progress model never creates a self-link for completed guidance
  ---
  duration_ms: 1.079125
  type: 'test'
  ...
# Subtest: Progress model does not offer a new plan session while one is active
ok 1237 - Progress model does not offer a new plan session while one is active
  ---
  duration_ms: 4.018959
  type: 'test'
  ...
# Subtest: Progress model keeps none guidance explicit for no goal, paused goal and no plan
ok 1238 - Progress model keeps none guidance explicit for no goal, paused goal and no plan
  ---
  duration_ms: 1.125417
  type: 'test'
  ...
# Subtest: Progress model fails closed for a foreign active track or unavailable snapshot
ok 1239 - Progress model fails closed for a foreign active track or unavailable snapshot
  ---
  duration_ms: 1.8835
  type: 'test'
  ...
# Subtest: Progress rejects invalid count, minimum, window and quality rather than presenting false completion
ok 1240 - Progress rejects invalid count, minimum, window and quality rather than presenting false completion
  ---
  duration_ms: 10.384292
  type: 'test'
  ...
# Subtest: track selection turns an active-track read rejection into an explicit retryable unavailable state
ok 1241 - track selection turns an active-track read rejection into an explicit retryable unavailable state
  ---
  duration_ms: 0.868791
  type: 'test'
  ...
# Subtest: track selection retains the local choice and offers the same command again after a save rejection
ok 1242 - track selection retains the local choice and offers the same command again after a save rejection
  ---
  duration_ms: 0.324958
  type: 'test'
  ...
# Subtest: track selection waits for clean reminder reconciliation before completing
ok 1243 - track selection waits for clean reminder reconciliation before completing
  ---
  duration_ms: 0.2385
  type: 'test'
  ...
# Subtest: track selection stacks dense rows and actions instead of clipping large text
ok 1244 - track selection stacks dense rows and actions instead of clipping large text
  ---
  duration_ms: 4.8865
  type: 'test'
  ...
# Subtest: Algorithms bootstrap accepts a reachable large-text control without requiring full card visibility
ok 1245 - Algorithms bootstrap accepts a reachable large-text control without requiring full card visibility
  ---
  duration_ms: 0.169709
  type: 'test'
  ...
# Subtest: track cards use the canonical Figma icon mapping for every active track
ok 1246 - track cards use the canonical Figma icon mapping for every active track
  ---
  duration_ms: 0.448375
  type: 'test'
  ...
# Subtest: track selection mirrors the Figma returning and switching footer states
ok 1247 - track selection mirrors the Figma returning and switching footer states
  ---
  duration_ms: 1.22825
  type: 'test'
  ...
# Subtest: Activity groups durable terminal sessions and keeps the row projection truthful
ok 1248 - Activity groups durable terminal sessions and keeps the row projection truthful
  ---
  duration_ms: 15.538208
  type: 'test'
  ...
# Subtest: Activity identifies an absolute-deadline completion without relabeling manual abandonment
ok 1249 - Activity identifies an absolute-deadline completion without relabeling manual abandonment
  ---
  duration_ms: 0.475959
  type: 'test'
  ...
# Subtest: Activity interaction matrix opens only summaries supported by durable family evidence
ok 1250 - Activity interaction matrix opens only summaries supported by durable family evidence
  ---
  duration_ms: 0.76175
  type: 'test'
  ...
# Subtest: Activity track filter returns only records for the selected canonical track
ok 1251 - Activity track filter returns only records for the selected canonical track
  ---
  duration_ms: 0.135792
  type: 'test'
  ...
# Subtest: Activity uses local calendar days and Monday-based calendar weeks
ok 1252 - Activity uses local calendar days and Monday-based calendar weeks
  ---
  duration_ms: 0.37575
  type: 'test'
  ...
# Subtest: Activity keeps local midnight and relative labels correct across a DST boundary
ok 1253 - Activity keeps local midnight and relative labels correct across a DST boundary
  ---
  duration_ms: 0.133958
  type: 'test'
  ...
# Subtest: Activity date labels format relative words and month names from the selected locale
ok 1254 - Activity date labels format relative words and month names from the selected locale
  ---
  duration_ms: 15.54275
  type: 'test'
  ...
# Subtest: Activity keeps unavailable archival summaries separate from runtime navigation facts
ok 1255 - Activity keeps unavailable archival summaries separate from runtime navigation facts
  ---
  duration_ms: 0.905542
  type: 'test'
  ...
# Subtest: Activity never exposes an unknown archived track identity
ok 1256 - Activity never exposes an unknown archived track identity
  ---
  duration_ms: 0.484417
  type: 'test'
  ...
# Subtest: Claude Progress metadata exactly covers the seven blueprint-linked node IDs
ok 1257 - Claude Progress metadata exactly covers the seven blueprint-linked node IDs
  ---
  duration_ms: 4.666833
  type: 'test'
  ...
# Subtest: Google Cloud Progress metadata exactly covers the four scoring domains
ok 1258 - Google Cloud Progress metadata exactly covers the four scoring domains
  ---
  duration_ms: 0.547209
  type: 'test'
  ...
# Subtest: unknown, aliased, and cross-track IDs remain explicitly unavailable
ok 1259 - unknown, aliased, and cross-track IDs remain explicitly unavailable
  ---
  duration_ms: 0.24925
  type: 'test'
  ...
# Subtest: every authored title and description has exact EN and PL locale entries
ok 1260 - every authored title and description has exact EN and PL locale entries
  ---
  duration_ms: 1.338083
  type: 'test'
  ...
# Subtest: Progress renders authored meaning in Current focus and Performance evidence
ok 1261 - Progress renders authored meaning in Current focus and Performance evidence
  ---
  duration_ms: 0.39825
  type: 'test'
  ...
# Subtest: Claude Progress with zero attempts stays empty without inventing a score
ok 1262 - Claude Progress with zero attempts stays empty without inventing a score
  ---
  duration_ms: 670.041125
  type: 'test'
  ...
# Subtest: home progress uses canonical tracks
ok 1263 - home progress uses canonical tracks
  ---
  duration_ms: 607.247042
  type: 'test'
  ...
# Subtest: Coding Interview Home uses the canonical dashboard projection for guided practice
ok 1264 - Coding Interview Home uses the canonical dashboard projection for guided practice
  ---
  duration_ms: 512.479541
  type: 'test'
  ...
# Subtest: Coding Interview Home recommends due review from canonical counts
ok 1265 - Coding Interview Home recommends due review from canonical counts
  ---
  duration_ms: 0.344208
  type: 'test'
  ...
# Subtest: track evidence rows stay informational while local show-more behavior remains
ok 1266 - track evidence rows stay informational while local show-more behavior remains
  ---
  duration_ms: 0.87725
  type: 'test'
  ...
# Subtest: empty progress keeps practice as the primary action and exposes global activity
ok 1267 - empty progress keeps practice as the primary action and exposes global activity
  ---
  duration_ms: 0.206416
  type: 'test'
  ...
# Subtest: the shared Home shell opens the track-aware Practice Hub from empty Progress
ok 1268 - the shared Home shell opens the track-aware Practice Hub from empty Progress
  ---
  duration_ms: 0.229334
  type: 'test'
  ...
# Subtest: Home passes canonical sessions and exact row navigation into Progress
ok 1269 - Home passes canonical sessions and exact row navigation into Progress
  ---
  duration_ms: 0.145458
  type: 'test'
  ...
# Subtest: Progress receives the single canonical Home plan snapshot and guidance action owner
ok 1270 - Progress receives the single canonical Home plan snapshot and guidance action owner
  ---
  duration_ms: 0.283625
  type: 'test'
  ...
# Subtest: Completed guidance does not render a Progress self-link
ok 1271 - Completed guidance does not render a Progress self-link
  ---
  duration_ms: 0.101333
  type: 'test'
  ...
# Subtest: verified ready plan exposes existing edit action in all seven locales, independent of completion rule
ok 1272 - verified ready plan exposes existing edit action in all seven locales, independent of completion rule
  ---
  duration_ms: 48.733375
  type: 'test'
  ...
# Subtest: existing editor/resume guidance actions are never duplicated
ok 1273 - existing editor/resume guidance actions are never duplicated
  ---
  duration_ms: 10.490125
  type: 'test'
  ...
# Subtest: absent/unavailable plan or absent handler does not expose the editor entry
ok 1274 - absent/unavailable plan or absent handler does not expose the editor entry
  ---
  duration_ms: 10.64475
  type: 'test'
  ...
# Subtest: opening editor from Progress does not mutate model, active session or primary guidance
ok 1275 - opening editor from Progress does not mutate model, active session or primary guidance
  ---
  duration_ms: 1.412792
  type: 'test'
  ...
# Subtest: Settings names guest and signed-out entry honestly and never offers guest sign-out
ok 1276 - Settings names guest and signed-out entry honestly and never offers guest sign-out
  ---
  duration_ms: 1.765208
  type: 'test'
  ...
# Subtest: Settings preserves authenticated identity and distinguishes synchronized from repair states
ok 1277 - Settings preserves authenticated identity and distinguishes synchronized from repair states
  ---
  duration_ms: 0.208333
  type: 'test'
  ...
# Subtest: Settings treats synced account data with durable warnings as needing attention
ok 1278 - Settings treats synced account data with durable warnings as needing attention
  ---
  duration_ms: 0.110875
  type: 'test'
  ...
# Subtest: Settings maps only the resume-required sign-out pair to canonical localized copy
ok 1279 - Settings maps only the resume-required sign-out pair to canonical localized copy
  ---
  duration_ms: 1.036667
  type: 'test'
  ...
# Subtest: Settings blocks invalid actions while account lifecycle work is busy and keeps recovery states available
ok 1280 - Settings blocks invalid actions while account lifecycle work is busy and keeps recovery states available
  ---
  duration_ms: 0.208083
  type: 'test'
  ...
# Subtest: Your data presents an explicit action/details/privacy matrix for every account state
ok 1281 - Your data presents an explicit action/details/privacy matrix for every account state
  ---
  duration_ms: 2.310959
  type: 'test'
  ...
# Subtest: Your data distinguishes the timeout recovery action from other unavailable reasons
ok 1282 - Your data distinguishes the timeout recovery action from other unavailable reasons
  ---
  duration_ms: 0.181333
  type: 'test'
  ...
# Subtest: Your data keeps details and privacy access exclusive to authenticated and exact guest states
ok 1283 - Your data keeps details and privacy access exclusive to authenticated and exact guest states
  ---
  duration_ms: 0.305709
  type: 'test'
  ...
# Subtest: Recovery-pending copy is translated in every supported data locale
ok 1284 - Recovery-pending copy is translated in every supported data locale
  ---
  duration_ms: 1.094542
  type: 'test'
  ...
# Subtest: Premium offer stacks copy and actions instead of squeezing copy beside the action
ok 1285 - Premium offer stacks copy and actions instead of squeezing copy beside the action
  ---
  duration_ms: 0.997916
  type: 'test'
  ...
# Subtest: certification exam premium admission maps each outcome explicitly
ok 1286 - certification exam premium admission maps each outcome explicitly
  ---
  duration_ms: 0.629625
  type: 'test'
  ...
# Subtest: Practice Hub keeps the exam offer visible and routes each admission outcome
ok 1287 - Practice Hub keeps the exam offer visible and routes each admission outcome
  ---
  duration_ms: 1.549583
  type: 'test'
  ...
# Subtest: answer cards show state through the card and letter without a redundant status row
ok 1288 - answer cards show state through the card and letter without a redundant status row
  ---
  duration_ms: 0.923583
  type: 'test'
  ...
# Subtest: practice and review keep correctness and selection in accessibility semantics
ok 1289 - practice and review keep correctness and selection in accessibility semantics
  ---
  duration_ms: 0.165375
  type: 'test'
  ...
# Subtest: practice completion handoff retains canonical question identity
ok 1290 - practice completion handoff retains canonical question identity
  ---
  duration_ms: 642.533
  type: 'test'
  ...
# Subtest: both practice JSX adapters pass authored message arrays through unchanged
ok 1291 - both practice JSX adapters pass authored message arrays through unchanged
  ---
  duration_ms: 90.916333
  type: 'test'
  ...
# Subtest: Design practice JSX adapter forwards optional choice and ordering messages only from existing feedback
ok 1292 - Design practice JSX adapter forwards optional choice and ordering messages only from existing feedback
  ---
  duration_ms: 13.441834
  type: 'test'
  ...
# Subtest: Details JSX gates authored messages on expansion and keeps their text scalable
ok 1293 - Details JSX gates authored messages on expansion and keeps their text scalable
  ---
  duration_ms: 42.000541
  type: 'test'
  ...
# Subtest: structured Claude feedback renders explanatory text without leaking block metadata
ok 1294 - structured Claude feedback renders explanatory text without leaking block metadata
  ---
  duration_ms: 1.563375
  type: 'test'
  ...
# Subtest: feedback detail projection keeps scalar and nested explanatory values
ok 1295 - feedback detail projection keeps scalar and nested explanatory values
  ---
  duration_ms: 0.105834
  type: 'test'
  ...
# Subtest: practice selects a canonical pool
ok 1296 - practice selects a canonical pool
  ---
  duration_ms: 645.995458
  type: 'test'
  ...
# Subtest: GCP practice topic comes from its node mode after the diagnostic-first mode
ok 1297 - GCP practice topic comes from its node mode after the diagnostic-first mode
  ---
  duration_ms: 616.832958
  type: 'test'
  ...
# Subtest: Certification Exam Simulation is offered only for a validated prepared profile
ok 1298 - Certification Exam Simulation is offered only for a validated prepared profile
  ---
  duration_ms: 2.743375
  type: 'test'
  ...
# Subtest: Coding Mock is offered only for the validated Coding simulation profile without changing practice modes
ok 1299 - Coding Mock is offered only for the validated Coding simulation profile without changing practice modes
  ---
  duration_ms: 0.349667
  type: 'test'
  ...
# Subtest: Design Weak Area Review stays unavailable without review evidence
ok 1300 - Design Weak Area Review stays unavailable without review evidence
  ---
  duration_ms: 0.168875
  type: 'test'
  ...
# Subtest: practice session exit resets navigation above the closed session
ok 1301 - practice session exit resets navigation above the closed session
  ---
  duration_ms: 1.664292
  type: 'test'
  ...
# Subtest: practice session exit can return to the hub without a topic override
ok 1302 - practice session exit can return to the hub without a topic override
  ---
  duration_ms: 0.176375
  type: 'test'
  ...
# Subtest: the canonical Custom Practice hero opens setup without a duplicate mode row
ok 1303 - the canonical Custom Practice hero opens setup without a duplicate mode row
  ---
  duration_ms: 0.681041
  type: 'test'
  ...
# Subtest: Design mode entries open setup so learners can select the configured session length
ok 1304 - Design mode entries open setup so learners can select the configured session length
  ---
  duration_ms: 0.184708
  type: 'test'
  ...
# Subtest: Claude structured question presentation is selected only from canonical track identity
ok 1305 - Claude structured question presentation is selected only from canonical track identity
  ---
  duration_ms: 0.810083
  type: 'test'
  ...
# Subtest: structured presentation preserves authored prompt and constraint strings
ok 1306 - structured presentation preserves authored prompt and constraint strings
  ---
  duration_ms: 0.127791
  type: 'test'
  ...
# Subtest: structured constraints have localized semantics and stable identity
ok 1307 - structured constraints have localized semantics and stable identity
  ---
  duration_ms: 0.104792
  type: 'test'
  ...
# Subtest: primary session CTA routes activations through the phase-identity carry-over guard
ok 1308 - primary session CTA routes activations through the phase-identity carry-over guard
  ---
  duration_ms: 0.226292
  type: 'test'
  ...
# Subtest: fixture chrome reuses the Practice shell slots without adding a nested scroll owner
ok 1309 - fixture chrome reuses the Practice shell slots without adding a nested scroll owner
  ---
  duration_ms: 0.257375
  type: 'test'
  ...
# Subtest: practice screens turn unsupported package, topic, and mode reads into exits
ok 1310 - practice screens turn unsupported package, topic, and mode reads into exits
  ---
  duration_ms: 2.200834
  type: 'test'
  ...
# Subtest: Design simulation uses its dedicated result and cannot enter objective setup
ok 1311 - Design simulation uses its dedicated result and cannot enter objective setup
  ---
  duration_ms: 0.372583
  type: 'test'
  ...
# Subtest: all selected Design modes require Premium admission before their canonical route
ok 1312 - all selected Design modes require Premium admission before their canonical route
  ---
  duration_ms: 0.400875
  type: 'test'
  ...
# Subtest: practice route changes cannot submit stale setup controls and preserve track identity
ok 1313 - practice route changes cannot submit stale setup controls and preserve track identity
  ---
  duration_ms: 2.202334
  type: 'test'
  ...
# Subtest: changing track returns through the Home root and drops practice route overrides
ok 1314 - changing track returns through the Home root and drops practice route overrides
  ---
  duration_ms: 0.484333
  type: 'test'
  ...
# Subtest: Hub uses its displayed primary mode and package length defaults
ok 1315 - Hub uses its displayed primary mode and package length defaults
  ---
  duration_ms: 0.424292
  type: 'test'
  ...
# Subtest: Home practice navigation preserves track identity and unavailable topics keep their context
ok 1316 - Home practice navigation preserves track identity and unavailable topics keep their context
  ---
  duration_ms: 0.883
  type: 'test'
  ...
# Subtest: all practice runners prevent native removal and replay the exact action after leave confirmation
ok 1317 - all practice runners prevent native removal and replay the exact action after leave confirmation
  ---
  duration_ms: 1.161833
  type: 'test'
  ...
# Subtest: Certification and Design unlock actions only after the refreshed projection commits
ok 1318 - Certification and Design unlock actions only after the refreshed projection commits
  ---
  duration_ms: 2.185292
  type: 'test'
  ...
# Subtest: Custom Practice accepts its package-declared length and persists its selected feedback timing
ok 1319 - Custom Practice accepts its package-declared length and persists its selected feedback timing
  ---
  duration_ms: 555.066333
  type: 'test'
  ...
# Subtest: Coding Interview simulation resume targets its durable profile route
ok 1320 - Coding Interview simulation resume targets its durable profile route
  ---
  duration_ms: 1.271542
  type: 'test'
  ...
# Subtest: Custom Practice setup rejects every unsupported session length
ok 1321 - Custom Practice setup rejects every unsupported session length
  ---
  duration_ms: 0.241292
  type: 'test'
  ...
# Subtest: Custom Practice requires a selected timing while predefined Algorithms modes retain fixed timings
ok 1322 - Custom Practice requires a selected timing while predefined Algorithms modes retain fixed timings
  ---
  duration_ms: 0.242084
  type: 'test'
  ...
# Subtest: rejects an Algorithms session length that the selected mode does not declare
ok 1323 - rejects an Algorithms session length that the selected mode does not declare
  ---
  duration_ms: 0.197042
  type: 'test'
  ...
# Subtest: Independent Practice direct entry fails because it is excluded from the bundled Free package
ok 1324 - Independent Practice direct entry fails because it is excluded from the bundled Free package
  ---
  duration_ms: 0.172875
  type: 'test'
  ...
# Subtest: Certification resume routes preserve exact immutable configuration for package modes
ok 1325 - Certification resume routes preserve exact immutable configuration for package modes
  ---
  duration_ms: 0.521916
  type: 'test'
  ...
# Subtest: Certification resume rejects stale, cross-track, exam, and non-active sessions explicitly
ok 1326 - Certification resume rejects stale, cross-track, exam, and non-active sessions explicitly
  ---
  duration_ms: 1.306667
  type: 'test'
  ...
# Subtest: only Claude Focus exposes selectable feedback while other Certification setup stays fixed
ok 1327 - only Claude Focus exposes selectable feedback while other Certification setup stays fixed
  ---
  duration_ms: 1.185333
  type: 'test'
  ...
# Subtest: Practice Setup uses the package default until the learner or route selects a supported length
ok 1328 - Practice Setup uses the package default until the learner or route selects a supported length
  ---
  duration_ms: 0.553584
  type: 'test'
  ...
# Subtest: every active track has the contract-defined Practice exit copy
ok 1329 - every active track has the contract-defined Practice exit copy
  ---
  duration_ms: 4.80825
  type: 'test'
  ...
# Subtest: Practice exit rejects missing and unknown track identities without a fallback
ok 1330 - Practice exit rejects missing and unknown track identities without a fallback
  ---
  duration_ms: 0.66275
  type: 'test'
  ...
# Subtest: Practice presentation never discloses feedback before the durable feedback boundary
ok 1331 - Practice presentation never discloses feedback before the durable feedback boundary
  ---
  duration_ms: 0.927917
  type: 'test'
  ...
# Subtest: Practice presentation permits response edits before a journal exists
ok 1332 - Practice presentation permits response edits before a journal exists
  ---
  duration_ms: 0.114875
  type: 'test'
  ...
# Subtest: Practice action model separates final feedback from the durable Finish command
ok 1333 - Practice action model separates final feedback from the durable Finish command
  ---
  duration_ms: 1.158417
  type: 'test'
  ...
# Subtest: Deferred feedback keeps the submit CTA and saving status aligned
ok 1334 - Deferred feedback keeps the submit CTA and saving status aligned
  ---
  duration_ms: 0.147125
  type: 'test'
  ...
# Subtest: Practice pending phases retain a stable unsafe-action lock
ok 1335 - Practice pending phases retain a stable unsafe-action lock
  ---
  duration_ms: 0.081875
  type: 'test'
  ...
# Subtest: primary action carry-over guard blocks only fast phase changes and permits same-phase retries
ok 1336 - primary action carry-over guard blocks only fast phase changes and permits same-phase retries
  ---
  duration_ms: 0.16225
  type: 'test'
  ...
# Subtest: Practice operation notice mapping remains one family-neutral interpretation
ok 1337 - Practice operation notice mapping remains one family-neutral interpretation
  ---
  duration_ms: 0.244583
  type: 'test'
  ...
# Subtest: Durable recovery notices stay learner-facing in English and Polish
ok 1338 - Durable recovery notices stay learner-facing in English and Polish
  ---
  duration_ms: 7.295875
  type: 'test'
  ...
# Subtest: Premium session preparation failures map to localized next steps
ok 1339 - Premium session preparation failures map to localized next steps
  ---
  duration_ms: 1.255375
  type: 'test'
  ...
# Subtest: Practice local choice selection survives only the same editable occurrence
ok 1340 - Practice local choice selection survives only the same editable occurrence
  ---
  duration_ms: 0.514375
  type: 'test'
  ...
# Subtest: Scoped local response preserves all authored control types for the same editable occurrence
ok 1341 - Scoped local response preserves all authored control types for the same editable occurrence
  ---
  duration_ms: 0.138083
  type: 'test'
  ...
# Subtest: Scoped local response resets when the session or occurrence identity changes
ok 1342 - Scoped local response resets when the session or occurrence identity changes
  ---
  duration_ms: 0.06925
  type: 'test'
  ...
# Subtest: Scoped durable response is authoritative over an unsent local response
ok 1343 - Scoped durable response is authoritative over an unsent local response
  ---
  duration_ms: 0.065292
  type: 'test'
  ...
# Subtest: Practice durable choice response wins and response-less locked state clears
ok 1344 - Practice durable choice response wins and response-less locked state clears
  ---
  duration_ms: 0.064083
  type: 'test'
  ...
# Subtest: Practice response renderer consumes application feedback states without scoring in UI
ok 1345 - Practice response renderer consumes application feedback states without scoring in UI
  ---
  duration_ms: 0.185208
  type: 'test'
  ...
# Subtest: Single-select feedback projects selected-correct and every remaining disabled state
ok 1346 - Single-select feedback projects selected-correct and every remaining disabled state
  ---
  duration_ms: 0.073458
  type: 'test'
  ...
# Subtest: The visible ordering is a complete response before the learner moves an element
ok 1347 - The visible ordering is a complete response before the learner moves an element
  ---
  duration_ms: 0.224542
  type: 'test'
  ...
# Subtest: Practice feedback labels distinguish selection from correctness
ok 1348 - Practice feedback labels distinguish selection from correctness
  ---
  duration_ms: 0.073542
  type: 'test'
  ...
# Subtest: Practice checked semantics include only answers the learner selected
ok 1349 - Practice checked semantics include only answers the learner selected
  ---
  duration_ms: 32.779792
  type: 'test'
  ...
# Subtest: source links expose exact targets and unavailable has no press handler
ok 1350 - source links expose exact targets and unavailable has no press handler
  ---
  duration_ms: 0.866625
  type: 'test'
  ...
# Subtest: source open failure is explicit and never changes answer or report state
ok 1351 - source open failure is explicit and never changes answer or report state
  ---
  duration_ms: 0.216959
  type: 'test'
  ...
# Subtest: every canonical practice session preserves projected sources at the shared feedback boundary
ok 1352 - every canonical practice session preserves projected sources at the shared feedback boundary
  ---
  duration_ms: 0.102541
  type: 'test'
  ...
# Subtest: fresh response requires exactly one matching provider-backed item with strict UTC dates
ok 1353 - fresh response requires exactly one matching provider-backed item with strict UTC dates
  ---
  duration_ms: 3.583959
  type: 'test'
  ...
# Subtest: confirmed account change removes the previous account cache and fails closed if removal fails
ok 1354 - confirmed account change removes the previous account cache and fails closed if removal fails
  ---
  duration_ms: 1.31775
  type: 'test'
  ...
# Subtest: active and grace expire exactly at their provider dates; negative states deny
ok 1355 - active and grace expire exactly at their provider dates; negative states deny
  ---
  duration_ms: 0.918583
  type: 'test'
  ...
# Subtest: clock rollback and account switch deny, and a fresh response cannot reduce observed wall time
ok 1356 - clock rollback and account switch deny, and a fresh response cannot reduce observed wall time
  ---
  duration_ms: 0.460875
  type: 'test'
  ...
# Subtest: cache writes before offline authorization; failed writes, invalid refresh and account change fail closed
ok 1357 - cache writes before offline authorization; failed writes, invalid refresh and account change fail closed
  ---
  duration_ms: 3.368792
  type: 'test'
  ...
# Subtest: content reports are reachable from canonical practice details
ok 1358 - content reports are reachable from canonical practice details
  ---
  duration_ms: 1.037666
  type: 'test'
  ...
# Subtest: report affordance uses the canonical bounded button without changing its open-only action
ok 1359 - report affordance uses the canonical bounded button without changing its open-only action
  ---
  duration_ms: 1.189375
  type: 'test'
  ...
# Subtest: report input is intentionally content-free beyond bounded item context
ok 1360 - report input is intentionally content-free beyond bounded item context
  ---
  duration_ms: 0.259417
  type: 'test'
  ...
# Subtest: guest report disclosure is short by default and exposes accessible details
ok 1361 - guest report disclosure is short by default and exposes accessible details
  ---
  duration_ms: 0.181
  type: 'test'
  ...
# Subtest: Review presents unavailable entries in a separate section with scoped removal confirmation
ok 1362 - Review presents unavailable entries in a separate section with scoped removal confirmation
  ---
  duration_ms: 0.733708
  type: 'test'
  ...
# Subtest: review screen keeps unavailable rows out of due and upcoming sections
ok 1363 - review screen keeps unavailable rows out of due and upcoming sections
  ---
  duration_ms: 2.205291
  type: 'test'
  ...
# Subtest: track presentation exposes only the concrete Google Cloud track
ok 1364 - track presentation exposes only the concrete Google Cloud track
  ---
  duration_ms: 0.714833
  type: 'test'
  ...
# Subtest: active track naming is complete in the Polish presentation dictionary
ok 1365 - active track naming is complete in the Polish presentation dictionary
  ---
  duration_ms: 1.811209
  type: 'test'
  ...
# Subtest: review presentation uses the concrete track title when taxonomy context is absent
ok 1366 - review presentation uses the concrete track title when taxonomy context is absent
  ---
  duration_ms: 1.510292
  type: 'test'
  ...
# Subtest: review translates known track and cloud taxonomy labels while preserving authored taxonomy
ok 1367 - review translates known track and cloud taxonomy labels while preserving authored taxonomy
  ---
  duration_ms: 0.411917
  type: 'test'
  ...
# Subtest: dynamic track titles cross the translation boundary and long header copy can shrink
ok 1368 - dynamic track titles cross the translation boundary and long header copy can shrink
  ---
  duration_ms: 1.352834
  type: 'test'
  ...
# Subtest: rapid typing coalesces to the latest value
ok 1369 - rapid typing coalesces to the latest value
  ---
  duration_ms: 185.185458
  type: 'test'
  ...
# Subtest: an edit arriving during a write is persisted after it
ok 1370 - an edit arriving during a write is persisted after it
  ---
  duration_ms: 0.582584
  type: 'test'
  ...
# Subtest: one drain preserves dirty values for multiple stages
ok 1371 - one drain preserves dirty values for multiple stages
  ---
  duration_ms: 181.429125
  type: 'test'
  ...
# Subtest: failure retains dirty data and a later flush retries it
ok 1372 - failure retains dirty data and a later flush retries it
  ---
  duration_ms: 182.83875
  type: 'test'
  ...
# Subtest: flush waits for the latest in-flight edit before resolving
ok 1373 - flush waits for the latest in-flight edit before resolving
  ---
  duration_ms: 0.356834
  type: 'test'
  ...
# Subtest: a local response draft is visible only for its own occurrence
ok 1374 - a local response draft is visible only for its own occurrence
  ---
  duration_ms: 0.686375
  type: 'test'
  ...
# Subtest: save transition clears before projection refresh and restores the keyed draft on failure
ok 1375 - save transition clears before projection refresh and restores the keyed draft on failure
  ---
  duration_ms: 1.01525
  type: 'test'
  ...
# Subtest: practice SessionShell uses natural action geometry while simulation keeps its fixed footer
ok 1376 - practice SessionShell uses natural action geometry while simulation keeps its fixed footer
  ---
  duration_ms: 1.794625
  type: 'test'
  ...
# Subtest: SessionShell keeps the Figma top bar in one row at large text
ok 1377 - SessionShell keeps the Figma top bar in one row at large text
  ---
  duration_ms: 1.767875
  type: 'test'
  ...
# Subtest: SessionShell keeps chrome readable without allowing it to crowd out authored content
ok 1378 - SessionShell keeps chrome readable without allowing it to crowd out authored content
  ---
  duration_ms: 0.102458
  type: 'test'
  ...
# Subtest: session timers keep the Figma value-only visual label while retaining spoken context
ok 1379 - session timers keep the Figma value-only visual label while retaining spoken context
  ---
  duration_ms: 0.45625
  type: 'test'
  ...
# Subtest: Practice sessions reset their scroll viewport when the canonical item changes
ok 1380 - Practice sessions reset their scroll viewport when the canonical item changes
  ---
  duration_ms: 0.216417
  type: 'test'
  ...
# Subtest: Button chrome remains usable while supporting up to 200 percent text
ok 1381 - Button chrome remains usable while supporting up to 200 percent text
  ---
  duration_ms: 0.06075
  type: 'test'
  ...
# Subtest: final simulation action saves an answered response before finish and lets an unanswered final occurrence finish
ok 1382 - final simulation action saves an answered response before finish and lets an unanswered final occurrence finish
  ---
  duration_ms: 1.747125
  type: 'test'
  ...
# Subtest: simulation question navigator has the approved states, accessible labels, and large-text grid adaptation
ok 1383 - simulation question navigator has the approved states, accessible labels, and large-text grid adaptation
  ---
  duration_ms: 1.360417
  type: 'test'
  ...
# Subtest: simulation operation surface renders only declared state actions and never a generic retry
ok 1384 - simulation operation surface renders only declared state actions and never a generic retry
  ---
  duration_ms: 1.850584
  type: 'test'
  ...
# Subtest: navigator jumps retain the current question in an explicit locked presentation
ok 1385 - navigator jumps retain the current question in an explicit locked presentation
  ---
  duration_ms: 0.163917
  type: 'test'
  ...
# Subtest: button loading decoration stays outside the accessible busy control
ok 1386 - button loading decoration stays outside the accessible busy control
  ---
  duration_ms: 0.154292
  type: 'test'
  ...
# Subtest: simulation pause/end uses one Figma action sheet and keeps the destructive command reachable
ok 1387 - simulation pause/end uses one Figma action sheet and keeps the destructive command reachable
  ---
  duration_ms: 0.281917
  type: 'test'
  ...
# Subtest: simulation finish confirmation uses the Figma action-required copy and review dismissal
ok 1388 - simulation finish confirmation uses the Figma action-required copy and review dismissal
  ---
  duration_ms: 0.249083
  type: 'test'
  ...
# Subtest: simulation result presentation distinguishes pending, verified, scoreless, and rejected reads
ok 1389 - simulation result presentation distinguishes pending, verified, scoreless, and rejected reads
  ---
  duration_ms: 0.679709
  type: 'test'
  ...
# Subtest: keyed result reads discard a previous request after the session changes
ok 1390 - keyed result reads discard a previous request after the session changes
  ---
  duration_ms: 1.782625
  type: 'test'
  ...
# Subtest: focus loss and unmount invalidation prevent late read errors from publishing
ok 1391 - focus loss and unmount invalidation prevent late read errors from publishing
  ---
  duration_ms: 0.166708
  type: 'test'
  ...
# Subtest: retry starts a new generation and publishes only its successful result
ok 1392 - retry starts a new generation and publishes only its successful result
  ---
  duration_ms: 0.133167
  type: 'test'
  ...
# Subtest: blur or unmount invalidates the latest retry token
ok 1393 - blur or unmount invalidates the latest retry token
  ---
  duration_ms: 0.194542
  type: 'test'
  ...
# Subtest: the current rejected result read stays an explicit error
ok 1394 - the current rejected result read stays an explicit error
  ---
  duration_ms: 0.128791
  type: 'test'
  ...
# Subtest: non-final simulation CTA labels, disables, and invokes only save-and-continue
ok 1395 - non-final simulation CTA labels, disables, and invokes only save-and-continue
  ---
  duration_ms: 3.522625
  type: 'test'
  ...
# Subtest: an unanswered non-final simulation occurrence keeps the Figma Save and continue CTA disabled
ok 1396 - an unanswered non-final simulation occurrence keeps the Figma Save and continue CTA disabled
  ---
  duration_ms: 0.513917
  type: 'test'
  ...
# Subtest: simulation result and review are exposed only through the verified result reader
ok 1397 - simulation result and review are exposed only through the verified result reader
  ---
  duration_ms: 1.438666
  type: 'test'
  ...
# Subtest: active simulation surface fills the viewport and keeps navigator presentation outside the approved active screen
ok 1398 - active simulation surface fills the viewport and keeps navigator presentation outside the approved active screen
  ---
  duration_ms: 0.335
  type: 'test'
  ...
# Subtest: simulation confirmation reuses the session chrome owner with its Figma frozen-state geometry
ok 1399 - simulation confirmation reuses the session chrome owner with its Figma frozen-state geometry
  ---
  duration_ms: 0.320083
  type: 'test'
  ...
# Subtest: simulation preparation owns neutral question and response geometry
ok 1400 - simulation preparation owns neutral question and response geometry
  ---
  duration_ms: 0.203542
  type: 'test'
  ...
# Subtest: simulation statuses localize their projection copy and expose pending operation semantics
ok 1401 - simulation statuses localize their projection copy and expose pending operation semantics
  ---
  duration_ms: 0.13275
  type: 'test'
  ...
# Subtest: Simulation navigator accepts complete unique projections for each supported session length
ok 1402 - Simulation navigator accepts complete unique projections for each supported session length
  ---
  duration_ms: 0.869833
  type: 'test'
  ...
# Subtest: Simulation completion metrics are withheld before the verified completed projection
ok 1403 - Simulation completion metrics are withheld before the verified completed projection
  ---
  duration_ms: 0.12875
  type: 'test'
  ...
# Subtest: all seven locales preserve namespace, key, leaf, array and token contracts
ok 1404 - all seven locales preserve namespace, key, leaf, array and token contracts
  ---
  duration_ms: 68.999125
  type: 'test'
  ...
# Subtest: plural suffix groups match the English source
ok 1405 - plural suffix groups match the English source
  ---
  duration_ms: 23.424459
  type: 'test'
  ...
# Subtest: identical English values stay within the reviewed exception list
ok 1406 - identical English values stay within the reviewed exception list
  ---
  duration_ms: 18.945625
  type: 'test'
  ...
# Subtest: i18next has no language or namespace fallback
ok 1407 - i18next has no language or namespace fallback
  ---
  duration_ms: 7.390167
  type: 'test'
  ...
# Subtest: translation AST collection stays on literal first arguments
ok 1408 - translation AST collection stays on literal first arguments
  ---
  duration_ms: 446.314917
  type: 'test'
  ...
# Subtest: scoped Practice, result, review, and session-shell literals exist in both locales
ok 1409 - scoped Practice, result, review, and session-shell literals exist in both locales
  ---
  duration_ms: 154.67925
  type: 'test'
  ...
# Subtest: practice presentation output strings are keys in both locales
ok 1410 - practice presentation output strings are keys in both locales
  ---
  duration_ms: 0.76975
  type: 'test'
  ...
# Subtest: admitted practice mode titles, details, and unavailable reasons are locale keys
ok 1411 - admitted practice mode titles, details, and unavailable reasons are locale keys
  ---
  duration_ms: 1.08525
  type: 'test'
  ...
# Subtest: local remote-client boundary is explicit and has no implicit endpoint
ok 1412 - local remote-client boundary is explicit and has no implicit endpoint
  ---
  duration_ms: 1.923458
  type: 'test'
  ...
# Subtest: public environment accepts the complete sandbox-only Firebase domain configuration
ok 1413 - public environment accepts the complete sandbox-only Firebase domain configuration
  ---
  duration_ms: 0.546541
  type: 'test'
  ...
# Subtest: public environment rejects extra keys, incomplete values, unsafe URLs, and production Firebase defaults
ok 1414 - public environment rejects extra keys, incomplete values, unsafe URLs, and production Firebase defaults
  ---
  duration_ms: 0.569833
  type: 'test'
  ...
# Subtest: runtime privacy keeps console and raw errors forbidden inside adapters and rejects sibling client paths
ok 1415 - runtime privacy keeps console and raw errors forbidden inside adapters and rejects sibling client paths
  ---
  duration_ms: 696.744042
  type: 'test'
  ...
# Subtest: explicit local fixture works only inside the development smoke boundary
ok 1416 - explicit local fixture works only inside the development smoke boundary
  ---
  duration_ms: 1.00675
  type: 'test'
  ...
# Subtest: getMe validates the complete canonical profile and preserves nullable fields
ok 1417 - getMe validates the complete canonical profile and preserves nullable fields
  ---
  duration_ms: 48.661709
  type: 'test'
  ...
# Subtest: getMe rejects incomplete, mistyped, malformed, and extended account profiles
ok 1418 - getMe rejects incomplete, mistyped, malformed, and extended account profiles
  ---
  duration_ms: 4.792083
  type: 'test'
  ...
# Subtest: deletion response methods bind exact proof and operation identity while preserving nullable pending proofs
ok 1419 - deletion response methods bind exact proof and operation identity while preserving nullable pending proofs
  ---
  duration_ms: 3.402625
  type: 'test'
  ...
# Subtest: account and deletion parsers preserve the existing route, method, body, and auth modes
ok 1420 - account and deletion parsers preserve the existing route, method, body, and auth modes
  ---
  duration_ms: 1.332834
  type: 'test'
  ...
# Subtest: client rejects an unconfigured environment and missing authentication
ok 1421 - client rejects an unconfigured environment and missing authentication
  ---
  duration_ms: 0.311166
  type: 'test'
  ...
# Subtest: account session exchange sends an empty authenticated request and parses its custom token
ok 1422 - account session exchange sends an empty authenticated request and parses its custom token
  ---
  duration_ms: 0.412625
  type: 'test'
  ...
# Subtest: account session exchange rejects a missing custom token
ok 1423 - account session exchange rejects a missing custom token
  ---
  duration_ms: 0.277708
  type: 'test'
  ...
# Subtest: account registration validates and preserves distinct Terms and Privacy evidence
ok 1424 - account registration validates and preserves distinct Terms and Privacy evidence
  ---
  duration_ms: 0.67975
  type: 'test'
  ...
# Subtest: session revocation accepts only the exact operation and a nonempty replacement token
ok 1425 - session revocation accepts only the exact operation and a nonempty replacement token
  ---
  duration_ms: 0.814625
  type: 'test'
  ...
# Subtest: recovery operation methods use the canonical paths, proof body, and authentication modes
ok 1426 - recovery operation methods use the canonical paths, proof body, and authentication modes
  ---
  duration_ms: 4.349667
  type: 'test'
  ...
# Subtest: recovery operation parsers reject malformed, mismatched, and extended server results
ok 1427 - recovery operation parsers reject malformed, mismatched, and extended server results
  ---
  duration_ms: 5.444708
  type: 'test'
  ...
# Subtest: recovery calls reject invalid operation IDs and proofs before token acquisition or network use
ok 1428 - recovery calls reject invalid operation IDs and proofs before token acquisition or network use
  ---
  duration_ms: 0.585083
  type: 'test'
  ...
# Subtest: recovery calls preserve typed server failures and Retry-After
ok 1429 - recovery calls preserve typed server failures and Retry-After
  ---
  duration_ms: 1.494333
  type: 'test'
  ...
# Subtest: content package transport uses the authenticated App Check API and returns binary response headers
ok 1430 - content package transport uses the authenticated App Check API and returns binary response headers
  ---
  duration_ms: 9.638833
  type: 'test'
  ...
# Subtest: content package transport caps streamed response bodies at two MiB
ok 1431 - content package transport caps streamed response bodies at two MiB
  ---
  duration_ms: 0.51425
  type: 'test'
  ...
# Subtest: content package transport preserves typed backend admission codes
ok 1432 - content package transport preserves typed backend admission codes
  ---
  duration_ms: 0.747834
  type: 'test'
  ...
# Subtest: mobile requests fail before transport when App Check is unavailable
ok 1433 - mobile requests fail before transport when App Check is unavailable
  ---
  duration_ms: 0.1635
  type: 'test'
  ...
# Subtest: canonical progress transport has no protocol query or version labels
ok 1434 - canonical progress transport has no protocol query or version labels
  ---
  duration_ms: 1.552459
  type: 'test'
  ...
# Subtest: client rejects removed protocol fields before sending a sync request
ok 1435 - client rejects removed protocol fields before sending a sync request
  ---
  duration_ms: 0.125708
  type: 'test'
  ...
# Subtest: client accepts canonical identity lengths supported by content
ok 1436 - client accepts canonical identity lengths supported by content
  ---
  duration_ms: 0.593208
  type: 'test'
  ...
# Subtest: client turns removed identity metadata in a response into a schema conflict
ok 1437 - client turns removed identity metadata in a response into a schema conflict
  ---
  duration_ms: 1.7505
  type: 'test'
  ...
# Subtest: Apple nonce boundary hashes the Expo request and preserves the Firebase raw nonce
ok 1438 - Apple nonce boundary hashes the Expo request and preserves the Firebase raw nonce
  ---
  duration_ms: 2.44925
  type: 'test'
  ...
# Subtest: authorization generation claim identifies exchanged sessions and rejects malformed values
ok 1439 - authorization generation claim identifies exchanged sessions and rejects malformed values
  ---
  duration_ms: 0.403792
  type: 'test'
  ...
# Subtest: authorization generation reads force-refresh claims for the same current Firebase identity
ok 1440 - authorization generation reads force-refresh claims for the same current Firebase identity
  ---
  duration_ms: 1.103084
  type: 'test'
  ...
# Subtest: authorization generation refresh rejects a result after the Firebase identity changes
ok 1441 - authorization generation refresh rejects a result after the Firebase identity changes
  ---
  duration_ms: 0.375625
  type: 'test'
  ...
# Subtest: local Firebase sign-out retries and verifies persisted-user removal after SDK persistence rejection
ok 1442 - local Firebase sign-out retries and verifies persisted-user removal after SDK persistence rejection
  ---
  duration_ms: 0.427542
  type: 'test'
  ...
# Subtest: local Firebase sign-out stays failed if Auth still has a user or persistence cannot be verified
ok 1443 - local Firebase sign-out stays failed if Auth still has a user or persistence cannot be verified
  ---
  duration_ms: 0.296458
  type: 'test'
  ...
# Subtest: Firebase configuration exposes the deny-all rules and the one semantic account-record index
ok 1444 - Firebase configuration exposes the deny-all rules and the one semantic account-record index
  ---
  duration_ms: 2.901667
  type: 'test'
  ...
# Subtest: keeps pre-market Firebase Hosting unpublished and loopback-only
ok 1445 - keeps pre-market Firebase Hosting unpublished and loopback-only
  ---
  duration_ms: 109.24825
  type: 'test'
  ...
# Subtest: provider fixture URL accepts only the strict local emulator command and opaque identity
ok 1446 - provider fixture URL accepts only the strict local emulator command and opaque identity
  ---
  duration_ms: 1.886791
  type: 'test'
  ...
# Subtest: provider fixture URL rejects extra, duplicate, reordered, malformed, and credential-bearing parameters
ok 1447 - provider fixture URL rejects extra, duplicate, reordered, malformed, and credential-bearing parameters
  ---
  duration_ms: 0.473042
  type: 'test'
  ...
# Subtest: provider fixture guard requires explicit development smoke and loopback emulator/API project
ok 1448 - provider fixture guard requires explicit development smoke and loopback emulator/API project
  ---
  duration_ms: 0.19425
  type: 'test'
  ...
# Subtest: Google mock OIDC token uses a stable synthetic subject and no real account fields
ok 1449 - Google mock OIDC token uses a stable synthetic subject and no real account fields
  ---
  duration_ms: 1.759291
  type: 'test'
  ...
# Subtest: Apple fixture feeds a fresh raw nonce through the production OAuthCredential builder
ok 1450 - Apple fixture feeds a fresh raw nonce through the production OAuthCredential builder
  ---
  duration_ms: 0.833833
  type: 'test'
  ...
# Subtest: Firebase Auth Emulator is unavailable outside explicit development E2E
ok 1451 - Firebase Auth Emulator is unavailable outside explicit development E2E
  ---
  duration_ms: 0.863959
  type: 'test'
  ...
# Subtest: Firebase Auth Emulator requires the canonical local development origin
ok 1452 - Firebase Auth Emulator requires the canonical local development origin
  ---
  duration_ms: 0.213792
  type: 'test'
  ...
# Subtest: local builds keep public legal links explicitly unavailable without configuration
ok 1453 - local builds keep public legal links explicitly unavailable without configuration
  ---
  duration_ms: 1.130083
  type: 'test'
  ...
# Subtest: missing public URL fails closed instead of inferring a destination
ok 1454 - missing public URL fails closed instead of inferring a destination
  ---
  duration_ms: 1.197667
  type: 'test'
  ...
# Subtest: configured public legal links preserve the validated contract destinations
ok 1455 - configured public legal links preserve the validated contract destinations
  ---
  duration_ms: 0.694417
  type: 'test'
  ...
# Subtest: canonical serialization sorts object keys without changing array order
ok 1456 - canonical serialization sorts object keys without changing array order
  ---
  duration_ms: 0.863
  type: 'test'
  ...
# Subtest: fingerprint payload carries the canonical serializer version
ok 1457 - fingerprint payload carries the canonical serializer version
  ---
  duration_ms: 0.168166
  type: 'test'
  ...
# Subtest: canonical-json-v1 is NFC-normalized, rejects duplicate keys, and counts UTF-8 bytes
ok 1458 - canonical-json-v1 is NFC-normalized, rejects duplicate keys, and counts UTF-8 bytes
  ---
  duration_ms: 1.435958
  type: 'test'
  ...
# Subtest: SHA-256 identities are stable, opaque, and response-sensitive
ok 1459 - SHA-256 identities are stable, opaque, and response-sensitive
  ---
  duration_ms: 0.833125
  type: 'test'
  ...
# Subtest: native byte hashing passes an owned TypedArray to expo-crypto
ok 1460 - native byte hashing passes an owned TypedArray to expo-crypto
  ---
  duration_ms: 0.784375
  type: 'test'
  ...
# Subtest: platform-neutral SHA-256 matches standard UTF-8 vectors
ok 1461 - platform-neutral SHA-256 matches standard UTF-8 vectors
  ---
  duration_ms: 1.039542
  type: 'test'
  ...
# Subtest: session identity is anchored to canonical track, version, and artifact SHA
ok 1462 - session identity is anchored to canonical track, version, and artifact SHA
  ---
  duration_ms: 784.597375
  type: 'test'
  ...
# Subtest: goal days map to Expo weekly weekdays where Sunday is one
ok 1463 - goal days map to Expo weekly weekdays where Sunday is one
  ---
  duration_ms: 1.207708
  type: 'test'
  ...
# Subtest: config requires non-empty key and authenticated account
ok 1464 - config requires non-empty key and authenticated account
  ---
  duration_ms: 1.07775
  type: 'test'
  ...
# Subtest: adapter is iOS-only and validates monthly product terms
ok 1465 - adapter is iOS-only and validates monthly product terms
  ---
  duration_ms: 0.849084
  type: 'test'
  ...
# Subtest: purchase cancellation and failures are explicit
ok 1466 - purchase cancellation and failures are explicit
  ---
  duration_ms: 0.5635
  type: 'test'
  ...
# Subtest: configuration is single-flight across concurrent actions
ok 1467 - configuration is single-flight across concurrent actions
  ---
  duration_ms: 0.638333
  type: 'test'
  ...
# Subtest: copy stores only a digest and schedules cleanup for five minutes
ok 1468 - copy stores only a digest and schedules cleanup for five minutes
  ---
  duration_ms: 2.098167
  type: 'test'
  ...
# Subtest: expired unchanged recovery codes are cleared
ok 1469 - expired unchanged recovery codes are cleared
  ---
  duration_ms: 2.415041
  type: 'test'
  ...
# Subtest: scheduled timer callback performs the due cleanup
ok 1470 - scheduled timer callback performs the due cleanup
  ---
  duration_ms: 3.127167
  type: 'test'
  ...
# Subtest: later clipboard content is never removed
ok 1471 - later clipboard content is never removed
  ---
  duration_ms: 0.388292
  type: 'test'
  ...
# Subtest: restart reconciliation schedules a pending cleanup without reading the clipboard early
ok 1472 - restart reconciliation schedules a pending cleanup without reading the clipboard early
  ---
  duration_ms: 0.213167
  type: 'test'
  ...
# Subtest: copy failure rolls back unchanged clipboard content instead of leaving an unmanaged secret
ok 1473 - copy failure rolls back unchanged clipboard content instead of leaving an unmanaged secret
  ---
  duration_ms: 0.407375
  type: 'test'
  ...
# Subtest: durable marker is written before recovery codes reach the clipboard
ok 1474 - durable marker is written before recovery codes reach the clipboard
  ---
  duration_ms: 1.118709
  type: 'test'
  ...
# Subtest: failed system cleanup keeps the marker and schedules a retry
ok 1475 - failed system cleanup keeps the marker and schedules a retry
  ---
  duration_ms: 0.316916
  type: 'test'
  ...
# Subtest: an uncertain rejected clipboard write preserves recovery when the written value cannot be cleared
ok 1476 - an uncertain rejected clipboard write preserves recovery when the written value cannot be cleared
  ---
  duration_ms: 0.409083
  type: 'test'
  ...
# Subtest: vault round-trips only the versioned recovery record and clears it
ok 1477 - vault round-trips only the versioned recovery record and clears it
  ---
  duration_ms: 2.155834
  type: 'test'
  ...
# Subtest: vault persists a strict current-account defer marker in the retained issue record
ok 1478 - vault persists a strict current-account defer marker in the retained issue record
  ---
  duration_ms: 0.749125
  type: 'test'
  ...
# Subtest: vault rejects malformed records without leaking parser errors or deleting evidence
ok 1479 - vault rejects malformed records without leaking parser errors or deleting evidence
  ---
  duration_ms: 0.196042
  type: 'test'
  ...
# Subtest: vault rejects duplicate or malformed recovery codes before storage
ok 1480 - vault rejects duplicate or malformed recovery codes before storage
  ---
  duration_ms: 0.134542
  type: 'test'
  ...
# Subtest: vault round-trips exactly one same-account replacement backup without recursive lineage
ok 1481 - vault round-trips exactly one same-account replacement backup without recursive lineage
  ---
  duration_ms: 0.181375
  type: 'test'
  ...
# Subtest: vault rejects replacement backups with mismatched identity, operation ID, or recursive/extended shape
ok 1482 - vault rejects replacement backups with mismatched identity, operation ID, or recursive/extended shape
  ---
  duration_ms: 0.74075
  type: 'test'
  ...
# Subtest: vault reports write and clear failures explicitly
ok 1483 - vault reports write and clear failures explicitly
  ---
  duration_ms: 0.198083
  type: 'test'
  ...
# Subtest: a fresh install creates only an encrypted canonical slot
ok 1484 - a fresh install creates only an encrypted canonical slot
  ---
  duration_ms: 5.818292
  type: 'test'
  ...
# Subtest: legacy data is copied, verified and encrypted before ready, then purged after a cold reopen
ok 1485 - legacy data is copied, verified and encrypted before ready, then purged after a cold reopen
  ---
  duration_ms: 8.47275
  type: 'test'
  ...
# Subtest: every interrupted manifest transition resumes without losing the legacy source
ok 1486 - every interrupted manifest transition resumes without losing the legacy source
  ---
  duration_ms: 26.652916
  type: 'test'
  ...
# Subtest: requested key rotation switches slots without losing data and removes the old key after a cold reopen
ok 1487 - requested key rotation switches slots without losing data and removes the old key after a cold reopen
  ---
  duration_ms: 1.205292
  type: 'test'
  ...
# Subtest: missing keys and corrupt manifests fail closed
ok 1488 - missing keys and corrupt manifests fail closed
  ---
  duration_ms: 0.657458
  type: 'test'
  ...
# Subtest: closed storage failure codes survive a native module realm boundary without message parsing
ok 1489 - closed storage failure codes survive a native module realm boundary without message parsing
  ---
  duration_ms: 0.397958
  type: 'test'
  ...
# Subtest: a completed store still requires its immutable transfer marker
ok 1490 - a completed store still requires its immutable transfer marker
  ---
  duration_ms: 0.759208
  type: 'test'
  ...
# Subtest: explicit unavailable-data reset removes slots, manifests and keys
ok 1491 - explicit unavailable-data reset removes slots, manifests and keys
  ---
  duration_ms: 0.637041
  type: 'test'
  ...
# Subtest: failed unavailable-data reset reports the error and a repeated reset completes partial removal
ok 1492 - failed unavailable-data reset reports the error and a repeated reset completes partial removal
  ---
  duration_ms: 1.212625
  type: 'test'
  ...
# Subtest: stores one strict, versioned record with only operation identity metadata
ok 1493 - stores one strict, versioned record with only operation identity metadata
  ---
  duration_ms: 2.505709
  type: 'test'
  ...
# Subtest: duplicate UID and operation ID remains one pending entry and verified state
ok 1494 - duplicate UID and operation ID remains one pending entry and verified state
  ---
  duration_ms: 0.328166
  type: 'test'
  ...
# Subtest: operation IDs must be UUIDv4 both on writes and when loading persisted records
ok 1495 - operation IDs must be UUIDv4 both on writes and when loading persisted records
  ---
  duration_ms: 0.425083
  type: 'test'
  ...
# Subtest: a version-one pending record is rejected instead of migrated
ok 1496 - a version-one pending record is rejected instead of migrated
  ---
  duration_ms: 0.216125
  type: 'test'
  ...
# Subtest: a stale UID or operation cannot clear a newer block
ok 1497 - a stale UID or operation cannot clear a newer block
  ---
  duration_ms: 21.6275
  type: 'test'
  ...
# Subtest: verified UID or null Auth can clear the matching block while retaining pending work
ok 1498 - verified UID or null Auth can clear the matching block while retaining pending work
  ---
  duration_ms: 0.628791
  type: 'test'
  ...
# Subtest: a queued null-Auth clear rechecks its guard inside the serialized mutation
ok 1499 - a queued null-Auth clear rechecks its guard inside the serialized mutation
  ---
  duration_ms: 0.29275
  type: 'test'
  ...
# Subtest: another UID cannot alter a different UID's pending operation
ok 1500 - another UID cannot alter a different UID's pending operation
  ---
  duration_ms: 0.206875
  type: 'test'
  ...
# Subtest: verified remote completion removes only the exact UID and operation pair
ok 1501 - verified remote completion removes only the exact UID and operation pair
  ---
  duration_ms: 0.5935
  type: 'test'
  ...
# Subtest: completion rechecks its guard after the async read and keeps the pending marker when stale
ok 1502 - completion rechecks its guard after the async read and keeps the pending marker when stale
  ---
  duration_ms: 0.582416
  type: 'test'
  ...
# Subtest: completion records a durable tombstone when read-back cannot verify pending removal
ok 1503 - completion records a durable tombstone when read-back cannot verify pending removal
  ---
  duration_ms: 0.26325
  type: 'test'
  ...
# Subtest: an unavailable confirmation read still leaves pending or an exact completed tombstone
ok 1504 - an unavailable confirmation read still leaves pending or an exact completed tombstone
  ---
  duration_ms: 0.260042
  type: 'test'
  ...
# Subtest: corrupt or unknown-version records fail closed without being overwritten
ok 1505 - corrupt or unknown-version records fail closed without being overwritten
  ---
  duration_ms: 0.644667
  type: 'test'
  ...
# Subtest: read and write errors fail closed; an interrupted persisted write is safe to retry
ok 1506 - read and write errors fail closed; an interrupted persisted write is safe to retry
  ---
  duration_ms: 0.292166
  type: 'test'
  ...
# Subtest: a write is not accepted until read-back matches exactly
ok 1507 - a write is not accepted until read-back matches exactly
  ---
  duration_ms: 0.101167
  type: 'test'
  ...
# Subtest: snapshots are deeply immutable and independent of later mutations
ok 1508 - snapshots are deeply immutable and independent of later mutations
  ---
  duration_ms: 3.123583
  type: 'test'
  ...
# Subtest: transactions serialize across control instances in the JavaScript runtime
ok 1509 - transactions serialize across control instances in the JavaScript runtime
  ---
  duration_ms: 0.204708
  type: 'test'
  ...
# Subtest: prepare opens the router without publishing or reading a scoped key
ok 1510 - prepare opens the router without publishing or reading a scoped key
  ---
  duration_ms: 2.358
  type: 'test'
  ...
# Subtest: prepared inspection exposes registry metadata and freshness without opening profile storage
ok 1511 - prepared inspection exposes registry metadata and freshness without opening profile storage
  ---
  duration_ms: 1.602375
  type: 'test'
  ...
# Subtest: prepared guest validation reads only access markers without publishing storage
ok 1512 - prepared guest validation reads only access markers without publishing storage
  ---
  duration_ms: 1.202584
  type: 'test'
  ...
# Subtest: prepared authenticated recovery promotes only a matching bound guest
ok 1513 - prepared authenticated recovery promotes only a matching bound guest
  ---
  duration_ms: 5.358625
  type: 'test'
  ...
# Subtest: closing an active profile revokes returned clients and preserves prepared metadata
ok 1514 - closing an active profile revokes returned clients and preserves prepared metadata
  ---
  duration_ms: 0.525667
  type: 'test'
  ...
# Subtest: deferred activation does not wake preferences until the caller approves the profile scope
ok 1515 - deferred activation does not wake preferences until the caller approves the profile scope
  ---
  duration_ms: 0.47925
  type: 'test'
  ...
# Subtest: prepared account selection commits and reloads while keeping scoped storage closed
ok 1516 - prepared account selection commits and reloads while keeping scoped storage closed
  ---
  duration_ms: 1.165708
  type: 'test'
  ...
# Subtest: changed prepared account selection can activate the refreshed profile without app reload
ok 1517 - changed prepared account selection can activate the refreshed profile without app reload
  ---
  duration_ms: 1.226667
  type: 'test'
  ...
# Subtest: prepared account selection refuses Auth that becomes stale before the registry commit
ok 1518 - prepared account selection refuses Auth that becomes stale before the registry commit
  ---
  duration_ms: 0.683541
  type: 'test'
  ...
# Subtest: prepared guest selection refreshes metadata and activates after commit without app reload
ok 1519 - prepared guest selection refreshes metadata and activates after commit without app reload
  ---
  duration_ms: 3.090958
  type: 'test'
  ...
# Subtest: implicit prepared guest selection fails closed when multiple preserved guests exist
ok 1520 - implicit prepared guest selection fails closed when multiple preserved guests exist
  ---
  duration_ms: 3.909333
  type: 'test'
  ...
# Subtest: prepare for an existing legacy owner reads only migration metadata
ok 1521 - prepare for an existing legacy owner reads only migration metadata
  ---
  duration_ms: 0.532375
  type: 'test'
  ...
# Subtest: prepare for an existing legacy guest reads only migration metadata
ok 1522 - prepare for an existing legacy guest reads only migration metadata
  ---
  duration_ms: 0.292084
  type: 'test'
  ...
# Subtest: activation is required and publishes only matching prepared profile metadata
ok 1523 - activation is required and publishes only matching prepared profile metadata
  ---
  duration_ms: 0.334042
  type: 'test'
  ...
# Subtest: mismatched activation fails closed
ok 1524 - mismatched activation fails closed
  ---
  duration_ms: 0.311208
  type: 'test'
  ...
# Subtest: prepare failure clears any previously published scoped client
ok 1525 - prepare failure clears any previously published scoped client
  ---
  duration_ms: 0.388667
  type: 'test'
  ...
# Subtest: prepare revokes previously returned scoped storage references
ok 1526 - prepare revokes previously returned scoped storage references
  ---
  duration_ms: 0.608125
  type: 'test'
  ...
# Subtest: legacy owner remains byte-for-byte visible only through its own logical scope
ok 1527 - legacy owner remains byte-for-byte visible only through its own logical scope
  ---
  duration_ms: 3.534375
  type: 'test'
  ...
# Subtest: an unchosen empty welcome profile stays fresh across restarts until guest markers are written
ok 1528 - an unchosen empty welcome profile stays fresh across restarts until guest markers are written
  ---
  duration_ms: 1.825
  type: 'test'
  ...
# Subtest: an existing storage key prevents missing registry metadata from being classified as fresh
ok 1529 - an existing storage key prevents missing registry metadata from being classified as fresh
  ---
  duration_ms: 0.944208
  type: 'test'
  ...
# Subtest: explicit selection of the initial guest provisions its unbound access markers
ok 1530 - explicit selection of the initial guest provisions its unbound access markers
  ---
  duration_ms: 1.509709
  type: 'test'
  ...
# Subtest: a selected modern guest keeps its earlier independent dataset identity and scoped data
ok 1531 - a selected modern guest keeps its earlier independent dataset identity and scoped data
  ---
  duration_ms: 1.562458
  type: 'test'
  ...
# Subtest: a completed modern guest adoption promotes only its matching account and permits a new guest
ok 1532 - a completed modern guest adoption promotes only its matching account and permits a new guest
  ---
  duration_ms: 4.387875
  type: 'test'
  ...
# Subtest: valid adoption-pending legacy guest marker remains readable during profile registry migration
ok 1533 - valid adoption-pending legacy guest marker remains readable during profile registry migration
  ---
  duration_ms: 0.56225
  type: 'test'
  ...
# Subtest: legacy guest migration keeps the verified marker dataset ID despite a different generated identity
ok 1534 - legacy guest migration keeps the verified marker dataset ID despite a different generated identity
  ---
  duration_ms: 0.423416
  type: 'test'
  ...
# Subtest: a persisted mismatched legacy guest ID still validates its raw unbound guest markers
ok 1535 - a persisted mismatched legacy guest ID still validates its raw unbound guest markers
  ---
  duration_ms: 0.680333
  type: 'test'
  ...
# Subtest: a selected guest receives an isolated, durable namespace without changing legacy bytes
ok 1536 - a selected guest receives an isolated, durable namespace without changing legacy bytes
  ---
  duration_ms: 7.449833
  type: 'test'
  ...
# Subtest: a later exact owner login selects the unchanged legacy scope before local reads
ok 1537 - a later exact owner login selects the unchanged legacy scope before local reads
  ---
  duration_ms: 13.087583
  type: 'test'
  ...
# Subtest: switching away from a modern account never reads its scoped payload
ok 1538 - switching away from a modern account never reads its scoped payload
  ---
  duration_ms: 1.719167
  type: 'test'
  ...
# Subtest: malformed profile registry blocks instead of choosing a storage namespace
ok 1539 - malformed profile registry blocks instead of choosing a storage namespace
  ---
  duration_ms: 0.172458
  type: 'test'
  ...
# Subtest: concurrent guest selections claim one transition and cannot commit competing profiles
ok 1540 - concurrent guest selections claim one transition and cannot commit competing profiles
  ---
  duration_ms: 1.102709
  type: 'test'
  ...
# Subtest: selectGuest reuses the selected guest with the same profile ID and stored data
ok 1541 - selectGuest reuses the selected guest with the same profile ID and stored data
  ---
  duration_ms: 1.483125
  type: 'test'
  ...
# Subtest: selectGuest fails closed when the selected guest marker cannot be verified
ok 1542 - selectGuest fails closed when the selected guest marker cannot be verified
  ---
  duration_ms: 0.493959
  type: 'test'
  ...
# Subtest: selectGuest returns a typed ambiguity error without writing when multiple guests are preserved
ok 1543 - selectGuest returns a typed ambiguity error without writing when multiple guests are preserved
  ---
  duration_ms: 11.154875
  type: 'test'
  ...
# Subtest: one canonical guest and two account scopes survive restart without cross-scope access
ok 1544 - one canonical guest and two account scopes survive restart without cross-scope access
  ---
  duration_ms: 3.253625
  type: 'test'
  ...
# Subtest: existing guest reselection rejects non-guest IDs without changing the registry
ok 1545 - existing guest reselection rejects non-guest IDs without changing the registry
  ---
  duration_ms: 0.236917
  type: 'test'
  ...
# Subtest: failed existing guest registry commit leaves the current scope closed
ok 1546 - failed existing guest registry commit leaves the current scope closed
  ---
  duration_ms: 1.043417
  type: 'test'
  ...
# Subtest: visible legal documents index all seven locales directly
ok 1547 - visible legal documents index all seven locales directly
  ---
  duration_ms: 1.820292
  type: 'test'
  ...
# Subtest: unapproved locale documents fail closed in release and never fall back to English
ok 1548 - unapproved locale documents fail closed in release and never fall back to English
  ---
  duration_ms: 0.247333
  type: 'test'
  ...
# Subtest: visible legal screens request the selected locale directly
ok 1549 - visible legal screens request the selected locale directly
  ---
  duration_ms: 0.83475
  type: 'test'
  ...
# Subtest: accepts the current legal variable shape in test mode and preserves checkout flag boolean
ok 1550 - accepts the current legal variable shape in test mode and preserves checkout flag boolean
  ---
  duration_ms: 3.117792
  type: 'test'
  ...
# Subtest: seven-locale legal drafts require all locales and explicit unapproved test-only markers
ok 1551 - seven-locale legal drafts require all locales and explicit unapproved test-only markers
  ---
  duration_ms: 4.072416
  type: 'test'
  ...
# Subtest: legal variables select the local fixture for local mode and the checked-in JSON for release mode
ok 1552 - legal variables select the local fixture for local mode and the checked-in JSON for release mode
  ---
  duration_ms: 1055.10425
  type: 'test'
  ...
# Subtest: legal variable CLI resolver uses distinct sources and never falls back for missing or invalid release JSON
ok 1553 - legal variable CLI resolver uses distinct sources and never falls back for missing or invalid release JSON
  ---
  duration_ms: 4.234375
  type: 'test'
  ...
# Subtest: reports missing keys, locales and unexpected keys by field path
ok 1554 - reports missing keys, locales and unexpected keys by field path
  ---
  duration_ms: 1.059916
  type: 'test'
  ...
# Subtest: rejects empty, whitespace-only and padded localized values
ok 1555 - rejects empty, whitespace-only and padded localized values
  ---
  duration_ms: 0.723667
  type: 'test'
  ...
# Subtest: release mode rejects recognized placeholders and test mode allows them
ok 1556 - release mode rejects recognized placeholders and test mode allows them
  ---
  duration_ms: 3.419584
  type: 'test'
  ...
# Subtest: public privacy and terms links require canonical HTTPS paths without query or fragment
ok 1557 - public privacy and terms links require canonical HTTPS paths without query or fragment
  ---
  duration_ms: 4.341792
  type: 'test'
  ...
# Subtest: accepts complete production-like legal values in release mode
ok 1558 - accepts complete production-like legal values in release mode
  ---
  duration_ms: 0.641542
  type: 'test'
  ...
# Subtest: CLI passes test mode and release mode rejects placeholders with field paths
ok 1559 - CLI passes test mode and release mode rejects placeholders with field paths
  ---
  duration_ms: 738.391583
  type: 'test'
  ...
# Subtest: provider registration binds the complete canonical English and Polish documents to their loaded versions
ok 1560 - provider registration binds the complete canonical English and Polish documents to their loaded versions
  ---
  duration_ms: 20.690167
  type: 'test'
  ...
# Subtest: provider registration fails closed for draft locales and incomplete release legal configuration
ok 1561 - provider registration fails closed for draft locales and incomplete release legal configuration
  ---
  duration_ms: 0.420334
  type: 'test'
  ...
# Subtest: language settings audit command is exact and development-smoke only
ok 1562 - language settings audit command is exact and development-smoke only
  ---
  duration_ms: 0.685333
  type: 'test'
  ...
# Subtest: language settings audit route renders the production screen without account or preference commands
ok 1563 - language settings audit route renders the production screen without account or preference commands
  ---
  duration_ms: 0.369542
  type: 'test'
  ...
# Subtest: the loading-state inventory stays complete as pending surfaces evolve
ok 1564 - the loading-state inventory stays complete as pending surfaces evolve
  ---
  duration_ms: 28.824084
  type: 'test'
  ...
# Subtest: LoadingState is the compact accessible generic pending status
ok 1565 - LoadingState is the compact accessible generic pending status
  ---
  duration_ms: 0.706417
  type: 'test'
  ...
# Subtest: EmptyState is the centered retained-content/unavailable status primitive
ok 1566 - EmptyState is the centered retained-content/unavailable status primitive
  ---
  duration_ms: 0.220542
  type: 'test'
  ...
# Subtest: exactly the one remaining generic pending branch uses LoadingState
ok 1567 - exactly the one remaining generic pending branch uses LoadingState
  ---
  duration_ms: 9.196875
  type: 'test'
  ...
# Subtest: C1 screens own local review and exam loading geometry
ok 1568 - C1 screens own local review and exam loading geometry
  ---
  duration_ms: 0.279792
  type: 'test'
  ...
# Subtest: bootstrap, roadmap, and setup own their phase or screen loading geometry
ok 1569 - bootstrap, roadmap, and setup own their phase or screen loading geometry
  ---
  duration_ms: 1.168542
  type: 'test'
  ...
# Subtest: Home shell owns tab-specific glass loading geometry and keeps navigation usable
ok 1570 - Home shell owns tab-specific glass loading geometry and keeps navigation usable
  ---
  duration_ms: 1.034542
  type: 'test'
  ...
# Subtest: Practice Hub keeps its local pending geometry while the scoped read model owns state
ok 1571 - Practice Hub keeps its local pending geometry while the scoped read model owns state
  ---
  duration_ms: 0.486791
  type: 'test'
  ...
# Subtest: specialized practice sessions share one neutral question and response loading skeleton
ok 1572 - specialized practice sessions share one neutral question and response loading skeleton
  ---
  duration_ms: 0.662167
  type: 'test'
  ...
# Subtest: Activity owns its glass loading skeleton
ok 1573 - Activity owns its glass loading skeleton
  ---
  duration_ms: 0.759458
  type: 'test'
  ...
# Subtest: Coding Interview scope owns its glass loading skeleton
ok 1574 - Coding Interview scope owns its glass loading skeleton
  ---
  duration_ms: 0.292667
  type: 'test'
  ...
# Subtest: exam review owns its glass loading skeleton
ok 1575 - exam review owns its glass loading skeleton
  ---
  duration_ms: 0.101584
  type: 'test'
  ...
# Subtest: exam result owns its glass loading skeleton
ok 1576 - exam result owns its glass loading skeleton
  ---
  duration_ms: 0.353666
  type: 'test'
  ...
# Subtest: coding practice result owns its glass loading skeleton
ok 1577 - coding practice result owns its glass loading skeleton
  ---
  duration_ms: 0.339125
  type: 'test'
  ...
# Subtest: mistakes review owns its glass loading skeleton
ok 1578 - mistakes review owns its glass loading skeleton
  ---
  duration_ms: 0.336542
  type: 'test'
  ...
# Subtest: SkeletonShape owns the shared clipped glass primitive
ok 1579 - SkeletonShape owns the shared clipped glass primitive
  ---
  duration_ms: 0.271833
  type: 'test'
  ...
# Subtest: Skeleton glass motion uses one native driver loop and resets on lifecycle changes
ok 1580 - Skeleton glass motion uses one native driver loop and resets on lifecycle changes
  ---
  duration_ms: 0.221625
  type: 'test'
  ...
# Subtest: Skeleton glass motion stays static while Reduce Motion is unresolved or fails
ok 1581 - Skeleton glass motion stays static while Reduce Motion is unresolved or fails
  ---
  duration_ms: 0.128459
  type: 'test'
  ...
# Subtest: pending data is distinct from true empty and onboarding outcomes
ok 1582 - pending data is distinct from true empty and onboarding outcomes
  ---
  duration_ms: 0.814708
  type: 'test'
  ...
# Subtest: the six read owners end rejected reads in explicit unavailable EmptyStates
ok 1583 - the six read owners end rejected reads in explicit unavailable EmptyStates
  ---
  duration_ms: 0.847917
  type: 'test'
  ...
# Subtest: scoped practice reads honor explicit route identity and only load reviews on Hub
ok 1584 - scoped practice reads honor explicit route identity and only load reviews on Hub
  ---
  duration_ms: 0.739
  type: 'test'
  ...
# Subtest: route-keyed read states block A under B and publish only their captured request
ok 1585 - route-keyed read states block A under B and publish only their captured request
  ---
  duration_ms: 0.217917
  type: 'test'
  ...
# Subtest: queue reads clear stale resolved data before pending or unavailable
ok 1586 - queue reads clear stale resolved data before pending or unavailable
  ---
  duration_ms: 0.177333
  type: 'test'
  ...
# Subtest: specialized session preparation stays local while completion uses the generic status
ok 1587 - specialized session preparation stays local while completion uses the generic status
  ---
  duration_ms: 0.32875
  type: 'test'
  ...
# Subtest: Interview Simulation result reads stay pending until the verified 40-item projection
ok 1588 - Interview Simulation result reads stay pending until the verified 40-item projection
  ---
  duration_ms: 0.285209
  type: 'test'
  ...
# Subtest: navigation screens do not re-enter the public navigation barrel at runtime
ok 1589 - navigation screens do not re-enter the public navigation barrel at runtime
  ---
  duration_ms: 2.159708
  type: 'test'
  ...
# Subtest: bottom navigation labels stay canonical
ok 1590 - bottom navigation labels stay canonical
  ---
  duration_ms: 1.873541
  type: 'test'
  ...
# Subtest: primary Home and Practice CTAs route to Practice Hub
ok 1591 - primary Home and Practice CTAs route to Practice Hub
  ---
  duration_ms: 0.294834
  type: 'test'
  ...
# Subtest: Home change track CTA routes to track selection
ok 1592 - Home change track CTA routes to track selection
  ---
  duration_ms: 0.16375
  type: 'test'
  ...
# Subtest: shell safety model exposes no gamified status fields
ok 1593 - shell safety model exposes no gamified status fields
  ---
  duration_ms: 0.21475
  type: 'test'
  ...
# Subtest: Practice review weak items routes to canonical review queue
ok 1594 - Practice review weak items routes to canonical review queue
  ---
  duration_ms: 0.3095
  type: 'test'
  ...
# Subtest: bootstrap owns one branded phase-aware loading surface with no synthetic completion
ok 1595 - bootstrap owns one branded phase-aware loading surface with no synthetic completion
  ---
  duration_ms: 1.704875
  type: 'test'
  ...
# Subtest: generic LoadingState no longer carries the startup animation variant
ok 1596 - generic LoadingState no longer carries the startup animation variant
  ---
  duration_ms: 0.444042
  type: 'test'
  ...
# Subtest: app preferences default to English content locale and device appearance
ok 1597 - app preferences default to English content locale and device appearance
  ---
  duration_ms: 1.858958
  type: 'test'
  ...
# Subtest: app preferences retain an explicitly selected Polish locale
ok 1598 - app preferences retain an explicitly selected Polish locale
  ---
  duration_ms: 0.683333
  type: 'test'
  ...
# Subtest: settings storage retains every supported manual language
ok 1599 - settings storage retains every supported manual language
  ---
  duration_ms: 0.583417
  type: 'test'
  ...
# Subtest: translations resolve common UI copy through i18next
ok 1600 - translations resolve common UI copy through i18next
  ---
  duration_ms: 13.406
  type: 'test'
  ...
# Subtest: all seven runtime locales expose translated settings, nested legal and data copy
ok 1601 - all seven runtime locales expose translated settings, nested legal and data copy
  ---
  duration_ms: 6.287708
  type: 'test'
  ...
# Subtest: nested legal and data translations resolve and interpolate in English and Polish
ok 1602 - nested legal and data translations resolve and interpolate in English and Polish
  ---
  duration_ms: 0.349292
  type: 'test'
  ...
# Subtest: Legal information distinguishes device storage, account sync, local reset, account deletion, and retained deletion evidence
ok 1603 - Legal information distinguishes device storage, account sync, local reset, account deletion, and retained deletion evidence
  ---
  duration_ms: 5.663833
  type: 'test'
  ...
# Subtest: Legal hub keeps full rules in local documents and presents only proven request timeframes
ok 1604 - Legal hub keeps full rules in local documents and presents only proven request timeframes
  ---
  duration_ms: 0.682291
  type: 'test'
  ...
# Subtest: sentence keys containing dots remain literal in common
ok 1605 - sentence keys containing dots remain literal in common
  ---
  duration_ms: 0.304209
  type: 'test'
  ...
# Subtest: flat common labels containing colons remain literal keys
ok 1606 - flat common labels containing colons remain literal keys
  ---
  duration_ms: 0.332208
  type: 'test'
  ...
# Subtest: flat learningPlan plural resources remain addressable and mutable
ok 1607 - flat learningPlan plural resources remain addressable and mutable
  ---
  duration_ms: 0.866625
  type: 'test'
  ...
# Subtest: namespace normalization rejects dotted-key collisions atomically regardless of source order
ok 1608 - namespace normalization rejects dotted-key collisions atomically regardless of source order
  ---
  duration_ms: 0.354875
  type: 'test'
  ...
# Subtest: language changes persist all supported choices without changing appearance
ok 1609 - language changes persist all supported choices without changing appearance
  ---
  duration_ms: 0.29975
  type: 'test'
  ...
# Subtest: a failed language write rejects and preserves the previous saved choice for retry
ok 1610 - a failed language write rejects and preserves the previous saved choice for retry
  ---
  duration_ms: 0.343166
  type: 'test'
  ...
# Subtest: system locale resolver recognizes all supported targets and regional/case variants
ok 1611 - system locale resolver recognizes all supported targets and regional/case variants
  ---
  duration_ms: 1.84625
  type: 'test'
  ...
# Subtest: unknown and malformed system locale values resolve explicitly to temporary English
ok 1612 - unknown and malformed system locale values resolve explicitly to temporary English
  ---
  duration_ms: 0.239083
  type: 'test'
  ...
# Subtest: all manual choices remain authoritative and settings offer seven languages
ok 1613 - all manual choices remain authoritative and settings offer seven languages
  ---
  duration_ms: 0.203125
  type: 'test'
  ...
# Subtest: i18next does not silently fill missing keys from another locale
ok 1614 - i18next does not silently fill missing keys from another locale
  ---
  duration_ms: 1.509417
  type: 'test'
  ...
# Subtest: notification settings renders only the accepted plan slots and follows the stored settings entry
ok 1615 - notification settings renders only the accepted plan slots and follows the stored settings entry
  ---
  duration_ms: 1.068417
  type: 'test'
  ...
# Subtest: hook proves readiness only from accepted plan and at least one slot
ok 1616 - hook proves readiness only from accepted plan and at least one slot
  ---
  duration_ms: 0.159875
  type: 'test'
  ...
# Subtest: structural failures and absent plans expose no permission or activation controls
ok 1617 - structural failures and absent plans expose no permission or activation controls
  ---
  duration_ms: 1.307834
  type: 'test'
  ...
# Subtest: accepted disabled plan may show permission and enable action
ok 1618 - accepted disabled plan may show permission and enable action
  ---
  duration_ms: 0.087417
  type: 'test'
  ...
# Subtest: only a synced result is presented as active with a turn-off action
ok 1619 - only a synced result is presented as active with a turn-off action
  ---
  duration_ms: 0.070416
  type: 'test'
  ...
# Subtest: durable pending failures expose retry and neutral cancel, never active wording
ok 1620 - durable pending failures expose retry and neutral cancel, never active wording
  ---
  duration_ms: 0.092458
  type: 'test'
  ...
# Subtest: pending retry and cancel actions call the existing retry and disable paths
ok 1621 - pending retry and cancel actions call the existing retry and disable paths
  ---
  duration_ms: 0.408875
  type: 'test'
  ...
# Subtest: seven locales have distinct reminder-draft and cancellation copy with no goal return copy
ok 1622 - seven locales have distinct reminder-draft and cancellation copy with no goal return copy
  ---
  duration_ms: 0.875417
  type: 'test'
  ...
# Subtest: notification settings keeps lifecycle-safe request coordination
ok 1623 - notification settings keeps lifecycle-safe request coordination
  ---
  duration_ms: 0.597916
  type: 'test'
  ...
# Subtest: notification settings mutations are single-flight before asynchronous work starts
ok 1624 - notification settings mutations are single-flight before asynchronous work starts
  ---
  duration_ms: 0.714833
  type: 'test'
  ...
# Subtest: a read that started before a mutation cannot overwrite the completed mutation
ok 1625 - a read that started before a mutation cannot overwrite the completed mutation
  ---
  duration_ms: 0.115708
  type: 'test'
  ...
# Subtest: a read started during a mutation stays stale while a later idle read can commit
ok 1626 - a read started during a mutation stays stale while a later idle read can commit
  ---
  duration_ms: 0.075125
  type: 'test'
  ...
# Subtest: a foreground read during a mutation is skipped before it can leave loading asserted
ok 1627 - a foreground read during a mutation is skipped before it can leave loading asserted
  ---
  duration_ms: 0.069209
  type: 'test'
  ...
# Subtest: Settings exposes account and participant navigation actions plus conditional developer verification actions
ok 1628 - Settings exposes account and participant navigation actions plus conditional developer verification actions
  ---
  duration_ms: 1.590667
  type: 'test'
  ...
# Subtest: Legal information exposes distinct personal-rights and non-personal-recovery entries
ok 1629 - Legal information exposes distinct personal-rights and non-personal-recovery entries
  ---
  duration_ms: 0.2535
  type: 'test'
  ...
# Subtest: Legal information scopes missing public configuration to external support and keeps local documents available
ok 1630 - Legal information scopes missing public configuration to external support and keeps local documents available
  ---
  duration_ms: 0.434042
  type: 'test'
  ...
# Subtest: Legal request form keeps validation inline, field-specific, and API-free
ok 1631 - Legal request form keeps validation inline, field-specific, and API-free
  ---
  duration_ms: 0.390334
  type: 'test'
  ...
# Subtest: Settings account presentation names guest, authenticated, and unavailable states and keeps sign-out provider-owned
ok 1632 - Settings account presentation names guest, authenticated, and unavailable states and keeps sign-out provider-owned
  ---
  duration_ms: 1.001042
  type: 'test'
  ...
# Subtest: Settings keeps the backend verification group explicitly development-only
ok 1633 - Settings keeps the backend verification group explicitly development-only
  ---
  duration_ms: 0.169
  type: 'test'
  ...
# Subtest: grouped settings rows follow the Figma 200% text geometry
ok 1634 - grouped settings rows follow the Figma 200% text geometry
  ---
  duration_ms: 0.2855
  type: 'test'
  ...
# Subtest: InfoBlock and ListRow remount native text when live Dynamic Type scale changes
ok 1635 - InfoBlock and ListRow remount native text when live Dynamic Type scale changes
  ---
  duration_ms: 0.218958
  type: 'test'
  ...
# Subtest: Settings heading has no redundant description and locale keeps goal copy
ok 1636 - Settings heading has no redundant description and locale keeps goal copy
  ---
  duration_ms: 0.434667
  type: 'test'
  ...
# Subtest: Premium keeps a localized Settings context while retaining the back action
ok 1637 - Premium keeps a localized Settings context while retaining the back action
  ---
  duration_ms: 0.63
  type: 'test'
  ...
# Subtest: Your data keeps the Settings entry label and names its local header consistently
ok 1638 - Your data keeps the Settings entry label and names its local header consistently
  ---
  duration_ms: 0.359834
  type: 'test'
  ...
# Subtest: Your data owns an exhaustive account-state action matrix and wires the mapped controls
ok 1639 - Your data owns an exhaustive account-state action matrix and wires the mapped controls
  ---
  duration_ms: 3.241916
  type: 'test'
  ...
# Subtest: Your data export copy matches the complete JSON scope and the system share or save action
ok 1640 - Your data export copy matches the complete JSON scope and the system share or save action
  ---
  duration_ms: 0.341167
  type: 'test'
  ...
# Subtest: Settings app identity follows the Figma footer geometry
ok 1641 - Settings app identity follows the Figma footer geometry
  ---
  duration_ms: 0.2825
  type: 'test'
  ...
# Subtest: Settings keeps appearance values readable at large text
ok 1642 - Settings keeps appearance values readable at large text
  ---
  duration_ms: 0.071042
  type: 'test'
  ...
# Subtest: shared supporting list-row text uses the Figma fractional line height
ok 1643 - shared supporting list-row text uses the Figma fractional line height
  ---
  duration_ms: 0.438208
  type: 'test'
  ...
# Subtest: appearance selection owns the typed accessible radio choice flow
ok 1644 - appearance selection owns the typed accessible radio choice flow
  ---
  duration_ms: 0.332209
  type: 'test'
  ...
# Subtest: language selection owns the typed accessible radio choice flow
ok 1645 - language selection owns the typed accessible radio choice flow
  ---
  duration_ms: 0.281959
  type: 'test'
  ...
# Subtest: System language detail follows the device locale independently from the selected app locale
ok 1646 - System language detail follows the device locale independently from the selected app locale
  ---
  duration_ms: 0.343375
  type: 'test'
  ...
# Subtest: InfoBlock exposes opt-in alert semantics for dynamic settings errors
ok 1647 - InfoBlock exposes opt-in alert semantics for dynamic settings errors
  ---
  duration_ms: 0.138417
  type: 'test'
  ...
# Subtest: appearance choices use the Figma preview variants without changing language choices
ok 1648 - appearance choices use the Figma preview variants without changing language choices
  ---
  duration_ms: 0.108417
  type: 'test'
  ...
# Subtest: settings bottom sheets use the Figma elevated shell and modal accessibility boundary
ok 1649 - settings bottom sheets use the Figma elevated shell and modal accessibility boundary
  ---
  duration_ms: 0.346708
  type: 'test'
  ...
# Subtest: information topics keep a stable locale-independent selection and explicit next-page affordance
ok 1650 - information topics keep a stable locale-independent selection and explicit next-page affordance
  ---
  duration_ms: 0.361
  type: 'test'
  ...
# Subtest: active sessions stay local and block account snapshot export
ok 1651 - active sessions stay local and block account snapshot export
  ---
  duration_ms: 32.622791
  type: 'test'
  ...
# Subtest: canonical account records round trip through remote materialization
ok 1652 - canonical account records round trip through remote materialization
  ---
  duration_ms: 2.292
  type: 'test'
  ...
# Subtest: remote materialization keeps the newest active track independent of input order and acknowledges both records
ok 1653 - remote materialization keeps the newest active track independent of input order and acknowledges both records
  ---
  duration_ms: 14.387333
  type: 'test'
  ...
# Subtest: remote materialization rejects missing or invalid updatedAt
ok 1654 - remote materialization rejects missing or invalid updatedAt
  ---
  duration_ms: 1.44575
  type: 'test'
  ...
# Subtest: equal updatedAt selects the same active track using canonical identity
ok 1655 - equal updatedAt selects the same active track using canonical identity
  ---
  duration_ms: 4.154541
  type: 'test'
  ...
# Subtest: snapshot and materialization preserve one exact goal-plan bundle
ok 1656 - snapshot and materialization preserve one exact goal-plan bundle
  ---
  duration_ms: 65.530333
  type: 'test'
  ...
# Subtest: bound account sync validates a goal and learning plan as one sync-plan bundle
ok 1657 - bound account sync validates a goal and learning plan as one sync-plan bundle
  ---
  duration_ms: 30.440083
  type: 'test'
  ...
# Subtest: bound account sync builds one retryable canonical outbox and acknowledges it
ok 1658 - bound account sync builds one retryable canonical outbox and acknowledges it
  ---
  duration_ms: 1.847584
  type: 'test'
  ...
# Subtest: bound account outbox creates an explicit tombstone for a deleted acknowledged record
ok 1659 - bound account outbox creates an explicit tombstone for a deleted acknowledged record
  ---
  duration_ms: 2.196709
  type: 'test'
  ...
# Subtest: reselecting an acknowledged active track tombstones the previously acknowledged track
ok 1660 - reselecting an acknowledged active track tombstones the previously acknowledged track
  ---
  duration_ms: 1.448959
  type: 'test'
  ...
# Subtest: pending mutation IDs stay stable across an uncertain retry
ok 1661 - pending mutation IDs stay stable across an uncertain retry
  ---
  duration_ms: 2.346833
  type: 'test'
  ...
# Subtest: removed identity metadata is rejected before persistence
ok 1662 - removed identity metadata is rejected before persistence
  ---
  duration_ms: 0.276625
  type: 'test'
  ...
# Subtest: deleted records keep their exact durable identity and tombstone state
ok 1663 - deleted records keep their exact durable identity and tombstone state
  ---
  duration_ms: 0.214208
  type: 'test'
  ...
# Subtest: canonical repository bootstrap requires an already active storage scope
ok 1664 - canonical repository bootstrap requires an already active storage scope
  ---
  duration_ms: 2.195417
  type: 'test'
  ...
# Subtest: canonical repositories use individual immutable records and one active session
ok 1665 - canonical repositories use individual immutable records and one active session
  ---
  duration_ms: 2.696125
  type: 'test'
  ...
# Subtest: training sessions permit free navigation while rejecting regressing foreground time and missing active records
ok 1666 - training sessions permit free navigation while rejecting regressing foreground time and missing active records
  ---
  duration_ms: 1.510208
  type: 'test'
  ...
# Subtest: active sessions persist only preallocated conditional reinsert resolutions
ok 1667 - active sessions persist only preallocated conditional reinsert resolutions
  ---
  duration_ms: 4.112541
  type: 'test'
  ...
# Subtest: terminal sessions are immutable except for identical recovery replay
ok 1668 - terminal sessions are immutable except for identical recovery replay
  ---
  duration_ms: 2.40675
  type: 'test'
  ...
# Subtest: strict guards accept resolved identities and reject mismatches, tombstones, and legacy identity fields
ok 1669 - strict guards accept resolved identities and reject mismatches, tombstones, and legacy identity fields
  ---
  duration_ms: 7.139667
  type: 'test'
  ...
# Subtest: strict session reads reject a legacy-shaped stored record without inference
ok 1670 - strict session reads reject a legacy-shaped stored record without inference
  ---
  duration_ms: 1.219834
  type: 'test'
  ...
# Subtest: canonical repository bootstrap reports the exact six steps in order
ok 1671 - canonical repository bootstrap reports the exact six steps in order
  ---
  duration_ms: 1.089416
  type: 'test'
  ...
# Subtest: canonical repository bootstrap isolates a throwing step observer without wrapping failures
ok 1672 - canonical repository bootstrap isolates a throwing step observer without wrapping failures
  ---
  duration_ms: 0.385083
  type: 'test'
  ...
# Subtest: typed stores keep unavailable records outside strict runtime keys and reject legacy identity fields
ok 1673 - typed stores keep unavailable records outside strict runtime keys and reject legacy identity fields
  ---
  duration_ms: 3.173125
  type: 'test'
  ...
# Subtest: abandon unavailable active writes terminal archival history before removing the tombstone
ok 1674 - abandon unavailable active writes terminal archival history before removing the tombstone
  ---
  duration_ms: 1.548958
  type: 'test'
  ...
# Subtest: removing an unavailable review removes only that entry
ok 1675 - removing an unavailable review removes only that entry
  ---
  duration_ms: 39.811291
  type: 'test'
  ...
# Subtest: stored unavailable indexes fail closed when a record is malformed
ok 1676 - stored unavailable indexes fail closed when a record is malformed
  ---
  duration_ms: 0.451458
  type: 'test'
  ...
# Subtest: committed unavailable-active repair preserves active order and removes only archive IDs from the index
ok 1677 - committed unavailable-active repair preserves active order and removes only archive IDs from the index
  ---
  duration_ms: 1.0215
  type: 'test'
  ...
# Subtest: committed unavailable-active repair is an idempotent no-op for an already exact active index
ok 1678 - committed unavailable-active repair is an idempotent no-op for an already exact active index
  ---
  duration_ms: 0.319375
  type: 'test'
  ...
# Subtest: committed unavailable-active repair treats an expected-revision race as a typed conflict without retry or partial write
ok 1679 - committed unavailable-active repair treats an expected-revision race as a typed conflict without retry or partial write
  ---
  duration_ms: 0.548833
  type: 'test'
  ...
# Subtest: committed unavailable-active repair reports a verification mismatch after one index write without retry
ok 1680 - committed unavailable-active repair reports a verification mismatch after one index write without retry
  ---
  duration_ms: 0.514167
  type: 'test'
  ...
# Subtest: committed unavailable-active repair fails typed and makes no partial write for invalid index or record state
ok 1681 - committed unavailable-active repair fails typed and makes no partial write for invalid index or record state
  ---
  duration_ms: 1.572833
  type: 'test'
  ...
# Subtest: committed unavailable-active repair removes archive-only IDs while preserving their records
ok 1682 - committed unavailable-active repair removes archive-only IDs while preserving their records
  ---
  duration_ms: 0.478667
  type: 'test'
  ...
# Subtest: learning-state reset clears all three private content-identity stores
ok 1683 - learning-state reset clears all three private content-identity stores
  ---
  duration_ms: 0.668417
  type: 'test'
  ...
# Subtest: report form submission persists a queued local outbox entry when backend is unavailable
ok 1684 - report form submission persists a queued local outbox entry when backend is unavailable
  ---
  duration_ms: 9.312583
  type: 'test'
  ...
# Subtest: report outbox normalizes an omitted note and rejects obvious private data before persistence
ok 1685 - report outbox normalizes an omitted note and rejects obvious private data before persistence
  ---
  duration_ms: 0.556167
  type: 'test'
  ...
# Subtest: report outbox requires App Check, then accepts with the same idempotency key
ok 1686 - report outbox requires App Check, then accepts with the same idempotency key
  ---
  duration_ms: 1.324833
  type: 'test'
  ...
# Subtest: throwing native App Check provider leaves a report failed and retryable
ok 1687 - throwing native App Check provider leaves a report failed and retryable
  ---
  duration_ms: 0.636458
  type: 'test'
  ...
# Subtest: failed transport is retryable without creating a new report identity
ok 1688 - failed transport is retryable without creating a new report identity
  ---
  duration_ms: 0.917166
  type: 'test'
  ...
# Subtest: a lost response keeps the original report identity and accepts duplicate confirmation
ok 1689 - a lost response keeps the original report identity and accepts duplicate confirmation
  ---
  duration_ms: 0.484875
  type: 'test'
  ...
# Subtest: cleanup failure never claims accepted and preserves the retrying record
ok 1690 - cleanup failure never claims accepted and preserves the retrying record
  ---
  duration_ms: 0.744583
  type: 'test'
  ...
# Subtest: canonical bootstrap purges legacy accepted entries but preserves uncertain reports
ok 1691 - canonical bootstrap purges legacy accepted entries but preserves uncertain reports
  ---
  duration_ms: 129.496791
  type: 'test'
  ...
# Subtest: local outbox removes unconfirmed reports after 30 days and preserves newer retries
ok 1692 - local outbox removes unconfirmed reports after 30 days and preserves newer retries
  ---
  duration_ms: 1.225375
  type: 'test'
  ...
# Subtest: canonical runtime transport flushes once after readiness and is torn down without fallback
ok 1693 - canonical runtime transport flushes once after readiness and is torn down without fallback
  ---
  duration_ms: 3.583583
  type: 'test'
  ...
# Subtest: restart readiness replays queued, retrying, and failed records with their original identities
ok 1694 - restart readiness replays queued, retrying, and failed records with their original identities
  ---
  duration_ms: 1.421084
  type: 'test'
  ...
# Subtest: readiness flush and a concurrent submit share one in-flight send and one cleanup
ok 1695 - readiness flush and a concurrent submit share one in-flight send and one cleanup
  ---
  duration_ms: 0.427292
  type: 'test'
  ...
# Subtest: teardown during an in-flight response leaves the entry retryable for duplicate reconciliation
ok 1696 - teardown during an in-flight response leaves the entry retryable for duplicate reconciliation
  ---
  duration_ms: 0.444584
  type: 'test'
  ...
# Subtest: goal onboarding dismissal is durable, idempotent, and scoped per track
ok 1697 - goal onboarding dismissal is durable, idempotent, and scoped per track
  ---
  duration_ms: 1.200416
  type: 'test'
  ...
# Subtest: goal onboarding dismissal rejects unsupported stored records
ok 1698 - goal onboarding dismissal rejects unsupported stored records
  ---
  duration_ms: 0.916792
  type: 'test'
  ...
# Subtest: goal snapshots expose canonical revisions and CAS advances them
ok 1699 - goal snapshots expose canonical revisions and CAS advances them
  ---
  duration_ms: 3.200208
  type: 'test'
  ...
# Subtest: goal snapshot CAS rejects stale create and update without changing durable data
ok 1700 - goal snapshot CAS rejects stale create and update without changing durable data
  ---
  duration_ms: 0.850792
  type: 'test'
  ...
# Subtest: legacy goal access stays compatible and snapshot writes keep goal validation
ok 1701 - legacy goal access stays compatible and snapshot writes keep goal validation
  ---
  duration_ms: 0.314667
  type: 'test'
  ...
# Subtest: goal snapshot CAS rejects a reentrant create for the same canonical key
ok 1702 - goal snapshot CAS rejects a reentrant create for the same canonical key
  ---
  duration_ms: 0.421666
  type: 'test'
  ...
# Subtest: guest access is an explicit durable decision and can be cleared for account entry
ok 1703 - guest access is an explicit durable decision and can be cleared for account entry
  ---
  duration_ms: 1.223458
  type: 'test'
  ...
# Subtest: provisions one validated guest installation and preserves it across repeated bootstrap
ok 1704 - provisions one validated guest installation and preserves it across repeated bootstrap
  ---
  duration_ms: 98.684833
  type: 'test'
  ...
# Subtest: guest access requires an existing unbound installation and rejects retained account data
ok 1705 - guest access requires an existing unbound installation and rejects retained account data
  ---
  duration_ms: 4.83875
  type: 'test'
  ...
# Subtest: corrupt or unsupported guest installation records block without replacement
ok 1706 - corrupt or unsupported guest installation records block without replacement
  ---
  duration_ms: 1.963875
  type: 'test'
  ...
# Subtest: guest installation blocks coercible identifiers and non-v4 UUID records
ok 1707 - guest installation blocks coercible identifiers and non-v4 UUID records
  ---
  duration_ms: 1.649667
  type: 'test'
  ...
# Subtest: valid later binding states are preserved without adopting or regenerating an installation
ok 1708 - valid later binding states are preserved without adopting or regenerating an installation
  ---
  duration_ms: 19.83
  type: 'test'
  ...
# Subtest: identity or write failure blocks before recovery/content and leaves no partial guest record
ok 1709 - identity or write failure blocks before recovery/content and leaves no partial guest record
  ---
  duration_ms: 1.811084
  type: 'test'
  ...
# Subtest: guest installation rejects malformed generated identities without writing
ok 1710 - guest installation rejects malformed generated identities without writing
  ---
  duration_ms: 0.422042
  type: 'test'
  ...
# Subtest: bootstrap blocks corrupt guest access before content without replacing it
ok 1711 - bootstrap blocks corrupt guest access before content without replacing it
  ---
  duration_ms: 0.509625
  type: 'test'
  ...
# Subtest: inconsistent installation bindings block bootstrap and guest access without replacement
ok 1712 - inconsistent installation bindings block bootstrap and guest access without replacement
  ---
  duration_ms: 0.625167
  type: 'test'
  ...
# Subtest: persistent plan read returns its canonical envelope revision
ok 1713 - persistent plan read returns its canonical envelope revision
  ---
  duration_ms: 53.75625
  type: 'test'
  ...
# Subtest: dual-key CAS rejects stale goal and plan revisions and accepts one idempotent command retry
ok 1714 - dual-key CAS rejects stale goal and plan revisions and accepts one idempotent command retry
  ---
  duration_ms: 3.994958
  type: 'test'
  ...
# Subtest: compound lock sorts and deduplicates keys and rejects reentrant acquisition
ok 1715 - compound lock sorts and deduplicates keys and rejects reentrant acquisition
  ---
  duration_ms: 0.400958
  type: 'test'
  ...
# Subtest: write uncertainty can be retried by command id, while a failure before persistence is not a false success
ok 1716 - write uncertainty can be retried by command id, while a failure before persistence is not a false success
  ---
  duration_ms: 0.895125
  type: 'test'
  ...
# Subtest: accepts a journal whose scope and writes use one exact resolved artifact
ok 1717 - accepts a journal whose scope and writes use one exact resolved artifact
  ---
  duration_ms: 11.88975
  type: 'test'
  ...
# Subtest: uses the complete resolved reference when validating attempt and session relationships
ok 1718 - uses the complete resolved reference when validating attempt and session relationships
  ---
  duration_ms: 6.588125
  type: 'test'
  ...
# Subtest: requires an exact lowercase artifact SHA and rejects legacy top-level identity fields
ok 1719 - requires an exact lowercase artifact SHA and rejects legacy top-level identity fields
  ---
  duration_ms: 1.146792
  type: 'test'
  ...
# Subtest: permits a reset journal only with a null artifact scope
ok 1720 - permits a reset journal only with a null artifact scope
  ---
  duration_ms: 0.913625
  type: 'test'
  ...
# Subtest: stores and reads the complete plan identity, slot identity, and envelope revision
ok 1721 - stores and reads the complete plan identity, slot identity, and envelope revision
  ---
  duration_ms: 30.863791
  type: 'test'
  ...
# Subtest: legacy settings migrate to enabled-only state while retaining every native notification id
ok 1722 - legacy settings migrate to enabled-only state while retaining every native notification id
  ---
  duration_ms: 0.616417
  type: 'test'
  ...
# Subtest: legacy daily settings retain the one native id during migration
ok 1723 - legacy daily settings retain the one native id during migration
  ---
  duration_ms: 7.074333
  type: 'test'
  ...
# Subtest: legacy journals become cancellation-only journals and cannot restore their old desired slots
ok 1724 - legacy journals become cancellation-only journals and cannot restore their old desired slots
  ---
  duration_ms: 1.660417
  type: 'test'
  ...
# Subtest: rejects duplicate days or slot IDs in a canonical settings record
ok 1725 - rejects duplicate days or slot IDs in a canonical settings record
  ---
  duration_ms: 2.906458
  type: 'test'
  ...
# Subtest: rejects identity without commandId, contentVersion, or a valid artifact SHA
ok 1726 - rejects identity without commandId, contentVersion, or a valid artifact SHA
  ---
  duration_ms: 1.574375
  type: 'test'
  ...
# Subtest: Premium testing override is unavailable outside sandbox and local development runtimes
ok 1727 - Premium testing override is unavailable outside sandbox and local development runtimes
  ---
  duration_ms: 1.046959
  type: 'test'
  ...
# Subtest: Premium testing override persists only for a sandbox or local development runtime
ok 1728 - Premium testing override persists only for a sandbox or local development runtime
  ---
  duration_ms: 0.206208
  type: 'test'
  ...
# Subtest: keeps the same question distinct across immutable artifact SHA-256 values
ok 1729 - keeps the same question distinct across immutable artifact SHA-256 values
  ---
  duration_ms: 8.431167
  type: 'test'
  ...
# Subtest: preserves durable identity conflicts for one resolved content reference
ok 1730 - preserves durable identity conflicts for one resolved content reference
  ---
  duration_ms: 0.916417
  type: 'test'
  ...
# Subtest: rejects a durable ID rewrite across artifact identities before writing either entry
ok 1731 - rejects a durable ID rewrite across artifact identities before writing either entry
  ---
  duration_ms: 0.336416
  type: 'test'
  ...
# Subtest: preserves index order while updating and removing canonical entries
ok 1732 - preserves index order while updating and removing canonical entries
  ---
  duration_ms: 28.605708
  type: 'test'
  ...
# Subtest: rejects legacy identity fields, mixed records, tombstones, and non-lowercase artifact hashes
ok 1733 - rejects legacy identity fields, mixed records, tombstones, and non-lowercase artifact hashes
  ---
  duration_ms: 2.032833
  type: 'test'
  ...
# Subtest: reads only strict canonical entries from durable storage
ok 1734 - reads only strict canonical entries from durable storage
  ---
  duration_ms: 0.791541
  type: 'test'
  ...
# Subtest: clears all canonical review records and the index
ok 1735 - clears all canonical review records and the index
  ---
  duration_ms: 0.5725
  type: 'test'
  ...
# Subtest: repository codec distinguishes absence and corrupt JSON
ok 1736 - repository codec distinguishes absence and corrupt JSON
  ---
  duration_ms: 2.667083
  type: 'test'
  ...
# Subtest: canonical storage uses envelopes and rejects an unsupported schema identity
ok 1737 - canonical storage uses envelopes and rejects an unsupported schema identity
  ---
  duration_ms: 3.228167
  type: 'test'
  ...
# Subtest: the atomic track cutover rejects every persisted former track identity without translating it
ok 1738 - the atomic track cutover rejects every persisted former track identity without translating it
  ---
  duration_ms: 1.652541
  type: 'test'
  ...
# Subtest: draft replacement verifies its expected revision
ok 1739 - draft replacement verifies its expected revision
  ---
  duration_ms: 1.742709
  type: 'test'
  ...
# Subtest: bootstrap blocks an inconsistent active-session reference and a missing required draft
ok 1740 - bootstrap blocks an inconsistent active-session reference and a missing required draft
  ---
  duration_ms: 81.625916
  type: 'test'
  ...
# Subtest: bootstrap runs resolution only after recovery/content validation and exposes profile/content mismatch as blocking
ok 1741 - bootstrap runs resolution only after recovery/content validation and exposes profile/content mismatch as blocking
  ---
  duration_ms: 25.072125
  type: 'test'
  ...
# Subtest: one MMKV native adapter is infrastructure-owned and runtime access stays bounded
ok 1742 - one MMKV native adapter is infrastructure-owned and runtime access stays bounded
  ---
  duration_ms: 58.420333
  type: 'test'
  ...
# Subtest: cutover removes old storage and remote content paths
ok 1743 - cutover removes old storage and remote content paths
  ---
  duration_ms: 538.084042
  type: 'test'
  ...
# Subtest: canonical keys use the one Patternly namespace
ok 1744 - canonical keys use the one Patternly namespace
  ---
  duration_ms: 0.740542
  type: 'test'
  ...
# Subtest: initializes and reuses the exact canonical metadata payload
ok 1745 - initializes and reuses the exact canonical metadata payload
  ---
  duration_ms: 2.29375
  type: 'test'
  ...
# Subtest: fails closed when stored metadata has an unknown shape or newer schema
ok 1746 - fails closed when stored metadata has an unknown shape or newer schema
  ---
  duration_ms: 0.547625
  type: 'test'
  ...
# Subtest: practice answer fixture completes ten canonical submissions with the exact mixed interaction outcomes
ok 1747 - practice answer fixture completes ten canonical submissions with the exact mixed interaction outcomes
  ---
  duration_ms: 816.253958
  type: 'test'
  ...
# Subtest: fixture construction uses canonical runtime methods and has no persistence path
ok 1748 - fixture construction uses canonical runtime methods and has no persistence path
  ---
  duration_ms: 0.463666
  type: 'test'
  ...
# Subtest: runtime selectors are deterministic and use the canonical grammar
ok 1749 - runtime selectors are deterministic and use the canonical grammar
  ---
  duration_ms: 2.392916
  type: 'test'
  ...
# Subtest: Premium offer setup selectors are deterministic and valid
ok 1750 - Premium offer setup selectors are deterministic and valid
  ---
  duration_ms: 0.492
  type: 'test'
  ...
# Subtest: Design Interview save selectors distinguish persistence status and retry
ok 1751 - Design Interview save selectors distinguish persistence status and retry
  ---
  duration_ms: 0.373583
  type: 'test'
  ...
# Subtest: runtime selectors preserve canonical identities without learner-visible copy
ok 1752 - runtime selectors preserve canonical identities without learner-visible copy
  ---
  duration_ms: 5.427542
  type: 'test'
  ...
# Subtest: runtime selectors preserve case-sensitive authored item identities
ok 1753 - runtime selectors preserve case-sensitive authored item identities
  ---
  duration_ms: 0.281375
  type: 'test'
  ...
# Subtest: session metadata selectors expose validated lifecycle values without learner copy
ok 1754 - session metadata selectors expose validated lifecycle values without learner copy
  ---
  duration_ms: 0.155666
  type: 'test'
  ...
# Subtest: complexity selectors encode authored notation without weakening the selector grammar
ok 1755 - complexity selectors encode authored notation without weakening the selector grammar
  ---
  duration_ms: 0.382125
  type: 'test'
  ...
# Subtest: runtime selectors keep distinct runtime entities distinct
ok 1756 - runtime selectors keep distinct runtime entities distinct
  ---
  duration_ms: 0.299334
  type: 'test'
  ...
# Subtest: unavailable recovery and review selectors remain stable and distinct
ok 1757 - unavailable recovery and review selectors remain stable and distinct
  ---
  duration_ms: 0.381542
  type: 'test'
  ...
# Subtest: runtime selector factories reject values that cannot be represented in the contract
ok 1758 - runtime selector factories reject values that cannot be represented in the contract
  ---
  duration_ms: 0.525167
  type: 'test'
  ...
# Subtest: goal selectors expose stable target-date input and field-error identities
ok 1759 - goal selectors expose stable target-date input and field-error identities
  ---
  duration_ms: 0.093625
  type: 'test'
  ...
# Subtest: learning plan selectors use the closed primary states and stable slot identities
ok 1760 - learning plan selectors use the closed primary states and stable slot identities
  ---
  duration_ms: 0.288333
  type: 'test'
  ...
# Subtest: learning plan editor retry selectors distinguish save from start-existing
ok 1761 - learning plan editor retry selectors distinguish save from start-existing
  ---
  duration_ms: 0.083167
  type: 'test'
  ...
# Subtest: notification selectors keep plan slots and closed error states typed
ok 1762 - notification selectors keep plan slots and closed error states typed
  ---
  duration_ms: 0.183125
  type: 'test'
  ...
# Subtest: target date guidance selectors expose every closed state and reason
ok 1763 - target date guidance selectors expose every closed state and reason
  ---
  duration_ms: 0.512291
  type: 'test'
  ...
# Subtest: Home plan selectors expose every closed unavailable reason
ok 1764 - Home plan selectors expose every closed unavailable reason
  ---
  duration_ms: 0.107833
  type: 'test'
  ...
# Subtest: Progress plan selectors expose typed completion, day and unavailable identities
ok 1765 - Progress plan selectors expose typed completion, day and unavailable identities
  ---
  duration_ms: 0.152583
  type: 'test'
  ...
# Subtest: journey resolves canonical track mode and pool
ok 1766 - journey resolves canonical track mode and pool
  ---
  duration_ms: 815.645167
  type: 'test'
  ...
# Subtest: onDanger keeps destructive button text above normal-text contrast in both themes
ok 1767 - onDanger keeps destructive button text above normal-text contrast in both themes
  ---
  duration_ms: 0.983417
  type: 'test'
  ...
# Subtest: onPrimary keeps goal status and selected day labels above normal-text contrast in both themes
ok 1768 - onPrimary keeps goal status and selected day labels above normal-text contrast in both themes
  ---
  duration_ms: 0.337875
  type: 'test'
  ...
# Subtest: RC Certification Maestro flows change, restore, persist, resume, finish, and review the 50-item exam
ok 1769 - RC Certification Maestro flows change, restore, persist, resume, finish, and review the 50-item exam
  ---
  duration_ms: 3.618959
  type: 'test'
  ...
# Subtest: RC Android runner requires the explicit current dev-client and evidence destination
ok 1770 - RC Android runner requires the explicit current dev-client and evidence destination
  ---
  duration_ms: 0.2305
  type: 'test'
  ...
# Subtest: RC iOS runner requires one booted simulator and the same explicit evidence contract
ok 1771 - RC iOS runner requires one booted simulator and the same explicit evidence contract
  ---
  duration_ms: 0.159042
  type: 'test'
  ...
# Subtest: RC iOS certification smoke requires local credentials and authenticates only when Settings offers account entry
ok 1772 - RC iOS certification smoke requires local credentials and authenticates only when Settings offers account entry
  ---
  duration_ms: 1.143458
  type: 'test'
  ...
# Subtest: Free Certification Exam flow resets once, reaches the Premium paywall, and retries after a cold restart without reset
ok 1773 - Free Certification Exam flow resets once, reaches the Premium paywall, and retries after a cold restart without reset
  ---
  duration_ms: 0.908833
  type: 'test'
  ...
# Subtest: RC iOS timeout runner prepares one local exam, advances the audit clock, and captures timeout review evidence
ok 1774 - RC iOS timeout runner prepares one local exam, advances the audit clock, and captures timeout review evidence
  ---
  duration_ms: 0.566416
  type: 'test'
  ...
# Subtest: Certification progress derives practice, exam, outcome, taxonomy, review, and repeated-mistake signals
ok 1775 - Certification progress derives practice, exam, outcome, taxonomy, review, and repeated-mistake signals
  ---
  duration_ms: 13.249916
  type: 'test'
  ...
# Subtest: Certification progress has explicit empty state and no synthetic learning metrics
ok 1776 - Certification progress has explicit empty state and no synthetic learning metrics
  ---
  duration_ms: 1.558375
  type: 'test'
  ...
# Subtest: Certification progress ignores same-version evidence from another exact content package
ok 1777 - Certification progress ignores same-version evidence from another exact content package
  ---
  duration_ms: 6.926375
  type: 'test'
  ...
# Subtest: Certification result keeps truthful session metrics and routes Focus domains through the canonical formatter
ok 1778 - Certification result keeps truthful session metrics and routes Focus domains through the canonical formatter
  ---
  duration_ms: 0.88275
  type: 'test'
  ...
# Subtest: Certification Focus domain formatter resolves only a canonical roadmap node
ok 1779 - Certification Focus domain formatter resolves only a canonical roadmap node
  ---
  duration_ms: 6.450583
  type: 'test'
  ...
# Subtest: direct entry to excluded Algorithms declared-scope modes fails without substitution
ok 1780 - direct entry to excluded Algorithms declared-scope modes fails without substitution
  ---
  duration_ms: 1097.32525
  type: 'test'
  ...
# Subtest: completed Algorithms practice replaces its runner with the session-keyed summary route
ok 1781 - completed Algorithms practice replaces its runner with the session-keyed summary route
  ---
  duration_ms: 1.261208
  type: 'test'
  ...
# Subtest: practice summary reloads the immutable result and runner navigation requires verified completion
ok 1782 - practice summary reloads the immutable result and runner navigation requires verified completion
  ---
  duration_ms: 0.828125
  type: 'test'
  ...
# Subtest: practice question review is a readonly session surface with bounded navigation and a return to its result
ok 1783 - practice question review is a readonly session surface with bounded navigation and a return to its result
  ---
  duration_ms: 0.332
  type: 'test'
  ...
# Subtest: session control labels identify the dimension, ordering position, and command
ok 1784 - session control labels identify the dimension, ordering position, and command
  ---
  duration_ms: 2.822709
  type: 'test'
  ...
# Subtest: coding review pending keeps SessionShell navigation while using neutral response anatomy
ok 1785 - coding review pending keeps SessionShell navigation while using neutral response anatomy
  ---
  duration_ms: 0.354083
  type: 'test'
  ...
# Subtest: interactive Algorithms session controls use real 48-point minimum geometry without hit-area substitutes
ok 1786 - interactive Algorithms session controls use real 48-point minimum geometry without hit-area substitutes
  ---
  duration_ms: 1.009
  type: 'test'
  ...
# Subtest: simulation accessibility respects motion, focus, and touch-target constraints
ok 1787 - simulation accessibility respects motion, focus, and touch-target constraints
  ---
  duration_ms: 0.192959
  type: 'test'
  ...
# Subtest: canonical session surfaces expose deterministic state and do not group interactive descendants
ok 1788 - canonical session surfaces expose deterministic state and do not group interactive descendants
  ---
  duration_ms: 1.044875
  type: 'test'
  ...
# Subtest: practice exit makes abandonment a single explicit decision in a modal
ok 1789 - practice exit makes abandonment a single explicit decision in a modal
  ---
  duration_ms: 0.629583
  type: 'test'
  ...
# Subtest: standalone practice conflict and unavailable states respect both safe-area edges
ok 1790 - standalone practice conflict and unavailable states respect both safe-area edges
  ---
  duration_ms: 2.13525
  type: 'test'
  ...
# Subtest: large text can grow session chrome and controls without fixed interactive heights
ok 1791 - large text can grow session chrome and controls without fixed interactive heights
  ---
  duration_ms: 0.4735
  type: 'test'
  ...
# Subtest: bottom navigation preserves one-line visual labels while keeping every tab semantically named
ok 1792 - bottom navigation preserves one-line visual labels while keeping every tab semantically named
  ---
  duration_ms: 0.41375
  type: 'test'
  ...
# Subtest: bottom navigation uses theme-appropriate separators without altering the light overlay
ok 1793 - bottom navigation uses theme-appropriate separators without altering the light overlay
  ---
  duration_ms: 0.543875
  type: 'test'
  ...
# Subtest: Practice Hub keeps the quiet-layered recommendation readable at large text and removes the competing stats card
ok 1794 - Practice Hub keeps the quiet-layered recommendation readable at large text and removes the competing stats card
  ---
  duration_ms: 0.250625
  type: 'test'
  ...
# Subtest: Practice Hub retains its mode layout and canonical ownership
ok 1795 - Practice Hub retains its mode layout and canonical ownership
  ---
  duration_ms: 1.079167
  type: 'test'
  ...
# Subtest: Practice Question Shell keeps the Figma prompt-to-answer rhythm
ok 1796 - Practice Question Shell keeps the Figma prompt-to-answer rhythm
  ---
  duration_ms: 0.218834
  type: 'test'
  ...
# Subtest: certification exam stacks descriptive actions so large text cannot clip flagging or navigation
ok 1797 - certification exam stacks descriptive actions so large text cannot clip flagging or navigation
  ---
  duration_ms: 0.290333
  type: 'test'
  ...
# Subtest: practice runtime selectors are derived from the canonical session projection without entering speech labels
ok 1798 - practice runtime selectors are derived from the canonical session projection without entering speech labels
  ---
  duration_ms: 0.615292
  type: 'test'
  ...
# Subtest: dry-run regression starts the recommended session directly and proves its live timer
ok 1799 - dry-run regression starts the recommended session directly and proves its live timer
  ---
  duration_ms: 1.017958
  type: 'test'
  ...
# Subtest: dry-run regression ends early into a truthful partial summary
ok 1800 - dry-run regression ends early into a truthful partial summary
  ---
  duration_ms: 0.254
  type: 'test'
  ...
# Subtest: Algorithms presentation metadata covers exactly the generated structural roadmap
ok 1801 - Algorithms presentation metadata covers exactly the generated structural roadmap
  ---
  duration_ms: 2.139416
  type: 'test'
  ...
# Subtest: Algorithms runtime derives roadmap parent relationships and mental units from the generated SOT
ok 1802 - Algorithms runtime derives roadmap parent relationships and mental units from the generated SOT
  ---
  duration_ms: 0.293541
  type: 'test'
  ...
# Subtest: AUD-02B runner fails closed outside the existing booted iPhone 17 app and local evidence setup
ok 1803 - AUD-02B runner fails closed outside the existing booted iPhone 17 app and local evidence setup
  ---
  duration_ms: 0.871792
  type: 'test'
  ...
# Subtest: AUD-02B executes authenticated Free, Premium, and expiry phases in order with the exact audit URL
ok 1804 - AUD-02B executes authenticated Free, Premium, and expiry phases in order with the exact audit URL
  ---
  duration_ms: 0.218667
  type: 'test'
  ...
# Subtest: AUD-02B owns only its local backend process and gates both entitlement phases on readiness
ok 1805 - AUD-02B owns only its local backend process and gates both entitlement phases on readiness
  ---
  duration_ms: 0.401625
  type: 'test'
  ...
# Subtest: AUD-02B Free evidence selects Coding Mock and repeats the paywall after clearState:false relaunch
ok 1806 - AUD-02B Free evidence selects Coding Mock and repeats the paywall after clearState:false relaunch
  ---
  duration_ms: 0.741875
  type: 'test'
  ...
# Subtest: AUD-02B Premium evidence restores the same 40-question draft before manual finalization and endpoint review
ok 1807 - AUD-02B Premium evidence restores the same 40-question draft before manual finalization and endpoint review
  ---
  duration_ms: 0.641334
  type: 'test'
  ...
# Subtest: AUD-02B expiry invokes only the exact Coding Mock command and captures finalized unanswered review
ok 1808 - AUD-02B expiry invokes only the exact Coding Mock command and captures finalized unanswered review
  ---
  duration_ms: 0.174209
  type: 'test'
  ...
# Subtest: Custom Practice resume preserves the selected durable at-session-end timing
ok 1809 - Custom Practice resume preserves the selected durable at-session-end timing
  ---
  duration_ms: 306.536584
  type: 'test'
  ...
# Subtest: resume rejects an active session that lacks a canonical feedback timing
ok 1810 - resume rejects an active session that lacks a canonical feedback timing
  ---
  duration_ms: 0.236041
  type: 'test'
  ...
# Subtest: M3 keeps the same Custom Practice session and withholds feedback across leave, kill, and resume
ok 1811 - M3 keeps the same Custom Practice session and withholds feedback across leave, kill, and resume
  ---
  duration_ms: 1.369916
  type: 'test'
  ...
# Subtest: M4 restores the exact Custom Practice durable feedback after leave, kill, and resume
ok 1812 - M4 restores the exact Custom Practice durable feedback after leave, kill, and resume
  ---
  duration_ms: 0.256
  type: 'test'
  ...
# Subtest: M5 reuses the complete M1 flow and proves a terminal session has no active resume path after relaunch
ok 1813 - M5 reuses the complete M1 flow and proves a terminal session has no active resume path after relaunch
  ---
  duration_ms: 0.119625
  type: 'test'
  ...
# Subtest: RC Algorithms bootstrap resets learning data and explicitly selects the Algorithms track
ok 1814 - RC Algorithms bootstrap resets learning data and explicitly selects the Algorithms track
  ---
  duration_ms: 1.598375
  type: 'test'
  ...
# Subtest: RC Algorithms iOS runner validates and passes explicit capture inputs only to the final Maestro flow
ok 1815 - RC Algorithms iOS runner validates and passes explicit capture inputs only to the final Maestro flow
  ---
  duration_ms: 0.356166
  type: 'test'
  ...
# Subtest: AUD-02C runner is pinned to one existing iPhone 17 and ordered local entitlement phases
ok 1816 - AUD-02C runner is pinned to one existing iPhone 17 and ordered local entitlement phases
  ---
  duration_ms: 0.980708
  type: 'test'
  ...
# Subtest: AUD-02C flows prove Free denial, durable resume, manual result, timeout result, and rubric review
ok 1817 - AUD-02C flows prove Free denial, durable resume, manual result, timeout result, and rubric review
  ---
  duration_ms: 0.578834
  type: 'test'
  ...
# Subtest: AUD-02C premium and timeout flows preserve each response before saved status without keyboard commands
ok 1818 - AUD-02C premium and timeout flows preserve each response before saved status without keyboard commands
  ---
  duration_ms: 0.303166
  type: 'test'
  ...
# Subtest: Design session mode titles match the learner-facing journey
ok 1819 - Design session mode titles match the learner-facing journey
  ---
  duration_ms: 0.975583
  type: 'test'
  ...
# Subtest: Design result names its exact package topic and exposes missing mapping
ok 1820 - Design result names its exact package topic and exposes missing mapping
  ---
  duration_ms: 0.580083
  type: 'test'
  ...
1..1820
# tests 1871
# suites 0
# pass 1866
# fail 1
# cancelled 0
# skipped 4
# todo 0
# duration_ms 70420.219333
