
> patternly@0.1.0 qa:static
> npm run recovery:check && npm run typecheck && npm test && npm run validate:content-boundary && npm run validate:runtime-privacy-boundary


> patternly@0.1.0 recovery:check
> node scripts/checkRecoveryBaseline.mjs

RECOVERY_INVENTORY_CHECK=passed
RECOVERY_ACTIVE_SOURCE_FILES=449
RECOVERY_ACTIVE_TESTS=306
RECOVERY_TEST_CASES=1733
RECOVERY_STAGE_1_BOUNDARIES=passed

> patternly@0.1.0 typecheck
> tsc --noEmit


> patternly@0.1.0 test
> node --import tsx --test 'src/**/*.test.ts' 'src/**/*.test.mjs' 'scripts/**/*.test.ts' 'scripts/**/*.test.mjs'

✔ learning kernel and registry boundaries exclude family content and platform owners (4.975833ms)
✔ families do not import one another and source contains no replacement bridge (25.845584ms)
✔ application mutations depend on repositories rather than raw storage internals (1.631167ms)
✔ canonical lifecycle use cases have no React, storage implementation, or family-scoring dependency (1.497666ms)
✔ the public storage barrel does not expose raw keys or codec (0.396584ms)
✔ AUD-02D starts child before auth and records expired baseline before observation (23.411542ms)
✔ child readiness waits for readiness and races early completion (1.356458ms)
✔ nonzero child completion remains a hard failure (0.365667ms)
✔ bounded cleanup leaves a naturally completed child alone (1.723125ms)
✔ timeout stops the child, its owned backend, then confirms port release (10.792667ms)
✔ cleanup is bounded and retains each cleanup failure (12.096666ms)
✔ cleanup context keeps the original failure first (0.484667ms)
✔ listener ownership requires a complete ancestry chain to the exact runner (0.59475ms)
✔ backend signal uses only the group captured by successful ownership proof (10.270416ms)
✔ failed backend ownership proof skips backend signal and reports secondary failure (3.566ms)
✔ AUD-02D evidence manifest snapshots redact credentials without mutating live case records (9.910208ms)
✔ AUD-02D evidence redaction scrubs text artifacts atomically and scans every regular file (81.191166ms)
✔ AUD-02D evidence redaction rejects symbolic links under the output root (10.16025ms)
✔ AUD-02D evidence scan removes later unsafe credential files after an earlier directory symlink (19.13225ms)
✔ AUD-02D matrix is exactly bound to the nine-track candidate lock (10.887917ms)
✔ Custom Practice matrix includes every 10/20/40 by timing combination (0.224791ms)
✔ coordinating runner binds every case to clean sources, one install, native identity and stable bundle bytes (2.601125ms)
✔ AUD-02D validates smoke profile for Metro and owns active backend through pre-premium runtime cases (1.045875ms)
✔ AUD-02D non-exam premium runners receive their declared premium flows (2.973083ms)
✔ AUD-02D resolves and validates the exact local Expo iOS AppEntry launch asset (9.291125ms)
✔ smoke entitlement probe exchanges ordinary auth for a generation-pinned token without persisting secrets (0.653ms)
✔ smoke auth errors persist only HTTP status and safe error.code (1.188792ms)
✔ AUD-02D Maestro flows cover track readiness and all setup selectors before session start (13.516542ms)
✔ auth preflight extended waits are recorded and flows without assertions remain rejected (8.226208ms)
✔ feedback lifecycle flows resume, complete ten answers and open the result review (12.119375ms)
✔ result review selects the caller-provided question while retaining its occurrence root (10.457458ms)
✔ all new AUD-02D Maestro YAML documents parse and contain executable assertion commands (21.302667ms)
✔ Expo and npm expose one canonical Patternly identity (4.53225ms)
✔ RC runners, runtime-audit URLs, and every Maestro flow share the Patternly identity (4.277625ms)
✔ build identity cutover leaves canonical learning-data keys unchanged (0.150209ms)
✔ sandbox builds validate the same closed public environment schema as the installed app (10.6205ms)
✔ runtime mode is explicit and persists in public Expo config (0.627875ms)
✔ sandbox and release reject mode/configuration mismatches (0.944125ms)
✔ release app config always rejects the checked-in public legal payload (9.4765ms)
✔ release public legal links use the configured public environment parser and match the legal record (2.234125ms)
✔ smoke is explicit, locally bound, and permits debug App Check (0.255375ms)
✔ remote artifacts require their public Firebase configuration before prebuild (0.225708ms)
✔ only iOS remote artifacts require the public RevenueCat Apple SDK key before prebuild (0.371917ms)
✔ remote artifacts require production App Check providers before prebuild (0.175292ms)
✔ sandbox and release accept only production App Check provider pairs (2.099708ms)
✔ sandbox uses the one tracked native Firebase registration while release requires production file variables (0.274333ms)
✔ explicit iOS sandbox and release require iOS configuration and ignore Android-only configuration (0.97725ms)
✔ explicit Android sandbox and release require Android configuration and ignore iOS-only configuration (0.820041ms)
✔ without an explicit native target, sandbox and release require both platform configurations (0.701541ms)
✔ explicit iOS and Android builds always require shared Firebase public configuration (1.099ms)
✔ candidate lock binds the exact nine bundled artifacts (26.912208ms)
✔ candidate lock rejects bundled bytes outside the candidate (8.467792ms)
✔ CI bootstrap binds the actual current v3 lock to all nine verified bundled artifacts (882.687709ms)
▶ CI bootstrap fails closed for malformed v3 metadata without an active v2 fallback
  ✔ old schema (14.755584ms)
  ✔ extra root field (9.36275ms)
  ✔ missing track (7.256292ms)
  ✔ extra track (6.791708ms)
  ✔ duplicate track (4.98225ms)
  ✔ mixed pin (5.581375ms)
  ✔ source mismatch (8.419416ms)
  ✔ malformed pin (6.621625ms)
  ✔ mixed release (20.567292ms)
  ✔ bad checksum (5.481125ms)
  ✔ bad manifest digest (5.16975ms)
  ✔ bad candidate identity (19.991667ms)
  ✔ wrong candidate path (9.058625ms)
✔ CI bootstrap fails closed for malformed v3 metadata without an active v2 fallback (138.350667ms)
▶ CI bootstrap rejects valid-shaped metadata that disagrees with actual bundled hashes or versions
  ✔ bundledContentLockSha256 (104.703583ms)
  ✔ checksumSha256 (397.43575ms)
  ✔ contentVersion (400.722875ms)
✔ CI bootstrap rejects valid-shaped metadata that disagrees with actual bundled hashes or versions (904.543292ms)
✔ both QA jobs share the strict pin reader and retain mandatory candidate and actual checkout identity gates (1.600583ms)
✔ historical bootstrap preserves the exact frozen lock and distinct producer checkout (278.448958ms)
✔ Metro selects Certification Exam review fixtures only in smoke and keeps disabled peer inert (554.008958ms)
✔ QA installs the frontend lock before native and root verification (1.808125ms)
✔ EAS release configuration has explicit version, runtime, and channel policy (0.880292ms)
✔ EAS source archives exclude generated native output, artifacts, and credentials (0.36525ms)
✔ exports exactly Coding and AWS from current ordinary Free pools with source-bound authored feedback (1185.554917ms)
✔ snapshot check accepts exact bytes and rejects missing or stale generated content (0.743916ms)
✔ rejects source, identity, current locks/admission/receipts, family, and resolved Free-pool mismatches for each demo (3.320458ms)
✔ production exporter rejects the current incomplete canonical source before creating output (356.826916ms)
✔ synthetic seven-locale artifacts are marked unapproved and contain complete, interpolated drafts (16.02075ms)
✔ app legal exports retain the same output as parameterized template rendering (0.167708ms)
✔ release gate and exporter use the same canonical source fingerprint (728.61925ms)
✔ launch readiness CI is the complete exact-four-SHA owning gate (17.304709ms)
✔ mutations of any required SHA input fail closed (2.642959ms)
✔ mutations of each fixed repository slug, ref, path and fetch depth fail closed (2.442875ms)
✔ mutations of historical lock resolution or app content roots fail closed (3.241792ms)
✔ mutations of every exact-head or clean-worktree assertion fail closed (4.628292ms)
✔ mutations of toolchain and every npm ci owning gate fail closed (9.154291ms)
✔ mutations of the web server wait, base URL and cleanup fail closed (2.568709ms)
✔ mutations of backend sibling roots and content/web gate commands fail closed (3.9495ms)
✔ mutations of manifest creation, verification and enforced release fail closed (3.610167ms)
✔ mutations of JSON validation, unconditional uploads and final outcome enforcement fail closed (8.631584ms)
✔ moving candidate refs, write permissions or secrets fail closed (0.664209ms)
✔ Metro selects proposal fixtures only in the smoke runtime (648.086792ms)
✔ one journal contract, materializer, verifier, and coordinator remain (2.791125ms)
✔ mutation failure has one boundary owner and presentation cannot recreate durable state (38.377833ms)
✔ features and track semantics cannot import storage or repository implementations (8.387875ms)
✔ Algorithms runtime composition has no persistence binding (0.544667ms)
✔ Coding Interview read projections do not create a barrel cycle through the session facade (0.195917ms)
✔ one family-neutral foreground timer is bound only in application composition, never in presentation (5.608583ms)
✔ training-session identity has one lifecycle authority and no obsolete runtime port (3.890875ms)
✔ old active exam persistence owner and feature services are deleted (22.436125ms)
✔ Certification answers cannot recreate the deleted selector or competing writer (35.1685ms)
✔ Certification presentation reads materialized feedback without owning family scoring (11.175ms)
✔ Certification durable Practice state has one exact projection, recovery command, and shared notice mapper (1.087209ms)
✔ Certification route handoffs use exact resume intent and cannot hide failures behind start fallbacks (1.132917ms)
✔ presentation routes use application ports without persistence internals (23.964667ms)
✔ startup recovery uses canonical bootstrap recovery (0.205083ms)
✔ release-native configuration excludes canonical learning storage from backup and unneeded ingress (0.874792ms)
✔ Android privacy transforms are reproducible without generated native projects (0.586ms)
✔ iOS backup transform is reproducible without a generated AppDelegate (0.126209ms)
✔ clean iOS output declares current data collection without tracking or remote notifications (5.638625ms)
✔ Expo platform configuration declares the supported phone-only native matrix (1.910083ms)
✔ Premium node offers and their local fixture transport share one smoke-only Metro module (569.290583ms)
✔ release Metro source selections cannot expose the local Premium offer or payload (21.998917ms)
✔ provider auth fixture runtime resolves to smoke implementation only for smoke (574.527208ms)
✔ non-smoke provider fixture peer contains no token-generation or provider-auth SDK calls (24.258583ms)
✔ recovery integration refuses missing producer pins before starting emulators (61.134333ms)
✔ recovery integration refuses blank producer pins before starting emulators (50.405875ms)
✔ an explicit producer pin file retains the exact repository HEAD fence (115.8475ms)
﹣ mobile recovery coordinator, secure-store fixture and adapter complete real HTTP recovery operations (0.435708ms) # SKIP
﹣ HTTP session revoke conflicts with an unacknowledged recovery result and succeeds after its ACK (0.060958ms) # SKIP
﹣ same-operation concurrent HTTP recovery consumes return the persisted real Admin winner (0.264541ms) # SKIP
﹣ HTTP account deletion supersedes an unacknowledged recovery result and removes its proof-bound data (0.0475ms) # SKIP
✔ launch readiness report is deterministic and exposes the unresolved release blockers (1021.760209ms)
✔ release readiness reports missing, malformed, and complete public legal configuration safely (3347.703625ms)
✔ launch readiness rejects a forged runtime admission (745.748ms)
✔ release gate fails while the readiness report contains blockers (697.74225ms)
✔ enforced release gate requires a verified four-repository manifest (800.355167ms)
✔ launch readiness fails closed when the content evidence checkout is dirty (318.502167ms)
✔ explicit report output is written after inspection and does not dirty either worktree (933.130292ms)
✔ owning validator rejects stale identity and malformed readiness semantics (5779.227083ms)
✔ enforced mode still writes a valid report before returning exit 1 (890.453458ms)
✔ CLI rejects malformed arguments and physical output paths inside either worktree (846.092667ms)
✔ launch readiness fails closed when the application release lock provenance is invalid (817.12225ms)
✔ launch readiness fails closed when the application evidence checkout is dirty (601.510917ms)
✔ launch readiness admits external evidence only when its envelope is bound and self-integral (2669.715041ms)
✔ physical-device evidence is optional through freeze and mandatory at go (2683.098084ms)
✔ stage contract keeps PO, provider, store, and device evidence out of local and freeze (2202.120709ms)
✔ creates deterministic portable identity with repositories, locks, build, configuration, and evidence (3079.435834ms)
✔ verifies exact HEADs, clean worktrees, hashes and current content/OpenAPI owning checks (1648.838875ms)
✔ CLI create output can be copied to another external directory and verified (3781.431833ms)
✔ enforced releaseGate reports a verified manifest identity without absolute paths (2556.087083ms)
✔ releaseGate accepts only a physical receipt for the exact embedded manifest and build (5845.864291ms)
✔ runtime receipt rejects every mismatch with the verified embedded artifact (0.374542ms)
✔ enforced releaseGate writes portable reports for invalid and missing manifests (1615.271166ms)
✔ rejects missing, extra and duplicate repository roles plus the legacy two-SHA shape (1.615833ms)
✔ rejects wrong manifest identity, stale candidate/track scope and wrong repository SHA (854.036583ms)
✔ rejects modified evidence before accepting a portable reference (348.044958ms)
✔ rejects changed iOS build, public configuration, and signing evidence bytes (1279.118459ms)
✔ rejects absolute, traversal and symlink references (1.34825ms)
✔ rejects dirty repositories and output paths inside or through symlinked parents (20.910041ms)
✔ local profile dotenv parser has no process side effect (1.309458ms)
✔ the default iOS command uses the local profile and sandbox remains explicit (0.253292ms)
✔ smoke profile requires explicit matching local E2E endpoints (0.35825ms)
✔ sandbox profile rejects every local auth override (0.107833ms)
✔ smoke emulator probe reports profile, origin, and action on failure (0.282958ms)
✔ Auth probe requires the documented emulator configuration response (0.224333ms)
✔ API readiness waits for dependencies and rejects false checks (7.770459ms)
✔ failed smoke preflight cannot spawn Expo (5024.635208ms)
✔ sync replaces the whole generated directory with an exact validated set (79.588875ms)
✔ sync accepts a complete GCP Exam envelope inside the artifact lock boundary (80.361208ms)
✔ sync accepts the exact Coding Mock profile with its ordered 40-question pool (81.165083ms)
✔ sync accepts and preserves each exact per-track Design Interview simulation profile (65.91875ms)
✔ sync rejects Design profile identity, deadline, stage, response, criterion, rubric, and scoring drift (228.874791ms)
✔ sync rejects Coding Mock profiles that drift from the declared strict contract (245.995125ms)
✔ sync continues to accept a legacy GCP artifact without simulation metadata (70.130625ms)
✔ sync rejects malformed GCP profiles before replacing the target even when lock SHA is recomputed (400.803541ms)
✔ check mode proves byte parity and never writes inside the application root (129.941208ms)
✔ check fails on byte drift without repairing it (156.208917ms)
✔ producer failure preserves the existing complete target and cleans staging (112.456333ms)
✔ failed second rename rolls back the previous directory (163.199209ms)
✔ an interrupted target-to-backup move is recovered before replacement (138.874416ms)
✔ validation rejects extra files, duplicate IDs, tampering, and symlink entries (45.664291ms)
✔ validation rejects a missing or misnamed artifact and an unsorted lock (23.712458ms)
✔ failed first rename preserves the target byte-for-byte and leaves no transaction debris (94.157375ms)
✔ a symlinked target parent fails before staging and cannot write outside appRoot (20.588875ms)
✔ dirty producer state fails before build or application write (15.950125ms)
✔ check rejects a temporary root inside appRoot before any app-tree write (90.1305ms)
CONTENT_BOUNDARY_CHECK=passed
✔ content boundary rejects global fetch ingress but ignores property fetch methods (0.599041ms)
✔ content boundary rejects legacy identity types and fields in active runtime code (0.184709ms)
✔ content boundary rejects legacy published-bank contracts and family catalogs (0.17175ms)
✔ content boundary permits legacy shape only at fail-closed boundaries (0.442083ms)
✔ content boundary never permits removed family architecture through explicit allowlists (0.087875ms)
✔ content boundary permits quoted legacy keys used only by fail-closed rejection guards (0.214625ms)
✔ recognizes only an enumerated ContentPreparationGate state (0.509791ms)
✔ waits through transient hierarchy failures and returns once a gate state is visible (0.262833ms)
✔ fails closed at the bounded deadline when no gate state is visible (0.3645ms)
✔ deletion authorization expires, binds both UID and generation, and cannot be replayed (0.848708ms)
✔ deletion authorization reports a live grant without consuming it (0.142875ms)
✔ foreground refresh guard skips only a current live deletion grant (0.140792ms)
✔ a foreground refresh queued behind prepareDeletion skips the issued grant without consuming it (0.79525ms)
✔ wrong reauthentication never issues a deletion grant or reaches deletion (0.165709ms)
✔ a session change after reauthentication prevents grant issuance (0.123667ms)
✔ deletion authorization prepares the backend session after reauthentication and before issuing the grant (0.257334ms)
✔ deletion authorization fails closed when backend session preparation fails (0.159167ms)
✔ deletion authorization fails closed when the session changes during backend session preparation (0.144041ms)
✔ verify-before email mutation reports pending work while the current email stays unchanged (1.529792ms)
✔ password mutation failures remain failures after successful reauthentication (0.174166ms)
✔ sensitive command lane rejects a concurrent different command (0.368583ms)
✔ a second login waits until the first account's Firebase sign-out settles (0.142041ms)
✔ sensitive command lane waits for an active command only through the refresh path (0.090542ms)
✔ waiting refresh drains a command that starts at the idle microtask boundary (0.133667ms)
✔ an active refresh settles before a command claims the lane, even when refresh fails (0.130625ms)
✔ two commands waiting for one refresh leave only the first command admitted (0.099125ms)
✔ refresh holds are refcounted and idempotent while explicit commands remain available (0.112667ms)
✔ prompt hold lifecycle releases exactly once across success, cancel, error, and unmount paths (0.08275ms)
✔ a prompt callback can submit during a refresh hold before its queued foreground refresh (0.146875ms)
✔ a prompt callback during an active refresh keeps queued refresh and submit serialized (0.164208ms)
✔ auth command composition keeps provider credentials and hold-only deletion wiring (1.446ms)
✔ account snapshot and outbox use one exact canonical identity contract (10.663208ms)
✔ stored account state rejects removed protocol and content schema fields (0.587292ms)
✔ guest adoption choice is canonical and survives a durable reread (0.354125ms)
✔ stored account state fails closed instead of assigning missing outbox sequence (1.297458ms)
✔ account export distinguishes recent authentication, revoked sessions, transport, limits, and 5xx (2.840208ms)
✔ validates the account export envelope before any file is created (1.17575ms)
✔ rejects partial profiles and malformed section entries (0.167583ms)
✔ writes to the cache-prefixed filename and deletes after sharing (0.177ms)
✔ deletes the temporary file when the share sheet rejects (0.1555ms)
✔ does not create a file when system sharing is unavailable (0.105708ms)
✔ classifies cache file construction failures without rejecting (0.095291ms)
✔ a changed account session is rejected before sharing and the file is deleted (0.129167ms)
✔ reports a failed final cleanup and leaves bootstrap responsible for retry (0.106833ms)
✔ bootstrap cleanup without an active storage profile preserves all export files (0.130666ms)
✔ account export cache cleanup is limited to the selected local profile (0.230375ms)
✔ profile cleanup leaves legacy unscoped exports because their owner cannot be proven (0.105166ms)
✔ guest-merge materialization accepts its timestamp-free contract only when active track is unambiguous (19.04625ms)
✔ requestEmailChange preserves the global classifier and exposes only the email conflict locally (0.690083ms)
✔ requestEmailChange keeps operational failures in their existing categories (0.092958ms)
✔ requestEmailChange owns the contextual mapper without changing the Firebase client contract (0.356375ms)
✔ foreground scheduler coalesces duplicate active events and runs a newer return after the current refresh (1.203791ms)
✔ foreground scheduler cleanup cancels queued work and drops stale intents (0.344583ms)
✔ ODK-E2E-041 keeps a runnable guest goal to account restart journey (1.192958ms)
✔ ODK-E2E-041 preserves the per-track dismissal and restart proof (0.275792ms)
✔ ODK-E2E-041 covers an existing goal on a clean device and an account without a goal (0.280042ms)
✔ ODK-E2E-041 data evidence covers identity, atomic goal-plan validation, recovery, and explicit UI states (0.605459ms)
✔ ODK-E2E-041 visual matrix maps every required journey to executable evidence (1.65475ms)
✔ public environment and Firebase client configuration fail closed (1.368042ms)
✔ Firebase account configuration requires core fields and accepts only valid optional Google IDs (0.253792ms)
✔ native App Check composes either provider, both providers, or an explicit unavailable state (0.4475ms)
✔ only the explicit local smoke runtime finalizes every password-identity command without verification side effects (0.930417ms)
✔ account entry copy makes the destructive choice and code acknowledgement explicit (1.480292ms)
✔ account entry owns one terminal choice and keeps synced account controls separate (2.678916ms)
✔ account recovery owns one status message, a truthful retry, and a sign-out exit (1.902625ms)
✔ current-account ISSUE defer requires an explicit sign-in, canonical session check, and persistent identity fence (0.675041ms)
✔ account recovery back action follows live navigator history (0.409917ms)
✔ signed-out sign-in presentation is independent of pending remote revocation (1.4575ms)
✔ local sign-out persists its block before closing scope and never invokes remote preparation (0.68875ms)
✔ completed sign-out cannot publish signed-out state over a newly authenticated UID (0.28275ms)
✔ explicit login and registration Auth mutations serialize with local sign-out (0.507791ms)
✔ restored matching logout block closes scope and remains pending until manual retry (1.147209ms)
✔ foreground identity publication keeps the latest account data and rejects stale generations (0.598584ms)
✔ queued identity refresh is rejected by the production guard after sign-out or UID switch (0.947792ms)
✔ email security composition delegates refresh to the global foreground owner (0.810084ms)
✔ the foreground owner retries plan recovery at bootstrap, reconnect, foreground, and its durable timer (0.273958ms)
✔ sign-in keeps guest access visible and uses the approved Google logo asset (1.359584ms)
✔ registration keeps consent presentation separate from the boolean domain contract (2.566834ms)
✔ both recovery-code surfaces warn before copying through the guarded clipboard (0.808625ms)
✔ unconfigured account entry never composes Google OAuth without typed provider configuration (0.486542ms)
✔ a guest transition resets navigation into the application session (0.106083ms)
✔ secure auth persistence stores only a Firebase refresh-token-shaped record (0.454125ms)
✔ secure auth persistence isolates Firebase metadata from the saved auth user (0.761083ms)
✔ startup waits for persisted auth resolution before choosing the entry screen or Home (1.085334ms)
✔ account finalization coordinator shares one in-flight and completed result per generation (0.22975ms)
✔ account finalization coordinator drops late results after invalidation and disposal (0.33575ms)
✔ read-only generation capture cannot reactivate a session during sign-out (0.081042ms)
✔ account restore has a bounded initialization recovery path (0.535584ms)
✔ App Check has an explicit unavailable state and never fabricates a token (0.081666ms)
✔ account failures expose explicit provider, network, expiry, and revoked-session states (0.383083ms)
✔ cold account_not_found clears persisted Firebase auth or exposes a truthful sign-out retry (0.278292ms)
✔ privacy requests expose App Check failures as unavailable (0.105375ms)
✔ account sync preserves known validation failures without persisting arbitrary error messages (7.703791ms)
✔ deletion retries after a revoked or stale session and leaves a verified local tombstone (2.494167ms)
✔ deletion cleanup removes the complete canonical learning namespace while preserving device records and recovery markers (0.43225ms)
✔ a completed marker from an earlier account does not block a later bound account (0.739292ms)
✔ a preflight journal failure does not create a deletion operation and pending retry cannot start one (3.839375ms)
✔ response loss resolves a matching remote operation and rejects mismatched status without local cleanup (1.02325ms)
✔ local deletion cleanup resumes after a failed key removal without issuing another remote delete (0.743708ms)
✔ account deletion remains pending until reminders are disabled and retry does not repeat remote deletion (0.668417ms)
✔ server reauthentication failures remain reauthentication failures with the pending marker intact (0.512542ms)
✔ an uncertain server deletion failure resolves through the bound operation status (0.548917ms)
✔ a durable terminal learning commit uploads once when Home retries pending data (72.49175ms)
✔ concurrent Home retries share one offline attempt and preserve durable pending state (19.627083ms)
✔ a concurrent local session start during upload keeps the interrupted Home sync retryable (96.583292ms)
✔ a concurrent local session start during download keeps the interrupted Home sync retryable (98.669458ms)
✔ Home pending retry honors binding, state, and durable recovery guards without remote calls (1.3535ms)
✔ bound restart exposes a projection for a locally saved session without remote reads or writes (0.876583ms)
✔ resume requires matching installation and account-state bindings (0.332375ms)
✔ a pending learning journal blocks bound account sync without clearing the journal (0.879292ms)
✔ a deferred upload state resumes locally and syncs idempotently after finalization (19.60425ms)
✔ discard deletes guest records and goals but preserves device preferences and performs no remote writes (1.783334ms)
✔ discard restores existing account records unchanged without uploading guest data (1.6425ms)
✔ failed account fetch keeps guest data and the approved discard plan for retry (0.687083ms)
✔ existing-account login restores remote data without offering or uploading guest adoption (0.69025ms)
✔ one separable invalid remote plan restores Home data, quarantines its version, and resolves after replacement sync (129.891542ms)
✔ normal no-plan remote state creates no recovery incident (8.962292ms)
✔ learning plan recovery reserves before a read and commits the replacement with its ACK (12.438083ms)
✔ learning plan recovery persists failed attempts and respects the durable due time (10.129542ms)
✔ learning plan recovery drops stale responses after a generation, incident, or account ownership change (39.169333ms)
✔ invalid plan recovery fails closed on bad envelope, duplicate identity, uncertain goal, or ownership (61.463541ms)
✔ transfer applies an explicit guest conflict resolution once and completes durably (5.216083ms)
✔ guest adoption quarantines one invalid plan while materializing its goal and unambiguous active track (2.305ms)
✔ offline transfer retry reuses the durable confirmation and never uploads a duplicate guest snapshot (1.344666ms)
✔ discard resumes after partial-index failure without reconstructing a guest upload (1.981625ms)
✔ discard resumes after binding failure without reconstructing a guest upload (1.867916ms)
✔ discard resumes after finish failure without reconstructing a guest upload (1.655042ms)
✔ discard rejects another account and pending adoption without changing guest data (0.256458ms)
✔ a stale adoption confirmation is cleared so retry can request a fresh preview (0.335375ms)
✔ discard blocks an active guest session before fetching or deleting data (0.317042ms)
✔ concurrent discard calls make one transition and keep the guest outbox empty before fetching (0.614083ms)
✔ a session start requested while discard fetches waits and is preserved after materialization (1.672375ms)
✔ malformed remote records keep the guest dataset and durable approved discard plan (0.370792ms)
✔ pending materialization blocks lifecycle account deletion without losing the marker (0.145375ms)
✔ a durable adoption confirmation blocks a new learning commit (0.415125ms)
✔ unreadable mutation journal blocks discard before deleting guest data (0.221125ms)
✔ authenticated reset restores history without uploading tombstones and preserves local context (30.088917ms)
✔ authenticated reset rejects pending account context without changing state or calling the API (14.905833ms)
✔ canonical clean synced state remains eligible for the guarded reset (2.642666ms)
✔ authenticated reset exposes the remote-restore guard and keeps it after a fetch failure (1.642875ms)
✔ a failed remote restore retains the reset guard and account binding (1.414875ms)
✔ a failed local reset keeps the pre-reset marker and retries the same journal safely (5.929666ms)
✔ concurrent authenticated reset requests share one guarded operation (20.866958ms)
✔ reset guard blocks outbox synthesis for a canonical acknowledged record (0.31275ms)
✔ only confirmed offline to confirmed online is a reconnect (0.808084ms)
✔ recovery-code issuance preserves invalid credentials from reauthentication (0.656709ms)
✔ ordinary Firebase identity exchanges before /me and blocks its custom-token observer event (10.579166ms)
✔ a custom-token recovery session with an authorization generation bypasses exchange (0.4335ms)
▶ recovery requires its exact generation and never exchanges a missing or mismatched claim
  ✔ rejects generation null (0.3915ms)
  ✔ rejects generation 1 (0.0835ms)
  ✔ rejects generation 3 (0.073208ms)
✔ recovery requires its exact generation and never exchanges a missing or mismatched claim (1.05075ms)
✔ a generation change after exchange prevents token sign-in and /me (0.150292ms)
▶ custom-token exchange requires a valid authorization generation before /me
  ✔ rejects claim undefined (0.17725ms)
  ✔ rejects claim 0 (0.103375ms)
  ✔ rejects claim 1 (0.129208ms)
✔ custom-token exchange requires a valid authorization generation before /me (0.636333ms)
▶ recovery issue session restore requires a current explicit sign-in intent and matching UID
  ✔ before the user chooses sign-in (0.165375ms)
  ✔ after the pending intent expires (0.059417ms)
  ✔ after restart has lost the pending intent (0.049791ms)
  ✔ when Firebase is bound to another UID (0.05825ms)
✔ recovery issue session restore requires a current explicit sign-in intent and matching UID (0.544833ms)
▶ recovery issue session restore rejects a present mismatched or malformed generation before exchange
  ✔ present wrong generation (0.114625ms)
  ✔ malformed Firebase claim (0.111834ms)
✔ recovery issue session restore rejects a present mismatched or malformed generation before exchange (0.337541ms)
✔ a missing recovery generation restores only for current explicit intent, then checks the exact generation (0.137416ms)
✔ recovery intent expiring during exchange prevents observer release and Firebase sign-in (0.097208ms)
✔ a recovery sign-in returning another generation fails before ACK or /me (0.180542ms)
✔ account-bound Premium cache stays scoped away from a retained guest profile (5.328083ms)
✔ sign-out clears only the authenticated account Premium cache before closing its account profile (1.726125ms)
✔ sign-out clears the authenticated account cache from a retained adoption-pending guest profile (0.701084ms)
✔ sign-out preserves a foreign-account cache instead of deleting it (0.706291ms)
✔ unknown ownership and invalid cache records return localCleanupFailure without deleting data (0.789375ms)
✔ a profile switch invalidates cleanup against the previous captured scope (0.579542ms)
✔ sign-out returns stale and preserves a new active guest profile (0.68ms)
✔ a cache remove failure stays explicit while sign-out still clears Auth (0.308959ms)
✔ an SDK failure remains signOutPending when owned-cache cleanup also fails (0.357209ms)
✔ guest transition lock admits one command and denies a concurrent command before side effects (0.587375ms)
✔ guest transition lock releases after both success and failure (0.31ms)
✔ Home presents a non-blocking recover-plan notice with durable dismissal (0.728625ms)
✔ learning plan recovery uses capped exponential retry delays and an inclusive due boundary (2.092958ms)
✔ resumes a pending revoke, validates the replacement session, then clears the exact durable marker (1.082083ms)
✔ keeps the durable marker when the replacement token changes authorization generation (0.349042ms)
✔ never clears the durable marker after the session command becomes stale (0.149125ms)
✔ rejects a command that becomes stale while local completion is persisted (0.133833ms)
✔ same UID and generation join one pending-revocation batch (0.391666ms)
✔ a new generation waits, re-reads the marker, and retries only after the stale owner settles (4.416916ms)
✔ a different UID never consumes or completes the stale owner's marker (0.414833ms)
✔ a failed exact-operation replay retains its pending marker (0.189416ms)
✔ automatic session revocation keeps sign-in on loading and exposes pending recovery only on failure (1.584958ms)
✔ Premium refreshes run in request order and continue after a failed provider read (0.990459ms)
✔ confirmed offline admission consults only the account-bound cache (0.510792ms)
✔ online and unknown reachability require a fresh result and never fall back to cache (0.246292ms)
✔ restored Auth resolves /me before selecting and activating its exact account scope (1.496625ms)
✔ UID change while /me is pending prevents account selection and activation (0.335875ms)
✔ /me failure leaves prepared storage closed without selecting a profile (0.143334ms)
✔ only a current restored account_not_found signs out persisted Auth (0.079833ms)
✔ provisional provider cancellation returns to sign-in only when its blocked UID owns the null Auth event (1.516042ms)
✔ delayed null after sign-out promise resolution consumes the still-owned provider cancellation (0.38775ms)
✔ replacement sign-in invalidates cancellation intent before a delayed stale null callback (0.23725ms)
✔ Auth loss locks the rendered account state before closing its profile scope (0.272208ms)
✔ local account sign-out verifies the durable block before locking, closing, and calling Firebase (0.554ms)
✔ logout receipt validation requires the exact pending pair or completed receipt (0.4595ms)
✔ owned-cache cleanup failure is explicit after Firebase sign-out and never reports success (0.3745ms)
✔ Firebase failure remains signOutPending even when owned-cache cleanup fails (0.160583ms)
✔ failed local control write closes access and attempts Firebase sign-out but stays a failure (0.118958ms)
✔ SDK failure after an unverified control write remains signOutPending without cache cleanup (0.100167ms)
✔ retrying sign-out for the exact completed UID-operation receipt still clears local Auth (0.104542ms)
✔ a retained Auth retry rejects blocked receipts for a different UID or operation (0.155125ms)
✔ unverified local control read-back attempts Firebase sign-out only when no scoped marker is recoverable (0.089875ms)
✔ when a scoped operation is durable, control-write failure retains Auth for a recoverable retry (0.078709ms)
✔ restore locks only for a matching scoped logout marker missing from the control journal (0.090625ms)
✔ pending remote revoke blocks profile preparation only for its matching Auth UID (0.052542ms)
✔ authenticated scope checks and repairs incomplete logout before publishing profile preparation (0.133208ms)
✔ scope guard rechecks Auth generation after reading an absent marker (0.062042ms)
✔ a completed revoke receipt clears the scoped marker before profile startup continues (0.069709ms)
✔ failed completed-marker cleanup keeps the authenticated profile closed (0.08375ms)
✔ a UID switch while fallback control persistence is pending closes only the captured scope (0.111042ms)
✔ fallback setup failure never cleans cache from a blocked-only receipt (0.083458ms)
✔ stale sign-out completion closes its scope without publishing over the newer identity (0.063833ms)
✔ Firebase sign-out failure retains the matching block for manual retry (0.110333ms)
✔ Auth rejection remains pending until durable local sign-out reports success (0.092959ms)
✔ ambiguous saved Guest profiles are reported as a choice requirement (0.095042ms)
✔ guest preparation failure closes the scope and returns to signed-out login (0.063958ms)
✔ Guest selection keeps the signed-out account entry mounted when no scope is active (0.036708ms)
✔ restored Guest validates persisted access before selecting or activating its scope (0.112292ms)
✔ invalid restored Guest access stays closed (0.0495ms)
✔ fresh installation opens Guest only after explicit choice (0.059958ms)
✔ preparation gate opens registry metadata without activating or reading a profile (0.646625ms)
✔ logout-control corruption or storage failure fails closed with an explicit retry surface (0.092417ms)
✔ preferences remain on defaults until storage activation emits the ready event (0.102541ms)
✔ preparation failure is explicit, retryable, and counts only reserved lost-key retries (0.087125ms)
✔ key-loss recovery preserves delayed confirmed removal and requires preparation again afterward (0.096834ms)
✔ mapped provider identity exchanges, signs in with the returned session token, then finalizes (0.956792ms)
✔ unmapped provider identity remains provisional on the same UID without registration or finalization (0.1725ms)
▶ stale UID or generation rejects before exchange and after an async boundary
  ✔ UID changed before run (0.300459ms)
  ✔ generation changed while exchange is pending (0.127166ms)
✔ stale UID or generation rejects before exchange and after an async boundary (0.655ms)
✔ duplicate concurrent classification shares one in-flight result (0.152417ms)
✔ issue result stays private through a deferred final identity read: exact (0.954709ms)
✔ issue result stays private through a deferred final identity read: different_uid (0.105291ms)
✔ issue result stays private through a deferred final identity read: different_generation (0.068833ms)
✔ issue result stays private through a deferred final identity read: signed_out (0.057ms)
✔ issue result stays private through a deferred final identity read: read_failure (0.066666ms)
✔ issue result stays private through a deferred final identity read: stale_revision (1.913042ms)
✔ missing or unreadable initial identity cannot read a generation for a different account (0.130583ms)
✔ provider gates subscription and closes scoped access before releasing rejected issue results (0.405167ms)
✔ issue persists operation identity before POST and blocks profile preparation until saved ACK (7.939875ms)
✔ vault persistence failure prevents both issue and consume requests (1.109541ms)
✔ restored issue with an authenticated UID but missing generation remains blocked and hides codes (0.878542ms)
✔ defer requires a valid proven mismatch and retains a hidden issue after restart without remote effects (2.362708ms)
✔ durably deferred issue permits signed-out preparation without changing the retained operation (0.408916ms)
✔ signed-out preparation remains blocked before durable defer (0.150958ms)
✔ defer accepts a same-UID generation mismatch only after the live claim proves it (0.190833ms)
✔ old issue codes return only after an explicit resume on the original identity (0.260834ms)
✔ identity change during defer persistence keeps the marker but leaves profile preparation blocked (0.184666ms)
✔ deferred issue cannot be overwritten by new issue or consume and write failure retains the old record (0.268792ms)
✔ synchronous identity suspension redacts an in-flight status result and preserves durable codes (0.252875ms)
✔ identity swap during initial issue POST persists codes but never exposes or ACKs them (0.216958ms)
✔ consume persists code before POST, keeps custom token out of durable and visible state, then ACKs the matching SDK identity (0.447333ms)
✔ signed-in UID with a malformed generation is not treated as signed out for pending consume (0.112167ms)
✔ cold matching consume identity ACKs without another SDK sign-in (0.118125ms)
✔ signed-out restart first records server result, then explicit resume signs in and ACKs (0.179625ms)
✔ an issue provider retry reuses its saved operation ID rather than allocating a new one (0.118458ms)
✔ explicit replacement confirms delivery_unconfirmed, saves one backup before POST, and exposes only the durable new result (0.351167ms)
✔ replacement vault write failure prevents POST and retains the old operation and codes (0.188875ms)
✔ lost replacement POST and exact missing-status response preserve both records and the same new ID (0.27125ms)
✔ explicit retry of a persisted replacement GETs first and reuses its saved ID (3.230083ms)
✔ generic retry, restart reconciliation, and unconfirmed start are status-only for pending replacements (0.386417ms)
✔ replacement refuses a malformed or cross-generation result and keeps the old backup durable (0.326666ms)
✔ authoritative delivery_unconfirmed ends the current replacement backup without allocating another ID (0.166291ms)
✔ a separate explicit confirmation after confirmed replacement expiry starts a new backed-up ID (0.202042ms)
✔ replacement status auth and service errors retain the old backup without POST (0.203167ms)
✔ confirmed ACK and superseded replacement statuses resolve the backup as terminal (0.169834ms)
✔ confirmed replacement expiry stays explicit and retains prior codes until separate confirmation (0.123875ms)
✔ storage recovery audit command exposes only the documented presentation fixtures in development smoke (0.55075ms)
✔ storage recovery audit command is unavailable outside development smoke (0.075333ms)
✔ storage recovery audit command rejects unrelated or expanded commands (0.098083ms)
✔ Activity read model keeps terminal history semantics and includes completed sessions without answers (18.072583ms)
✔ Activity read model surfaces a corrupt canonical result instead of presenting an empty history (0.63675ms)
✔ Activity read model treats repository issues as an explicit storage failure (0.206709ms)
✔ Activity read model reuses the caller's attempts read when supplied (0.18825ms)
✔ Activity full history keeps unavailable sessions as immutable summaries (1.055125ms)
✔ Activity read owner invalidates late focus reads and lets the newest retry win (0.29375ms)
✔ Activity read owner keeps current read failures explicit (0.155875ms)
✔ bootstrap surfaces unavailable active sessions before content preparation or resume (50.01625ms)
✔ bootstrap emits a bounded diagnostic for a content-stage failure (23.786792ms)
✔ bootstrap reports the last canonical repository step for a repository failure (0.304375ms)
✔ AUD-02D feedback flows match canonical selected answers and conditional reinsert plan (530.596625ms)
✔ a correct GCP simulation answer recorded before due time does not advance older review evidence at finalization (349.0435ms)
▶ due-answer boundaries preserve the two-success rule and the exact-current-session guard
  ✔ before-counter-zero (30.001ms)
  ✔ before-counter-one (17.218291ms)
  ✔ equal-counter-zero (18.937291ms)
  ✔ equal-counter-one (46.283ms)
  ✔ after-counter-zero (31.73475ms)
  ✔ after-counter-one (15.107667ms)
  ✔ persistent exact-reference review from the same session remains unchanged (18.516333ms)
✔ due-answer boundaries preserve the two-success rule and the exact-current-session guard (179.529417ms)
✔ journal replay applies one eligible due success exactly once after draft-cleanup interruption (24.978625ms)
✔ Coding weak-area review with explicit due_queue does not use a historical miss as fallback evidence (315.958042ms)
✔ actual lifecycle persists only due current refs, shortens to available due content, and does not append miss fallback (462.065541ms)
✔ actual lifecycle rejects empty due evidence with no session write and preserves the historical attempt (0.780958ms)
✔ explicit session_misses is unavailable before lifecycle persistence (0.250291ms)
✔ a single-source Design weak-area review keeps its existing due-only default without reviewSource (0.366ms)
✔ single-source Certification weak-area review also keeps its due-only default without reviewSource (0.256ms)
✔ due review selection rejects future and stale artifact/version/track references without fallback (0.448042ms)
✔ invalid review sources and refs are rejected on practice and simulation before selection (0.210417ms)
✔ actual lifecycle rejects review source on a simulation before any durable session write (0.329167ms)
✔ real loader prepares all 29 modes across nine tracks (374.139ms)
✔ real canonical questions submit and score all five interaction types (30.625209ms)
✔ actual Design runtime rejects a sparse ordering response before creating an outcome (1.749875ms)
✔ evidence permits one item and multi-source Coding review requires an explicit source (0.391ms)
✔ coding review preserves identity and resolves after two due successes (1.671542ms)
✔ resume and query boundaries reject tampering, foreign attempts and old pins (2.180542ms)
✔ Claude Focus persists selectable feedback, scores single and multi-select, and finalizes complete evidence (42.123125ms)
✔ reinsert resolves exact branch after three durable intervening submissions and preserves ordinary branch on correct (22.040209ms)
✔ GCP simulation prepares the profile-weighted immutable 50-item plan and exact snapshot (8.955666ms)
✔ GCP simulation validates draft occurrence keys, completeness, flags, revision, and deadline (10.077333ms)
✔ GCP simulation finalization scores only complete responses and partitions all 50 occurrences (10.02175ms)
✔ Coding Mock consumes its exact ordered 40-question profile with foreground timer and shared draft runtime (2.254208ms)
✔ Design Interview Simulation uses each exact track profile, resumes durable stage text, and finalizes completeness only (3.154541ms)
✔ Design Interview Simulation timeout can finalize a partial draft without assigning semantic correctness (0.819792ms)
✔ ordinary sessions expand practiced coverage across coding, design and certification pools (374.057708ms)
✔ selection ignores attempts outside its pool or exact content pin and handles exhaustion (0.365917ms)
✔ a never-attempted question stays uncovered even when its unit has attempt history (0.156667ms)
✔ single choice feedback exposes selected incorrect, omitted correct and remaining neutral (0.874792ms)
✔ multi choice feedback preserves every selected and correct combination (0.100334ms)
✔ choice feedback rejects a mismatched response contract (0.225833ms)
✔ authored choice messages follow selected incorrect and omitted correct stable IDs in authored order (0.2865ms)
✔ multiple choice messages include only selected wrong and omitted correct targets regardless of response order (0.098625ms)
✔ message projection preserves absent-message and non-choice behavior, and freezes provided empty results (0.082917ms)
✔ real GCP and Coding artifacts deliver exact selected-wrong authored messages (518.130958ms)
MC_REACHABLE coding-interview-dsa-problem-solving completedRound=7
MC_REACHABLE claude-certified-architect-professional-certification completedRound=5
✔ actual GCP practice choice orders vary between session identities and survive durable resume unchanged (346.359917ms)
✔ resume accepts a fingerprint-bound legal choice permutation without requiring regeneration (1.5385ms)
✔ all 16077 actual items preserve control membership, ID answers and non-choice order without exposing an answer to the ranker (2525.910917ms)
✔ all real 29 practice modes and canonical simulation profiles prepare valid frozen orders with unchanged question selection (84.5085ms)
✔ legacy source orders remain valid; malformed orders, stale pins and unstored permutation changes fail resume (1.857292ms)
✔ actual Coding conditional repeat retains the source prepared order after three durable intervening answers and rebind (70.838875ms)
✔ MC becomes reachable through completed canonical sessions and real persisted history without changing selection policy (1240.918542ms)
✔ actual Frontend Design ordering feedback follows missing adjacent relations across all legal permutations (253.779792ms)
✔ ordering message projection is absent outside ordering or when authored messages are absent (0.183375ms)
✔ invalid ordering responses are rejected before authored diagnostics are inferred (0.326292ms)
✔ projects exact HTTPS sources in authored order without normalizing query or hash (0.912125ms)
✔ rejects non-HTTPS, malformed and missing sources without inventing a fallback (0.107875ms)
✔ opens the exact projected URL and reports success or failure explicitly (0.153333ms)
✔ rejects unsafe or malformed source URLs without calling the opener (0.089625ms)
✔ projects the exact URL from an accepted certification artifact without changing the artifact (3.529666ms)
✔ all 440 actual multiple-choice items reject every wrong-containing subset independently of oracle parity (457.51525ms)
✔ actual practice runtime writes zero-point incorrect attempt/review, survives repository rebind and preserves authored feedback (81.428833ms)
✔ actual Coding Mock simulation finalization records wrong-containing response as incorrect zero, preserving other answers (4.891083ms)
✔ ODK-096 AWS Free focus selects unique 10/20/40 question plans from the current canonical node (1417.920875ms)
✔ ODK-096 AWS evidence-conditioned review truthfully shortens to due evidence and fails closed without it (1265.826292ms)
✔ ODK-097 Design Tradeoff sessions use the exact free node and unique 10/20/40 items (342.836958ms)
✔ ODK-097 Design Review is due-only, truthfully shortens, and fails closed without eligible evidence (5.854375ms)
✔ ODK-097 Review evidence rejects stale, wrong-artifact, and cross-track entries (0.262791ms)
✔ ODK-097 Coding due entries remain identity-scoped without consuming historical misses (0.327625ms)
✔ Certification Exam Simulation authorizes before preparation resolution and starts durably only when allowed (530.297875ms)
✔ completed exam review projects answered and unanswered items across the complete fixed plan (475.9755ms)
✔ fully unanswered completed exam projects all 50 items without creating attempts (5.361417ms)
✔ exam result rejects tampered partition, attempt scores, and profile evidence (12.859084ms)
✔ active Certification projection strips answers, explanations and feedback structurally (0.945209ms)
✔ deferred feedback remains absent after durable submit while immediate feedback is unchanged (0.278583ms)
✔ immediate Certification feedback returns only authored messages for selected incorrect IDs (0.123875ms)
✔ completed review evidence fails closed when durable outcome aggregates are missing or inconsistent (0.161917ms)
✔ completed practice projector preserves the canonical five-state answer matrix (353.635625ms)
✔ practice review rejects altered identity, coverage, attempts, score, and resolution (1.38225ms)
✔ Certification route preserves domains and sends an exact Premium node through facade to Gate A before mutation (509.349459ms)
✔ coding facade converts every supported UI response into the canonical response union (1.081917ms)
✔ completed Coding practice is readable and review uses the same completed projection (796.718167ms)
✔ completed conditional-reinsert practice projects the final replaced occurrence order (254.536959ms)
✔ abandoned Coding summary keeps its separate existing projection and performs no read writes (36.76325ms)
✔ completed Mock result stays pending until exact saved content validation finishes (56.523666ms)
✔ completed result rejects a source-session attempt outside the saved occurrence plan (191.326375ms)
✔ completed result rejects a removed attempt and a scorer/result mismatch (161.648416ms)
✔ completed result rejects a mismatched family, completion time, or answer coverage (188.341542ms)
✔ completed result rejects attempts with a different mode or resolved item (146.035917ms)
✔ completed result rejects duplicate attempts, invalid responses, and stale artifact references (136.432042ms)
✔ completed result rejects persisted counts and points that disagree with committed attempts (144.748166ms)
✔ completed result ignores valid attempts belonging to an unrelated session (132.494459ms)
✔ startAlgorithmsSession adapts feedback timing on the actual lifecycle request (1.13375ms)
✔ Coding Mock flags persist in the active draft and reappear after lifecycle resume (573.571083ms)
✔ Coding Mock persists a response, finalizes, and reads all 40 completed review rows (118.508042ms)
✔ Coding immediate practice feedback survives durable submit and lifecycle rebind (12.856125ms)
✔ resolves an exact canonical artifact by track, content version, and SHA (426.413292ms)
✔ resolves only the question identified by a canonical ResolvedContentRef (0.269833ms)
✔ prepares Certification Exam Simulation from the exact canonical artifact profile (13.655083ms)
✔ prepares Coding Mock from the exact canonical artifact profile and ordered 40-question pool (3.562583ms)
✔ all three actual Design pools deliver exact authored wrong-option feedback after durable submit and rebind (1397.876167ms)
✔ Design choice diagnostics stay hidden for a failed journal write and committed-only response (17.19825ms)
✔ manual Design Simulation completion requires every non-empty stage (0.456042ms)
✔ home snapshot resolves canonical track metadata (607.67575ms)
▶ actual Home command rejects profile changes after Activity reads and before publication, including A/B/A
  ✔ same profile publishes actual persisted answers (86.226958ms)
  ✔ same-profile attempt committed after parallel reads rejects stale HomeShell publication (36.89225ms)
  ✔ same-profile attempt committed after the final dashboard await rejects publication (15.683458ms)
  ✔ A→B after Activity read rejects publication (6.119583ms)
  ✔ A→B→A after Activity read rejects publication (14.511ms)
  ✔ active transition at entry prevents reads and publication (45.434042ms)
  ✔ transition starts during the last read and prevents publication (6.285375ms)
✔ actual Home command rejects profile changes after Activity reads and before publication, including A/B/A (877.349792ms)
✔ Home fence rejects persisted goal and accepted-plan changes (20.486625ms)
✔ Home fence rejects persisted review and attempt additions (1.403666ms)
✔ Home fence rejects terminal, active, and result-only session evidence writes (2.107584ms)
✔ Home fence observes selected-track changes, including from a null-track snapshot (0.4065ms)
✔ Home fence preserves onboarding fallback and ignores unrelated reminder settings (0.564958ms)
✔ Home fence fails closed for active journals and corrupt canonical session indexes (4.299833ms)
✔ actual artifact→repository→Home presenter includes local Monday before UTC Monday and excludes future answers (695.041791ms)
✔ all nine canonical tracks use the same activity count without turning it into completion (523.36675ms)
✔ active exclusion, ended-early history and old package facts remain distinct from completed sessions (2.0945ms)
✔ civil Monday boundaries agree in Warsaw/Los Angeles and across both DST transitions (1.346333ms)
✔ same question new attempts count separately, identical IDs once, conflicting IDs unavailable (0.460042ms)
✔ invalid relevant record/context never becomes empty activity; repository corruption still throws (5.157167ms)
✔ weekly text and accessibility label share real translated plural values in seven locales (12.00275ms)
✔ actual memory profile router separates A/B history and reconstructs A after storage reopening offline (21.161625ms)
✔ removed simulation response path is unavailable (605.531666ms)
✔ A before journal persistence leaves no durable outcome (6.333833ms)
✔ B after journal persistence recovers complete (4.245625ms)
✔ C after attempt write does not duplicate (9.440625ms)
✔ D after review writes no duplicate evidence (5.58975ms)
✔ E after session no twice advance (2.89975ms)
✔ F all writes before verification (3.095042ms)
✔ G verification before clear safely replays (3.140459ms)
✔ resolved review deletion is physical and safely replays after force-close (4.677292ms)
✔ resolved review deletion recovers when its index update fails (7.624625ms)
✔ manual review removal recovers after index switch but before physical deletion (6.743125ms)
✔ session abandonment persists abandoned session before clearing active pointer (9.1705ms)
✔ session abandonment replay is idempotent (2.984792ms)
✔ abandonment recovers identically after every durable write boundary (9.451167ms)
✔ abandonment does not navigate before durability (0.610958ms)
✔ local answer commit defers snapshot and outbox construction until account synchronization (37.1225ms)
✔ failed pending-sync write retains the verified journal and recovers without duplicating the answer (10.373708ms)
✔ clear local history is one journaled learning-state mutation (21.233417ms)
✔ clear local history copy covers progress and review data (0.162125ms)
✔ clear local history preserves the one guest installation and local dataset identity (1.886667ms)
✔ reset recovers a pending command before deleting its fully materialized learning state (13.502667ms)
✔ reset failure remains explicit and recovery is identical after every deletion boundary (50.799458ms)
✔ journal durability precedes idempotent materialization and recovery (11.920125ms)
✔ journal phase advances only one immutable step at a time (2.280625ms)
✔ journaled command rejects a conflicting pending command (10.253667ms)
✔ journal has a versioned SHA-256 command identity and rejects stale expected revisions (1.362084ms)
✔ journal construction rejects writes that cross exact resolved artifact identities (0.256625ms)
✔ practice submission recovers identically after every durable write boundary (34.684125ms)
✔ concurrent conflicting journal persists use one CAS winner and ownership-checked clear (1.613291ms)
✔ materializes one attempt (4.8055ms)
✔ materializes one review entry (3.580042ms)
✔ rejects an unsupported write kind instead of silently materializing it (0.497ms)
✔ materializes one session (1.343917ms)
✔ clears active session pointer (0.457042ms)
✔ materializes a complete training outcome in canonical order (5.665334ms)
✔ replays a fully materialized journal without duplicate effects (20.533209ms)
✔ resumes after only attempt write completed (1.247083ms)
✔ resumes after attempt and review writes completed (1.240209ms)
✔ resumes after session write completed (1.651625ms)
✔ rejects conflicting immutable attempt (9.082667ms)
✔ rejects conflicting session record (0.706541ms)
✔ rejects conflicting review record (0.490875ms)
✔ preserves active journal after write failure (9.138709ms)
✔ does nothing when no journal exists (0.898459ms)
✔ recovers a journal before any writes (27.312333ms)
✔ recovers partially materialized (3.245458ms)
✔ fully materialized unverified (6.181625ms)
✔ verified journal whose clear failed (16.440958ms)
✔ accepts ident immutable attempt (19.17575ms)
✔ rejects conflicting immutable attempt (1.573375ms)
✔ rejects conflicting active journal (8.208625ms)
✔ blocks corrupt journal (0.204833ms)
✔ blocks journal read failure (0.186084ms)
✔ preserves journal after materialization failure (1.235791ms)
✔ preserves journal after verification failure (1.024416ms)
✔ preserves journal after journal clear failure (1.8675ms)
✔ rejects a semantically malformed persisted journal and retains it (0.338833ms)
✔ rejects an unknown persisted write and retains its journal (21.845917ms)
✔ rejects an old persisted journal without an exact artifact SHA-256 (0.372459ms)
✔ rejects incomplete operation plans before persistence (0.273208ms)
✔ rejects duplicate write targets before persistence (0.396666ms)
✔ rejects destructive writes that do not belong to the operation (0.336916ms)
✔ rejects attempts and reviews that conflict with the durable session plan (0.996833ms)
✔ rejects an immediate submit for a planned but non-current occurrence (0.438083ms)
✔ rejects contradictory review actions and duplicate terminal item outcomes (0.500125ms)
✔ accepts a review update that retains its original durable source identity (0.619ms)
✔ rejects a fabricated historical source on a nonexistent review identity (0.25375ms)
✔ rejects an explicit review update when its durable identity does not exist (0.418792ms)
✔ rejects a persisted plan with a corrupt fingerprint and retains it (0.247375ms)
✔ idempotent repeated recovery (4.002167ms)
✔ does not require remote content (11.63975ms)
✔ does not recalc scoring (2.770417ms)
✔ does not generate IDs (1.761625ms)
✔ verifies a complete materialized mutation (15.846625ms)
✔ rejects missing attempt (0.747792ms)
✔ rejects conflicting attempt (1.095708ms)
✔ rejects missing review entry (0.354042ms)
✔ rejects conflicting review entry (0.417042ms)
✔ rejects missing session (0.409541ms)
✔ rejects conflicting session (0.589333ms)
✔ rejects active session pointer that should be cleared (0.430834ms)
✔ propagates storage read failure (0.381666ms)
✔ preserves active journal after verification failure (1.589833ms)
✔ an occurrence-keyed draft persists, edits, and resumes without learning side effects (3.6295ms)
✔ draft persistence rejects unknown occurrences and mismatched session scope (1.673166ms)
✔ immediate-feedback sessions cannot persist draft responses (0.992125ms)
✔ clear local history removes the resumable draft (11.310625ms)
✔ Algorithms finalization commits exactly answered occurrences and deletes the matching draft (15.817209ms)
✔ Algorithms finalization rejects attempts that do not correspond exactly to answered draft occurrences (1.505375ms)
✔ Algorithms finalization rejects a stale cleanup draft before journal persistence or outcome writes (0.531042ms)
✔ force-close replay completes an Algorithms finalization idempotently at the draft-delete boundary (6.693125ms)
✔ duplicate content occurrences keep distinct attempts and consolidate review to the latest planned transition (4.7175ms)
✔ finalization can resolve a review through an exact transition attempt (3.79475ms)
✔ journaled transition delete rejects a same-id review conflict before outcome writes and replays exact or absent identity (21.627375ms)
✔ Algorithms finalization recovers idempotently across every canonical write boundary (27.770125ms)
✔ persisted finalization journal preflights a stale durable draft before replaying any outcome write (1.570042ms)
✔ draft saves are locked as soon as a finalization journal is pending (1.259792ms)
✔ a draft save started before journal persistence rechecks immediately before writing (0.946625ms)
✔ actual canonical proposal plus repositories: attempts arriving after async resolve cannot persist (771.319917ms)
✔ calendar changing during plan construction is checked immediately before CAS (20.97575ms)
✔ accepted-plan replacement after proposal creation cannot be overwritten (5.66275ms)
✔ evidence and calendar changes invalidate a proposal editor without writing (3.592375ms)
✔ same-scope uncertain accept acknowledges exact durable command even with active journal, without another write (4.158791ms)
✔ same-scope uncertain editor acknowledgement does not re-run the write or proposal freshness (8.87625ms)
✔ uncertain accepted result and editors do not leak into a replacement storage scope (3.266625ms)
✔ actual profile router A/B/A republishes a new lease; old editor, in-flight and terminal result remain stale (12.972417ms)
✔ replay of a terminal acceptance after a later edit cannot reconcile old reminders (3.585333ms)
▶ goal changes after uncertain durable writes cannot acknowledge a stale pair or reconcile reminders
  ✔ accept (2.7175ms)
  ✔ editor (5.981958ms)
✔ goal changes after uncertain durable writes cannot acknowledge a stale pair or reconcile reminders (9.130084ms)
✔ uncertain editor retry rechecks goal synchronously after its async read (9.484ms)
✔ proposal editor preserves retained slot IDs, drops removed IDs, sorts days, and saves revision one (29.178125ms)
✔ accepted plan edit explicitly reads a snapshot, increments plan revision, and stale sessions do not commit (1.643125ms)
✔ direct accept and proposal editor share plan CAS and retry after idempotent success (0.590917ms)
✔ parallel proposal acceptance shares one promise and one durable save (0.49975ms)
✔ parallel acceptance for one proposal across tracks never shares the in-flight success (1.115708ms)
✔ accepted result cache is scoped by proposal and track identity (2.108083ms)
✔ pending acceptance retry is scoped by proposal and track identity (0.583458ms)
✔ storage uncertainty keeps the editor session and retries through durable command reconciliation (0.491792ms)
✔ accepted-plan retry reconciles its durable command before checking refreshed content context (1.875334ms)
✔ a replacement proposal keeps plan identity and increments plan revision (2.455334ms)
✔ a target-date replacement remains explicit and atomically updates the accepted plan identity (1.0645ms)
✔ accepted plan freshness checks content version, artifact SHA, and timezone (0.298542ms)
✔ proposal creation rejects a local-day change during package resolution (912.903834ms)
✔ proposal resolution rejects a timezone change during package resolution (8.153ms)
✔ unchanged persisted GCP inputs stay ready through the synchronous commit guard (4.90075ms)
✔ a newly persisted exact-package attempt stales the proposal; immutable replay adds no evidence (12.188833ms)
✔ a persisted review becoming due within the same local day stales its proposal (3.326333ms)
✔ a persisted goal revision change stales its proposal (1.926833ms)
▶ corrupt, dangling, and journaled evidence reads are errors, never empty histories
  ✔ corrupt-index (0.25675ms)
  ✔ dangling-attempt (0.124ms)
  ✔ active-journal (1.54ms)
✔ corrupt, dangling, and journaled evidence reads are errors, never empty histories (2.345709ms)
✔ storage profile replacement during package resolution stales creation (0.494333ms)
✔ an injected canonical-package artifact change stales the synchronous guard (1.633875ms)
✔ exact duplicate evidence preserves order and conflicting duplicate IDs fail closed (2.752458ms)
✔ a repository read failure after package await remains retryable (0.249542ms)
✔ plan accept saves first and returns the synced reminder outcome (1.251ms)
✔ a saved plan remains successful with a durable pending reminder result (0.188458ms)
✔ a terminal cleared reminder outcome is not relabeled as pending (0.108667ms)
✔ stale acceptance and failed evidence do not reconcile local reminders (0.195709ms)
✔ actual canonical producer preserves a versioned completion rule in the hashed artifact (1109.701542ms)
✔ Home rejects a goal change during exact package resolution instead of publishing an old generation (763.080666ms)
✔ real producer → verified canonical runtime → persisted evidence → Home and proposal use the same rule (2212.669ms)
▶ Progress consumes actual shared evidence without claiming completion from minimum attempt volume
  ✔ targeted (348.332ms)
  ✔ learn_at_own_pace (432.781625ms)
✔ Progress consumes actual shared evidence without claiming completion from minimum attempt volume (2667.396208ms)
✔ shared evidence is package-wide across plan revisions, exact by artifact, deduplicated, and partial is not correct (1979.3115ms)
✔ absent actual policies stay unknown in both actual Home and proposal for all nine current tracks (914.904708ms)
✔ actual Home none and Progress unavailable preserve honest status, actions and retry semantics (100.007583ms)
✔ producer and actual consumer reject the same malformed v1 rule vectors and hash binds a valid rule (1188.71925ms)
✔ Home rejects evidence changes and journal failure inside exact resolution (1785.082459ms)
✔ matching-package phantom question IDs fail instead of contributing fabricated progress (1863.037083ms)
✔ actual profile router A/B/A rejects old Home snapshot even when account A learning data is unchanged (1649.812ms)
✔ actual persisted reviews share exact qualification and due cutoff; phantom matching review fails closed (1977.529583ms)
✔ future exact-package evidence cannot complete proposal while Home rejects the same facts (1499.485959ms)
ℹ {"home":"unavailable","reason":"calculation_error","proposal":"generator_error"}
✔ captured instant rejects same-day future answers by one millisecond without silently dropping them (1468.401375ms)
✔ past and exactly captured answers remain eligible despite later materialization, duplicates and historical future evidence (1240.416959ms)
✔ absent production rule does not hide future exact-package facts as unknown (7.737584ms)
✔ clock rollback blocks real proposal resolve and acceptance before goal-plan CAS or reminders (1521.388917ms)
✔ current producer rebuild preserves all nine rule-free artifact bytes and exact app lock (3712.443958ms)
✔ P05 persisted 25 attempts / 5 correct in latest 10 cannot predict completion today (854.798083ms)
✔ P05 evaluator result cannot become an achievable target merely because volume is met (2.62075ms)
✔ P05 evaluator, proposal copy and canonical guidance presentation agree in all seven locales (12.0365ms)
✔ missing actual rule stays unknown before quality guard even when there are many persisted attempts (3.384625ms)
✔ minimum exactly met still needs quality, while own pace and shortfall keep their target semantics (3.865875ms)
✔ current completed window permits zero-work; later incorrect durable attempts restore the quality limit (10.762417ms)
✔ applies no-goal, paused-goal, no-plan and freshness precedence (67.98725ms)
✔ maps plan paused, completed, overdue boundaries and open-ended targets (1.765542ms)
✔ maps capacity, typed forecast status and all unavailable reasons without recomputing (1.586625ms)
✔ requires full forecast identity and maps malformed foreign forecasts to calculation_error (0.511875ms)
✔ returns frozen, typed presentation values and ignores immutable fact arrays (0.287625ms)
✔ maps every guidance state, reason, message key, action and fact variant (70.112042ms)
✔ accepts canonical overdue guidance with an unavailable forecast (3.318542ms)
✔ covers no-target text facts for paused and completed states (4.798583ms)
✔ uses native English and Polish plural categories for pace facts (2.248166ms)
✔ formats civil dates in the supplied timezone without UTC day drift (4.778375ms)
✔ rejects invalid locale, timezone, date and unknown runtime variants explicitly (1.022666ms)
✔ rejects a secondary action outside its two allowed states and inconsistent missing secondary (0.273292ms)
✔ fails closed for missing translations and unresolved placeholders (0.966416ms)
✔ fails closed when the selected English or Polish plural suffix is missing (0.39ms)
✔ does not mutate guidance input and keeps the presentation deeply immutable (0.63875ms)
✔ keeps locale resource keys flat and exactly in parity (0.638625ms)
✔ explicit enable materializes only the exact accepted plan slots and full identity (25.561042ms)
✔ reconcile never requests permission and returns permission_denied as pending (0.702708ms)
✔ explicit enable is the only path that requests permission and persists a denied retry (0.615542ms)
✔ disable cancels every native reminder before persisting disabled state and fails closed on cancellation errors (1.991791ms)
✔ permission pending retains existing native IDs for a later retry (3.14225ms)
✔ timezone mismatch clears durable and native schedules without publishing (2.396875ms)
✔ source absence and terminal plan states are separate closed outcomes (11.658792ms)
✔ a paused goal is a separate closed outcome and clears native schedules (0.327459ms)
✔ an expected identity from another active track stays pending and is persisted for retry (1.5525ms)
✔ full source identity mismatch is fail-closed before scheduling (0.28775ms)
✔ legacy cancellation-only journal is cancelled before the current plan is scheduled (0.797667ms)
✔ journal-created slots are trusted only when the discovered native identity and day match (0.807584ms)
✔ post-read plan change is concurrent_change and leaves a retryable journal (0.88925ms)
✔ post-read device timezone change is concurrent_change and does not publish (0.827708ms)
✔ scheduler failure is pending and never reports synced (0.573042ms)
✔ serialized duplicate enables schedule each accepted slot only once (0.668917ms)
✔ retry resumes a durable journal after scheduler failure (1.467292ms)
✔ retry reuses a native schedule when journal persistence failed after scheduling (1.261708ms)
✔ a newer accepted plan replaces schedules and cancels the previous native IDs (1.033625ms)
✔ corrupt durable journal becomes scheduler_failure instead of publishing (0.260375ms)
✔ selecting a track persists locally and marks a synced account pending (1.94825ms)
✔ selecting a track on a guest installation persists locally without account sync (0.211792ms)
✔ track selection waits for earlier account materialization and remains the final local choice (4.534167ms)
✔ active track read waits for materialization and returns its settled state without side effects (11.415709ms)
✔ operational diagnostics classify failures without exposing raw details (0.552792ms)
✔ bootstrap observers receive only the canonical bounded event (0.674083ms)
✔ a throwing diagnostic observer cannot alter the operation (0.138792ms)
✔ explicit practice routes skip the stored-track read and do not load reviews for roadmap/setup (373.697958ms)
✔ Hub review evidence is limited to due entries for the active track and exact artifact (0.274208ms)
✔ a missing stored track stays an explicit empty selection (0.115334ms)
✔ practice read surfaces storage issues instead of treating a partial read as empty (0.418375ms)
✔ release offer map is empty and the local smoke offer is explicit and isolated (0.931083ms)
✔ exact installed offer composes app-owned mode in the shared runtime without entering Free discovery (756.625ms)
✔ review view keeps unavailable entries separate and never makes them due (1.423416ms)
✔ stored unavailable reviews are readable without resolving content metadata (1.425041ms)
✔ foreground timer checkpoints monotonic segments with an explicit drift bound and never counts closed-app wall time (3.173541ms)
✔ foreground timer rejects stale checkpoints and retains the previous durable checkpoint (0.656125ms)
✔ foreground enter and leave checkpoint authoritative time outside the UI (2.885042ms)
✔ Coding Mock audit advancement checkpoints the monotonic foreground countdown before canonical expiry finalization (0.772708ms)
✔ Coding Mock audit advancement requires its exact foreground session owner (1.038958ms)
✔ ordinary practice publishes a live elapsed timer without a countdown (0.663333ms)
✔ one family-neutral timer initializes and restores ordinary Certification foreground time (1.31575ms)
✔ absolute-deadline Certification Exam remains outside the foreground timer owner (0.282833ms)
✔ absolute-deadline draft save commits before expiry without creating a foreground timer (0.957291ms)
✔ absolute-deadline draft save finalizes and blocks the commit at and after expiry (0.273125ms)
✔ a durable foreground timer from another family is rejected instead of reused (0.41575ms)
✔ AppState foreground transitions and force-close recovery never count background or closed-app time (0.57525ms)
✔ periodic checkpoint publishes a live projection refresh (0.391667ms)
✔ local reset barrier waits for an in-flight checkpoint before durable clear and blocks late callbacks (0.44775ms)
✔ local reset barrier is single-flight and rejects timer commands until durable reset settles (0.237667ms)
✔ failed durable reset releases only cleared runtime state and permits exact durable restore (0.237291ms)
✔ reset followed by a new session cannot observe or recreate the prior persisted timer (0.3905ms)
✔ controlled timer refreshes consecutive visible labels without a durable write each second (0.830833ms)
✔ periodic checkpoint uses the declared durable interval with an exact write count (0.441458ms)
✔ force-close immediately before and after the checkpoint boundary resumes within the declared drift (0.406917ms)
✔ expiry clamps to zero, checkpoints first, and finalizes exactly once (0.309334ms)
✔ a response-save checkpoint that crosses countdown expiry finalizes before any draft save can follow (0.315917ms)
✔ manual and expiry use the same injected finalization operation (0.396875ms)
✔ manual finalization checkpoints the active foreground segment before it freezes the result (0.220584ms)
✔ practice completion checkpoint freezes the captured tick until verified release (0.365958ms)
✔ a completed timer checkpoint is not released before completion is verified (0.381417ms)
✔ concurrent Finish handoffs share one timer checkpoint and one completion result (0.34725ms)
✔ missing persisted timer on resume is a typed application recovery failure (0.146666ms)
✔ resume repairs a durable timer checkpoint that precedes the session aggregate (0.208375ms)
✔ repeated resume of a repaired timer does not write another session checkpoint (0.198791ms)
✔ resume rejects a durable timer checkpoint that is behind the session aggregate (0.24ms)
✔ a failed durable timer repair remains a blocking recovery error (0.22075ms)
✔ Coding Mock countdown audit command is exact and requires a development smoke runtime (0.662875ms)
✔ production and malformed countdown commands never reach the timer owner (0.131459ms)
✔ an exact development smoke command delegates countdown advancement to the foreground timer owner (0.091166ms)
✔ injected audit clock drives normal scheduling and both due retention outcomes without storage mutation (83.180166ms)
✔ injected audit clock rejects an advance outside the ISO date range without changing its offset (0.28625ms)
✔ passive runtime selectors are attached to visible content rather than containers with interactive descendants (0.8425ms)
✔ active-session resume uses the single recommendation card and a separate continue control (1.542458ms)
✔ Home uses the approved compact presentation without changing recommendation ownership (0.544333ms)
✔ progress, simulation, and simulation summary selectors use canonical identities (1.847625ms)
✔ configuration snapshot is validated, frozen, and preserved for deterministic resume (2.731708ms)
✔ resume rejects a different mode or durable item and option plan (0.378958ms)
✔ content validation rejects missing, duplicate, and unknown durable option IDs (0.38725ms)
✔ durable progress hydrates prior attempts and the answered current item in plan order (0.667709ms)
✔ duplicate exact content items are distinct through immutable occurrence identities (0.2925ms)
✔ foreground accumulation persists only the supplied active interval (0.170458ms)
✔ start failure rejects without exposing a session (0.148042ms)
✔ a new session is not returned before its durable write resolves (0.1235ms)
✔ advance failure rejects and cannot expose the next position (0.191958ms)
✔ runtime-audit parser recognizes only documented reset and clock-advance commands (7.575666ms)
✔ unsupported and malformed runtime-audit URLs do not invoke reset (0.211375ms)
✔ runtime-audit reset is unavailable in production and reaches only the lifecycle facade in development (0.182125ms)
✔ development reset still restores a clean baseline when an interrupted journal cannot recover (0.663792ms)
✔ new training sessions have one application entry and no prepare-only bypass (43.408333ms)
✔ Premium package download has one account-owned application entry (117.515584ms)
✔ Free and unavailable Coding Mock access fail before package resolution, preparation, or mutation (807.117375ms)
✔ Premium Coding Mock starts the exact 40-item product mode and immutable profile identity (1.489875ms)
✔ Coding Mock resume, draft save, and finalization each authorize once before one exact resolution (1.310959ms)
✔ expired Coding Mock draft-save boundary aborts before package resolution or draft persistence (0.41325ms)
✔ active Coding Mock reauthorizes before exact resolution and resume validation (0.33325ms)
✔ all three Design simulations require Premium before create and resume, then prepare exact profile identity (1.189375ms)
✔ every Design mode denies before package resolution, preparation, and session mutation (0.34175ms)
✔ only declared Premium simulation product modes bypass node-based admission (0.478375ms)
✔ Free node starts without consulting Premium admission (815.616334ms)
✔ Premium plans require admission before durable session start (0.764917ms)
✔ a Free-first mixed plan checks every item before durable start (0.877709ms)
✔ training lifecycle resolves canonical runtime (719.933209ms)
✔ Progress week counts durable completed sessions, not distinct answers or earlier sessions (509.85075ms)
✔ A durable completed session without answers remains one completed session (2.3175ms)
✔ all nine tracks and all three Progress branches use the same durable weekly session facts (717.099541ms)
✔ active answers, abandoned activity, prior-week and future sessions never become completed this week (1.448292ms)
✔ Monday is a civil boundary in the supplied zone, independent of elapsed DST hours (0.963666ms)
✔ history remains activity across valid content versions, and duplicate session IDs count once or fail conflict (0.945625ms)
✔ invalid calendar facts stay explicitly unavailable, and corrupt repository data is never zero activity (9.675042ms)
✔ weekly title plural forms are rendered by the actual translator in all seven locales (12.904167ms)
✔ Activity read cannot publish account A sessions after an actual profile router switch to B (23.145917ms)
✔ Metro transforms SVG sources into React Native components (0.548834ms)
✔ Metro keeps defaults and blocks only absolute local profile dotenv files (5.020167ms)
✔ Patternly mark SVG family stays deterministic and raster-free (0.977709ms)
✔ launcher source and generated assets are present (0.521792ms)
✔ Expo points to the canonical Patternly launcher assets (0.424958ms)
✔ route ambient layer is the default shared background for every Screen (0.920375ms)
✔ ambient keeps randomized routes and signals without rectangular glow layers (1.949709ms)
✔ a release at 2999ms cancels and never confirms (1.259792ms)
✔ a release at exactly 3000ms confirms once (0.119417ms)
✔ one controller instance survives setup cleanup setup and can confirm after reactivation (0.115875ms)
✔ a stale RAF from a deactivated setup cannot update the reactivated gesture (0.181417ms)
✔ the controller cannot be configured with a threshold below 3000ms (0.113417ms)
✔ time passing and RAF readiness never confirm before release (0.102542ms)
✔ a backward clock reading cancels the gesture fail-closed (0.077667ms)
✔ a non-finite clock reading cancels the gesture fail-closed (0.138417ms)
✔ repeated releases cannot duplicate a completed gesture (0.091167ms)
✔ moving outside the measured bounds cancels the gesture (0.133916ms)
✔ background termination and disabled changes cancel without confirming (0.116583ms)
✔ disabling immediately before release rejects the current gesture (0.070833ms)
✔ release is rejected while the controller is inactive (0.056333ms)
✔ destroying the controller cancels a held gesture and ignores later input (0.064208ms)
✔ a new gesture starts from zero after an early release and progress is clamped (0.08825ms)
✔ reset cancels a scheduled RAF and does not invoke the completion callback (0.063375ms)
✔ the component wires native responder cancellation and a simple full-surface progress fill (0.496584ms)
✔ destructive text layers meet their contrast thresholds (0.499208ms)
✔ navigation context owns the approved 16/22/600 semantic token (0.675291ms)
✔ shared and goal headers preserve long context at 200 percent text (0.50725ms)
✔ back controls keep a 44 point target while context can reflow (0.187916ms)
✔ approved exceptions remain local and tab typography stays out of scope (2.887041ms)
✔ goal error keeps the same accessible navigation context as loading and ready states (0.169833ms)
✔ shared visual effects have one theme-token owner (38.843458ms)
✔ screens and components resolve colors exclusively through the active theme (10.934416ms)
✔ all branded navigation headers use the one AppShellHeader path (23.090583ms)
✔ answer review pending uses the shared review shell anatomy without fabricated values (0.329542ms)
✔ route coverage has one native or inline shell owner and preserves active-session specialization (1.601125ms)
✔ the headerless practice route owns every Algorithms and Certification render branch (0.448958ms)
✔ the shared header owns accessible back geometry and long-copy reflow without navigation fallback (1.183625ms)
✔ Screen and SessionShell remain the only general and active-session page owners (10.80375ms)
✔ representative Home, Settings, setup, session, and result routes keep canonical ownership (2.11925ms)
✔ Progress follows the current Figma section copy and 200% text contract (0.387875ms)
✔ Activity rows preserve the variable-height Figma copy at large text (0.15325ms)
✔ simulation review remains explicitly unavailable (0.0885ms)
✔ answer review keeps its explicit unavailable state (0.103917ms)
✔ simulation active shell uses the Figma question and action-footer variant (0.373084ms)
✔ Practice setup keeps one canonical back action and recovery copy names learner-visible consequences (0.914459ms)
✔ lost-key recovery uses the typed failure code and the canonical hold-to-remove operation (0.711375ms)
✔ lost-key recovery keeps removal, success, error, and bootstrap transitions explicit (0.26925ms)
✔ manual lost-key retries are process-local and automatic bootstrap does not spend the limit (0.146958ms)
✔ recovery surface centers recovery states and gives success its own concise layout (0.402292ms)
✔ unavailable active content is a typed gate with explicit abandon and retry paths (0.103292ms)
✔ bootstrap diagnostics are wired only through the development branch as one structural observer (0.271791ms)
✔ the recovery presentation fixture is development-smoke only and never calls storage operations (0.122166ms)
✔ session fingerprint uses canonical artifact and occurrence identity (1.012583ms)
✔ counts only settled failed manual attempts and hides retry after five failures (0.58325ms)
✔ success closes the recovery episode and re-enables retries (0.106792ms)
✔ background and rerender do not reset the process-local episode state (0.069959ms)
✔ node package scope is null during transition without reading the stale selected profile (0.4525ms)
✔ Premium package errors have distinct localized-copy keys and actionable recovery policy (2.005334ms)
✔ profile completion settles before lifecycle composition and resume authorization (0.879541ms)
✔ application bootstrap wires account completion ahead of lifecycle composition (0.294083ms)
✔ recovery locale uses the first device language and supports Polish regional tags (0.555958ms)
✔ recovery locale fails to English for unsupported or malformed native values (0.092541ms)
✔ BESD14 exact two-unit payloads and preserved items match sources with retired identities absent (619.334125ms)
✔ BESD14 real pre-answer view models expose authored facts and controls without feedback or answer fields (1.087542ms)
✔ BESD14 fixed-ID scoring and authored Reason, Details and diagnostics survive every option and reversed order (1.275458ms)
✔ BIZQ-01 bundled loader and pre-submit projection preserve the corrected source contract (685.417208ms)
✔ BIZQ-01 replaced identities from an old package do not enter current due retrieval (0.260625ms)
✔ current canonical bundle carries the exact reviewed source while pre-submit hides authored feedback (351.892208ms)
✔ all24 saved legal permutations preserve every selected stable ID, score and authored feedback (9.899958ms)
✔ real current Coding practice rejects an old-package active session instead of substituting new content (10.964ms)
✔ OOD16 frozen bindings cover the seven final 17-item payloads (3.12225ms)
✔ OOD16 preserves the complete B01 source unit in the current artifact (627.612125ms)
✔ OOD16 OOD-N01-B02 source payloads, replacement identities and retired IDs are exact (2.88275ms)
✔ OOD16 OOD-N01-B02 real choice scoring, accessibility and submitted feedback follow fixed option IDs (4.717208ms)
✔ OOD16 OOD-N01-B03 source payloads, replacement identities and retired IDs are exact (1.028375ms)
✔ OOD16 OOD-N01-B03 real choice scoring, accessibility and submitted feedback follow fixed option IDs (1.054125ms)
✔ OOD16 OOD-N01-B04 source payloads, replacement identities and retired IDs are exact (0.782875ms)
✔ OOD16 OOD-N01-B04 real choice scoring, accessibility and submitted feedback follow fixed option IDs (0.814959ms)
✔ OOD16 OOD-N01-B05 source payloads, replacement identities and retired IDs are exact (0.772042ms)
✔ OOD16 OOD-N01-B05 real choice scoring, accessibility and submitted feedback follow fixed option IDs (1.025583ms)
✔ OOD16 OOD-N01-B06 source payloads, replacement identities and retired IDs are exact (0.755708ms)
✔ OOD16 OOD-N01-B06 real choice scoring, accessibility and submitted feedback follow fixed option IDs (0.821ms)
✔ OOD16 OOD-N01-B07 source payloads, replacement identities and retired IDs are exact (1.114958ms)
✔ OOD16 OOD-N01-B07 real choice scoring, accessibility and submitted feedback follow fixed option IDs (1.146ms)
✔ OOD16 OOD-N01-B08 source payloads, replacement identities and retired IDs are exact (0.919458ms)
✔ OOD16 OOD-N01-B08 real choice scoring, accessibility and submitted feedback follow fixed option IDs (0.907041ms)
✔ OOD16 all three actual canonical mode pools contain the full current 136-question node (5.772833ms)
✔ OOD17 frozen bindings cover the eight frozen 19-item payloads (3.123292ms)
✔ OOD17 preserves all 136 accepted N01 source and artifact objects (706.449916ms)
✔ OOD17 OOD-N02-B01 source payloads, replacement identities and retired IDs are exact (1.234625ms)
✔ OOD17 OOD-N02-B01 real choice scoring, accessibility and submitted feedback follow fixed option IDs (2.354458ms)
✔ OOD17 OOD-N02-B02 source payloads, replacement identities and retired IDs are exact (1.146958ms)
✔ OOD17 OOD-N02-B02 real choice scoring, accessibility and submitted feedback follow fixed option IDs (1.517334ms)
✔ OOD17 OOD-N02-B03 source payloads, replacement identities and retired IDs are exact (2.432708ms)
✔ OOD17 OOD-N02-B03 real choice scoring, accessibility and submitted feedback follow fixed option IDs (3.039125ms)
✔ OOD17 OOD-N02-B04 source payloads, replacement identities and retired IDs are exact (3.014459ms)
✔ OOD17 OOD-N02-B04 real choice scoring, accessibility and submitted feedback follow fixed option IDs (1.103ms)
✔ OOD17 OOD-N02-B05 source payloads, replacement identities and retired IDs are exact (1.011417ms)
✔ OOD17 OOD-N02-B05 real choice scoring, accessibility and submitted feedback follow fixed option IDs (1.284584ms)
✔ OOD17 OOD-N02-B06 source payloads, replacement identities and retired IDs are exact (1.123916ms)
✔ OOD17 OOD-N02-B06 real choice scoring, accessibility and submitted feedback follow fixed option IDs (1.274458ms)
✔ OOD17 OOD-N02-B07 source payloads, replacement identities and retired IDs are exact (0.880375ms)
✔ OOD17 OOD-N02-B07 real choice scoring, accessibility and submitted feedback follow fixed option IDs (1.0665ms)
✔ OOD17 OOD-N02-B08 source payloads, replacement identities and retired IDs are exact (0.856458ms)
✔ OOD17 OOD-N02-B08 real choice scoring, accessibility and submitted feedback follow fixed option IDs (0.983417ms)
✔ OOD17 N02 source quality does not widen the three ordinary N01 mode pools (0.436125ms)
✔ OOD source replacement is the exact bundled and eligible canonical item with new scored option identities (760.954458ms)
✔ OOD12 consumer resolves only the source-bound completed switch outcomes replacement in the existing learning pool (703.146625ms)
✔ OOD13 exact cohort is source-identical and eligible with retired identities absent (660.073ms)
✔ OOD13 reviewed answer identities score independently of option position with exact authored diagnostics (0.957334ms)
✔ Design simulation profiles preserve exact per-track identity and reference-only evaluation (270.671916ms)
✔ Design simulation schema rejects identity, stage, response, criteria, rubric, and semantic-scoring drift (450.880541ms)
✔ ProductModeConfig preserves the complete available 9-track mode matrix (8.640667ms)
✔ ODK-097 app Design modes stay in parity with the current producer profiles (0.661709ms)
✔ mode policies preserve feedback, elapsed timer, reinsert and evidence behavior (0.182083ms)
✔ selection pools are non-empty, local, and large enough for every requested length (62.059792ms)
✔ simulation mode is bound to the exact GCP profile, family, and mode (0.465958ms)
✔ Coding Mock product mode binds only its declared Coding Interview profile (0.147125ms)
✔ GCP Diagnostic preserves the verified exact ordered 40-question plan (0.113375ms)
✔ declared but uninstalled modes fail closed with a stable unavailable error (0.141541ms)
✔ validated production configuration is recursively immutable (0.081833ms)
✔ validator rejects duplicate, missing, additional, and non-canonical config shapes (0.774167ms)
✔ validator rejects foreign identities, empty pools, bad lengths, and policy mismatches (1.3485ms)
✔ validator rejects foreign questions, Diagnostic reordering, bad evidence and unsupported interactions (665.065167ms)
✔ validator rejects missing, duplicate, empty and foreign canonical artifacts (9777.35275ms)
✔ all nine canonical artifacts validate with exact inventory and stable learner whitespace (316.424958ms)
✔ canonical scoring matches the producer oracle exhaustively (746.359292ms)
✔ all interactions expose completeness and immutable AttemptResult semantics (5.644917ms)
✔ dimension scoring ignores inherited selections exactly like the producer oracle (11.345916ms)
✔ dimension responses reject sparse arrays and alias-normalization collisions (3.711625ms)
✔ ordering response completeness rejects sparse own slots and inherited holes (3.161833ms)
✔ validator fails closed on exact keys, identities, membership and scoring consistency (458.209416ms)
✔ catalog verifies bytes before exposing frozen lookups and exact artifact metadata (550.598417ms)
✔ optional GCP simulation profile is strict, complete, immutable and covered by its artifact hash (1221.884ms)
✔ Coding Mock profile validation requires its strict declared ordered 40-question pool (708.111458ms)
✔ canonical runtime catalog exposes all locked tracks, modes, pools, and exact artifact identities (663.965125ms)
✔ injected loader failures are visible and do not poison the active cache (91.780167ms)
✔ canonical runtime catalog hashes artifacts sequentially and preserves artifact order (973.971666ms)
✔ public owner retries after a failed cached load and then preserves cache identity (5544.00525ms)
✔ canonical runtime catalog caches only a validated active catalog (0.136833ms)
✔ historical content release lock remains covered by frozen release manifests (3709.3185ms)
✔ bundled canonical release matches the current producer builder (5528.587708ms)
✔ current canonical builder preserves the ODK-096 inventory and approved AWS identity without repinning history (3437.281583ms)
✔ node package verifier enforces exact transport headers, hashes, schema and app minimum (30.990375ms)
✔ install keeps old exact package resolvable after new activation and rolls back on failed reread or activation (674.602708ms)
✔ installed exact cache is isolated across profile changes and lazily rehydrates on return (970.890791ms)
✔ stale profile hydration cannot register records after an in-flight profile switch (502.491208ms)
✔ package hash and gzip output size reject corrupt, oversized, and truncated packages (0.618416ms)
✔ 404 and interrupted downloads do not replace an active package (0.774042ms)
✔ backend package admission failures keep their typed status and code (0.280375ms)
✔ filesystem adapter leaves the old MMKV pointer on move or pointer-write failure and keeps valid history (1592.9455ms)
✔ pointer activation rolls back after a write-then-throw and a mismatching read-back (3.578ms)
✔ retry replaces only an inactive partial final left by an interrupted file move (4.107ms)
✔ canonical admission exposes nine launch tracks (1070.333666ms)
✔ Coding Mock stays outside ordinary modes and resolves its exact declared profile (0.427542ms)
✔ content report description is optional, trimmed and bounded (2.10725ms)
✔ content report description rejects obvious contact and secret data (0.377958ms)
✔ ordinary technical language is not mistaken for a secret (0.078917ms)
✔ a new family carries payload, response, result, and evidence without a global union (1.020792ms)
✔ kernel accepts open track ids and enforces canonical session invariants (2.073958ms)
✔ attempt result constructor enforces kind, range, and component totals (0.2725ms)
✔ attempt, evidence, reasons, and learning evidence stay family neutral (0.296625ms)
✔ lifecycle record guards and completed-result coverage are explicit (0.262ms)
✔ LearningPlan v1 guard requires the complete strict shape and canonical slot order (27.102167ms)
✔ accepted target snapshot follows T4 goal meaning and canonical null dates (1.810834ms)
✔ generates one stable 18:00 slot per normalized preferred day for every goal type (18.614583ms)
✔ uses due review priority, otherwise package scope, without item identifiers (0.358708ms)
✔ event boundaries are strict-before while deadline and checkpoint are inclusive (0.555167ms)
✔ missing target date is open-ended before an unknown completion rule (0.367833ms)
✔ C3 unknown is explicit with a target; in-progress uses remaining attempts and completed has no remaining work (0.314583ms)
✔ S12 is the only capacity source and shortfall preserves all counts without slots or attainability (0.298083ms)
✔ leap-day and DST-neutral occurrence counting use calendar dates, not elapsed local milliseconds (0.656708ms)
✔ does not mutate preferred day order or mutable input values and returns frozen output (0.333291ms)
✔ rejects malformed or inconsistent input with the one explicit error class (0.782917ms)
✔ uses the explicit formulas, includes today, and excludes an event target day (39.525708ms)
✔ minimum observation age is inclusive: six days gives seven days, five gives six (8.622667ms)
✔ trend starts at thirteen days and applies strict ten-percent boundaries (29.539583ms)
✔ trend handles zero-to-zero, zero-to-positive, and positive-to-zero windows after age fourteen (1.89325ms)
✔ completed work is zero work even without future occurrences or observations (0.494667ms)
✔ returns each honest unavailable business reason (1.73875ms)
✔ requires a concrete non-negative completion requirement (1.359417ms)
✔ returns calculation_error when the projected calendar date is not representable (0.485084ms)
✔ uses full immutable facts and does not double-count session questions (0.953375ms)
✔ handles DST, leap-day calendar arithmetic, and today occurrences without elapsed milliseconds (1.418208ms)
✔ rejects malformed numbers, dates, timezones, future facts, and inconsistent sessions (1.425417ms)
✔ completion rule validates explicit v1 bounds (0.914709ms)
✔ completion is unknown without a package rule and otherwise uses the exact rolling window (13.38975ms)
✔ completion filters full package identity, deduplicates exact retries, and rejects malformed or conflicting durable evidence (0.695167ms)
✔ same instant ordering is stable by id (0.156416ms)
✔ ResolvedContentRef has exactly four canonical-safe fields and is frozen (8.612042ms)
✔ ResolvedContentRef rejects null, extra fields, unsafe identities, and SHA casing without normalization (10.841ms)
✔ ResolvedContentRef key is versioned, deterministic, and field-boundary safe (0.816375ms)
✔ tombstones are immutable, tagged, minimal, and contain no recursive legacy fields (0.303541ms)
✔ resolution result is exact, frozen, and distinguishes resolved from tombstone (0.2145ms)
✔ public domain barrel exposes strict contracts but not the legacy decoder/mapper (0.08525ms)
✔ registry resolves current tracks in canonical launch order without a default (1.2565ms)
✔ a new track and family register without modifying the learning kernel (0.1295ms)
✔ incorrect and partial attempts create remediation entries with source and taxonomy evidence (2.902042ms)
✔ correct Algorithms attempt creates scheduled retrieval while correct Certification attempt creates none (0.260542ms)
✔ review transition counts only after due, resets on incorrect and partial, and resolves after two eligible successes (0.261125ms)
✔ same-session correction does not resolve persistent review and only canonical reasons exist (0.144ms)
✔ ordinary Algorithms practice cannot resolve persistent review after due (0.101625ms)
✔ session creation preserves requested and actual lengths, immutable item order, option order, and no response (5.794875ms)
✔ active session advances and persisted current position resumes deterministically (4.024042ms)
✔ session supports valid direct navigation but rejects an invalid item index (1.078583ms)
✔ completion fixes position at the final item and cannot advance (2.140958ms)
✔ abandonment preserves committed position and cannot advance (0.202833ms)
✔ session rejects mismatched track, content version, duplicate references, and invalid completion position (0.197625ms)
✔ runtime admission resolves the exact candidate lock for every canonical launch track (676.480958ms)
✔ pending status waits while the target is not reflected by both identity sources (1.36125ms)
✔ pending status confirms only matching verified Firebase and backend identities (0.253958ms)
✔ one-sided email or verification agreement remains waiting (0.242333ms)
✔ a different authenticated UID is unavailable and does not expose the old request as success (0.317709ms)
✔ refresh failure takes priority over matching cached identity data (0.210208ms)
✔ legacy recovery-code retry keeps an invalid credential on its password field (0.923041ms)
✔ delete account switches from identity confirmation to the hold action (4.558542ms)
✔ delete account password failures stay attached to Password (0.175292ms)
✔ email validation identifies the address field for all sign-in providers (0.672333ms)
✔ reauthentication errors identify a password only when that field exists (0.108292ms)
✔ password change validation identifies the edited password field (0.077167ms)
✔ recovery-code wrong-password failures identify the current password (0.062458ms)
✔ general errors and non-field security failures retain their existing banner presentation (0.093333ms)
✔ editing another field preserves its error; editing the affected field clears it (0.14475ms)
✔ password-change field errors use the localized field-specific copy (3.161958ms)
✔ welcome screen keeps its mark, localized copy, and entry actions (0.836458ms)
✔ a recovery-code operation for a different account keeps codes hidden and offers explicit sign-in resolution (0.701167ms)
✔ a confirmed account mismatch offers a separately explicit current-account transition (0.0865ms)
✔ missing generation does not offer a defer action and deferred codes remain hidden (0.091333ms)
✔ unconfirmed delivery keeps unsaved codes available and offers an explicit status retry (0.064416ms)
✔ available result with persisted saved intent hides codes and offers an explicit ACK retry (0.069167ms)
✔ unconfirmed or blocked saved intent does not promise an available ACK (0.120041ms)
✔ acknowledged issue is terminal and no longer blocks a replacement chosen by the user (0.057416ms)
✔ server-confirmed non-acknowledged terminal status requires an explicit continue action (0.076167ms)
✔ a consume operation for another account offers explicit resume without an automatic retry (0.0885ms)
✔ loading or unavailable vault state blocks code issuance until recovery state is known (0.121458ms)
✔ all account locales provide the recovery operation states and explicit mismatch actions (1.024667ms)
✔ recovery panel resolves nested messages with the app's flat-key configuration (9.662208ms)
✔ terminal continuation does not render a wrong-account warning (0.239625ms)
✔ analytics lookup uses canonical identity (1447.305667ms)
✔ Certification Exam runner uses exact resume, route-keyed reads and expired result navigation (0.573125ms)
✔ exam response changes persist the canonical choice response before publishing the refreshed selection (0.122542ms)
✔ all exam draft writes and navigation share one in-flight action lane (0.587083ms)
✔ a durable navigator move closes the navigator while a failed projection read exposes retry (0.13125ms)
✔ exam actions describe navigation and finish confirmation, including unanswered questions (0.126541ms)
✔ review fixture accepts only named development smoke cases and exact deep links (0.950916ms)
✔ reopening the same fixture case creates a fresh launch identity (0.137333ms)
✔ fixture readers are optional screen seams and production readers remain the default (0.879584ms)
✔ fixture creates validator-approved fixed-50 canonical evidence without partial or persistence shortcuts (883.453291ms)
✔ memory readers require the fixture session identity and preserve read-only evidence (9.976416ms)
✔ ready fixture calls the supplied opener with each exact projected source URL (5.300375ms)
✔ source-failure fixture records exact opener attempt but never calls external URL opening (14.55475ms)
✔ practice answer matrix exposes actual completed summary, five feedback previews, and full review (10.309417ms)
✔ Metro disabled runtime is explicitly unavailable outside smoke (0.635459ms)
✔ completed single-select review distinguishes the learner answer from the omitted correct answer (1.977458ms)
✔ completed multi-select review preserves every selected, correct and omitted state (0.195959ms)
✔ a request change makes an in-flight interval refresh stale before publication (3.880916ms)
✔ a newer same-request refresh wins over an older success (0.194417ms)
✔ slow overlapping interval reads keep publishing when they complete in order (0.133125ms)
✔ a newer successful refresh suppresses an older error (0.132125ms)
✔ a newer successful refresh suppresses an older expiry (0.078458ms)
✔ a newer same-request rejection wins over an older success (0.142166ms)
✔ a newer same-request expiry wins over an older success (0.110666ms)
✔ unmount cleanup invalidates an in-flight expiry read before publication (0.116542ms)
✔ request change during start-on-miss prevents starting or rereading a replacement exam (0.155458ms)
✔ unmount cleanup during start-on-miss prevents the after-start interval read (0.208ms)
✔ current start-on-miss refreshes after the new exam is started (0.143167ms)
✔ request change during expected resume prevents the old session from publishing (0.102708ms)
✔ expected resume failure never falls back to starting a new exam (0.128916ms)
✔ the current expiry outcome carries its session id for guarded navigation (0.075542ms)
✔ Exam Review has one local header owner and returns to the exact result session (1.00275ms)
✔ Previous and Next preserve their question navigation and boundary disabling (0.198625ms)
✔ Unanswered uses shared feedback with complete details expanded and reporting unchanged (0.334583ms)
✔ opaque result evidence preserves all answered outcomes including partial credit (1.417209ms)
✔ missing, malformed and inconsistent evidence does not invent zero scores (0.145416ms)
✔ a real zero and an absent abandoned score remain distinct (0.131583ms)
✔ invalid points stay unavailable without clamping (0.125167ms)
✔ exact historical maximum corrects display without mutating durable evidence (0.108292ms)
✔ backend diagnostics records prerequisite and sync preparation failures before final status (0.80675ms)
✔ successful backend diagnostics still verify sync apply, deduplication, conflict, and read-after (0.192791ms)
✔ GoalCadenceScreen passes its selected app locale into the calendar (0.61925ms)
✔ the rendered month, weekday headings and accessible dates all use that locale (34.771084ms)
✔ month boundaries, leap days and week starts build complete selectable grids (0.720333ms)
✔ the selected date is exposed through button state and its press updates the pending date (0.584916ms)
✔ only English starts on Sunday and all other supported locales start on Monday (0.11275ms)
✔ Activity opens only resolver-owned result destinations (2.326458ms)
✔ Activity result routing fails closed for inline-only records (0.679459ms)
✔ Activity navigation preserves the original session identity (0.36625ms)
✔ Activity renders unavailable history as an explicit detail surface without runtime navigation (0.536334ms)
✔ Activity detail disclosures are mutually exclusive and expose expanded state (0.286292ms)
✔ goal cadence is a reachable root route backed by the canonical repository (1.639542ms)
✔ Progress owns the goal entry point for the active track (0.117834ms)
✔ Settings opens the shared goal screen with its return context (0.16ms)
✔ active goal summary only exposes Save while editing (0.119ms)
✔ active goal summary keeps the reminder draft noninteractive (0.162ms)
✔ goal status and selected day labels use onPrimary on filled backgrounds (0.113833ms)
✔ preferred-day shortcuts preserve domain ids and translate every EN/PL label (0.278667ms)
✔ goal reminders are a read-only preferred-day draft in both create and active summary (0.222208ms)
✔ target dates use the shared localized calendar with cancellable drafts and an explicit ISO commit (0.709583ms)
✔ goal editing uses local keyboard avoidance while preserving the shared sticky footer (0.184ms)
✔ goal loading keeps its back action separate from the busy content announcement (0.205541ms)
✔ goal templates are sourced from every canonical track descriptor (1.339167ms)
✔ default goal is valid and keeps optional date unset (0.313958ms)
✔ goal persistence guard rejects invalid cadence, date, track template, and extra fields (0.273042ms)
✔ goal normalizer derives ordered cadence from legacy targets and every day count (0.312875ms)
✔ goal repository normalizes legacy records on read without repairing storage (0.587167ms)
✔ empty legacy goals remain readable, but saving an empty selection is rejected without data loss (0.535583ms)
✔ goal repository rejects a zero target with selected days without repairing the record (0.231875ms)
✔ saving a goal persists the normalized cadence while preserving other fields (0.221083ms)
✔ goal repository persists one canonical record per track (0.195333ms)
✔ target-date projection follows goal type and explicit own-pace saves remove only legacy dates (0.272084ms)
✔ saved ISO dates initialize the native picker at local noon and preserve leap days (2.39225ms)
✔ empty dates initialize to device-local today at noon (0.277042ms)
✔ non-empty saved dates must satisfy the persisted ISO calendar-date contract (0.70925ms)
✔ local calendar dates round-trip across a daylight-saving transition (1.574333ms)
✔ guest privacy request copy separates acceptance from unconfirmed email delivery (1.679583ms)
✔ guest privacy retry identity survives restart without persisting a session token (1.486416ms)
✔ choosing the first track reloads Home data for that selected track (0.638209ms)
✔ a failed Home shell read keeps the learner in a retryable state on the canonical load path (0.138667ms)
✔ Home focus retries only eligible pending account data and clears route tab suppression on local navigation (0.223667ms)
✔ Home keeps resume-required handling internal instead of showing sync implementation details (0.130542ms)
✔ the first Home visit replaces repeated empty metrics with one honest next-step state (0.672375ms)
✔ goal invitation stays optional for guest and healthy account, reloads after Goal, and persists dismissal per track (0.323833ms)
✔ Home stacks quiet-layered context and decision metadata at large text sizes (0.893541ms)
✔ editor route carries only editor identity and never silently loads a plan (0.620667ms)
✔ editor commits through the runtime wrapper and keeps reminder retry visible (0.248625ms)
✔ learning plan fixture URL accepts only the explicit development smoke case enum (2.413833ms)
✔ reopening the same fixture URL creates a fresh launch identity (0.317584ms)
✔ named proposal fixture cases produce domain-generated screen states with the declared schedule shape (3026.336208ms)
✔ fixture actions report one in-memory call and never report storage success (6005.920792ms)
✔ delayed loading remains pending before it resolves to the ready view (3002.444542ms)
✔ disabled fixture peer is an explicit unavailable implementation (0.475125ms)
✔ proposal route carries only identity and resolves the in-memory proposal (0.745042ms)
✔ proposal accepts through the plan/reminder runtime and preserves pending saves (0.148166ms)
✔ proposal keeps explicit states, edit actions and localized copy (0.174041ms)
✔ every proposal screen branch leaves the top safe area to its stack header (0.158292ms)
✔ ready and shortened proposals use the review title and a two-action footer (0.223375ms)
✔ goal type is the card heading while target and selected days remain visible (0.299042ms)
✔ review title is localized in all seven locales and removed goal-context copy is dead (0.131084ms)
✔ shortfall and saved-plan actions retain their existing semantics (0.16825ms)
✔ goal save still opens a proposal only after its existing reminder reconciliation (0.099584ms)
✔ target guidance retry performs a real canonical snapshot reload (0.164791ms)
✔ authenticated required narrative validation returns inline error before either create command (0.9585ms)
✔ guest invalid email validation returns field error before either create command (2.35975ms)
✔ valid submissions route exactly once and trim optional values (0.30175ms)
✔ Progress model preserves canonical guidance and completion without a volume ratio (17.597042ms)
✔ Progress model never creates a self-link for completed guidance (1.148083ms)
✔ Progress model does not offer a new plan session while one is active (3.369875ms)
✔ Progress model keeps none guidance explicit for no goal, paused goal and no plan (0.973375ms)
✔ Progress model fails closed for a foreign active track or unavailable snapshot (0.821791ms)
✔ Progress rejects invalid count, minimum, window and quality rather than presenting false completion (3.846375ms)
✔ track selection turns an active-track read rejection into an explicit retryable unavailable state (0.619209ms)
✔ track selection retains the local choice and offers the same command again after a save rejection (0.235ms)
✔ track selection waits for clean reminder reconciliation before completing (0.232875ms)
✔ track selection stacks dense rows and actions instead of clipping large text (1.581125ms)
✔ Algorithms bootstrap accepts a reachable large-text control without requiring full card visibility (0.256417ms)
✔ track cards use the canonical Figma icon mapping for every active track (0.44175ms)
✔ track selection mirrors the Figma returning and switching footer states (0.512ms)
✔ Activity groups durable terminal sessions and keeps the row projection truthful (12.907584ms)
✔ Activity identifies an absolute-deadline completion without relabeling manual abandonment (0.28425ms)
✔ Activity interaction matrix opens only summaries supported by durable family evidence (0.38175ms)
✔ Activity track filter returns only records for the selected canonical track (0.125416ms)
✔ Activity uses local calendar days and Monday-based calendar weeks (0.288625ms)
✔ Activity keeps local midnight and relative labels correct across a DST boundary (0.144959ms)
✔ Activity date labels format relative words and month names from the selected locale (9.734208ms)
✔ Activity keeps unavailable archival summaries separate from runtime navigation facts (1.07825ms)
✔ Activity never exposes an unknown archived track identity (0.408542ms)
✔ Claude Progress metadata exactly covers the seven blueprint-linked node IDs (1.047333ms)
✔ Google Cloud Progress metadata exactly covers the four scoring domains (0.171833ms)
✔ unknown, aliased, and cross-track IDs remain explicitly unavailable (0.142708ms)
✔ every authored title and description has exact EN and PL locale entries (1.108416ms)
✔ Progress renders authored meaning in Current focus and Performance evidence (0.548333ms)
✔ Claude Progress with zero attempts stays empty without inventing a score (545.344958ms)
✔ home progress uses canonical tracks (566.025333ms)
✔ Coding Interview Home uses the canonical dashboard projection for guided practice (268.703667ms)
✔ Coding Interview Home recommends due review from canonical counts (0.252583ms)
✔ track evidence rows stay informational while local show-more behavior remains (1.253417ms)
✔ empty progress keeps practice as the primary action and exposes global activity (0.352916ms)
✔ the shared Home shell opens the track-aware Practice Hub from empty Progress (0.50925ms)
✔ Home passes canonical sessions and exact row navigation into Progress (0.335125ms)
✔ Progress receives the single canonical Home plan snapshot and guidance action owner (0.533541ms)
✔ Completed guidance does not render a Progress self-link (0.32725ms)
✔ verified ready plan exposes existing edit action in all seven locales, independent of completion rule (48.576375ms)
✔ existing editor/resume guidance actions are never duplicated (6.899542ms)
✔ absent/unavailable plan or absent handler does not expose the editor entry (7.414334ms)
✔ opening editor from Progress does not mutate model, active session or primary guidance (1.592708ms)
✔ Settings names guest and signed-out entry honestly and never offers guest sign-out (1.064042ms)
✔ Settings preserves authenticated identity and distinguishes synchronized from repair states (0.170875ms)
✔ Settings treats synced account data with durable warnings as needing attention (0.107333ms)
✔ Settings maps only the resume-required sign-out pair to canonical localized copy (0.692958ms)
✔ Settings blocks invalid actions while account lifecycle work is busy and keeps recovery states available (0.13475ms)
✔ Your data presents an explicit action/details/privacy matrix for every account state (2.558375ms)
✔ Your data distinguishes the timeout recovery action from other unavailable reasons (0.384584ms)
✔ Your data keeps details and privacy access exclusive to authenticated and exact guest states (0.298084ms)
✔ Recovery-pending copy is translated in every supported data locale (2.172875ms)
✔ Premium offer stacks copy and actions instead of squeezing copy beside the action (0.70775ms)
✔ certification exam premium admission maps each outcome explicitly (0.50575ms)
✔ Practice Hub keeps the exam offer visible and routes each admission outcome (1.079958ms)
✔ answer cards show state through the card and letter without a redundant status row (0.738709ms)
✔ practice and review keep correctness and selection in accessibility semantics (0.146833ms)
✔ practice completion handoff retains canonical question identity (476.694583ms)
✔ both practice JSX adapters pass authored message arrays through unchanged (43.441667ms)
✔ Design practice JSX adapter forwards optional choice and ordering messages only from existing feedback (14.1305ms)
✔ Details JSX gates authored messages on expansion and keeps their text scalable (34.766417ms)
✔ structured Claude feedback renders explanatory text without leaking block metadata (0.894666ms)
✔ feedback detail projection keeps scalar and nested explanatory values (0.089875ms)
✔ practice selects a canonical pool (560.565417ms)
✔ GCP practice topic comes from its node mode after the diagnostic-first mode (501.747125ms)
✔ Certification Exam Simulation is offered only for a validated prepared profile (1.950792ms)
✔ Coding Mock is offered only for the validated Coding simulation profile without changing practice modes (0.553958ms)
✔ Design Weak Area Review stays unavailable without review evidence (0.461208ms)
✔ practice session exit resets navigation above the closed session (1.028333ms)
✔ practice session exit can return to the hub without a topic override (2.154458ms)
✔ the canonical Custom Practice hero opens setup without a duplicate mode row (1.313375ms)
✔ Design mode entries open setup so learners can select the configured session length (0.34175ms)
✔ Claude structured question presentation is selected only from canonical track identity (0.6385ms)
✔ structured presentation preserves authored prompt and constraint strings (0.129584ms)
✔ structured constraints have localized semantics and stable identity (0.106583ms)
✔ primary session CTA routes activations through the phase-identity carry-over guard (2.182166ms)
✔ fixture chrome reuses the Practice shell slots without adding a nested scroll owner (0.550792ms)
✔ practice screens turn unsupported package, topic, and mode reads into exits (1.679666ms)
✔ Design simulation uses its dedicated result and cannot enter objective setup (0.291125ms)
✔ all selected Design modes require Premium admission before their canonical route (0.306333ms)
✔ practice route changes cannot submit stale setup controls and preserve track identity (0.380417ms)
✔ changing track returns through the Home root and drops practice route overrides (0.145334ms)
✔ Hub uses its displayed primary mode and package length defaults (0.132459ms)
✔ Home practice navigation preserves track identity and unavailable topics keep their context (0.25875ms)
✔ all practice runners prevent native removal and replay the exact action after leave confirmation (0.48225ms)
✔ Certification and Design unlock actions only after the refreshed projection commits (0.6935ms)
✔ Custom Practice accepts its package-declared length and persists its selected feedback timing (276.245375ms)
✔ Coding Interview simulation resume targets its durable profile route (0.826167ms)
✔ Custom Practice setup rejects every unsupported session length (0.188875ms)
✔ Custom Practice requires a selected timing while predefined Algorithms modes retain fixed timings (0.184458ms)
✔ rejects an Algorithms session length that the selected mode does not declare (0.115792ms)
✔ Independent Practice direct entry fails because it is excluded from the bundled Free package (0.164458ms)
✔ Certification resume routes preserve exact immutable configuration for package modes (0.453666ms)
✔ Certification resume rejects stale, cross-track, exam, and non-active sessions explicitly (0.227417ms)
✔ only Claude Focus exposes selectable feedback while other Certification setup stays fixed (0.293625ms)
✔ Practice Setup uses the package default until the learner or route selects a supported length (0.988666ms)
✔ every active track has the contract-defined Practice exit copy (1.038167ms)
✔ Practice exit rejects missing and unknown track identities without a fallback (0.312916ms)
✔ Practice presentation never discloses feedback before the durable feedback boundary (0.749958ms)
✔ Practice presentation permits response edits before a journal exists (0.106542ms)
✔ Practice action model separates final feedback from the durable Finish command (0.569959ms)
✔ Deferred feedback keeps the submit CTA and saving status aligned (0.102084ms)
✔ Practice pending phases retain a stable unsafe-action lock (0.086292ms)
✔ primary action carry-over guard blocks only fast phase changes and permits same-phase retries (0.177084ms)
✔ Practice operation notice mapping remains one family-neutral interpretation (0.1835ms)
✔ Durable recovery notices stay learner-facing in English and Polish (1.956375ms)
✔ Premium session preparation failures map to localized next steps (0.51825ms)
✔ Practice local choice selection survives only the same editable occurrence (0.222792ms)
✔ Scoped local response preserves all authored control types for the same editable occurrence (0.141834ms)
✔ Scoped local response resets when the session or occurrence identity changes (0.082416ms)
✔ Scoped durable response is authoritative over an unsent local response (0.0795ms)
✔ Practice durable choice response wins and response-less locked state clears (0.083792ms)
✔ Practice response renderer consumes application feedback states without scoring in UI (0.202542ms)
✔ Single-select feedback projects selected-correct and every remaining disabled state (0.094125ms)
✔ The visible ordering is a complete response before the learner moves an element (0.132916ms)
✔ Practice feedback labels distinguish selection from correctness (0.091291ms)
✔ Practice checked semantics include only answers the learner selected (23.762208ms)
✔ source links expose exact targets and unavailable has no press handler (0.624334ms)
✔ source open failure is explicit and never changes answer or report state (0.133667ms)
✔ every canonical practice session preserves projected sources at the shared feedback boundary (0.099709ms)
✔ fresh response requires exactly one matching provider-backed item with strict UTC dates (3.359ms)
✔ confirmed account change removes the previous account cache and fails closed if removal fails (1.413ms)
✔ active and grace expire exactly at their provider dates; negative states deny (0.9225ms)
✔ clock rollback and account switch deny, and a fresh response cannot reduce observed wall time (0.384833ms)
✔ cache writes before offline authorization; failed writes, invalid refresh and account change fail closed (2.336416ms)
✔ content reports are reachable from canonical practice details (0.895ms)
✔ report affordance uses the canonical bounded button without changing its open-only action (2.267417ms)
✔ report input is intentionally content-free beyond bounded item context (0.809333ms)
✔ guest report disclosure is short by default and exposes accessible details (0.455208ms)
✔ Review presents unavailable entries in a separate section with scoped removal confirmation (0.504291ms)
✔ review screen keeps unavailable rows out of due and upcoming sections (1.053042ms)
✔ track presentation exposes only the concrete Google Cloud track (0.559ms)
✔ active track naming is complete in the Polish presentation dictionary (1.589209ms)
✔ review presentation uses the concrete track title when taxonomy context is absent (0.819333ms)
✔ review translates known track and cloud taxonomy labels while preserving authored taxonomy (0.382042ms)
✔ dynamic track titles cross the translation boundary and long header copy can shrink (1.525083ms)
✔ rapid typing coalesces to the latest value (185.716958ms)
✔ an edit arriving during a write is persisted after it (0.348583ms)
✔ one drain preserves dirty values for multiple stages (182.521417ms)
✔ failure retains dirty data and a later flush retries it (182.030792ms)
✔ flush waits for the latest in-flight edit before resolving (0.279708ms)
✔ a local response draft is visible only for its own occurrence (0.502875ms)
✔ save transition clears before projection refresh and restores the keyed draft on failure (0.49825ms)
✔ practice SessionShell uses natural action geometry while simulation keeps its fixed footer (1.410542ms)
✔ SessionShell keeps the Figma top bar in one row at large text (1.176709ms)
✔ SessionShell keeps chrome readable without allowing it to crowd out authored content (0.089666ms)
✔ session timers keep the Figma value-only visual label while retaining spoken context (1.135542ms)
✔ Practice sessions reset their scroll viewport when the canonical item changes (0.206625ms)
✔ Button chrome remains usable while supporting up to 200 percent text (0.081959ms)
✔ final simulation action saves an answered response before finish and lets an unanswered final occurrence finish (0.955667ms)
✔ simulation question navigator has the approved states, accessible labels, and large-text grid adaptation (2.345791ms)
✔ simulation operation surface renders only declared state actions and never a generic retry (2.115667ms)
✔ navigator jumps retain the current question in an explicit locked presentation (0.156375ms)
✔ button loading decoration stays outside the accessible busy control (0.175125ms)
✔ simulation pause/end uses one Figma action sheet and keeps the destructive command reachable (0.281292ms)
✔ simulation finish confirmation uses the Figma action-required copy and review dismissal (0.240125ms)
✔ simulation result presentation distinguishes pending, verified, scoreless, and rejected reads (0.526041ms)
✔ keyed result reads discard a previous request after the session changes (2.302542ms)
✔ focus loss and unmount invalidation prevent late read errors from publishing (0.379625ms)
✔ retry starts a new generation and publishes only its successful result (0.297417ms)
✔ blur or unmount invalidates the latest retry token (0.27275ms)
✔ the current rejected result read stays an explicit error (0.3005ms)
✔ non-final simulation CTA labels, disables, and invokes only save-and-continue (0.936834ms)
✔ an unanswered non-final simulation occurrence keeps the Figma Save and continue CTA disabled (0.1125ms)
✔ simulation result and review are exposed only through the verified result reader (2.411959ms)
✔ active simulation surface fills the viewport and keeps navigator presentation outside the approved active screen (0.304916ms)
✔ simulation confirmation reuses the session chrome owner with its Figma frozen-state geometry (0.302708ms)
✔ simulation preparation owns neutral question and response geometry (0.180792ms)
✔ simulation statuses localize their projection copy and expose pending operation semantics (0.136167ms)
✔ Simulation navigator accepts complete unique projections for each supported session length (0.647083ms)
✔ Simulation completion metrics are withheld before the verified completed projection (0.119083ms)
✔ all seven locales preserve namespace, key, leaf, array and token contracts (43.652125ms)
✔ plural suffix groups match the English source (16.804333ms)
✔ identical English values stay within the reviewed exception list (16.595417ms)
✔ i18next has no language or namespace fallback (2.096166ms)
✔ translation AST collection stays on literal first arguments (246.6675ms)
✔ scoped Practice, result, review, and session-shell literals exist in both locales (99.133459ms)
✔ practice presentation output strings are keys in both locales (0.592042ms)
✔ admitted practice mode titles, details, and unavailable reasons are locale keys (0.803167ms)
✔ local remote-client boundary is explicit and has no implicit endpoint (1.029125ms)
✔ public environment accepts the complete sandbox-only Firebase domain configuration (0.3615ms)
✔ public environment rejects extra keys, incomplete values, unsafe URLs, and production Firebase defaults (0.374ms)
✔ runtime privacy keeps console and raw errors forbidden inside adapters and rejects sibling client paths (440.581417ms)
✔ explicit local fixture works only inside the development smoke boundary (0.770125ms)
✔ client rejects an unconfigured environment and missing authentication (1.440292ms)
✔ account session exchange sends an empty authenticated request and parses its custom token (24.941041ms)
✔ account session exchange rejects a missing custom token (0.40525ms)
✔ account registration validates and preserves distinct Terms and Privacy evidence (1.034792ms)
✔ session revocation accepts only the exact operation and a nonempty replacement token (1.017833ms)
✔ recovery operation methods use the canonical paths, proof body, and authentication modes (6.665959ms)
✔ recovery operation parsers reject malformed, mismatched, and extended server results (3.124667ms)
✔ recovery calls reject invalid operation IDs and proofs before token acquisition or network use (0.607291ms)
✔ recovery calls preserve typed server failures and Retry-After (0.821042ms)
✔ content package transport uses the authenticated App Check API and returns binary response headers (9.607541ms)
✔ content package transport caps streamed response bodies at two MiB (0.974875ms)
✔ content package transport preserves typed backend admission codes (0.561625ms)
✔ mobile requests fail before transport when App Check is unavailable (0.170167ms)
✔ canonical progress transport has no protocol query or version labels (1.076208ms)
✔ client rejects removed protocol fields before sending a sync request (0.13325ms)
✔ client accepts canonical identity lengths supported by content (0.588709ms)
✔ client turns removed identity metadata in a response into a schema conflict (3.151583ms)
✔ Apple nonce boundary hashes the Expo request and preserves the Firebase raw nonce (1.296084ms)
✔ authorization generation claim identifies exchanged sessions and rejects malformed values (0.35775ms)
✔ authorization generation reads force-refresh claims for the same current Firebase identity (0.542125ms)
✔ authorization generation refresh rejects a result after the Firebase identity changes (0.156916ms)
✔ local Firebase sign-out retries and verifies persisted-user removal after SDK persistence rejection (0.239042ms)
✔ local Firebase sign-out stays failed if Auth still has a user or persistence cannot be verified (0.181625ms)
✔ Firebase configuration exposes the deny-all rules and the one semantic account-record index (2.682708ms)
✔ keeps pre-market Firebase Hosting unpublished and loopback-only (65.708042ms)
✔ provider fixture URL accepts only the strict local emulator command and opaque identity (1.627917ms)
✔ provider fixture URL rejects extra, duplicate, reordered, malformed, and credential-bearing parameters (0.339792ms)
✔ provider fixture guard requires explicit development smoke and loopback emulator/API project (0.137833ms)
✔ Google mock OIDC token uses a stable synthetic subject and no real account fields (1.190125ms)
✔ Apple fixture feeds a fresh raw nonce through the production OAuthCredential builder (0.837875ms)
✔ Firebase Auth Emulator is unavailable outside explicit development E2E (0.727958ms)
✔ Firebase Auth Emulator requires the canonical local development origin (0.164125ms)
✔ local builds keep public legal links explicitly unavailable without configuration (0.561042ms)
✔ missing public URL fails closed instead of inferring a destination (1.475708ms)
✔ configured public legal links preserve the validated contract destinations (0.320458ms)
✔ canonical serialization sorts object keys without changing array order (0.732959ms)
✔ fingerprint payload carries the canonical serializer version (0.165292ms)
✔ canonical-json-v1 is NFC-normalized, rejects duplicate keys, and counts UTF-8 bytes (0.703084ms)
✔ SHA-256 identities are stable, opaque, and response-sensitive (0.305292ms)
✔ native byte hashing passes an owned TypedArray to expo-crypto (0.809417ms)
✔ platform-neutral SHA-256 matches standard UTF-8 vectors (1.214792ms)
✔ session identity is anchored to canonical track, version, and artifact SHA (526.414375ms)
✔ goal days map to Expo weekly weekdays where Sunday is one (0.977667ms)
✔ config requires non-empty key and authenticated account (0.549542ms)
✔ adapter is iOS-only and validates monthly product terms (0.357959ms)
✔ purchase cancellation and failures are explicit (0.236416ms)
✔ configuration is single-flight across concurrent actions (0.148125ms)
✔ copy stores only a digest and schedules cleanup for five minutes (1.095958ms)
✔ expired unchanged recovery codes are cleared (0.279042ms)
✔ scheduled timer callback performs the due cleanup (6.158084ms)
✔ later clipboard content is never removed (0.306167ms)
✔ restart reconciliation schedules a pending cleanup without reading the clipboard early (0.241333ms)
✔ copy failure rolls back unchanged clipboard content instead of leaving an unmanaged secret (0.384667ms)
✔ durable marker is written before recovery codes reach the clipboard (0.584209ms)
✔ failed system cleanup keeps the marker and schedules a retry (0.214042ms)
✔ an uncertain rejected clipboard write preserves recovery when the written value cannot be cleared (0.230708ms)
✔ vault round-trips only the versioned recovery record and clears it (1.770125ms)
✔ vault persists a strict current-account defer marker in the retained issue record (0.639834ms)
✔ vault rejects malformed records without leaking parser errors or deleting evidence (0.200083ms)
✔ vault rejects duplicate or malformed recovery codes before storage (0.126834ms)
✔ vault round-trips exactly one same-account replacement backup without recursive lineage (0.178583ms)
✔ vault rejects replacement backups with mismatched identity, operation ID, or recursive/extended shape (0.894958ms)
✔ vault reports write and clear failures explicitly (0.57825ms)
✔ a fresh install creates only an encrypted canonical slot (6.1445ms)
✔ legacy data is copied, verified and encrypted before ready, then purged after a cold reopen (1.212875ms)
✔ every interrupted manifest transition resumes without losing the legacy source (9.17225ms)
✔ requested key rotation switches slots without losing data and removes the old key after a cold reopen (1.153333ms)
✔ missing keys and corrupt manifests fail closed (0.5935ms)
✔ closed storage failure codes survive a native module realm boundary without message parsing (0.119541ms)
✔ a completed store still requires its immutable transfer marker (0.505458ms)
✔ explicit unavailable-data reset removes slots, manifests and keys (0.571833ms)
✔ failed unavailable-data reset reports the error and a repeated reset completes partial removal (1.885958ms)
✔ stores one strict, versioned record with only operation identity metadata (1.611792ms)
✔ duplicate UID and operation ID remains one pending entry and verified state (0.243208ms)
✔ operation IDs must be UUIDv4 both on writes and when loading persisted records (0.39225ms)
✔ a version-one pending record is rejected instead of migrated (0.211625ms)
✔ a stale UID or operation cannot clear a newer block (9.730708ms)
✔ verified UID or null Auth can clear the matching block while retaining pending work (0.368ms)
✔ a queued null-Auth clear rechecks its guard inside the serialized mutation (0.305333ms)
✔ another UID cannot alter a different UID's pending operation (0.2065ms)
✔ verified remote completion removes only the exact UID and operation pair (0.3485ms)
✔ completion rechecks its guard after the async read and keeps the pending marker when stale (0.292125ms)
✔ completion records a durable tombstone when read-back cannot verify pending removal (0.245166ms)
✔ an unavailable confirmation read still leaves pending or an exact completed tombstone (0.257042ms)
✔ corrupt or unknown-version records fail closed without being overwritten (0.424083ms)
✔ read and write errors fail closed; an interrupted persisted write is safe to retry (0.268917ms)
✔ a write is not accepted until read-back matches exactly (0.082709ms)
✔ snapshots are deeply immutable and independent of later mutations (0.1595ms)
✔ transactions serialize across control instances in the JavaScript runtime (0.115625ms)
✔ prepare opens the router without publishing or reading a scoped key (2.132ms)
✔ prepared inspection exposes registry metadata and freshness without opening profile storage (1.207833ms)
✔ prepared guest validation reads only access markers without publishing storage (2.156583ms)
✔ prepared authenticated recovery promotes only a matching bound guest (4.985166ms)
✔ closing an active profile revokes returned clients and preserves prepared metadata (0.377292ms)
✔ deferred activation does not wake preferences until the caller approves the profile scope (0.2195ms)
✔ prepared account selection commits and reloads while keeping scoped storage closed (0.533042ms)
✔ changed prepared account selection can activate the refreshed profile without app reload (0.44425ms)
✔ prepared account selection refuses Auth that becomes stale before the registry commit (0.295542ms)
✔ prepared guest selection refreshes metadata and activates after commit without app reload (1.080625ms)
✔ implicit prepared guest selection fails closed when multiple preserved guests exist (0.582916ms)
✔ prepare for an existing legacy owner reads only migration metadata (0.31875ms)
✔ prepare for an existing legacy guest reads only migration metadata (0.131417ms)
✔ activation is required and publishes only matching prepared profile metadata (0.190666ms)
✔ mismatched activation fails closed (0.170417ms)
✔ prepare failure clears any previously published scoped client (0.207042ms)
✔ prepare revokes previously returned scoped storage references (0.205584ms)
✔ legacy owner remains byte-for-byte visible only through its own logical scope (2.855541ms)
✔ an unchosen empty welcome profile stays fresh across restarts until guest markers are written (2.02525ms)
✔ an existing storage key prevents missing registry metadata from being classified as fresh (0.432083ms)
✔ explicit selection of the initial guest provisions its unbound access markers (0.605375ms)
✔ a selected modern guest keeps its earlier independent dataset identity and scoped data (0.617875ms)
✔ a completed modern guest adoption promotes only its matching account and permits a new guest (1.612042ms)
✔ valid adoption-pending legacy guest marker remains readable during profile registry migration (0.235666ms)
✔ legacy guest migration keeps the verified marker dataset ID despite a different generated identity (0.206083ms)
✔ a persisted mismatched legacy guest ID still validates its raw unbound guest markers (0.202333ms)
✔ a selected guest receives an isolated, durable namespace without changing legacy bytes (0.596542ms)
✔ a later exact owner login selects the unchanged legacy scope before local reads (0.66975ms)
✔ switching away from a modern account never reads its scoped payload (0.470083ms)
✔ malformed profile registry blocks instead of choosing a storage namespace (0.14375ms)
✔ concurrent guest selections claim one transition and cannot commit competing profiles (0.381625ms)
✔ selectGuest reuses the selected guest with the same profile ID and stored data (0.387042ms)
✔ selectGuest fails closed when the selected guest marker cannot be verified (0.202ms)
✔ selectGuest returns a typed ambiguity error without writing when multiple guests are preserved (0.924292ms)
✔ one canonical guest and two account scopes survive restart without cross-scope access (4.610416ms)
✔ existing guest reselection rejects non-guest IDs without changing the registry (0.521625ms)
✔ failed existing guest registry commit leaves the current scope closed (1.719625ms)
✔ visible legal documents index all seven locales directly (1.06675ms)
✔ unapproved locale documents fail closed in release and never fall back to English (0.179125ms)
✔ visible legal screens request the selected locale directly (0.734791ms)
✔ accepts the current legal variable shape in test mode and preserves checkout flag boolean (1.894041ms)
✔ seven-locale legal drafts require all locales and explicit unapproved test-only markers (1.354959ms)
✔ legal variables select the local fixture for local mode and the checked-in JSON for release mode (532.224417ms)
✔ legal variable CLI resolver uses distinct sources and never falls back for missing or invalid release JSON (3.74475ms)
✔ reports missing keys, locales and unexpected keys by field path (1.086625ms)
✔ rejects empty, whitespace-only and padded localized values (1.165417ms)
✔ release mode rejects recognized placeholders and test mode allows them (1.214708ms)
✔ public privacy and terms links require canonical HTTPS paths without query or fragment (2.621458ms)
✔ accepts complete production-like legal values in release mode (0.444958ms)
✔ CLI passes test mode and release mode rejects placeholders with field paths (417.22ms)
✔ provider registration binds the complete canonical English and Polish documents to their loaded versions (2.157417ms)
✔ provider registration fails closed for draft locales and incomplete release legal configuration (0.256666ms)
✔ language settings audit command is exact and development-smoke only (0.563458ms)
✔ language settings audit route renders the production screen without account or preference commands (0.317917ms)
✔ the loading-state inventory stays complete as pending surfaces evolve (22.699125ms)
✔ LoadingState is the compact accessible generic pending status (0.751375ms)
✔ EmptyState is the centered retained-content/unavailable status primitive (0.232166ms)
✔ exactly the one remaining generic pending branch uses LoadingState (12.367125ms)
✔ C1 screens own local review and exam loading geometry (0.214834ms)
✔ bootstrap, roadmap, and setup own their phase or screen loading geometry (1.079333ms)
✔ Home shell owns tab-specific glass loading geometry and keeps navigation usable (1.162916ms)
✔ Practice Hub keeps its local pending geometry while the scoped read model owns state (0.477583ms)
✔ specialized practice sessions share one neutral question and response loading skeleton (0.489958ms)
✔ Activity owns its glass loading skeleton (1.135ms)
✔ Coding Interview scope owns its glass loading skeleton (0.297708ms)
✔ exam review owns its glass loading skeleton (0.102125ms)
✔ exam result owns its glass loading skeleton (0.332666ms)
✔ coding practice result owns its glass loading skeleton (0.323875ms)
✔ mistakes review owns its glass loading skeleton (0.366333ms)
✔ SkeletonShape owns the shared clipped glass primitive (0.262333ms)
✔ Skeleton glass motion uses one native driver loop and resets on lifecycle changes (0.201375ms)
✔ Skeleton glass motion stays static while Reduce Motion is unresolved or fails (0.146042ms)
✔ pending data is distinct from true empty and onboarding outcomes (0.670208ms)
✔ the six read owners end rejected reads in explicit unavailable EmptyStates (0.745083ms)
✔ scoped practice reads honor explicit route identity and only load reviews on Hub (0.631167ms)
✔ route-keyed read states block A under B and publish only their captured request (0.175625ms)
✔ queue reads clear stale resolved data before pending or unavailable (0.151917ms)
✔ specialized session preparation stays local while completion uses the generic status (0.318917ms)
✔ Interview Simulation result reads stay pending until the verified 40-item projection (0.25475ms)
✔ navigation screens do not re-enter the public navigation barrel at runtime (2.08275ms)
✔ bottom navigation labels stay canonical (0.892917ms)
✔ primary Home and Practice CTAs route to Practice Hub (0.110417ms)
✔ Home change track CTA routes to track selection (0.068375ms)
✔ shell safety model exposes no gamified status fields (0.095542ms)
✔ Practice review weak items routes to canonical review queue (0.076291ms)
✔ bootstrap owns one branded phase-aware loading surface with no synthetic completion (3.64925ms)
✔ generic LoadingState no longer carries the startup animation variant (0.837375ms)
✔ app preferences default to English content locale and device appearance (2.124666ms)
✔ app preferences retain an explicitly selected Polish locale (0.71375ms)
✔ settings storage retains every supported manual language (0.424959ms)
✔ translations resolve common UI copy through i18next (1.640875ms)
✔ all seven runtime locales expose translated settings, nested legal and data copy (3.490375ms)
✔ nested legal and data translations resolve and interpolate in English and Polish (0.335625ms)
✔ Legal information distinguishes device storage, account sync, local reset, account deletion, and retained deletion evidence (0.4705ms)
✔ Legal hub keeps full rules in local documents and presents only proven request timeframes (0.496292ms)
✔ sentence keys containing dots remain literal in common (0.147792ms)
✔ flat common labels containing colons remain literal keys (0.131583ms)
✔ flat learningPlan plural resources remain addressable and mutable (0.68075ms)
✔ namespace normalization rejects dotted-key collisions atomically regardless of source order (0.3195ms)
✔ language changes persist all supported choices without changing appearance (0.187125ms)
✔ a failed language write rejects and preserves the previous saved choice for retry (0.302ms)
✔ system locale resolver recognizes all supported targets and regional/case variants (1.11725ms)
✔ unknown and malformed system locale values resolve explicitly to temporary English (0.174416ms)
✔ all manual choices remain authoritative and settings offer seven languages (0.157084ms)
✔ i18next does not silently fill missing keys from another locale (1.428792ms)
✔ notification settings renders only the accepted plan slots and follows the stored settings entry (0.781125ms)
✔ hook proves readiness only from accepted plan and at least one slot (0.145208ms)
✔ structural failures and absent plans expose no permission or activation controls (0.638917ms)
✔ accepted disabled plan may show permission and enable action (0.087375ms)
✔ only a synced result is presented as active with a turn-off action (0.082375ms)
✔ durable pending failures expose retry and neutral cancel, never active wording (0.09825ms)
✔ pending retry and cancel actions call the existing retry and disable paths (0.150917ms)
✔ seven locales have distinct reminder-draft and cancellation copy with no goal return copy (0.258208ms)
✔ notification settings keeps lifecycle-safe request coordination (0.113667ms)
✔ notification settings mutations are single-flight before asynchronous work starts (0.613875ms)
✔ a read that started before a mutation cannot overwrite the completed mutation (2.154667ms)
✔ a read started during a mutation stays stale while a later idle read can commit (0.149083ms)
✔ a foreground read during a mutation is skipped before it can leave loading asserted (0.082917ms)
✔ Settings exposes account and participant navigation actions plus conditional developer verification actions (1.31175ms)
✔ Legal information exposes distinct personal-rights and non-personal-recovery entries (0.224375ms)
✔ Legal information scopes missing public configuration to external support and keeps local documents available (0.398375ms)
✔ Legal request form keeps validation inline, field-specific, and API-free (0.384625ms)
✔ Settings account presentation names guest, authenticated, and unavailable states and keeps sign-out provider-owned (0.801041ms)
✔ Settings keeps the backend verification group explicitly development-only (0.171625ms)
✔ grouped settings rows follow the Figma 200% text geometry (0.212166ms)
✔ InfoBlock and ListRow remount native text when live Dynamic Type scale changes (0.213208ms)
✔ Settings heading has no redundant description and locale keeps goal copy (0.22025ms)
✔ Premium keeps a localized Settings context while retaining the back action (0.354542ms)
✔ Your data keeps the Settings entry label and names its local header consistently (0.346708ms)
✔ Your data owns an exhaustive account-state action matrix and wires the mapped controls (2.042292ms)
✔ Your data export copy matches the complete JSON scope and the system share or save action (0.380959ms)
✔ Settings app identity follows the Figma footer geometry (0.28775ms)
✔ Settings keeps appearance values readable at large text (0.078167ms)
✔ shared supporting list-row text uses the Figma fractional line height (0.393541ms)
✔ appearance selection owns the typed accessible radio choice flow (0.306042ms)
✔ language selection owns the typed accessible radio choice flow (0.23575ms)
✔ System language detail follows the device locale independently from the selected app locale (0.272333ms)
✔ InfoBlock exposes opt-in alert semantics for dynamic settings errors (0.047583ms)
✔ appearance choices use the Figma preview variants without changing language choices (0.085958ms)
✔ settings bottom sheets use the Figma elevated shell and modal accessibility boundary (0.261292ms)
✔ information topics keep a stable locale-independent selection and explicit next-page affordance (0.287042ms)
✔ active sessions stay local and block account snapshot export (10.552209ms)
✔ canonical account records round trip through remote materialization (1.865459ms)
✔ remote materialization keeps the newest active track independent of input order and acknowledges both records (7.292584ms)
✔ remote materialization rejects missing or invalid updatedAt (0.653542ms)
✔ equal updatedAt selects the same active track using canonical identity (0.782791ms)
✔ snapshot and materialization preserve one exact goal-plan bundle (23.021791ms)
✔ bound account sync validates a goal and learning plan as one sync-plan bundle (29.567875ms)
✔ bound account sync builds one retryable canonical outbox and acknowledges it (3.720458ms)
✔ bound account outbox creates an explicit tombstone for a deleted acknowledged record (8.720125ms)
✔ reselecting an acknowledged active track tombstones the previously acknowledged track (4.184708ms)
✔ pending mutation IDs stay stable across an uncertain retry (3.993709ms)
✔ removed identity metadata is rejected before persistence (0.300625ms)
✔ deleted records keep their exact durable identity and tombstone state (0.201167ms)
✔ canonical repository bootstrap requires an already active storage scope (3.9575ms)
✔ canonical repositories use individual immutable records and one active session (3.265542ms)
✔ training sessions permit free navigation while rejecting regressing foreground time and missing active records (1.163209ms)
✔ active sessions persist only preallocated conditional reinsert resolutions (3.909459ms)
✔ terminal sessions are immutable except for identical recovery replay (0.586625ms)
✔ strict guards accept resolved identities and reject mismatches, tombstones, and legacy identity fields (0.649666ms)
✔ strict session reads reject a legacy-shaped stored record without inference (0.321167ms)
✔ canonical repository bootstrap reports the exact six steps in order (0.822958ms)
✔ canonical repository bootstrap isolates a throwing step observer without wrapping failures (0.239583ms)
✔ typed stores keep unavailable records outside strict runtime keys and reject legacy identity fields (2.575292ms)
✔ abandon unavailable active writes terminal archival history before removing the tombstone (1.192792ms)
✔ removing an unavailable review removes only that entry (1.021792ms)
✔ stored unavailable indexes fail closed when a record is malformed (0.33575ms)
✔ committed unavailable-active repair preserves active order and removes only archive IDs from the index (0.688125ms)
✔ committed unavailable-active repair is an idempotent no-op for an already exact active index (0.598792ms)
✔ committed unavailable-active repair treats an expected-revision race as a typed conflict without retry or partial write (0.53725ms)
✔ committed unavailable-active repair reports a verification mismatch after one index write without retry (0.55325ms)
✔ committed unavailable-active repair fails typed and makes no partial write for invalid index or record state (1.117083ms)
✔ committed unavailable-active repair removes archive-only IDs while preserving their records (0.397208ms)
✔ learning-state reset clears all three private content-identity stores (0.583458ms)
✔ report form submission persists a queued local outbox entry when backend is unavailable (5.470667ms)
✔ report outbox normalizes an omitted note and rejects obvious private data before persistence (0.534208ms)
✔ report outbox requires App Check, then accepts with the same idempotency key (1.023167ms)
✔ throwing native App Check provider leaves a report failed and retryable (0.5985ms)
✔ failed transport is retryable without creating a new report identity (0.594708ms)
✔ a lost response keeps the original report identity and accepts duplicate confirmation (0.470125ms)
✔ cleanup failure never claims accepted and preserves the retrying record (0.455709ms)
✔ canonical bootstrap purges legacy accepted entries but preserves uncertain reports (24.81875ms)
✔ local outbox removes unconfirmed reports after 30 days and preserves newer retries (0.455666ms)
✔ canonical runtime transport flushes once after readiness and is torn down without fallback (0.4755ms)
✔ restart readiness replays queued, retrying, and failed records with their original identities (0.944333ms)
✔ readiness flush and a concurrent submit share one in-flight send and one cleanup (0.364334ms)
✔ teardown during an in-flight response leaves the entry retryable for duplicate reconciliation (5.573625ms)
✔ goal onboarding dismissal is durable, idempotent, and scoped per track (1.065ms)
✔ goal onboarding dismissal rejects unsupported stored records (0.755291ms)
✔ goal snapshots expose canonical revisions and CAS advances them (1.918833ms)
✔ goal snapshot CAS rejects stale create and update without changing durable data (0.563708ms)
✔ legacy goal access stays compatible and snapshot writes keep goal validation (0.298917ms)
✔ goal snapshot CAS rejects a reentrant create for the same canonical key (0.333875ms)
✔ guest access is an explicit durable decision and can be cleared for account entry (1.082709ms)
✔ provisions one validated guest installation and preserves it across repeated bootstrap (41.8665ms)
✔ guest access requires an existing unbound installation and rejects retained account data (0.439791ms)
✔ corrupt or unsupported guest installation records block without replacement (0.753875ms)
✔ guest installation blocks coercible identifiers and non-v4 UUID records (0.343916ms)
✔ valid later binding states are preserved without adopting or regenerating an installation (13.075042ms)
✔ identity or write failure blocks before recovery/content and leaves no partial guest record (0.510667ms)
✔ guest installation rejects malformed generated identities without writing (0.179542ms)
✔ bootstrap blocks corrupt guest access before content without replacing it (0.141042ms)
✔ inconsistent installation bindings block bootstrap and guest access without replacement (0.341459ms)
✔ persistent plan read returns its canonical envelope revision (19.179125ms)
✔ dual-key CAS rejects stale goal and plan revisions and accepts one idempotent command retry (1.845833ms)
✔ compound lock sorts and deduplicates keys and rejects reentrant acquisition (0.350833ms)
✔ write uncertainty can be retried by command id, while a failure before persistence is not a false success (0.871709ms)
✔ accepts a journal whose scope and writes use one exact resolved artifact (8.276875ms)
✔ uses the complete resolved reference when validating attempt and session relationships (1.728667ms)
✔ requires an exact lowercase artifact SHA and rejects legacy top-level identity fields (0.692167ms)
✔ permits a reset journal only with a null artifact scope (0.474125ms)
✔ stores and reads the complete plan identity, slot identity, and envelope revision (20.560833ms)
✔ legacy settings migrate to enabled-only state while retaining every native notification id (0.532792ms)
✔ legacy daily settings retain the one native id during migration (0.220667ms)
✔ legacy journals become cancellation-only journals and cannot restore their old desired slots (0.524458ms)
✔ rejects duplicate days or slot IDs in a canonical settings record (0.849458ms)
✔ rejects identity without commandId, contentVersion, or a valid artifact SHA (0.481042ms)
✔ Premium testing override is unavailable outside sandbox and local development runtimes (1.064ms)
✔ Premium testing override persists only for a sandbox or local development runtime (0.245667ms)
✔ keeps the same question distinct across immutable artifact SHA-256 values (4.917833ms)
✔ preserves durable identity conflicts for one resolved content reference (0.728416ms)
✔ rejects a durable ID rewrite across artifact identities before writing either entry (0.234ms)
✔ preserves index order while updating and removing canonical entries (19.216875ms)
✔ rejects legacy identity fields, mixed records, tombstones, and non-lowercase artifact hashes (0.462625ms)
✔ reads only strict canonical entries from durable storage (0.312417ms)
✔ clears all canonical review records and the index (1.575084ms)
✔ repository codec distinguishes absence and corrupt JSON (1.155ms)
✔ canonical storage uses envelopes and rejects an unsupported schema identity (1.427708ms)
✔ the atomic track cutover rejects every persisted former track identity without translating it (1.568708ms)
✔ draft replacement verifies its expected revision (3.561166ms)
✔ bootstrap blocks an inconsistent active-session reference and a missing required draft (19.893708ms)
✔ bootstrap runs resolution only after recovery/content validation and exposes profile/content mismatch as blocking (28.740666ms)
✔ one MMKV native adapter is infrastructure-owned and runtime access stays bounded (49.016666ms)
✔ cutover removes old storage and remote content paths (406.5365ms)
✔ canonical keys use the one Patternly namespace (0.547875ms)
✔ initializes and reuses the exact canonical metadata payload (1.534417ms)
✔ fails closed when stored metadata has an unknown shape or newer schema (1.302583ms)
✔ practice answer fixture completes ten canonical submissions with the exact mixed interaction outcomes (587.424458ms)
✔ fixture construction uses canonical runtime methods and has no persistence path (0.354584ms)
✔ runtime selectors are deterministic and use the canonical grammar (0.8615ms)
✔ Premium offer setup selectors are deterministic and valid (0.128709ms)
✔ Design Interview save selectors distinguish persistence status and retry (0.139666ms)
✔ runtime selectors preserve canonical identities without learner-visible copy (0.219042ms)
✔ runtime selectors preserve case-sensitive authored item identities (0.106125ms)
✔ session metadata selectors expose validated lifecycle values without learner copy (0.137125ms)
✔ complexity selectors encode authored notation without weakening the selector grammar (4.866916ms)
✔ runtime selectors keep distinct runtime entities distinct (0.423041ms)
✔ unavailable recovery and review selectors remain stable and distinct (0.259459ms)
✔ runtime selector factories reject values that cannot be represented in the contract (0.255208ms)
✔ goal selectors expose stable target-date input and field-error identities (0.10325ms)
✔ learning plan selectors use the closed primary states and stable slot identities (0.404958ms)
✔ learning plan editor retry selectors distinguish save from start-existing (0.105208ms)
✔ notification selectors keep plan slots and closed error states typed (0.224542ms)
✔ target date guidance selectors expose every closed state and reason (0.406208ms)
✔ Home plan selectors expose every closed unavailable reason (0.13725ms)
✔ Progress plan selectors expose typed completion, day and unavailable identities (0.173417ms)
✔ journey resolves canonical track mode and pool (547.2635ms)
✔ onDanger keeps destructive button text above normal-text contrast in both themes (0.644292ms)
✔ onPrimary keeps goal status and selected day labels above normal-text contrast in both themes (0.1245ms)
✔ RC Certification Maestro flows change, restore, persist, resume, finish, and review the 50-item exam (2.049917ms)
✔ RC Android runner requires the explicit current dev-client and evidence destination (0.166584ms)
✔ RC iOS runner requires one booted simulator and the same explicit evidence contract (0.14825ms)
✔ RC iOS certification smoke requires local credentials and authenticates only when Settings offers account entry (0.93575ms)
✔ Free Certification Exam flow resets once, reaches the Premium paywall, and retries after a cold restart without reset (0.742ms)
✔ RC iOS timeout runner prepares one local exam, advances the audit clock, and captures timeout review evidence (0.548792ms)
✔ Certification progress derives practice, exam, outcome, taxonomy, review, and repeated-mistake signals (14.911542ms)
✔ Certification progress has explicit empty state and no synthetic learning metrics (1.449083ms)
✔ Certification progress ignores same-version evidence from another exact content package (0.580875ms)
✔ Certification result keeps truthful session metrics and routes Focus domains through the canonical formatter (0.701958ms)
✔ Certification Focus domain formatter resolves only a canonical roadmap node (0.704459ms)
✔ direct entry to excluded Algorithms declared-scope modes fails without substitution (850.774125ms)
✔ completed Algorithms practice replaces its runner with the session-keyed summary route (2.161584ms)
✔ practice summary reloads the immutable result and runner navigation requires verified completion (1.599458ms)
✔ practice question review is a readonly session surface with bounded navigation and a return to its result (1.150417ms)
✔ session control labels identify the dimension, ordering position, and command (2.498333ms)
✔ coding review pending keeps SessionShell navigation while using neutral response anatomy (0.297625ms)
✔ interactive Algorithms session controls use real 48-point minimum geometry without hit-area substitutes (0.959417ms)
✔ simulation accessibility respects motion, focus, and touch-target constraints (0.159958ms)
✔ canonical session surfaces expose deterministic state and do not group interactive descendants (0.815667ms)
✔ practice exit makes abandonment a single explicit decision in a modal (0.557375ms)
✔ standalone practice conflict and unavailable states respect both safe-area edges (0.181ms)
✔ large text can grow session chrome and controls without fixed interactive heights (0.321917ms)
✔ bottom navigation preserves one-line visual labels while keeping every tab semantically named (0.151ms)
✔ bottom navigation uses theme-appropriate separators without altering the light overlay (0.229875ms)
✔ Practice Hub keeps the quiet-layered recommendation readable at large text and removes the competing stats card (0.214834ms)
✔ Practice Hub retains its mode layout and canonical ownership (1.018667ms)
✔ Practice Question Shell keeps the Figma prompt-to-answer rhythm (0.243583ms)
✔ certification exam stacks descriptive actions so large text cannot clip flagging or navigation (0.422917ms)
✔ practice runtime selectors are derived from the canonical session projection without entering speech labels (1.246292ms)
✔ dry-run regression starts the recommended session directly and proves its live timer (0.798042ms)
✔ dry-run regression ends early into a truthful partial summary (0.179958ms)
✔ Algorithms presentation metadata covers exactly the generated structural roadmap (2.376916ms)
✔ Algorithms runtime derives roadmap parent relationships and mental units from the generated SOT (0.617709ms)
✔ AUD-02B runner fails closed outside the existing booted iPhone 17 app and local evidence setup (0.684792ms)
✔ AUD-02B executes authenticated Free, Premium, and expiry phases in order with the exact audit URL (0.19175ms)
✔ AUD-02B owns only its local backend process and gates both entitlement phases on readiness (0.302666ms)
✔ AUD-02B Free evidence selects Coding Mock and repeats the paywall after clearState:false relaunch (0.705584ms)
✔ AUD-02B Premium evidence restores the same 40-question draft before manual finalization and endpoint review (0.535084ms)
✔ AUD-02B expiry invokes only the exact Coding Mock command and captures finalized unanswered review (0.153708ms)
✔ Custom Practice resume preserves the selected durable at-session-end timing (217.022542ms)
✔ resume rejects an active session that lacks a canonical feedback timing (0.234708ms)
✔ M3 keeps the same Custom Practice session and withholds feedback across leave, kill, and resume (1.012583ms)
✔ M4 restores the exact Custom Practice durable feedback after leave, kill, and resume (0.162375ms)
✔ M5 reuses the complete M1 flow and proves a terminal session has no active resume path after relaunch (0.113167ms)
✔ RC Algorithms bootstrap resets learning data and explicitly selects the Algorithms track (1.159042ms)
✔ RC Algorithms iOS runner validates and passes explicit capture inputs only to the final Maestro flow (0.280333ms)
✔ AUD-02C runner is pinned to one existing iPhone 17 and ordered local entitlement phases (0.8575ms)
✔ AUD-02C flows prove Free denial, durable resume, manual result, timeout result, and rubric review (0.514584ms)
✔ AUD-02C premium and timeout flows preserve each response before saved status without keyboard commands (0.303583ms)
✔ Design session mode titles match the learner-facing journey (0.747ms)
✔ Design result names its exact package topic and exposes missing mapping (0.445709ms)
ℹ tests 1815
ℹ suites 0
ℹ pass 1811
ℹ fail 0
ℹ cancelled 0
ℹ skipped 4
ℹ todo 0
ℹ duration_ms 51944.363167

> patternly@0.1.0 validate:content-boundary
> node scripts/validateContentBoundary.mjs

CONTENT_BOUNDARY_CHECK=passed

> patternly@0.1.0 validate:runtime-privacy-boundary
> node scripts/validateRuntimePrivacyBoundary.mjs

RUNTIME_PRIVACY_BOUNDARY_CHECK=passed
