
> patternly@0.1.0 qa:static
> npm run recovery:check && npm run typecheck && npm test && npm run validate:content-boundary && npm run validate:runtime-privacy-boundary


> patternly@0.1.0 recovery:check
> node scripts/checkRecoveryBaseline.mjs

RECOVERY_INVENTORY_CHECK=passed
RECOVERY_ACTIVE_SOURCE_FILES=442
RECOVERY_ACTIVE_TESTS=279
RECOVERY_TEST_CASES=1558
RECOVERY_STAGE_1_BOUNDARIES=passed

> patternly@0.1.0 typecheck
> tsc --noEmit


> patternly@0.1.0 test
> node --import tsx --test 'src/**/*.test.ts' 'src/**/*.test.mjs' 'scripts/**/*.test.ts' 'scripts/**/*.test.mjs'

TAP version 13
# Subtest: learning kernel and registry boundaries exclude family content and platform owners
ok 1 - learning kernel and registry boundaries exclude family content and platform owners
  ---
  duration_ms: 10.674959
  type: 'test'
  ...
# Subtest: families do not import one another and source contains no replacement bridge
ok 2 - families do not import one another and source contains no replacement bridge
  ---
  duration_ms: 100.99
  type: 'test'
  ...
# Subtest: application mutations depend on repositories rather than raw storage internals
ok 3 - application mutations depend on repositories rather than raw storage internals
  ---
  duration_ms: 1.631584
  type: 'test'
  ...
# Subtest: canonical lifecycle use cases have no React, storage implementation, or family-scoring dependency
ok 4 - canonical lifecycle use cases have no React, storage implementation, or family-scoring dependency
  ---
  duration_ms: 1.574333
  type: 'test'
  ...
# Subtest: the public storage barrel does not expose raw keys or codec
ok 5 - the public storage barrel does not expose raw keys or codec
  ---
  duration_ms: 0.210209
  type: 'test'
  ...
# Subtest: AUD-02D starts child before auth and records expired baseline before observation
ok 6 - AUD-02D starts child before auth and records expired baseline before observation
  ---
  duration_ms: 3.950708
  type: 'test'
  ...
# Subtest: child readiness waits for readiness and races early completion
ok 7 - child readiness waits for readiness and races early completion
  ---
  duration_ms: 2.283125
  type: 'test'
  ...
# Subtest: nonzero child completion remains a hard failure
ok 8 - nonzero child completion remains a hard failure
  ---
  duration_ms: 0.083
  type: 'test'
  ...
# Subtest: bounded cleanup leaves a naturally completed child alone
ok 9 - bounded cleanup leaves a naturally completed child alone
  ---
  duration_ms: 0.55825
  type: 'test'
  ...
# Subtest: timeout stops the child, its owned backend, then confirms port release
ok 10 - timeout stops the child, its owned backend, then confirms port release
  ---
  duration_ms: 3.355791
  type: 'test'
  ...
# Subtest: cleanup is bounded and retains each cleanup failure
ok 11 - cleanup is bounded and retains each cleanup failure
  ---
  duration_ms: 5.194375
  type: 'test'
  ...
# Subtest: cleanup context keeps the original failure first
ok 12 - cleanup context keeps the original failure first
  ---
  duration_ms: 0.211542
  type: 'test'
  ...
# Subtest: listener ownership requires a complete ancestry chain to the exact runner
ok 13 - listener ownership requires a complete ancestry chain to the exact runner
  ---
  duration_ms: 0.271625
  type: 'test'
  ...
# Subtest: backend signal uses only the group captured by successful ownership proof
ok 14 - backend signal uses only the group captured by successful ownership proof
  ---
  duration_ms: 2.365666
  type: 'test'
  ...
# Subtest: failed backend ownership proof skips backend signal and reports secondary failure
ok 15 - failed backend ownership proof skips backend signal and reports secondary failure
  ---
  duration_ms: 2.723
  type: 'test'
  ...
# Subtest: AUD-02D evidence manifest snapshots redact credentials without mutating live case records
ok 16 - AUD-02D evidence manifest snapshots redact credentials without mutating live case records
  ---
  duration_ms: 52.701
  type: 'test'
  ...
# Subtest: AUD-02D evidence redaction scrubs text artifacts atomically and scans every regular file
ok 17 - AUD-02D evidence redaction scrubs text artifacts atomically and scans every regular file
  ---
  duration_ms: 41.041375
  type: 'test'
  ...
# Subtest: AUD-02D evidence redaction rejects symbolic links under the output root
ok 18 - AUD-02D evidence redaction rejects symbolic links under the output root
  ---
  duration_ms: 5.478583
  type: 'test'
  ...
# Subtest: AUD-02D evidence scan removes later unsafe credential files after an earlier directory symlink
ok 19 - AUD-02D evidence scan removes later unsafe credential files after an earlier directory symlink
  ---
  duration_ms: 38.780375
  type: 'test'
  ...
# Subtest: AUD-02D matrix is exactly bound to the nine-track candidate lock
ok 20 - AUD-02D matrix is exactly bound to the nine-track candidate lock
  ---
  duration_ms: 4.81125
  type: 'test'
  ...
# Subtest: Custom Practice matrix includes every 10/20/40 by timing combination
ok 21 - Custom Practice matrix includes every 10/20/40 by timing combination
  ---
  duration_ms: 0.538458
  type: 'test'
  ...
# Subtest: coordinating runner binds every case to clean sources, one install, native identity and stable bundle bytes
ok 22 - coordinating runner binds every case to clean sources, one install, native identity and stable bundle bytes
  ---
  duration_ms: 3.987959
  type: 'test'
  ...
# Subtest: AUD-02D validates smoke profile for Metro and owns active backend through pre-premium runtime cases
ok 23 - AUD-02D validates smoke profile for Metro and owns active backend through pre-premium runtime cases
  ---
  duration_ms: 3.046333
  type: 'test'
  ...
# Subtest: AUD-02D non-exam premium runners receive their declared premium flows
ok 24 - AUD-02D non-exam premium runners receive their declared premium flows
  ---
  duration_ms: 2.740041
  type: 'test'
  ...
# Subtest: AUD-02D resolves and validates the exact local Expo iOS AppEntry launch asset
ok 25 - AUD-02D resolves and validates the exact local Expo iOS AppEntry launch asset
  ---
  duration_ms: 3.058916
  type: 'test'
  ...
# Subtest: smoke entitlement probe exchanges ordinary auth for a generation-pinned token without persisting secrets
ok 26 - smoke entitlement probe exchanges ordinary auth for a generation-pinned token without persisting secrets
  ---
  duration_ms: 0.916458
  type: 'test'
  ...
# Subtest: smoke auth errors persist only HTTP status and safe error.code
ok 27 - smoke auth errors persist only HTTP status and safe error.code
  ---
  duration_ms: 3.2915
  type: 'test'
  ...
# Subtest: AUD-02D Maestro flows cover track readiness and all setup selectors before session start
ok 28 - AUD-02D Maestro flows cover track readiness and all setup selectors before session start
  ---
  duration_ms: 17.22325
  type: 'test'
  ...
# Subtest: auth preflight extended waits are recorded and flows without assertions remain rejected
ok 29 - auth preflight extended waits are recorded and flows without assertions remain rejected
  ---
  duration_ms: 9.5495
  type: 'test'
  ...
# Subtest: feedback lifecycle flows resume, complete ten answers and open the result review
ok 30 - feedback lifecycle flows resume, complete ten answers and open the result review
  ---
  duration_ms: 40.334041
  type: 'test'
  ...
# Subtest: result review selects the caller-provided question while retaining its occurrence root
ok 31 - result review selects the caller-provided question while retaining its occurrence root
  ---
  duration_ms: 14.870709
  type: 'test'
  ...
# Subtest: all new AUD-02D Maestro YAML documents parse and contain executable assertion commands
ok 32 - all new AUD-02D Maestro YAML documents parse and contain executable assertion commands
  ---
  duration_ms: 37.513042
  type: 'test'
  ...
# Subtest: Expo and npm expose one canonical Patternly identity
ok 33 - Expo and npm expose one canonical Patternly identity
  ---
  duration_ms: 4.301042
  type: 'test'
  ...
# Subtest: RC runners, runtime-audit URLs, and every Maestro flow share the Patternly identity
ok 34 - RC runners, runtime-audit URLs, and every Maestro flow share the Patternly identity
  ---
  duration_ms: 15.6985
  type: 'test'
  ...
# Subtest: build identity cutover leaves canonical learning-data keys unchanged
ok 35 - build identity cutover leaves canonical learning-data keys unchanged
  ---
  duration_ms: 0.375333
  type: 'test'
  ...
# Subtest: sandbox builds validate the same closed public environment schema as the installed app
ok 36 - sandbox builds validate the same closed public environment schema as the installed app
  ---
  duration_ms: 4.282208
  type: 'test'
  ...
# Subtest: runtime mode is explicit and persists in public Expo config
ok 37 - runtime mode is explicit and persists in public Expo config
  ---
  duration_ms: 0.774
  type: 'test'
  ...
# Subtest: sandbox and release reject mode/configuration mismatches
ok 38 - sandbox and release reject mode/configuration mismatches
  ---
  duration_ms: 0.437042
  type: 'test'
  ...
# Subtest: release app config always rejects the checked-in public legal payload
ok 39 - release app config always rejects the checked-in public legal payload
  ---
  duration_ms: 2.991417
  type: 'test'
  ...
# Subtest: release public legal links use the configured public environment parser and match the legal record
ok 40 - release public legal links use the configured public environment parser and match the legal record
  ---
  duration_ms: 1.104833
  type: 'test'
  ...
# Subtest: smoke is explicit, locally bound, and permits debug App Check
ok 41 - smoke is explicit, locally bound, and permits debug App Check
  ---
  duration_ms: 0.530708
  type: 'test'
  ...
# Subtest: remote artifacts require their public Firebase configuration before prebuild
ok 42 - remote artifacts require their public Firebase configuration before prebuild
  ---
  duration_ms: 0.65725
  type: 'test'
  ...
# Subtest: only iOS remote artifacts require the public RevenueCat Apple SDK key before prebuild
ok 43 - only iOS remote artifacts require the public RevenueCat Apple SDK key before prebuild
  ---
  duration_ms: 0.471042
  type: 'test'
  ...
# Subtest: remote artifacts require production App Check providers before prebuild
ok 44 - remote artifacts require production App Check providers before prebuild
  ---
  duration_ms: 0.572084
  type: 'test'
  ...
# Subtest: sandbox and release accept only production App Check provider pairs
ok 45 - sandbox and release accept only production App Check provider pairs
  ---
  duration_ms: 7.693208
  type: 'test'
  ...
# Subtest: sandbox uses the one tracked native Firebase registration while release requires production file variables
ok 46 - sandbox uses the one tracked native Firebase registration while release requires production file variables
  ---
  duration_ms: 0.4145
  type: 'test'
  ...
# Subtest: explicit iOS sandbox and release require iOS configuration and ignore Android-only configuration
ok 47 - explicit iOS sandbox and release require iOS configuration and ignore Android-only configuration
  ---
  duration_ms: 1.147458
  type: 'test'
  ...
# Subtest: explicit Android sandbox and release require Android configuration and ignore iOS-only configuration
ok 48 - explicit Android sandbox and release require Android configuration and ignore iOS-only configuration
  ---
  duration_ms: 0.996958
  type: 'test'
  ...
# Subtest: without an explicit native target, sandbox and release require both platform configurations
ok 49 - without an explicit native target, sandbox and release require both platform configurations
  ---
  duration_ms: 2.842334
  type: 'test'
  ...
# Subtest: explicit iOS and Android builds always require shared Firebase public configuration
ok 50 - explicit iOS and Android builds always require shared Firebase public configuration
  ---
  duration_ms: 0.80575
  type: 'test'
  ...
# Subtest: candidate lock binds the exact nine bundled artifacts
ok 51 - candidate lock binds the exact nine bundled artifacts
  ---
  duration_ms: 4.798916
  type: 'test'
  ...
# Subtest: candidate lock rejects bundled bytes outside the candidate
ok 52 - candidate lock rejects bundled bytes outside the candidate
  ---
  duration_ms: 8.905292
  type: 'test'
  ...
# Subtest: Metro selects Certification Exam review fixtures only in smoke and keeps disabled peer inert
ok 53 - Metro selects Certification Exam review fixtures only in smoke and keeps disabled peer inert
  ---
  duration_ms: 667.405208
  type: 'test'
  ...
# Subtest: QA installs the frontend lock before native and root verification
ok 54 - QA installs the frontend lock before native and root verification
  ---
  duration_ms: 0.662792
  type: 'test'
  ...
# Subtest: EAS release configuration has explicit version, runtime, and channel policy
ok 55 - EAS release configuration has explicit version, runtime, and channel policy
  ---
  duration_ms: 1.319125
  type: 'test'
  ...
# Subtest: EAS source archives exclude generated native output, artifacts, and credentials
ok 56 - EAS source archives exclude generated native output, artifacts, and credentials
  ---
  duration_ms: 0.334167
  type: 'test'
  ...
# Subtest: production exporter rejects the current incomplete canonical source before creating output
ok 57 - production exporter rejects the current incomplete canonical source before creating output
  ---
  duration_ms: 366.376916
  type: 'test'
  ...
# Subtest: synthetic seven-locale artifacts are marked unapproved and contain complete, interpolated drafts
ok 58 - synthetic seven-locale artifacts are marked unapproved and contain complete, interpolated drafts
  ---
  duration_ms: 14.267042
  type: 'test'
  ...
# Subtest: app legal exports retain the same output as parameterized template rendering
ok 59 - app legal exports retain the same output as parameterized template rendering
  ---
  duration_ms: 1.361917
  type: 'test'
  ...
# Subtest: release gate and exporter use the same canonical source fingerprint
ok 60 - release gate and exporter use the same canonical source fingerprint
  ---
  duration_ms: 630.696375
  type: 'test'
  ...
# Subtest: launch readiness CI is the complete exact-four-SHA owning gate
ok 61 - launch readiness CI is the complete exact-four-SHA owning gate
  ---
  duration_ms: 4.870791
  type: 'test'
  ...
# Subtest: mutations of any required SHA input fail closed
ok 62 - mutations of any required SHA input fail closed
  ---
  duration_ms: 9.201375
  type: 'test'
  ...
# Subtest: mutations of each fixed repository slug, ref, path and fetch depth fail closed
ok 63 - mutations of each fixed repository slug, ref, path and fetch depth fail closed
  ---
  duration_ms: 4.640375
  type: 'test'
  ...
# Subtest: mutations of historical lock resolution or app content roots fail closed
ok 64 - mutations of historical lock resolution or app content roots fail closed
  ---
  duration_ms: 5.146917
  type: 'test'
  ...
# Subtest: mutations of every exact-head or clean-worktree assertion fail closed
ok 65 - mutations of every exact-head or clean-worktree assertion fail closed
  ---
  duration_ms: 4.73425
  type: 'test'
  ...
# Subtest: mutations of toolchain and every npm ci owning gate fail closed
ok 66 - mutations of toolchain and every npm ci owning gate fail closed
  ---
  duration_ms: 14.3295
  type: 'test'
  ...
# Subtest: mutations of the web server wait, base URL and cleanup fail closed
ok 67 - mutations of the web server wait, base URL and cleanup fail closed
  ---
  duration_ms: 4.468209
  type: 'test'
  ...
# Subtest: mutations of backend sibling roots and content/web gate commands fail closed
ok 68 - mutations of backend sibling roots and content/web gate commands fail closed
  ---
  duration_ms: 2.424375
  type: 'test'
  ...
# Subtest: mutations of manifest creation, verification and enforced release fail closed
ok 69 - mutations of manifest creation, verification and enforced release fail closed
  ---
  duration_ms: 4.114459
  type: 'test'
  ...
# Subtest: mutations of JSON validation, unconditional uploads and final outcome enforcement fail closed
ok 70 - mutations of JSON validation, unconditional uploads and final outcome enforcement fail closed
  ---
  duration_ms: 5.351833
  type: 'test'
  ...
# Subtest: moving candidate refs, write permissions or secrets fail closed
ok 71 - moving candidate refs, write permissions or secrets fail closed
  ---
  duration_ms: 1.138417
  type: 'test'
  ...
# Subtest: Metro selects proposal fixtures only in the smoke runtime
ok 72 - Metro selects proposal fixtures only in the smoke runtime
  ---
  duration_ms: 578.694209
  type: 'test'
  ...
# Subtest: one journal contract, materializer, verifier, and coordinator remain
ok 73 - one journal contract, materializer, verifier, and coordinator remain
  ---
  duration_ms: 1.038834
  type: 'test'
  ...
# Subtest: mutation failure has one boundary owner and presentation cannot recreate durable state
ok 74 - mutation failure has one boundary owner and presentation cannot recreate durable state
  ---
  duration_ms: 42.705291
  type: 'test'
  ...
# Subtest: features and track semantics cannot import storage or repository implementations
ok 75 - features and track semantics cannot import storage or repository implementations
  ---
  duration_ms: 6.158375
  type: 'test'
  ...
# Subtest: Algorithms runtime composition has no persistence binding
ok 76 - Algorithms runtime composition has no persistence binding
  ---
  duration_ms: 0.472625
  type: 'test'
  ...
# Subtest: Coding Interview read projections do not create a barrel cycle through the session facade
ok 77 - Coding Interview read projections do not create a barrel cycle through the session facade
  ---
  duration_ms: 0.170292
  type: 'test'
  ...
# Subtest: one family-neutral foreground timer is bound only in application composition, never in presentation
ok 78 - one family-neutral foreground timer is bound only in application composition, never in presentation
  ---
  duration_ms: 6.283708
  type: 'test'
  ...
# Subtest: training-session identity has one lifecycle authority and no obsolete runtime port
ok 79 - training-session identity has one lifecycle authority and no obsolete runtime port
  ---
  duration_ms: 3.847791
  type: 'test'
  ...
# Subtest: old active exam persistence owner and feature services are deleted
ok 80 - old active exam persistence owner and feature services are deleted
  ---
  duration_ms: 36.448667
  type: 'test'
  ...
# Subtest: Certification answers cannot recreate the deleted selector or competing writer
ok 81 - Certification answers cannot recreate the deleted selector or competing writer
  ---
  duration_ms: 34.603625
  type: 'test'
  ...
# Subtest: Certification presentation reads materialized feedback without owning family scoring
ok 82 - Certification presentation reads materialized feedback without owning family scoring
  ---
  duration_ms: 33.191584
  type: 'test'
  ...
# Subtest: Certification durable Practice state has one exact projection, recovery command, and shared notice mapper
ok 83 - Certification durable Practice state has one exact projection, recovery command, and shared notice mapper
  ---
  duration_ms: 0.889791
  type: 'test'
  ...
# Subtest: Certification route handoffs use exact resume intent and cannot hide failures behind start fallbacks
ok 84 - Certification route handoffs use exact resume intent and cannot hide failures behind start fallbacks
  ---
  duration_ms: 2.644667
  type: 'test'
  ...
# Subtest: presentation routes use application ports without persistence internals
ok 85 - presentation routes use application ports without persistence internals
  ---
  duration_ms: 18.054958
  type: 'test'
  ...
# Subtest: startup recovery uses canonical bootstrap recovery
ok 86 - startup recovery uses canonical bootstrap recovery
  ---
  duration_ms: 0.114375
  type: 'test'
  ...
# Subtest: release-native configuration excludes canonical learning storage from backup and unneeded ingress
ok 87 - release-native configuration excludes canonical learning storage from backup and unneeded ingress
  ---
  duration_ms: 0.763792
  type: 'test'
  ...
# Subtest: Android privacy transforms are reproducible without generated native projects
ok 88 - Android privacy transforms are reproducible without generated native projects
  ---
  duration_ms: 0.845791
  type: 'test'
  ...
# Subtest: iOS backup transform is reproducible without a generated AppDelegate
ok 89 - iOS backup transform is reproducible without a generated AppDelegate
  ---
  duration_ms: 0.105916
  type: 'test'
  ...
# Subtest: clean iOS output declares current data collection without tracking or remote notifications
ok 90 - clean iOS output declares current data collection without tracking or remote notifications
  ---
  duration_ms: 6.03375
  type: 'test'
  ...
# Subtest: Expo platform configuration declares the supported phone-only native matrix
ok 91 - Expo platform configuration declares the supported phone-only native matrix
  ---
  duration_ms: 3.556
  type: 'test'
  ...
# Subtest: Premium node offers and their local fixture transport share one smoke-only Metro module
ok 92 - Premium node offers and their local fixture transport share one smoke-only Metro module
  ---
  duration_ms: 529.887458
  type: 'test'
  ...
# Subtest: release Metro source selections cannot expose the local Premium offer or payload
ok 93 - release Metro source selections cannot expose the local Premium offer or payload
  ---
  duration_ms: 18.655542
  type: 'test'
  ...
# Subtest: provider auth fixture runtime resolves to smoke implementation only for smoke
ok 94 - provider auth fixture runtime resolves to smoke implementation only for smoke
  ---
  duration_ms: 494.498417
  type: 'test'
  ...
# Subtest: non-smoke provider fixture peer contains no token-generation or provider-auth SDK calls
ok 95 - non-smoke provider fixture peer contains no token-generation or provider-auth SDK calls
  ---
  duration_ms: 12.859791
  type: 'test'
  ...
# Subtest: mobile recovery coordinator, secure-store fixture and adapter complete real HTTP recovery operations
ok 96 - mobile recovery coordinator, secure-store fixture and adapter complete real HTTP recovery operations # SKIP
  ---
  duration_ms: 1.239791
  type: 'test'
  ...
# Subtest: HTTP session revoke conflicts with an unacknowledged recovery result and succeeds after its ACK
ok 97 - HTTP session revoke conflicts with an unacknowledged recovery result and succeeds after its ACK # SKIP
  ---
  duration_ms: 0.214041
  type: 'test'
  ...
# Subtest: same-operation concurrent HTTP recovery consumes return the persisted real Admin winner
ok 98 - same-operation concurrent HTTP recovery consumes return the persisted real Admin winner # SKIP
  ---
  duration_ms: 0.137834
  type: 'test'
  ...
# Subtest: HTTP account deletion supersedes an unacknowledged recovery result and removes its proof-bound data
ok 99 - HTTP account deletion supersedes an unacknowledged recovery result and removes its proof-bound data # SKIP
  ---
  duration_ms: 0.111792
  type: 'test'
  ...
# Subtest: launch readiness report is deterministic and exposes the unresolved release blockers
ok 100 - launch readiness report is deterministic and exposes the unresolved release blockers
  ---
  duration_ms: 1040.519458
  type: 'test'
  ...
# Subtest: release readiness reports missing, malformed, and complete public legal configuration safely
ok 101 - release readiness reports missing, malformed, and complete public legal configuration safely
  ---
  duration_ms: 3618.304334
  type: 'test'
  ...
# Subtest: launch readiness rejects a forged runtime admission
ok 102 - launch readiness rejects a forged runtime admission
  ---
  duration_ms: 727.957916
  type: 'test'
  ...
# Subtest: release gate fails while the readiness report contains blockers
ok 103 - release gate fails while the readiness report contains blockers
  ---
  duration_ms: 642.898791
  type: 'test'
  ...
# Subtest: enforced release gate requires a verified four-repository manifest
ok 104 - enforced release gate requires a verified four-repository manifest
  ---
  duration_ms: 641.440959
  type: 'test'
  ...
# Subtest: launch readiness fails closed when the content evidence checkout is dirty
ok 105 - launch readiness fails closed when the content evidence checkout is dirty
  ---
  duration_ms: 267.081334
  type: 'test'
  ...
# Subtest: explicit report output is written after inspection and does not dirty either worktree
ok 106 - explicit report output is written after inspection and does not dirty either worktree
  ---
  duration_ms: 922.850625
  type: 'test'
  ...
# Subtest: owning validator rejects stale identity and malformed readiness semantics
ok 107 - owning validator rejects stale identity and malformed readiness semantics
  ---
  duration_ms: 5431.883583
  type: 'test'
  ...
# Subtest: enforced mode still writes a valid report before returning exit 1
ok 108 - enforced mode still writes a valid report before returning exit 1
  ---
  duration_ms: 910.247916
  type: 'test'
  ...
# Subtest: CLI rejects malformed arguments and physical output paths inside either worktree
ok 109 - CLI rejects malformed arguments and physical output paths inside either worktree
  ---
  duration_ms: 1318.933542
  type: 'test'
  ...
# Subtest: launch readiness fails closed when the application release lock provenance is invalid
ok 110 - launch readiness fails closed when the application release lock provenance is invalid
  ---
  duration_ms: 709.2125
  type: 'test'
  ...
# Subtest: launch readiness fails closed when the application evidence checkout is dirty
ok 111 - launch readiness fails closed when the application evidence checkout is dirty
  ---
  duration_ms: 763.687084
  type: 'test'
  ...
# Subtest: launch readiness admits external evidence only when its envelope is bound and self-integral
ok 112 - launch readiness admits external evidence only when its envelope is bound and self-integral
  ---
  duration_ms: 2306.514584
  type: 'test'
  ...
# Subtest: physical-device evidence is optional through freeze and mandatory at go
ok 113 - physical-device evidence is optional through freeze and mandatory at go
  ---
  duration_ms: 2444.871042
  type: 'test'
  ...
# Subtest: stage contract keeps PO, provider, store, and device evidence out of local and freeze
ok 114 - stage contract keeps PO, provider, store, and device evidence out of local and freeze
  ---
  duration_ms: 2535.797583
  type: 'test'
  ...
# Subtest: creates deterministic portable identity with repositories, locks, build, configuration, and evidence
ok 115 - creates deterministic portable identity with repositories, locks, build, configuration, and evidence
  ---
  duration_ms: 3755.464958
  type: 'test'
  ...
# Subtest: verifies exact HEADs, clean worktrees, hashes and current content/OpenAPI owning checks
ok 116 - verifies exact HEADs, clean worktrees, hashes and current content/OpenAPI owning checks
  ---
  duration_ms: 2384.096542
  type: 'test'
  ...
# Subtest: CLI create output can be copied to another external directory and verified
ok 117 - CLI create output can be copied to another external directory and verified
  ---
  duration_ms: 4070.562917
  type: 'test'
  ...
# Subtest: enforced releaseGate reports a verified manifest identity without absolute paths
ok 118 - enforced releaseGate reports a verified manifest identity without absolute paths
  ---
  duration_ms: 2506.220583
  type: 'test'
  ...
# Subtest: releaseGate accepts only a physical receipt for the exact embedded manifest and build
ok 119 - releaseGate accepts only a physical receipt for the exact embedded manifest and build
  ---
  duration_ms: 6822.7025
  type: 'test'
  ...
# Subtest: runtime receipt rejects every mismatch with the verified embedded artifact
ok 120 - runtime receipt rejects every mismatch with the verified embedded artifact
  ---
  duration_ms: 0.743208
  type: 'test'
  ...
# Subtest: enforced releaseGate writes portable reports for invalid and missing manifests
ok 121 - enforced releaseGate writes portable reports for invalid and missing manifests
  ---
  duration_ms: 1460.029083
  type: 'test'
  ...
# Subtest: rejects missing, extra and duplicate repository roles plus the legacy two-SHA shape
ok 122 - rejects missing, extra and duplicate repository roles plus the legacy two-SHA shape
  ---
  duration_ms: 3.85975
  type: 'test'
  ...
# Subtest: rejects wrong manifest identity, stale candidate/track scope and wrong repository SHA
ok 123 - rejects wrong manifest identity, stale candidate/track scope and wrong repository SHA
  ---
  duration_ms: 811.618084
  type: 'test'
  ...
# Subtest: rejects modified evidence before accepting a portable reference
ok 124 - rejects modified evidence before accepting a portable reference
  ---
  duration_ms: 406.864083
  type: 'test'
  ...
# Subtest: rejects changed iOS build, public configuration, and signing evidence bytes
ok 125 - rejects changed iOS build, public configuration, and signing evidence bytes
  ---
  duration_ms: 1749.611708
  type: 'test'
  ...
# Subtest: rejects absolute, traversal and symlink references
ok 126 - rejects absolute, traversal and symlink references
  ---
  duration_ms: 2.353
  type: 'test'
  ...
# Subtest: rejects dirty repositories and output paths inside or through symlinked parents
ok 127 - rejects dirty repositories and output paths inside or through symlinked parents
  ---
  duration_ms: 34.304791
  type: 'test'
  ...
# Subtest: local profile dotenv parser has no process side effect
ok 128 - local profile dotenv parser has no process side effect
  ---
  duration_ms: 4.206875
  type: 'test'
  ...
# Subtest: the default iOS command uses the local profile and sandbox remains explicit
ok 129 - the default iOS command uses the local profile and sandbox remains explicit
  ---
  duration_ms: 0.219834
  type: 'test'
  ...
# Subtest: smoke profile requires explicit matching local E2E endpoints
ok 130 - smoke profile requires explicit matching local E2E endpoints
  ---
  duration_ms: 1.61
  type: 'test'
  ...
# Subtest: sandbox profile rejects every local auth override
ok 131 - sandbox profile rejects every local auth override
  ---
  duration_ms: 0.134958
  type: 'test'
  ...
# Subtest: smoke emulator probe reports profile, origin, and action on failure
ok 132 - smoke emulator probe reports profile, origin, and action on failure
  ---
  duration_ms: 0.418458
  type: 'test'
  ...
# Subtest: Auth probe requires the documented emulator configuration response
ok 133 - Auth probe requires the documented emulator configuration response
  ---
  duration_ms: 0.204958
  type: 'test'
  ...
# Subtest: API readiness waits for dependencies and rejects false checks
ok 134 - API readiness waits for dependencies and rejects false checks
  ---
  duration_ms: 7.379792
  type: 'test'
  ...
# Subtest: failed smoke preflight cannot spawn Expo
ok 135 - failed smoke preflight cannot spawn Expo
  ---
  duration_ms: 5007.809167
  type: 'test'
  ...
# Subtest: sync replaces the whole generated directory with an exact validated set
ok 136 - sync replaces the whole generated directory with an exact validated set
  ---
  duration_ms: 103.8625
  type: 'test'
  ...
# Subtest: sync accepts a complete GCP Exam envelope inside the artifact lock boundary
ok 137 - sync accepts a complete GCP Exam envelope inside the artifact lock boundary
  ---
  duration_ms: 62.245375
  type: 'test'
  ...
# Subtest: sync accepts the exact Coding Mock profile with its ordered 40-question pool
ok 138 - sync accepts the exact Coding Mock profile with its ordered 40-question pool
  ---
  duration_ms: 49.043791
  type: 'test'
  ...
# Subtest: sync accepts and preserves each exact per-track Design Interview simulation profile
ok 139 - sync accepts and preserves each exact per-track Design Interview simulation profile
  ---
  duration_ms: 56.851834
  type: 'test'
  ...
# Subtest: sync rejects Design profile identity, deadline, stage, response, criterion, rubric, and scoring drift
ok 140 - sync rejects Design profile identity, deadline, stage, response, criterion, rubric, and scoring drift
  ---
  duration_ms: 210.093041
  type: 'test'
  ...
# Subtest: sync rejects Coding Mock profiles that drift from the declared strict contract
ok 141 - sync rejects Coding Mock profiles that drift from the declared strict contract
  ---
  duration_ms: 215.121208
  type: 'test'
  ...
# Subtest: sync continues to accept a legacy GCP artifact without simulation metadata
ok 142 - sync continues to accept a legacy GCP artifact without simulation metadata
  ---
  duration_ms: 66.812958
  type: 'test'
  ...
# Subtest: sync rejects malformed GCP profiles before replacing the target even when lock SHA is recomputed
ok 143 - sync rejects malformed GCP profiles before replacing the target even when lock SHA is recomputed
  ---
  duration_ms: 286.621625
  type: 'test'
  ...
# Subtest: check mode proves byte parity and never writes inside the application root
ok 144 - check mode proves byte parity and never writes inside the application root
  ---
  duration_ms: 125.9915
  type: 'test'
  ...
# Subtest: check fails on byte drift without repairing it
ok 145 - check fails on byte drift without repairing it
  ---
  duration_ms: 97.051791
  type: 'test'
  ...
# Subtest: producer failure preserves the existing complete target and cleans staging
ok 146 - producer failure preserves the existing complete target and cleans staging
  ---
  duration_ms: 62.078375
  type: 'test'
  ...
# Subtest: failed second rename rolls back the previous directory
ok 147 - failed second rename rolls back the previous directory
  ---
  duration_ms: 103.904958
  type: 'test'
  ...
# Subtest: an interrupted target-to-backup move is recovered before replacement
ok 148 - an interrupted target-to-backup move is recovered before replacement
  ---
  duration_ms: 91.714042
  type: 'test'
  ...
# Subtest: validation rejects extra files, duplicate IDs, tampering, and symlink entries
ok 149 - validation rejects extra files, duplicate IDs, tampering, and symlink entries
  ---
  duration_ms: 189.355459
  type: 'test'
  ...
# Subtest: validation rejects a missing or misnamed artifact and an unsorted lock
ok 150 - validation rejects a missing or misnamed artifact and an unsorted lock
  ---
  duration_ms: 18.626458
  type: 'test'
  ...
# Subtest: failed first rename preserves the target byte-for-byte and leaves no transaction debris
ok 151 - failed first rename preserves the target byte-for-byte and leaves no transaction debris
  ---
  duration_ms: 77.739083
  type: 'test'
  ...
# Subtest: a symlinked target parent fails before staging and cannot write outside appRoot
ok 152 - a symlinked target parent fails before staging and cannot write outside appRoot
  ---
  duration_ms: 16.247084
  type: 'test'
  ...
# Subtest: dirty producer state fails before build or application write
ok 153 - dirty producer state fails before build or application write
  ---
  duration_ms: 17.009916
  type: 'test'
  ...
# Subtest: check rejects a temporary root inside appRoot before any app-tree write
ok 154 - check rejects a temporary root inside appRoot before any app-tree write
  ---
  duration_ms: 84.603
  type: 'test'
  ...
# CONTENT_BOUNDARY_CHECK=passed
# Subtest: content boundary rejects global fetch ingress but ignores property fetch methods
ok 155 - content boundary rejects global fetch ingress but ignores property fetch methods
  ---
  duration_ms: 0.6285
  type: 'test'
  ...
# Subtest: content boundary rejects legacy identity types and fields in active runtime code
ok 156 - content boundary rejects legacy identity types and fields in active runtime code
  ---
  duration_ms: 0.152
  type: 'test'
  ...
# Subtest: content boundary rejects legacy published-bank contracts and family catalogs
ok 157 - content boundary rejects legacy published-bank contracts and family catalogs
  ---
  duration_ms: 0.135958
  type: 'test'
  ...
# Subtest: content boundary permits legacy shape only at fail-closed boundaries
ok 158 - content boundary permits legacy shape only at fail-closed boundaries
  ---
  duration_ms: 1.2695
  type: 'test'
  ...
# Subtest: content boundary never permits removed family architecture through explicit allowlists
ok 159 - content boundary never permits removed family architecture through explicit allowlists
  ---
  duration_ms: 0.108708
  type: 'test'
  ...
# Subtest: content boundary permits quoted legacy keys used only by fail-closed rejection guards
ok 160 - content boundary permits quoted legacy keys used only by fail-closed rejection guards
  ---
  duration_ms: 0.058584
  type: 'test'
  ...
# Subtest: recognizes only an enumerated ContentPreparationGate state
ok 161 - recognizes only an enumerated ContentPreparationGate state
  ---
  duration_ms: 0.606042
  type: 'test'
  ...
# Subtest: waits through transient hierarchy failures and returns once a gate state is visible
ok 162 - waits through transient hierarchy failures and returns once a gate state is visible
  ---
  duration_ms: 0.153416
  type: 'test'
  ...
# Subtest: fails closed at the bounded deadline when no gate state is visible
ok 163 - fails closed at the bounded deadline when no gate state is visible
  ---
  duration_ms: 0.259125
  type: 'test'
  ...
# Subtest: deletion authorization expires, binds both UID and generation, and cannot be replayed
ok 164 - deletion authorization expires, binds both UID and generation, and cannot be replayed
  ---
  duration_ms: 0.880625
  type: 'test'
  ...
# Subtest: deletion authorization reports a live grant without consuming it
ok 165 - deletion authorization reports a live grant without consuming it
  ---
  duration_ms: 0.154834
  type: 'test'
  ...
# Subtest: foreground refresh guard skips only a current live deletion grant
ok 166 - foreground refresh guard skips only a current live deletion grant
  ---
  duration_ms: 0.115208
  type: 'test'
  ...
# Subtest: a foreground refresh queued behind prepareDeletion skips the issued grant without consuming it
ok 167 - a foreground refresh queued behind prepareDeletion skips the issued grant without consuming it
  ---
  duration_ms: 2.540041
  type: 'test'
  ...
# Subtest: wrong reauthentication never issues a deletion grant or reaches deletion
ok 168 - wrong reauthentication never issues a deletion grant or reaches deletion
  ---
  duration_ms: 0.330584
  type: 'test'
  ...
# Subtest: a session change after reauthentication prevents grant issuance
ok 169 - a session change after reauthentication prevents grant issuance
  ---
  duration_ms: 0.240958
  type: 'test'
  ...
# Subtest: deletion authorization prepares the backend session after reauthentication and before issuing the grant
ok 170 - deletion authorization prepares the backend session after reauthentication and before issuing the grant
  ---
  duration_ms: 0.348583
  type: 'test'
  ...
# Subtest: deletion authorization fails closed when backend session preparation fails
ok 171 - deletion authorization fails closed when backend session preparation fails
  ---
  duration_ms: 0.294
  type: 'test'
  ...
# Subtest: deletion authorization fails closed when the session changes during backend session preparation
ok 172 - deletion authorization fails closed when the session changes during backend session preparation
  ---
  duration_ms: 0.660791
  type: 'test'
  ...
# Subtest: verify-before email mutation reports pending work while the current email stays unchanged
ok 173 - verify-before email mutation reports pending work while the current email stays unchanged
  ---
  duration_ms: 0.620042
  type: 'test'
  ...
# Subtest: password mutation failures remain failures after successful reauthentication
ok 174 - password mutation failures remain failures after successful reauthentication
  ---
  duration_ms: 0.140083
  type: 'test'
  ...
# Subtest: sensitive command lane rejects a concurrent different command
ok 175 - sensitive command lane rejects a concurrent different command
  ---
  duration_ms: 0.323625
  type: 'test'
  ...
# Subtest: a second login waits until the first account's Firebase sign-out settles
ok 176 - a second login waits until the first account's Firebase sign-out settles
  ---
  duration_ms: 0.194125
  type: 'test'
  ...
# Subtest: sensitive command lane waits for an active command only through the refresh path
ok 177 - sensitive command lane waits for an active command only through the refresh path
  ---
  duration_ms: 0.092583
  type: 'test'
  ...
# Subtest: waiting refresh drains a command that starts at the idle microtask boundary
ok 178 - waiting refresh drains a command that starts at the idle microtask boundary
  ---
  duration_ms: 0.128875
  type: 'test'
  ...
# Subtest: an active refresh settles before a command claims the lane, even when refresh fails
ok 179 - an active refresh settles before a command claims the lane, even when refresh fails
  ---
  duration_ms: 0.123542
  type: 'test'
  ...
# Subtest: two commands waiting for one refresh leave only the first command admitted
ok 180 - two commands waiting for one refresh leave only the first command admitted
  ---
  duration_ms: 0.099833
  type: 'test'
  ...
# Subtest: refresh holds are refcounted and idempotent while explicit commands remain available
ok 181 - refresh holds are refcounted and idempotent while explicit commands remain available
  ---
  duration_ms: 0.113875
  type: 'test'
  ...
# Subtest: prompt hold lifecycle releases exactly once across success, cancel, error, and unmount paths
ok 182 - prompt hold lifecycle releases exactly once across success, cancel, error, and unmount paths
  ---
  duration_ms: 0.078083
  type: 'test'
  ...
# Subtest: a prompt callback can submit during a refresh hold before its queued foreground refresh
ok 183 - a prompt callback can submit during a refresh hold before its queued foreground refresh
  ---
  duration_ms: 0.265708
  type: 'test'
  ...
# Subtest: a prompt callback during an active refresh keeps queued refresh and submit serialized
ok 184 - a prompt callback during an active refresh keeps queued refresh and submit serialized
  ---
  duration_ms: 0.166792
  type: 'test'
  ...
# Subtest: auth command composition keeps provider credentials and hold-only deletion wiring
ok 185 - auth command composition keeps provider credentials and hold-only deletion wiring
  ---
  duration_ms: 1.090625
  type: 'test'
  ...
# Subtest: account snapshot and outbox use one exact canonical identity contract
ok 186 - account snapshot and outbox use one exact canonical identity contract
  ---
  duration_ms: 13.5055
  type: 'test'
  ...
# Subtest: stored account state rejects removed protocol and content schema fields
ok 187 - stored account state rejects removed protocol and content schema fields
  ---
  duration_ms: 0.823791
  type: 'test'
  ...
# Subtest: guest adoption choice is canonical and survives a durable reread
ok 188 - guest adoption choice is canonical and survives a durable reread
  ---
  duration_ms: 0.730041
  type: 'test'
  ...
# Subtest: stored account state fails closed instead of assigning missing outbox sequence
ok 189 - stored account state fails closed instead of assigning missing outbox sequence
  ---
  duration_ms: 5.262792
  type: 'test'
  ...
# Subtest: account export distinguishes recent authentication, revoked sessions, transport, limits, and 5xx
ok 190 - account export distinguishes recent authentication, revoked sessions, transport, limits, and 5xx
  ---
  duration_ms: 1.932125
  type: 'test'
  ...
# Subtest: validates the account export envelope before any file is created
ok 191 - validates the account export envelope before any file is created
  ---
  duration_ms: 1.678708
  type: 'test'
  ...
# Subtest: rejects partial profiles and malformed section entries
ok 192 - rejects partial profiles and malformed section entries
  ---
  duration_ms: 0.238459
  type: 'test'
  ...
# Subtest: writes to the cache-prefixed filename and deletes after sharing
ok 193 - writes to the cache-prefixed filename and deletes after sharing
  ---
  duration_ms: 0.140416
  type: 'test'
  ...
# Subtest: deletes the temporary file when the share sheet rejects
ok 194 - deletes the temporary file when the share sheet rejects
  ---
  duration_ms: 0.169417
  type: 'test'
  ...
# Subtest: does not create a file when system sharing is unavailable
ok 195 - does not create a file when system sharing is unavailable
  ---
  duration_ms: 0.157125
  type: 'test'
  ...
# Subtest: classifies cache file construction failures without rejecting
ok 196 - classifies cache file construction failures without rejecting
  ---
  duration_ms: 0.091792
  type: 'test'
  ...
# Subtest: a changed account session is rejected before sharing and the file is deleted
ok 197 - a changed account session is rejected before sharing and the file is deleted
  ---
  duration_ms: 0.272209
  type: 'test'
  ...
# Subtest: reports a failed final cleanup and leaves bootstrap responsible for retry
ok 198 - reports a failed final cleanup and leaves bootstrap responsible for retry
  ---
  duration_ms: 0.099708
  type: 'test'
  ...
# Subtest: bootstrap cleanup without an active storage profile preserves all export files
ok 199 - bootstrap cleanup without an active storage profile preserves all export files
  ---
  duration_ms: 0.259667
  type: 'test'
  ...
# Subtest: account export cache cleanup is limited to the selected local profile
ok 200 - account export cache cleanup is limited to the selected local profile
  ---
  duration_ms: 0.821125
  type: 'test'
  ...
# Subtest: profile cleanup leaves legacy unscoped exports because their owner cannot be proven
ok 201 - profile cleanup leaves legacy unscoped exports because their owner cannot be proven
  ---
  duration_ms: 0.104958
  type: 'test'
  ...
# Subtest: guest-merge materialization accepts its timestamp-free contract only when active track is unambiguous
ok 202 - guest-merge materialization accepts its timestamp-free contract only when active track is unambiguous
  ---
  duration_ms: 2.102208
  type: 'test'
  ...
# Subtest: requestEmailChange preserves the global classifier and exposes only the email conflict locally
ok 203 - requestEmailChange preserves the global classifier and exposes only the email conflict locally
  ---
  duration_ms: 0.848
  type: 'test'
  ...
# Subtest: requestEmailChange keeps operational failures in their existing categories
ok 204 - requestEmailChange keeps operational failures in their existing categories
  ---
  duration_ms: 0.261583
  type: 'test'
  ...
# Subtest: requestEmailChange owns the contextual mapper without changing the Firebase client contract
ok 205 - requestEmailChange owns the contextual mapper without changing the Firebase client contract
  ---
  duration_ms: 0.3375
  type: 'test'
  ...
# Subtest: foreground scheduler coalesces duplicate active events and runs a newer return after the current refresh
ok 206 - foreground scheduler coalesces duplicate active events and runs a newer return after the current refresh
  ---
  duration_ms: 1.435542
  type: 'test'
  ...
# Subtest: foreground scheduler cleanup cancels queued work and drops stale intents
ok 207 - foreground scheduler cleanup cancels queued work and drops stale intents
  ---
  duration_ms: 0.192375
  type: 'test'
  ...
# Subtest: ODK-E2E-041 keeps a runnable guest goal to account restart journey
ok 208 - ODK-E2E-041 keeps a runnable guest goal to account restart journey
  ---
  duration_ms: 1.567958
  type: 'test'
  ...
# Subtest: ODK-E2E-041 preserves the per-track dismissal and restart proof
ok 209 - ODK-E2E-041 preserves the per-track dismissal and restart proof
  ---
  duration_ms: 0.369667
  type: 'test'
  ...
# Subtest: ODK-E2E-041 covers an existing goal on a clean device and an account without a goal
ok 210 - ODK-E2E-041 covers an existing goal on a clean device and an account without a goal
  ---
  duration_ms: 0.245833
  type: 'test'
  ...
# Subtest: ODK-E2E-041 data evidence covers identity, atomic goal-plan validation, recovery, and explicit UI states
ok 211 - ODK-E2E-041 data evidence covers identity, atomic goal-plan validation, recovery, and explicit UI states
  ---
  duration_ms: 1.981417
  type: 'test'
  ...
# Subtest: ODK-E2E-041 visual matrix maps every required journey to executable evidence
ok 212 - ODK-E2E-041 visual matrix maps every required journey to executable evidence
  ---
  duration_ms: 1.659875
  type: 'test'
  ...
# Subtest: public environment and Firebase client configuration fail closed
ok 213 - public environment and Firebase client configuration fail closed
  ---
  duration_ms: 4.594917
  type: 'test'
  ...
# Subtest: Firebase account configuration requires core fields and accepts only valid optional Google IDs
ok 214 - Firebase account configuration requires core fields and accepts only valid optional Google IDs
  ---
  duration_ms: 0.499292
  type: 'test'
  ...
# Subtest: native App Check composes either provider, both providers, or an explicit unavailable state
ok 215 - native App Check composes either provider, both providers, or an explicit unavailable state
  ---
  duration_ms: 3.272459
  type: 'test'
  ...
# Subtest: only the explicit local smoke runtime finalizes every password-identity command without verification side effects
ok 216 - only the explicit local smoke runtime finalizes every password-identity command without verification side effects
  ---
  duration_ms: 0.891
  type: 'test'
  ...
# Subtest: account entry copy makes the destructive choice and code acknowledgement explicit
ok 217 - account entry copy makes the destructive choice and code acknowledgement explicit
  ---
  duration_ms: 1.508709
  type: 'test'
  ...
# Subtest: account entry owns one terminal choice and keeps synced account controls separate
ok 218 - account entry owns one terminal choice and keeps synced account controls separate
  ---
  duration_ms: 1.683958
  type: 'test'
  ...
# Subtest: account recovery owns one status message, a truthful retry, and a sign-out exit
ok 219 - account recovery owns one status message, a truthful retry, and a sign-out exit
  ---
  duration_ms: 2.2115
  type: 'test'
  ...
# Subtest: current-account ISSUE defer requires an explicit sign-in, canonical session check, and persistent identity fence
ok 220 - current-account ISSUE defer requires an explicit sign-in, canonical session check, and persistent identity fence
  ---
  duration_ms: 0.709125
  type: 'test'
  ...
# Subtest: account recovery back action follows live navigator history
ok 221 - account recovery back action follows live navigator history
  ---
  duration_ms: 0.475084
  type: 'test'
  ...
# Subtest: signed-out sign-in presentation is independent of pending remote revocation
ok 222 - signed-out sign-in presentation is independent of pending remote revocation
  ---
  duration_ms: 1.469125
  type: 'test'
  ...
# Subtest: local sign-out persists its block before closing scope and never invokes remote preparation
ok 223 - local sign-out persists its block before closing scope and never invokes remote preparation
  ---
  duration_ms: 0.522833
  type: 'test'
  ...
# Subtest: completed sign-out cannot publish signed-out state over a newly authenticated UID
ok 224 - completed sign-out cannot publish signed-out state over a newly authenticated UID
  ---
  duration_ms: 0.249125
  type: 'test'
  ...
# Subtest: explicit login and registration Auth mutations serialize with local sign-out
ok 225 - explicit login and registration Auth mutations serialize with local sign-out
  ---
  duration_ms: 0.463875
  type: 'test'
  ...
# Subtest: restored matching logout block closes scope and remains pending until manual retry
ok 226 - restored matching logout block closes scope and remains pending until manual retry
  ---
  duration_ms: 0.660209
  type: 'test'
  ...
# Subtest: foreground identity publication keeps the latest account data and rejects stale generations
ok 227 - foreground identity publication keeps the latest account data and rejects stale generations
  ---
  duration_ms: 0.153791
  type: 'test'
  ...
# Subtest: queued identity refresh is rejected by the production guard after sign-out or UID switch
ok 228 - queued identity refresh is rejected by the production guard after sign-out or UID switch
  ---
  duration_ms: 0.318375
  type: 'test'
  ...
# Subtest: email security composition delegates refresh to the global foreground owner
ok 229 - email security composition delegates refresh to the global foreground owner
  ---
  duration_ms: 1.005875
  type: 'test'
  ...
# Subtest: the foreground owner retries plan recovery at bootstrap, reconnect, foreground, and its durable timer
ok 230 - the foreground owner retries plan recovery at bootstrap, reconnect, foreground, and its durable timer
  ---
  duration_ms: 0.225541
  type: 'test'
  ...
# Subtest: sign-in keeps guest access visible and uses the approved Google logo asset
ok 231 - sign-in keeps guest access visible and uses the approved Google logo asset
  ---
  duration_ms: 1.391208
  type: 'test'
  ...
# Subtest: registration keeps consent presentation separate from the boolean domain contract
ok 232 - registration keeps consent presentation separate from the boolean domain contract
  ---
  duration_ms: 2.674541
  type: 'test'
  ...
# Subtest: both recovery-code surfaces warn before copying through the guarded clipboard
ok 233 - both recovery-code surfaces warn before copying through the guarded clipboard
  ---
  duration_ms: 1.186292
  type: 'test'
  ...
# Subtest: unconfigured account entry never composes Google OAuth without typed provider configuration
ok 234 - unconfigured account entry never composes Google OAuth without typed provider configuration
  ---
  duration_ms: 1.434875
  type: 'test'
  ...
# Subtest: a guest transition resets navigation into the application session
ok 235 - a guest transition resets navigation into the application session
  ---
  duration_ms: 0.285042
  type: 'test'
  ...
# Subtest: secure auth persistence stores only a Firebase refresh-token-shaped record
ok 236 - secure auth persistence stores only a Firebase refresh-token-shaped record
  ---
  duration_ms: 1.015666
  type: 'test'
  ...
# Subtest: secure auth persistence isolates Firebase metadata from the saved auth user
ok 237 - secure auth persistence isolates Firebase metadata from the saved auth user
  ---
  duration_ms: 0.934792
  type: 'test'
  ...
# Subtest: startup waits for persisted auth resolution before choosing the entry screen or Home
ok 238 - startup waits for persisted auth resolution before choosing the entry screen or Home
  ---
  duration_ms: 0.773667
  type: 'test'
  ...
# Subtest: account finalization coordinator shares one in-flight and completed result per generation
ok 239 - account finalization coordinator shares one in-flight and completed result per generation
  ---
  duration_ms: 0.247
  type: 'test'
  ...
# Subtest: account finalization coordinator drops late results after invalidation and disposal
ok 240 - account finalization coordinator drops late results after invalidation and disposal
  ---
  duration_ms: 0.332625
  type: 'test'
  ...
# Subtest: read-only generation capture cannot reactivate a session during sign-out
ok 241 - read-only generation capture cannot reactivate a session during sign-out
  ---
  duration_ms: 0.087541
  type: 'test'
  ...
# Subtest: account restore has a bounded initialization recovery path
ok 242 - account restore has a bounded initialization recovery path
  ---
  duration_ms: 1.094083
  type: 'test'
  ...
# Subtest: App Check has an explicit unavailable state and never fabricates a token
ok 243 - App Check has an explicit unavailable state and never fabricates a token
  ---
  duration_ms: 0.379209
  type: 'test'
  ...
# Subtest: account failures expose explicit provider, network, expiry, and revoked-session states
ok 244 - account failures expose explicit provider, network, expiry, and revoked-session states
  ---
  duration_ms: 0.508375
  type: 'test'
  ...
# Subtest: cold account_not_found clears persisted Firebase auth or exposes a truthful sign-out retry
ok 245 - cold account_not_found clears persisted Firebase auth or exposes a truthful sign-out retry
  ---
  duration_ms: 0.338625
  type: 'test'
  ...
# Subtest: privacy requests expose App Check failures as unavailable
ok 246 - privacy requests expose App Check failures as unavailable
  ---
  duration_ms: 0.114208
  type: 'test'
  ...
# Subtest: account sync preserves known validation failures without persisting arbitrary error messages
ok 247 - account sync preserves known validation failures without persisting arbitrary error messages
  ---
  duration_ms: 7.198292
  type: 'test'
  ...
# Subtest: deletion retries after a revoked or stale session and leaves a verified local tombstone
ok 248 - deletion retries after a revoked or stale session and leaves a verified local tombstone
  ---
  duration_ms: 3.044125
  type: 'test'
  ...
# Subtest: deletion cleanup removes the complete canonical learning namespace while preserving device records and recovery markers
ok 249 - deletion cleanup removes the complete canonical learning namespace while preserving device records and recovery markers
  ---
  duration_ms: 0.418167
  type: 'test'
  ...
# Subtest: a completed marker from an earlier account does not block a later bound account
ok 250 - a completed marker from an earlier account does not block a later bound account
  ---
  duration_ms: 0.784833
  type: 'test'
  ...
# Subtest: a preflight journal failure does not create a deletion operation and pending retry cannot start one
ok 251 - a preflight journal failure does not create a deletion operation and pending retry cannot start one
  ---
  duration_ms: 5.897583
  type: 'test'
  ...
# Subtest: response loss resolves a matching remote operation and rejects mismatched status without local cleanup
ok 252 - response loss resolves a matching remote operation and rejects mismatched status without local cleanup
  ---
  duration_ms: 3.726542
  type: 'test'
  ...
# Subtest: local deletion cleanup resumes after a failed key removal without issuing another remote delete
ok 253 - local deletion cleanup resumes after a failed key removal without issuing another remote delete
  ---
  duration_ms: 3.840459
  type: 'test'
  ...
# Subtest: account deletion remains pending until reminders are disabled and retry does not repeat remote deletion
ok 254 - account deletion remains pending until reminders are disabled and retry does not repeat remote deletion
  ---
  duration_ms: 2.178625
  type: 'test'
  ...
# Subtest: server reauthentication failures remain reauthentication failures with the pending marker intact
ok 255 - server reauthentication failures remain reauthentication failures with the pending marker intact
  ---
  duration_ms: 0.966875
  type: 'test'
  ...
# Subtest: an uncertain server deletion failure resolves through the bound operation status
ok 256 - an uncertain server deletion failure resolves through the bound operation status
  ---
  duration_ms: 1.345791
  type: 'test'
  ...
# Subtest: a durable terminal learning commit uploads once when Home retries pending data
ok 257 - a durable terminal learning commit uploads once when Home retries pending data
  ---
  duration_ms: 101.137292
  type: 'test'
  ...
# Subtest: concurrent Home retries share one offline attempt and preserve durable pending state
ok 258 - concurrent Home retries share one offline attempt and preserve durable pending state
  ---
  duration_ms: 33.935542
  type: 'test'
  ...
# Subtest: a concurrent local session start during upload keeps the interrupted Home sync retryable
ok 259 - a concurrent local session start during upload keeps the interrupted Home sync retryable
  ---
  duration_ms: 164.715875
  type: 'test'
  ...
# Subtest: a concurrent local session start during download keeps the interrupted Home sync retryable
ok 260 - a concurrent local session start during download keeps the interrupted Home sync retryable
  ---
  duration_ms: 134.097833
  type: 'test'
  ...
# Subtest: Home pending retry honors binding, state, and durable recovery guards without remote calls
ok 261 - Home pending retry honors binding, state, and durable recovery guards without remote calls
  ---
  duration_ms: 1.456459
  type: 'test'
  ...
# Subtest: bound restart exposes a projection for a locally saved session without remote reads or writes
ok 262 - bound restart exposes a projection for a locally saved session without remote reads or writes
  ---
  duration_ms: 2.876833
  type: 'test'
  ...
# Subtest: resume requires matching installation and account-state bindings
ok 263 - resume requires matching installation and account-state bindings
  ---
  duration_ms: 2.051959
  type: 'test'
  ...
# Subtest: a pending learning journal blocks bound account sync without clearing the journal
ok 264 - a pending learning journal blocks bound account sync without clearing the journal
  ---
  duration_ms: 1.0295
  type: 'test'
  ...
# Subtest: a deferred upload state resumes locally and syncs idempotently after finalization
ok 265 - a deferred upload state resumes locally and syncs idempotently after finalization
  ---
  duration_ms: 34.511417
  type: 'test'
  ...
# Subtest: discard deletes guest records and goals but preserves device preferences and performs no remote writes
ok 266 - discard deletes guest records and goals but preserves device preferences and performs no remote writes
  ---
  duration_ms: 1.936167
  type: 'test'
  ...
# Subtest: discard restores existing account records unchanged without uploading guest data
ok 267 - discard restores existing account records unchanged without uploading guest data
  ---
  duration_ms: 0.966167
  type: 'test'
  ...
# Subtest: failed account fetch keeps guest data and the approved discard plan for retry
ok 268 - failed account fetch keeps guest data and the approved discard plan for retry
  ---
  duration_ms: 0.648208
  type: 'test'
  ...
# Subtest: existing-account login restores remote data without offering or uploading guest adoption
ok 269 - existing-account login restores remote data without offering or uploading guest adoption
  ---
  duration_ms: 0.661083
  type: 'test'
  ...
# Subtest: one separable invalid remote plan restores Home data, quarantines its version, and resolves after replacement sync
ok 270 - one separable invalid remote plan restores Home data, quarantines its version, and resolves after replacement sync
  ---
  duration_ms: 278.431958
  type: 'test'
  ...
# Subtest: normal no-plan remote state creates no recovery incident
ok 271 - normal no-plan remote state creates no recovery incident
  ---
  duration_ms: 18.806125
  type: 'test'
  ...
# Subtest: learning plan recovery reserves before a read and commits the replacement with its ACK
ok 272 - learning plan recovery reserves before a read and commits the replacement with its ACK
  ---
  duration_ms: 29.13275
  type: 'test'
  ...
# Subtest: learning plan recovery persists failed attempts and respects the durable due time
ok 273 - learning plan recovery persists failed attempts and respects the durable due time
  ---
  duration_ms: 18.591958
  type: 'test'
  ...
# Subtest: learning plan recovery drops stale responses after a generation, incident, or account ownership change
ok 274 - learning plan recovery drops stale responses after a generation, incident, or account ownership change
  ---
  duration_ms: 47.157
  type: 'test'
  ...
# Subtest: invalid plan recovery fails closed on bad envelope, duplicate identity, uncertain goal, or ownership
ok 275 - invalid plan recovery fails closed on bad envelope, duplicate identity, uncertain goal, or ownership
  ---
  duration_ms: 79.345708
  type: 'test'
  ...
# Subtest: transfer applies an explicit guest conflict resolution once and completes durably
ok 276 - transfer applies an explicit guest conflict resolution once and completes durably
  ---
  duration_ms: 3.489792
  type: 'test'
  ...
# Subtest: guest adoption quarantines one invalid plan while materializing its goal and unambiguous active track
ok 277 - guest adoption quarantines one invalid plan while materializing its goal and unambiguous active track
  ---
  duration_ms: 2.126167
  type: 'test'
  ...
# Subtest: offline transfer retry reuses the durable confirmation and never uploads a duplicate guest snapshot
ok 278 - offline transfer retry reuses the durable confirmation and never uploads a duplicate guest snapshot
  ---
  duration_ms: 1.286042
  type: 'test'
  ...
# Subtest: discard resumes after partial-index failure without reconstructing a guest upload
ok 279 - discard resumes after partial-index failure without reconstructing a guest upload
  ---
  duration_ms: 1.91875
  type: 'test'
  ...
# Subtest: discard resumes after binding failure without reconstructing a guest upload
ok 280 - discard resumes after binding failure without reconstructing a guest upload
  ---
  duration_ms: 1.622459
  type: 'test'
  ...
# Subtest: discard resumes after finish failure without reconstructing a guest upload
ok 281 - discard resumes after finish failure without reconstructing a guest upload
  ---
  duration_ms: 1.680833
  type: 'test'
  ...
# Subtest: discard rejects another account and pending adoption without changing guest data
ok 282 - discard rejects another account and pending adoption without changing guest data
  ---
  duration_ms: 0.274833
  type: 'test'
  ...
# Subtest: a stale adoption confirmation is cleared so retry can request a fresh preview
ok 283 - a stale adoption confirmation is cleared so retry can request a fresh preview
  ---
  duration_ms: 0.285708
  type: 'test'
  ...
# Subtest: discard blocks an active guest session before fetching or deleting data
ok 284 - discard blocks an active guest session before fetching or deleting data
  ---
  duration_ms: 0.364416
  type: 'test'
  ...
# Subtest: concurrent discard calls make one transition and keep the guest outbox empty before fetching
ok 285 - concurrent discard calls make one transition and keep the guest outbox empty before fetching
  ---
  duration_ms: 0.476
  type: 'test'
  ...
# Subtest: a session start requested while discard fetches waits and is preserved after materialization
ok 286 - a session start requested while discard fetches waits and is preserved after materialization
  ---
  duration_ms: 1.307708
  type: 'test'
  ...
# Subtest: malformed remote records keep the guest dataset and durable approved discard plan
ok 287 - malformed remote records keep the guest dataset and durable approved discard plan
  ---
  duration_ms: 0.533917
  type: 'test'
  ...
# Subtest: pending materialization blocks lifecycle account deletion without losing the marker
ok 288 - pending materialization blocks lifecycle account deletion without losing the marker
  ---
  duration_ms: 0.14
  type: 'test'
  ...
# Subtest: a durable adoption confirmation blocks a new learning commit
ok 289 - a durable adoption confirmation blocks a new learning commit
  ---
  duration_ms: 2.218625
  type: 'test'
  ...
# Subtest: unreadable mutation journal blocks discard before deleting guest data
ok 290 - unreadable mutation journal blocks discard before deleting guest data
  ---
  duration_ms: 1.081584
  type: 'test'
  ...
# Subtest: authenticated reset restores history without uploading tombstones and preserves local context
ok 291 - authenticated reset restores history without uploading tombstones and preserves local context
  ---
  duration_ms: 57.477875
  type: 'test'
  ...
# Subtest: authenticated reset rejects pending account context without changing state or calling the API
ok 292 - authenticated reset rejects pending account context without changing state or calling the API
  ---
  duration_ms: 5.195416
  type: 'test'
  ...
# Subtest: canonical clean synced state remains eligible for the guarded reset
ok 293 - canonical clean synced state remains eligible for the guarded reset
  ---
  duration_ms: 2.228625
  type: 'test'
  ...
# Subtest: authenticated reset exposes the remote-restore guard and keeps it after a fetch failure
ok 294 - authenticated reset exposes the remote-restore guard and keeps it after a fetch failure
  ---
  duration_ms: 2.364333
  type: 'test'
  ...
# Subtest: a failed remote restore retains the reset guard and account binding
ok 295 - a failed remote restore retains the reset guard and account binding
  ---
  duration_ms: 3.209
  type: 'test'
  ...
# Subtest: a failed local reset keeps the pre-reset marker and retries the same journal safely
ok 296 - a failed local reset keeps the pre-reset marker and retries the same journal safely
  ---
  duration_ms: 13.302667
  type: 'test'
  ...
# Subtest: concurrent authenticated reset requests share one guarded operation
ok 297 - concurrent authenticated reset requests share one guarded operation
  ---
  duration_ms: 11.649166
  type: 'test'
  ...
# Subtest: reset guard blocks outbox synthesis for a canonical acknowledged record
ok 298 - reset guard blocks outbox synthesis for a canonical acknowledged record
  ---
  duration_ms: 0.441833
  type: 'test'
  ...
# Subtest: only confirmed offline to confirmed online is a reconnect
ok 299 - only confirmed offline to confirmed online is a reconnect
  ---
  duration_ms: 2.748708
  type: 'test'
  ...
# Subtest: recovery-code issuance preserves invalid credentials from reauthentication
ok 300 - recovery-code issuance preserves invalid credentials from reauthentication
  ---
  duration_ms: 0.796125
  type: 'test'
  ...
# Subtest: ordinary Firebase identity exchanges before /me and blocks its custom-token observer event
ok 301 - ordinary Firebase identity exchanges before /me and blocks its custom-token observer event
  ---
  duration_ms: 1.817667
  type: 'test'
  ...
# Subtest: a custom-token recovery session with an authorization generation bypasses exchange
ok 302 - a custom-token recovery session with an authorization generation bypasses exchange
  ---
  duration_ms: 0.200459
  type: 'test'
  ...
# Subtest: recovery requires its exact generation and never exchanges a missing or mismatched claim
    # Subtest: rejects generation null
    ok 1 - rejects generation null
      ---
      duration_ms: 0.511333
      type: 'test'
      ...
    # Subtest: rejects generation 1
    ok 2 - rejects generation 1
      ---
      duration_ms: 0.071917
      type: 'test'
      ...
    # Subtest: rejects generation 3
    ok 3 - rejects generation 3
      ---
      duration_ms: 0.057208
      type: 'test'
      ...
    1..3
ok 303 - recovery requires its exact generation and never exchanges a missing or mismatched claim
  ---
  duration_ms: 1.316375
  type: 'test'
  ...
# Subtest: a generation change after exchange prevents token sign-in and /me
ok 304 - a generation change after exchange prevents token sign-in and /me
  ---
  duration_ms: 0.208375
  type: 'test'
  ...
# Subtest: custom-token exchange requires a valid authorization generation before /me
    # Subtest: rejects claim undefined
    ok 1 - rejects claim undefined
      ---
      duration_ms: 7.122584
      type: 'test'
      ...
    # Subtest: rejects claim 0
    ok 2 - rejects claim 0
      ---
      duration_ms: 0.159916
      type: 'test'
      ...
    # Subtest: rejects claim 1
    ok 3 - rejects claim 1
      ---
      duration_ms: 0.675125
      type: 'test'
      ...
    1..3
ok 305 - custom-token exchange requires a valid authorization generation before /me
  ---
  duration_ms: 8.706125
  type: 'test'
  ...
# Subtest: recovery issue session restore requires a current explicit sign-in intent and matching UID
    # Subtest: before the user chooses sign-in
    ok 1 - before the user chooses sign-in
      ---
      duration_ms: 0.309333
      type: 'test'
      ...
    # Subtest: after the pending intent expires
    ok 2 - after the pending intent expires
      ---
      duration_ms: 0.145042
      type: 'test'
      ...
    # Subtest: after restart has lost the pending intent
    ok 3 - after restart has lost the pending intent
      ---
      duration_ms: 0.128
      type: 'test'
      ...
    # Subtest: when Firebase is bound to another UID
    ok 4 - when Firebase is bound to another UID
      ---
      duration_ms: 0.056208
      type: 'test'
      ...
    1..4
ok 306 - recovery issue session restore requires a current explicit sign-in intent and matching UID
  ---
  duration_ms: 1.264167
  type: 'test'
  ...
# Subtest: recovery issue session restore rejects a present mismatched or malformed generation before exchange
    # Subtest: present wrong generation
    ok 1 - present wrong generation
      ---
      duration_ms: 0.107958
      type: 'test'
      ...
    # Subtest: malformed Firebase claim
    ok 2 - malformed Firebase claim
      ---
      duration_ms: 0.092667
      type: 'test'
      ...
    1..2
ok 307 - recovery issue session restore rejects a present mismatched or malformed generation before exchange
  ---
  duration_ms: 0.292292
  type: 'test'
  ...
# Subtest: a missing recovery generation restores only for current explicit intent, then checks the exact generation
ok 308 - a missing recovery generation restores only for current explicit intent, then checks the exact generation
  ---
  duration_ms: 0.197416
  type: 'test'
  ...
# Subtest: recovery intent expiring during exchange prevents observer release and Firebase sign-in
ok 309 - recovery intent expiring during exchange prevents observer release and Firebase sign-in
  ---
  duration_ms: 4.085292
  type: 'test'
  ...
# Subtest: a recovery sign-in returning another generation fails before ACK or /me
ok 310 - a recovery sign-in returning another generation fails before ACK or /me
  ---
  duration_ms: 0.294417
  type: 'test'
  ...
# Subtest: guest transition lock admits one command and denies a concurrent command before side effects
ok 311 - guest transition lock admits one command and denies a concurrent command before side effects
  ---
  duration_ms: 1.157959
  type: 'test'
  ...
# Subtest: guest transition lock releases after both success and failure
ok 312 - guest transition lock releases after both success and failure
  ---
  duration_ms: 1.357958
  type: 'test'
  ...
# Subtest: Home presents a non-blocking recover-plan notice with durable dismissal
ok 313 - Home presents a non-blocking recover-plan notice with durable dismissal
  ---
  duration_ms: 0.860292
  type: 'test'
  ...
# Subtest: learning plan recovery uses capped exponential retry delays and an inclusive due boundary
ok 314 - learning plan recovery uses capped exponential retry delays and an inclusive due boundary
  ---
  duration_ms: 1.432208
  type: 'test'
  ...
# Subtest: resumes a pending revoke, validates the replacement session, then clears the exact durable marker
ok 315 - resumes a pending revoke, validates the replacement session, then clears the exact durable marker
  ---
  duration_ms: 1.636333
  type: 'test'
  ...
# Subtest: keeps the durable marker when the replacement token changes authorization generation
ok 316 - keeps the durable marker when the replacement token changes authorization generation
  ---
  duration_ms: 0.355667
  type: 'test'
  ...
# Subtest: never clears the durable marker after the session command becomes stale
ok 317 - never clears the durable marker after the session command becomes stale
  ---
  duration_ms: 0.131584
  type: 'test'
  ...
# Subtest: rejects a command that becomes stale while local completion is persisted
ok 318 - rejects a command that becomes stale while local completion is persisted
  ---
  duration_ms: 0.117167
  type: 'test'
  ...
# Subtest: same UID and generation join one pending-revocation batch
ok 319 - same UID and generation join one pending-revocation batch
  ---
  duration_ms: 0.3485
  type: 'test'
  ...
# Subtest: a new generation waits, re-reads the marker, and retries only after the stale owner settles
ok 320 - a new generation waits, re-reads the marker, and retries only after the stale owner settles
  ---
  duration_ms: 3.81175
  type: 'test'
  ...
# Subtest: a different UID never consumes or completes the stale owner's marker
ok 321 - a different UID never consumes or completes the stale owner's marker
  ---
  duration_ms: 2.000792
  type: 'test'
  ...
# Subtest: a failed exact-operation replay retains its pending marker
ok 322 - a failed exact-operation replay retains its pending marker
  ---
  duration_ms: 0.862625
  type: 'test'
  ...
# Subtest: automatic session revocation keeps sign-in on loading and exposes pending recovery only on failure
ok 323 - automatic session revocation keeps sign-in on loading and exposes pending recovery only on failure
  ---
  duration_ms: 0.866584
  type: 'test'
  ...
# Subtest: Premium refreshes run in request order and continue after a failed provider read
ok 324 - Premium refreshes run in request order and continue after a failed provider read
  ---
  duration_ms: 1.832958
  type: 'test'
  ...
# Subtest: confirmed offline admission consults only the account-bound cache
ok 325 - confirmed offline admission consults only the account-bound cache
  ---
  duration_ms: 0.582625
  type: 'test'
  ...
# Subtest: online and unknown reachability require a fresh result and never fall back to cache
ok 326 - online and unknown reachability require a fresh result and never fall back to cache
  ---
  duration_ms: 0.201375
  type: 'test'
  ...
# Subtest: restored Auth resolves /me before selecting and activating its exact account scope
ok 327 - restored Auth resolves /me before selecting and activating its exact account scope
  ---
  duration_ms: 1.460542
  type: 'test'
  ...
# Subtest: UID change while /me is pending prevents account selection and activation
ok 328 - UID change while /me is pending prevents account selection and activation
  ---
  duration_ms: 0.346916
  type: 'test'
  ...
# Subtest: /me failure leaves prepared storage closed without selecting a profile
ok 329 - /me failure leaves prepared storage closed without selecting a profile
  ---
  duration_ms: 0.180416
  type: 'test'
  ...
# Subtest: only a current restored account_not_found signs out persisted Auth
ok 330 - only a current restored account_not_found signs out persisted Auth
  ---
  duration_ms: 0.063
  type: 'test'
  ...
# Subtest: provisional provider cancellation returns to sign-in only when its blocked UID owns the null Auth event
ok 331 - provisional provider cancellation returns to sign-in only when its blocked UID owns the null Auth event
  ---
  duration_ms: 0.134292
  type: 'test'
  ...
# Subtest: delayed null after sign-out promise resolution consumes the still-owned provider cancellation
ok 332 - delayed null after sign-out promise resolution consumes the still-owned provider cancellation
  ---
  duration_ms: 0.08025
  type: 'test'
  ...
# Subtest: replacement sign-in invalidates cancellation intent before a delayed stale null callback
ok 333 - replacement sign-in invalidates cancellation intent before a delayed stale null callback
  ---
  duration_ms: 0.138875
  type: 'test'
  ...
# Subtest: Auth loss locks the rendered account state before closing its profile scope
ok 334 - Auth loss locks the rendered account state before closing its profile scope
  ---
  duration_ms: 0.070291
  type: 'test'
  ...
# Subtest: local account sign-out verifies the durable block before locking, closing, and calling Firebase
ok 335 - local account sign-out verifies the durable block before locking, closing, and calling Firebase
  ---
  duration_ms: 0.304375
  type: 'test'
  ...
# Subtest: failed local control write closes access and attempts Firebase sign-out but stays a failure
ok 336 - failed local control write closes access and attempts Firebase sign-out but stays a failure
  ---
  duration_ms: 0.360666
  type: 'test'
  ...
# Subtest: retrying sign-out for the exact completed UID-operation receipt still clears local Auth
ok 337 - retrying sign-out for the exact completed UID-operation receipt still clears local Auth
  ---
  duration_ms: 0.10425
  type: 'test'
  ...
# Subtest: a retained Auth retry rejects blocked receipts for a different UID or operation
ok 338 - a retained Auth retry rejects blocked receipts for a different UID or operation
  ---
  duration_ms: 0.1335
  type: 'test'
  ...
# Subtest: unverified local control read-back attempts Firebase sign-out only when no scoped marker is recoverable
ok 339 - unverified local control read-back attempts Firebase sign-out only when no scoped marker is recoverable
  ---
  duration_ms: 0.075833
  type: 'test'
  ...
# Subtest: when a scoped operation is durable, control-write failure retains Auth for a recoverable retry
ok 340 - when a scoped operation is durable, control-write failure retains Auth for a recoverable retry
  ---
  duration_ms: 0.078666
  type: 'test'
  ...
# Subtest: restore locks only for a matching scoped logout marker missing from the control journal
ok 341 - restore locks only for a matching scoped logout marker missing from the control journal
  ---
  duration_ms: 0.081167
  type: 'test'
  ...
# Subtest: pending remote revoke blocks profile preparation only for its matching Auth UID
ok 342 - pending remote revoke blocks profile preparation only for its matching Auth UID
  ---
  duration_ms: 0.055625
  type: 'test'
  ...
# Subtest: authenticated scope checks and repairs incomplete logout before publishing profile preparation
ok 343 - authenticated scope checks and repairs incomplete logout before publishing profile preparation
  ---
  duration_ms: 0.124583
  type: 'test'
  ...
# Subtest: scope guard rechecks Auth generation after reading an absent marker
ok 344 - scope guard rechecks Auth generation after reading an absent marker
  ---
  duration_ms: 0.061583
  type: 'test'
  ...
# Subtest: a completed revoke receipt clears the scoped marker before profile startup continues
ok 345 - a completed revoke receipt clears the scoped marker before profile startup continues
  ---
  duration_ms: 0.069583
  type: 'test'
  ...
# Subtest: failed completed-marker cleanup keeps the authenticated profile closed
ok 346 - failed completed-marker cleanup keeps the authenticated profile closed
  ---
  duration_ms: 0.123834
  type: 'test'
  ...
# Subtest: a UID switch while fallback control persistence is pending closes only the captured scope
ok 347 - a UID switch while fallback control persistence is pending closes only the captured scope
  ---
  duration_ms: 0.097
  type: 'test'
  ...
# Subtest: stale sign-out completion closes its scope without publishing over the newer identity
ok 348 - stale sign-out completion closes its scope without publishing over the newer identity
  ---
  duration_ms: 1.725875
  type: 'test'
  ...
# Subtest: Firebase sign-out failure retains the matching block for manual retry
ok 349 - Firebase sign-out failure retains the matching block for manual retry
  ---
  duration_ms: 1.149542
  type: 'test'
  ...
# Subtest: Auth rejection remains pending until durable local sign-out reports success
ok 350 - Auth rejection remains pending until durable local sign-out reports success
  ---
  duration_ms: 0.150083
  type: 'test'
  ...
# Subtest: ambiguous saved Guest profiles are reported as a choice requirement
ok 351 - ambiguous saved Guest profiles are reported as a choice requirement
  ---
  duration_ms: 0.265458
  type: 'test'
  ...
# Subtest: guest preparation failure closes the scope and returns to signed-out login
ok 352 - guest preparation failure closes the scope and returns to signed-out login
  ---
  duration_ms: 0.216708
  type: 'test'
  ...
# Subtest: Guest selection keeps the signed-out account entry mounted when no scope is active
ok 353 - Guest selection keeps the signed-out account entry mounted when no scope is active
  ---
  duration_ms: 0.121709
  type: 'test'
  ...
# Subtest: restored Guest validates persisted access before selecting or activating its scope
ok 354 - restored Guest validates persisted access before selecting or activating its scope
  ---
  duration_ms: 0.3345
  type: 'test'
  ...
# Subtest: invalid restored Guest access stays closed
ok 355 - invalid restored Guest access stays closed
  ---
  duration_ms: 0.193375
  type: 'test'
  ...
# Subtest: fresh installation opens Guest only after explicit choice
ok 356 - fresh installation opens Guest only after explicit choice
  ---
  duration_ms: 0.091959
  type: 'test'
  ...
# Subtest: preparation gate opens registry metadata without activating or reading a profile
ok 357 - preparation gate opens registry metadata without activating or reading a profile
  ---
  duration_ms: 2.037625
  type: 'test'
  ...
# Subtest: logout-control corruption or storage failure fails closed with an explicit retry surface
ok 358 - logout-control corruption or storage failure fails closed with an explicit retry surface
  ---
  duration_ms: 0.266875
  type: 'test'
  ...
# Subtest: preferences remain on defaults until storage activation emits the ready event
ok 359 - preferences remain on defaults until storage activation emits the ready event
  ---
  duration_ms: 0.333792
  type: 'test'
  ...
# Subtest: preparation failure is explicit, retryable, and counts only reserved lost-key retries
ok 360 - preparation failure is explicit, retryable, and counts only reserved lost-key retries
  ---
  duration_ms: 0.107125
  type: 'test'
  ...
# Subtest: key-loss recovery preserves delayed confirmed removal and requires preparation again afterward
ok 361 - key-loss recovery preserves delayed confirmed removal and requires preparation again afterward
  ---
  duration_ms: 0.0805
  type: 'test'
  ...
# Subtest: mapped provider identity exchanges, signs in with the returned session token, then finalizes
ok 362 - mapped provider identity exchanges, signs in with the returned session token, then finalizes
  ---
  duration_ms: 1.416958
  type: 'test'
  ...
# Subtest: unmapped provider identity remains provisional on the same UID without registration or finalization
ok 363 - unmapped provider identity remains provisional on the same UID without registration or finalization
  ---
  duration_ms: 0.147291
  type: 'test'
  ...
# Subtest: stale UID or generation rejects before exchange and after an async boundary
    # Subtest: UID changed before run
    ok 1 - UID changed before run
      ---
      duration_ms: 0.278166
      type: 'test'
      ...
    # Subtest: generation changed while exchange is pending
    ok 2 - generation changed while exchange is pending
      ---
      duration_ms: 0.1175
      type: 'test'
      ...
    1..2
ok 364 - stale UID or generation rejects before exchange and after an async boundary
  ---
  duration_ms: 0.6055
  type: 'test'
  ...
# Subtest: duplicate concurrent classification shares one in-flight result
ok 365 - duplicate concurrent classification shares one in-flight result
  ---
  duration_ms: 0.172833
  type: 'test'
  ...
# Subtest: issue result stays private through a deferred final identity read: exact
ok 366 - issue result stays private through a deferred final identity read: exact
  ---
  duration_ms: 2.867917
  type: 'test'
  ...
# Subtest: issue result stays private through a deferred final identity read: different_uid
ok 367 - issue result stays private through a deferred final identity read: different_uid
  ---
  duration_ms: 0.333458
  type: 'test'
  ...
# Subtest: issue result stays private through a deferred final identity read: different_generation
ok 368 - issue result stays private through a deferred final identity read: different_generation
  ---
  duration_ms: 0.192208
  type: 'test'
  ...
# Subtest: issue result stays private through a deferred final identity read: signed_out
ok 369 - issue result stays private through a deferred final identity read: signed_out
  ---
  duration_ms: 0.1615
  type: 'test'
  ...
# Subtest: issue result stays private through a deferred final identity read: read_failure
ok 370 - issue result stays private through a deferred final identity read: read_failure
  ---
  duration_ms: 0.398792
  type: 'test'
  ...
# Subtest: issue result stays private through a deferred final identity read: stale_revision
ok 371 - issue result stays private through a deferred final identity read: stale_revision
  ---
  duration_ms: 0.154667
  type: 'test'
  ...
# Subtest: missing or unreadable initial identity cannot read a generation for a different account
ok 372 - missing or unreadable initial identity cannot read a generation for a different account
  ---
  duration_ms: 0.630042
  type: 'test'
  ...
# Subtest: provider gates subscription and closes scoped access before releasing rejected issue results
ok 373 - provider gates subscription and closes scoped access before releasing rejected issue results
  ---
  duration_ms: 1.208292
  type: 'test'
  ...
# Subtest: issue persists operation identity before POST and blocks profile preparation until saved ACK
ok 374 - issue persists operation identity before POST and blocks profile preparation until saved ACK
  ---
  duration_ms: 2.98425
  type: 'test'
  ...
# Subtest: vault persistence failure prevents both issue and consume requests
ok 375 - vault persistence failure prevents both issue and consume requests
  ---
  duration_ms: 0.339792
  type: 'test'
  ...
# Subtest: restored issue with an authenticated UID but missing generation remains blocked and hides codes
ok 376 - restored issue with an authenticated UID but missing generation remains blocked and hides codes
  ---
  duration_ms: 0.246834
  type: 'test'
  ...
# Subtest: defer requires a valid proven mismatch and retains a hidden issue after restart without remote effects
ok 377 - defer requires a valid proven mismatch and retains a hidden issue after restart without remote effects
  ---
  duration_ms: 0.465583
  type: 'test'
  ...
# Subtest: durably deferred issue permits signed-out preparation without changing the retained operation
ok 378 - durably deferred issue permits signed-out preparation without changing the retained operation
  ---
  duration_ms: 1.647708
  type: 'test'
  ...
# Subtest: signed-out preparation remains blocked before durable defer
ok 379 - signed-out preparation remains blocked before durable defer
  ---
  duration_ms: 0.265667
  type: 'test'
  ...
# Subtest: defer accepts a same-UID generation mismatch only after the live claim proves it
ok 380 - defer accepts a same-UID generation mismatch only after the live claim proves it
  ---
  duration_ms: 0.337458
  type: 'test'
  ...
# Subtest: old issue codes return only after an explicit resume on the original identity
ok 381 - old issue codes return only after an explicit resume on the original identity
  ---
  duration_ms: 0.265958
  type: 'test'
  ...
# Subtest: identity change during defer persistence keeps the marker but leaves profile preparation blocked
ok 382 - identity change during defer persistence keeps the marker but leaves profile preparation blocked
  ---
  duration_ms: 0.312875
  type: 'test'
  ...
# Subtest: deferred issue cannot be overwritten by new issue or consume and write failure retains the old record
ok 383 - deferred issue cannot be overwritten by new issue or consume and write failure retains the old record
  ---
  duration_ms: 0.469166
  type: 'test'
  ...
# Subtest: synchronous identity suspension redacts an in-flight status result and preserves durable codes
ok 384 - synchronous identity suspension redacts an in-flight status result and preserves durable codes
  ---
  duration_ms: 0.283666
  type: 'test'
  ...
# Subtest: identity swap during initial issue POST persists codes but never exposes or ACKs them
ok 385 - identity swap during initial issue POST persists codes but never exposes or ACKs them
  ---
  duration_ms: 0.17375
  type: 'test'
  ...
# Subtest: consume persists code before POST, keeps custom token out of durable and visible state, then ACKs the matching SDK identity
ok 386 - consume persists code before POST, keeps custom token out of durable and visible state, then ACKs the matching SDK identity
  ---
  duration_ms: 0.409875
  type: 'test'
  ...
# Subtest: signed-in UID with a malformed generation is not treated as signed out for pending consume
ok 387 - signed-in UID with a malformed generation is not treated as signed out for pending consume
  ---
  duration_ms: 0.099625
  type: 'test'
  ...
# Subtest: cold matching consume identity ACKs without another SDK sign-in
ok 388 - cold matching consume identity ACKs without another SDK sign-in
  ---
  duration_ms: 0.116958
  type: 'test'
  ...
# Subtest: signed-out restart first records server result, then explicit resume signs in and ACKs
ok 389 - signed-out restart first records server result, then explicit resume signs in and ACKs
  ---
  duration_ms: 0.200708
  type: 'test'
  ...
# Subtest: an issue provider retry reuses its saved operation ID rather than allocating a new one
ok 390 - an issue provider retry reuses its saved operation ID rather than allocating a new one
  ---
  duration_ms: 0.122834
  type: 'test'
  ...
# Subtest: explicit replacement confirms delivery_unconfirmed, saves one backup before POST, and exposes only the durable new result
ok 391 - explicit replacement confirms delivery_unconfirmed, saves one backup before POST, and exposes only the durable new result
  ---
  duration_ms: 0.37225
  type: 'test'
  ...
# Subtest: replacement vault write failure prevents POST and retains the old operation and codes
ok 392 - replacement vault write failure prevents POST and retains the old operation and codes
  ---
  duration_ms: 0.196209
  type: 'test'
  ...
# Subtest: lost replacement POST and exact missing-status response preserve both records and the same new ID
ok 393 - lost replacement POST and exact missing-status response preserve both records and the same new ID
  ---
  duration_ms: 0.372541
  type: 'test'
  ...
# Subtest: explicit retry of a persisted replacement GETs first and reuses its saved ID
ok 394 - explicit retry of a persisted replacement GETs first and reuses its saved ID
  ---
  duration_ms: 0.240792
  type: 'test'
  ...
# Subtest: generic retry, restart reconciliation, and unconfirmed start are status-only for pending replacements
ok 395 - generic retry, restart reconciliation, and unconfirmed start are status-only for pending replacements
  ---
  duration_ms: 0.39375
  type: 'test'
  ...
# Subtest: replacement refuses a malformed or cross-generation result and keeps the old backup durable
ok 396 - replacement refuses a malformed or cross-generation result and keeps the old backup durable
  ---
  duration_ms: 0.3265
  type: 'test'
  ...
# Subtest: authoritative delivery_unconfirmed ends the current replacement backup without allocating another ID
ok 397 - authoritative delivery_unconfirmed ends the current replacement backup without allocating another ID
  ---
  duration_ms: 0.18625
  type: 'test'
  ...
# Subtest: a separate explicit confirmation after confirmed replacement expiry starts a new backed-up ID
ok 398 - a separate explicit confirmation after confirmed replacement expiry starts a new backed-up ID
  ---
  duration_ms: 0.229708
  type: 'test'
  ...
# Subtest: replacement status auth and service errors retain the old backup without POST
ok 399 - replacement status auth and service errors retain the old backup without POST
  ---
  duration_ms: 0.234667
  type: 'test'
  ...
# Subtest: confirmed ACK and superseded replacement statuses resolve the backup as terminal
ok 400 - confirmed ACK and superseded replacement statuses resolve the backup as terminal
  ---
  duration_ms: 0.207166
  type: 'test'
  ...
# Subtest: confirmed replacement expiry stays explicit and retains prior codes until separate confirmation
ok 401 - confirmed replacement expiry stays explicit and retains prior codes until separate confirmation
  ---
  duration_ms: 0.237959
  type: 'test'
  ...
# Subtest: storage recovery audit command exposes only the documented presentation fixtures in development smoke
ok 402 - storage recovery audit command exposes only the documented presentation fixtures in development smoke
  ---
  duration_ms: 0.810083
  type: 'test'
  ...
# Subtest: storage recovery audit command is unavailable outside development smoke
ok 403 - storage recovery audit command is unavailable outside development smoke
  ---
  duration_ms: 2.183334
  type: 'test'
  ...
# Subtest: storage recovery audit command rejects unrelated or expanded commands
ok 404 - storage recovery audit command rejects unrelated or expanded commands
  ---
  duration_ms: 0.211542
  type: 'test'
  ...
# Subtest: Activity read model keeps terminal history semantics and includes completed sessions without answers
ok 405 - Activity read model keeps terminal history semantics and includes completed sessions without answers
  ---
  duration_ms: 18.521625
  type: 'test'
  ...
# Subtest: Activity read model surfaces a corrupt canonical result instead of presenting an empty history
ok 406 - Activity read model surfaces a corrupt canonical result instead of presenting an empty history
  ---
  duration_ms: 1.653792
  type: 'test'
  ...
# Subtest: Activity read model treats repository issues as an explicit storage failure
ok 407 - Activity read model treats repository issues as an explicit storage failure
  ---
  duration_ms: 0.555167
  type: 'test'
  ...
# Subtest: Activity read model reuses the caller's attempts read when supplied
ok 408 - Activity read model reuses the caller's attempts read when supplied
  ---
  duration_ms: 0.333083
  type: 'test'
  ...
# Subtest: Activity full history keeps unavailable sessions as immutable summaries
ok 409 - Activity full history keeps unavailable sessions as immutable summaries
  ---
  duration_ms: 1.192667
  type: 'test'
  ...
# Subtest: Activity read owner invalidates late focus reads and lets the newest retry win
ok 410 - Activity read owner invalidates late focus reads and lets the newest retry win
  ---
  duration_ms: 0.24925
  type: 'test'
  ...
# Subtest: Activity read owner keeps current read failures explicit
ok 411 - Activity read owner keeps current read failures explicit
  ---
  duration_ms: 0.158292
  type: 'test'
  ...
# Subtest: bootstrap surfaces unavailable active sessions before content preparation or resume
ok 412 - bootstrap surfaces unavailable active sessions before content preparation or resume
  ---
  duration_ms: 23.213292
  type: 'test'
  ...
# Subtest: bootstrap emits a bounded diagnostic for a content-stage failure
ok 413 - bootstrap emits a bounded diagnostic for a content-stage failure
  ---
  duration_ms: 6.966125
  type: 'test'
  ...
# Subtest: bootstrap reports the last canonical repository step for a repository failure
ok 414 - bootstrap reports the last canonical repository step for a repository failure
  ---
  duration_ms: 1.094834
  type: 'test'
  ...
# Subtest: AUD-02D feedback flows match canonical selected answers and conditional reinsert plan
ok 415 - AUD-02D feedback flows match canonical selected answers and conditional reinsert plan
  ---
  duration_ms: 709.702584
  type: 'test'
  ...
# Subtest: real loader prepares all 29 modes across nine tracks
ok 416 - real loader prepares all 29 modes across nine tracks
  ---
  duration_ms: 505.791166
  type: 'test'
  ...
# Subtest: real canonical questions submit and score all five interaction types
ok 417 - real canonical questions submit and score all five interaction types
  ---
  duration_ms: 73.9925
  type: 'test'
  ...
# Subtest: evidence permits one item and coding includes committed misses
ok 418 - evidence permits one item and coding includes committed misses
  ---
  duration_ms: 0.401416
  type: 'test'
  ...
# Subtest: coding review preserves identity and resolves after two due successes
ok 419 - coding review preserves identity and resolves after two due successes
  ---
  duration_ms: 1.147417
  type: 'test'
  ...
# Subtest: resume and query boundaries reject tampering, foreign attempts and old pins
ok 420 - resume and query boundaries reject tampering, foreign attempts and old pins
  ---
  duration_ms: 10.744208
  type: 'test'
  ...
# Subtest: Claude Focus persists selectable feedback, scores single and multi-select, and finalizes complete evidence
ok 421 - Claude Focus persists selectable feedback, scores single and multi-select, and finalizes complete evidence
  ---
  duration_ms: 56.39425
  type: 'test'
  ...
# Subtest: reinsert resolves exact branch after three durable intervening submissions and preserves ordinary branch on correct
ok 422 - reinsert resolves exact branch after three durable intervening submissions and preserves ordinary branch on correct
  ---
  duration_ms: 9.923208
  type: 'test'
  ...
# Subtest: GCP simulation prepares the profile-weighted immutable 50-item plan and exact snapshot
ok 423 - GCP simulation prepares the profile-weighted immutable 50-item plan and exact snapshot
  ---
  duration_ms: 19.605791
  type: 'test'
  ...
# Subtest: GCP simulation validates draft occurrence keys, completeness, flags, revision, and deadline
ok 424 - GCP simulation validates draft occurrence keys, completeness, flags, revision, and deadline
  ---
  duration_ms: 8.284875
  type: 'test'
  ...
# Subtest: GCP simulation finalization scores only complete responses and partitions all 50 occurrences
ok 425 - GCP simulation finalization scores only complete responses and partitions all 50 occurrences
  ---
  duration_ms: 13.067958
  type: 'test'
  ...
# Subtest: Coding Mock consumes its exact ordered 40-question profile with foreground timer and shared draft runtime
ok 426 - Coding Mock consumes its exact ordered 40-question profile with foreground timer and shared draft runtime
  ---
  duration_ms: 1.175583
  type: 'test'
  ...
# Subtest: Design Interview Simulation uses each exact track profile, resumes durable stage text, and finalizes completeness only
ok 427 - Design Interview Simulation uses each exact track profile, resumes durable stage text, and finalizes completeness only
  ---
  duration_ms: 1.079292
  type: 'test'
  ...
# Subtest: Design Interview Simulation timeout can finalize a partial draft without assigning semantic correctness
ok 428 - Design Interview Simulation timeout can finalize a partial draft without assigning semantic correctness
  ---
  duration_ms: 0.2055
  type: 'test'
  ...
# Subtest: ordinary sessions expand practiced coverage across coding, design and certification pools
ok 429 - ordinary sessions expand practiced coverage across coding, design and certification pools
  ---
  duration_ms: 398.652333
  type: 'test'
  ...
# Subtest: selection ignores attempts outside its pool or exact content pin and handles exhaustion
ok 430 - selection ignores attempts outside its pool or exact content pin and handles exhaustion
  ---
  duration_ms: 0.359666
  type: 'test'
  ...
# Subtest: a never-attempted question stays uncovered even when its unit has attempt history
ok 431 - a never-attempted question stays uncovered even when its unit has attempt history
  ---
  duration_ms: 0.147
  type: 'test'
  ...
# Subtest: single choice feedback exposes selected incorrect, omitted correct and remaining neutral
ok 432 - single choice feedback exposes selected incorrect, omitted correct and remaining neutral
  ---
  duration_ms: 1.271959
  type: 'test'
  ...
# Subtest: multi choice feedback preserves every selected and correct combination
ok 433 - multi choice feedback preserves every selected and correct combination
  ---
  duration_ms: 0.200375
  type: 'test'
  ...
# Subtest: choice feedback rejects a mismatched response contract
ok 434 - choice feedback rejects a mismatched response contract
  ---
  duration_ms: 0.196083
  type: 'test'
  ...
# Subtest: projects exact HTTPS sources in authored order without normalizing query or hash
ok 435 - projects exact HTTPS sources in authored order without normalizing query or hash
  ---
  duration_ms: 1.34025
  type: 'test'
  ...
# Subtest: rejects non-HTTPS, malformed and missing sources without inventing a fallback
ok 436 - rejects non-HTTPS, malformed and missing sources without inventing a fallback
  ---
  duration_ms: 0.12975
  type: 'test'
  ...
# Subtest: opens the exact projected URL and reports success or failure explicitly
ok 437 - opens the exact projected URL and reports success or failure explicitly
  ---
  duration_ms: 0.134708
  type: 'test'
  ...
# Subtest: rejects unsafe or malformed source URLs without calling the opener
ok 438 - rejects unsafe or malformed source URLs without calling the opener
  ---
  duration_ms: 0.079042
  type: 'test'
  ...
# Subtest: projects the exact URL from an accepted certification artifact without changing the artifact
ok 439 - projects the exact URL from an accepted certification artifact without changing the artifact
  ---
  duration_ms: 4.095834
  type: 'test'
  ...
# Subtest: ODK-096 AWS Free focus selects unique 10/20/40 question plans from the current canonical node
ok 440 - ODK-096 AWS Free focus selects unique 10/20/40 question plans from the current canonical node
  ---
  duration_ms: 1634.717417
  type: 'test'
  ...
# Subtest: ODK-096 AWS evidence-conditioned review truthfully shortens to due evidence and fails closed without it
ok 441 - ODK-096 AWS evidence-conditioned review truthfully shortens to due evidence and fails closed without it
  ---
  duration_ms: 1631.971667
  type: 'test'
  ...
# Subtest: ODK-097 Design Tradeoff sessions use the exact free node and unique 10/20/40 items
ok 442 - ODK-097 Design Tradeoff sessions use the exact free node and unique 10/20/40 items
  ---
  duration_ms: 390.892875
  type: 'test'
  ...
# Subtest: ODK-097 Design Review is due-only, truthfully shortens, and fails closed without eligible evidence
ok 443 - ODK-097 Design Review is due-only, truthfully shortens, and fails closed without eligible evidence
  ---
  duration_ms: 5.529
  type: 'test'
  ...
# Subtest: ODK-097 Review evidence rejects stale, wrong-artifact, and cross-track entries
ok 444 - ODK-097 Review evidence rejects stale, wrong-artifact, and cross-track entries
  ---
  duration_ms: 0.473041
  type: 'test'
  ...
# Subtest: ODK-097 committed misses remain identity-scoped for modes that explicitly consume them
ok 445 - ODK-097 committed misses remain identity-scoped for modes that explicitly consume them
  ---
  duration_ms: 0.75275
  type: 'test'
  ...
# Subtest: Certification Exam Simulation authorizes before preparation resolution and starts durably only when allowed
ok 446 - Certification Exam Simulation authorizes before preparation resolution and starts durably only when allowed
  ---
  duration_ms: 604.791792
  type: 'test'
  ...
# Subtest: completed exam review projects answered and unanswered items across the complete fixed plan
ok 447 - completed exam review projects answered and unanswered items across the complete fixed plan
  ---
  duration_ms: 702.049208
  type: 'test'
  ...
# Subtest: fully unanswered completed exam projects all 50 items without creating attempts
ok 448 - fully unanswered completed exam projects all 50 items without creating attempts
  ---
  duration_ms: 9.176166
  type: 'test'
  ...
# Subtest: exam result rejects tampered partition, attempt scores, and profile evidence
ok 449 - exam result rejects tampered partition, attempt scores, and profile evidence
  ---
  duration_ms: 9.499625
  type: 'test'
  ...
# Subtest: active Certification projection strips answers, explanations and feedback structurally
ok 450 - active Certification projection strips answers, explanations and feedback structurally
  ---
  duration_ms: 1.367417
  type: 'test'
  ...
# Subtest: deferred feedback remains absent after durable submit while immediate feedback is unchanged
ok 451 - deferred feedback remains absent after durable submit while immediate feedback is unchanged
  ---
  duration_ms: 0.216542
  type: 'test'
  ...
# Subtest: completed review evidence fails closed when durable outcome aggregates are missing or inconsistent
ok 452 - completed review evidence fails closed when durable outcome aggregates are missing or inconsistent
  ---
  duration_ms: 0.151542
  type: 'test'
  ...
# Subtest: completed practice projector preserves the canonical five-state answer matrix
ok 453 - completed practice projector preserves the canonical five-state answer matrix
  ---
  duration_ms: 306.926375
  type: 'test'
  ...
# Subtest: practice review rejects altered identity, coverage, attempts, score, and resolution
ok 454 - practice review rejects altered identity, coverage, attempts, score, and resolution
  ---
  duration_ms: 1.734084
  type: 'test'
  ...
# Subtest: Certification route preserves domains and sends an exact Premium node through facade to Gate A before mutation
ok 455 - Certification route preserves domains and sends an exact Premium node through facade to Gate A before mutation
  ---
  duration_ms: 602.004875
  type: 'test'
  ...
# Subtest: coding facade converts every supported UI response into the canonical response union
ok 456 - coding facade converts every supported UI response into the canonical response union
  ---
  duration_ms: 16.096875
  type: 'test'
  ...
# Subtest: startAlgorithmsSession adapts feedback timing on the actual lifecycle request
ok 457 - startAlgorithmsSession adapts feedback timing on the actual lifecycle request
  ---
  duration_ms: 1.513083
  type: 'test'
  ...
# Subtest: Coding Mock flags persist in the active draft and reappear after lifecycle resume
ok 458 - Coding Mock flags persist in the active draft and reappear after lifecycle resume
  ---
  duration_ms: 1149.117583
  type: 'test'
  ...
# Subtest: Coding Mock persists a response, finalizes, and reads all 40 completed review rows
ok 459 - Coding Mock persists a response, finalizes, and reads all 40 completed review rows
  ---
  duration_ms: 164.154292
  type: 'test'
  ...
# Subtest: resolves an exact canonical artifact by track, content version, and SHA
ok 460 - resolves an exact canonical artifact by track, content version, and SHA
  ---
  duration_ms: 547.7885
  type: 'test'
  ...
# Subtest: resolves only the question identified by a canonical ResolvedContentRef
ok 461 - resolves only the question identified by a canonical ResolvedContentRef
  ---
  duration_ms: 0.345542
  type: 'test'
  ...
# Subtest: prepares Certification Exam Simulation from the exact canonical artifact profile
ok 462 - prepares Certification Exam Simulation from the exact canonical artifact profile
  ---
  duration_ms: 8.860666
  type: 'test'
  ...
# Subtest: prepares Coding Mock from the exact canonical artifact profile and ordered 40-question pool
ok 463 - prepares Coding Mock from the exact canonical artifact profile and ordered 40-question pool
  ---
  duration_ms: 4.473208
  type: 'test'
  ...
# Subtest: manual Design Simulation completion requires every non-empty stage
ok 464 - manual Design Simulation completion requires every non-empty stage
  ---
  duration_ms: 0.55475
  type: 'test'
  ...
# Subtest: home snapshot resolves canonical track metadata
ok 465 - home snapshot resolves canonical track metadata
  ---
  duration_ms: 690.036
  type: 'test'
  ...
# Subtest: removed simulation response path is unavailable
ok 466 - removed simulation response path is unavailable
  ---
  duration_ms: 724.090625
  type: 'test'
  ...
# Subtest: A before journal persistence leaves no durable outcome
ok 467 - A before journal persistence leaves no durable outcome
  ---
  duration_ms: 33.179666
  type: 'test'
  ...
# Subtest: B after journal persistence recovers complete
ok 468 - B after journal persistence recovers complete
  ---
  duration_ms: 23.108375
  type: 'test'
  ...
# Subtest: C after attempt write does not duplicate
ok 469 - C after attempt write does not duplicate
  ---
  duration_ms: 19.961083
  type: 'test'
  ...
# Subtest: D after review writes no duplicate evidence
ok 470 - D after review writes no duplicate evidence
  ---
  duration_ms: 12.57975
  type: 'test'
  ...
# Subtest: E after session no twice advance
ok 471 - E after session no twice advance
  ---
  duration_ms: 2.263083
  type: 'test'
  ...
# Subtest: F all writes before verification
ok 472 - F all writes before verification
  ---
  duration_ms: 10.081291
  type: 'test'
  ...
# Subtest: G verification before clear safely replays
ok 473 - G verification before clear safely replays
  ---
  duration_ms: 8.366625
  type: 'test'
  ...
# Subtest: resolved review deletion is physical and safely replays after force-close
ok 474 - resolved review deletion is physical and safely replays after force-close
  ---
  duration_ms: 13.253833
  type: 'test'
  ...
# Subtest: resolved review deletion recovers when its index update fails
ok 475 - resolved review deletion recovers when its index update fails
  ---
  duration_ms: 16.98025
  type: 'test'
  ...
# Subtest: manual review removal recovers after index switch but before physical deletion
ok 476 - manual review removal recovers after index switch but before physical deletion
  ---
  duration_ms: 4.496333
  type: 'test'
  ...
# Subtest: session abandonment persists abandoned session before clearing active pointer
ok 477 - session abandonment persists abandoned session before clearing active pointer
  ---
  duration_ms: 10.364542
  type: 'test'
  ...
# Subtest: session abandonment replay is idempotent
ok 478 - session abandonment replay is idempotent
  ---
  duration_ms: 7.576333
  type: 'test'
  ...
# Subtest: abandonment recovers identically after every durable write boundary
ok 479 - abandonment recovers identically after every durable write boundary
  ---
  duration_ms: 33.56575
  type: 'test'
  ...
# Subtest: abandonment does not navigate before durability
ok 480 - abandonment does not navigate before durability
  ---
  duration_ms: 0.555666
  type: 'test'
  ...
# Subtest: local answer commit defers snapshot and outbox construction until account synchronization
ok 481 - local answer commit defers snapshot and outbox construction until account synchronization
  ---
  duration_ms: 45.99425
  type: 'test'
  ...
# Subtest: failed pending-sync write retains the verified journal and recovers without duplicating the answer
ok 482 - failed pending-sync write retains the verified journal and recovers without duplicating the answer
  ---
  duration_ms: 9.134084
  type: 'test'
  ...
# Subtest: clear local history is one journaled learning-state mutation
ok 483 - clear local history is one journaled learning-state mutation
  ---
  duration_ms: 25.780084
  type: 'test'
  ...
# Subtest: clear local history copy covers progress and review data
ok 484 - clear local history copy covers progress and review data
  ---
  duration_ms: 0.136959
  type: 'test'
  ...
# Subtest: clear local history preserves the one guest installation and local dataset identity
ok 485 - clear local history preserves the one guest installation and local dataset identity
  ---
  duration_ms: 6.802583
  type: 'test'
  ...
# Subtest: reset recovers a pending command before deleting its fully materialized learning state
ok 486 - reset recovers a pending command before deleting its fully materialized learning state
  ---
  duration_ms: 28.579
  type: 'test'
  ...
# Subtest: reset failure remains explicit and recovery is identical after every deletion boundary
ok 487 - reset failure remains explicit and recovery is identical after every deletion boundary
  ---
  duration_ms: 26.930666
  type: 'test'
  ...
# Subtest: journal durability precedes idempotent materialization and recovery
ok 488 - journal durability precedes idempotent materialization and recovery
  ---
  duration_ms: 12.13
  type: 'test'
  ...
# Subtest: journal phase advances only one immutable step at a time
ok 489 - journal phase advances only one immutable step at a time
  ---
  duration_ms: 13.669417
  type: 'test'
  ...
# Subtest: journaled command rejects a conflicting pending command
ok 490 - journaled command rejects a conflicting pending command
  ---
  duration_ms: 4.069208
  type: 'test'
  ...
# Subtest: journal has a versioned SHA-256 command identity and rejects stale expected revisions
ok 491 - journal has a versioned SHA-256 command identity and rejects stale expected revisions
  ---
  duration_ms: 2.501792
  type: 'test'
  ...
# Subtest: journal construction rejects writes that cross exact resolved artifact identities
ok 492 - journal construction rejects writes that cross exact resolved artifact identities
  ---
  duration_ms: 0.472209
  type: 'test'
  ...
# Subtest: practice submission recovers identically after every durable write boundary
ok 493 - practice submission recovers identically after every durable write boundary
  ---
  duration_ms: 31.825417
  type: 'test'
  ...
# Subtest: concurrent conflicting journal persists use one CAS winner and ownership-checked clear
ok 494 - concurrent conflicting journal persists use one CAS winner and ownership-checked clear
  ---
  duration_ms: 1.743792
  type: 'test'
  ...
# Subtest: materializes one attempt
ok 495 - materializes one attempt
  ---
  duration_ms: 16.092959
  type: 'test'
  ...
# Subtest: materializes one review entry
ok 496 - materializes one review entry
  ---
  duration_ms: 5.063959
  type: 'test'
  ...
# Subtest: rejects an unsupported write kind instead of silently materializing it
ok 497 - rejects an unsupported write kind instead of silently materializing it
  ---
  duration_ms: 1.329625
  type: 'test'
  ...
# Subtest: materializes one session
ok 498 - materializes one session
  ---
  duration_ms: 11.824208
  type: 'test'
  ...
# Subtest: clears active session pointer
ok 499 - clears active session pointer
  ---
  duration_ms: 1.933166
  type: 'test'
  ...
# Subtest: materializes a complete training outcome in canonical order
ok 500 - materializes a complete training outcome in canonical order
  ---
  duration_ms: 5.482333
  type: 'test'
  ...
# Subtest: replays a fully materialized journal without duplicate effects
ok 501 - replays a fully materialized journal without duplicate effects
  ---
  duration_ms: 2.720666
  type: 'test'
  ...
# Subtest: resumes after only attempt write completed
ok 502 - resumes after only attempt write completed
  ---
  duration_ms: 2.897709
  type: 'test'
  ...
# Subtest: resumes after attempt and review writes completed
ok 503 - resumes after attempt and review writes completed
  ---
  duration_ms: 3.698583
  type: 'test'
  ...
# Subtest: resumes after session write completed
ok 504 - resumes after session write completed
  ---
  duration_ms: 5.929167
  type: 'test'
  ...
# Subtest: rejects conflicting immutable attempt
ok 505 - rejects conflicting immutable attempt
  ---
  duration_ms: 2.38775
  type: 'test'
  ...
# Subtest: rejects conflicting session record
ok 506 - rejects conflicting session record
  ---
  duration_ms: 5.908417
  type: 'test'
  ...
# Subtest: rejects conflicting review record
ok 507 - rejects conflicting review record
  ---
  duration_ms: 7.230542
  type: 'test'
  ...
# Subtest: preserves active journal after write failure
ok 508 - preserves active journal after write failure
  ---
  duration_ms: 16.217041
  type: 'test'
  ...
# Subtest: does nothing when no journal exists
ok 509 - does nothing when no journal exists
  ---
  duration_ms: 0.875791
  type: 'test'
  ...
# Subtest: recovers a journal before any writes
ok 510 - recovers a journal before any writes
  ---
  duration_ms: 22.159292
  type: 'test'
  ...
# Subtest: recovers partially materialized
ok 511 - recovers partially materialized
  ---
  duration_ms: 11.745041
  type: 'test'
  ...
# Subtest: fully materialized unverified
ok 512 - fully materialized unverified
  ---
  duration_ms: 8.782375
  type: 'test'
  ...
# Subtest: verified journal whose clear failed
ok 513 - verified journal whose clear failed
  ---
  duration_ms: 3.149333
  type: 'test'
  ...
# Subtest: accepts ident immutable attempt
ok 514 - accepts ident immutable attempt
  ---
  duration_ms: 2.287541
  type: 'test'
  ...
# Subtest: rejects conflicting immutable attempt
ok 515 - rejects conflicting immutable attempt
  ---
  duration_ms: 1.317708
  type: 'test'
  ...
# Subtest: rejects conflicting active journal
ok 516 - rejects conflicting active journal
  ---
  duration_ms: 15.71275
  type: 'test'
  ...
# Subtest: blocks corrupt journal
ok 517 - blocks corrupt journal
  ---
  duration_ms: 0.3685
  type: 'test'
  ...
# Subtest: blocks journal read failure
ok 518 - blocks journal read failure
  ---
  duration_ms: 0.377625
  type: 'test'
  ...
# Subtest: preserves journal after materialization failure
ok 519 - preserves journal after materialization failure
  ---
  duration_ms: 1.193625
  type: 'test'
  ...
# Subtest: preserves journal after verification failure
ok 520 - preserves journal after verification failure
  ---
  duration_ms: 1.140625
  type: 'test'
  ...
# Subtest: preserves journal after journal clear failure
ok 521 - preserves journal after journal clear failure
  ---
  duration_ms: 1.79125
  type: 'test'
  ...
# Subtest: rejects a semantically malformed persisted journal and retains it
ok 522 - rejects a semantically malformed persisted journal and retains it
  ---
  duration_ms: 2.153792
  type: 'test'
  ...
# Subtest: rejects an unknown persisted write and retains its journal
ok 523 - rejects an unknown persisted write and retains its journal
  ---
  duration_ms: 2.581791
  type: 'test'
  ...
# Subtest: rejects an old persisted journal without an exact artifact SHA-256
ok 524 - rejects an old persisted journal without an exact artifact SHA-256
  ---
  duration_ms: 0.453333
  type: 'test'
  ...
# Subtest: rejects incomplete operation plans before persistence
ok 525 - rejects incomplete operation plans before persistence
  ---
  duration_ms: 0.292708
  type: 'test'
  ...
# Subtest: rejects duplicate write targets before persistence
ok 526 - rejects duplicate write targets before persistence
  ---
  duration_ms: 0.3895
  type: 'test'
  ...
# Subtest: rejects destructive writes that do not belong to the operation
ok 527 - rejects destructive writes that do not belong to the operation
  ---
  duration_ms: 0.550084
  type: 'test'
  ...
# Subtest: rejects attempts and reviews that conflict with the durable session plan
ok 528 - rejects attempts and reviews that conflict with the durable session plan
  ---
  duration_ms: 3.383542
  type: 'test'
  ...
# Subtest: rejects an immediate submit for a planned but non-current occurrence
ok 529 - rejects an immediate submit for a planned but non-current occurrence
  ---
  duration_ms: 0.6685
  type: 'test'
  ...
# Subtest: rejects contradictory review actions and duplicate terminal item outcomes
ok 530 - rejects contradictory review actions and duplicate terminal item outcomes
  ---
  duration_ms: 0.503167
  type: 'test'
  ...
# Subtest: accepts a review update that retains its original durable source identity
ok 531 - accepts a review update that retains its original durable source identity
  ---
  duration_ms: 0.610375
  type: 'test'
  ...
# Subtest: rejects a fabricated historical source on a nonexistent review identity
ok 532 - rejects a fabricated historical source on a nonexistent review identity
  ---
  duration_ms: 0.2555
  type: 'test'
  ...
# Subtest: rejects an explicit review update when its durable identity does not exist
ok 533 - rejects an explicit review update when its durable identity does not exist
  ---
  duration_ms: 0.37425
  type: 'test'
  ...
# Subtest: rejects a persisted plan with a corrupt fingerprint and retains it
ok 534 - rejects a persisted plan with a corrupt fingerprint and retains it
  ---
  duration_ms: 0.226625
  type: 'test'
  ...
# Subtest: idempotent repeated recovery
ok 535 - idempotent repeated recovery
  ---
  duration_ms: 1.574792
  type: 'test'
  ...
# Subtest: does not require remote content
ok 536 - does not require remote content
  ---
  duration_ms: 6.926666
  type: 'test'
  ...
# Subtest: does not recalc scoring
ok 537 - does not recalc scoring
  ---
  duration_ms: 2.441458
  type: 'test'
  ...
# Subtest: does not generate IDs
ok 538 - does not generate IDs
  ---
  duration_ms: 1.91575
  type: 'test'
  ...
# Subtest: verifies a complete materialized mutation
ok 539 - verifies a complete materialized mutation
  ---
  duration_ms: 9.75925
  type: 'test'
  ...
# Subtest: rejects missing attempt
ok 540 - rejects missing attempt
  ---
  duration_ms: 10.301375
  type: 'test'
  ...
# Subtest: rejects conflicting attempt
ok 541 - rejects conflicting attempt
  ---
  duration_ms: 2.9395
  type: 'test'
  ...
# Subtest: rejects missing review entry
ok 542 - rejects missing review entry
  ---
  duration_ms: 1.036791
  type: 'test'
  ...
# Subtest: rejects conflicting review entry
ok 543 - rejects conflicting review entry
  ---
  duration_ms: 0.908959
  type: 'test'
  ...
# Subtest: rejects missing session
ok 544 - rejects missing session
  ---
  duration_ms: 0.95025
  type: 'test'
  ...
# Subtest: rejects conflicting session
ok 545 - rejects conflicting session
  ---
  duration_ms: 1.434834
  type: 'test'
  ...
# Subtest: rejects active session pointer that should be cleared
ok 546 - rejects active session pointer that should be cleared
  ---
  duration_ms: 0.652417
  type: 'test'
  ...
# Subtest: propagates storage read failure
ok 547 - propagates storage read failure
  ---
  duration_ms: 0.693
  type: 'test'
  ...
# Subtest: preserves active journal after verification failure
ok 548 - preserves active journal after verification failure
  ---
  duration_ms: 4.587791
  type: 'test'
  ...
# Subtest: an occurrence-keyed draft persists, edits, and resumes without learning side effects
ok 549 - an occurrence-keyed draft persists, edits, and resumes without learning side effects
  ---
  duration_ms: 4.135209
  type: 'test'
  ...
# Subtest: draft persistence rejects unknown occurrences and mismatched session scope
ok 550 - draft persistence rejects unknown occurrences and mismatched session scope
  ---
  duration_ms: 0.711834
  type: 'test'
  ...
# Subtest: immediate-feedback sessions cannot persist draft responses
ok 551 - immediate-feedback sessions cannot persist draft responses
  ---
  duration_ms: 0.2975
  type: 'test'
  ...
# Subtest: clear local history removes the resumable draft
ok 552 - clear local history removes the resumable draft
  ---
  duration_ms: 17.124875
  type: 'test'
  ...
# Subtest: Algorithms finalization commits exactly answered occurrences and deletes the matching draft
ok 553 - Algorithms finalization commits exactly answered occurrences and deletes the matching draft
  ---
  duration_ms: 42.421875
  type: 'test'
  ...
# Subtest: Algorithms finalization rejects attempts that do not correspond exactly to answered draft occurrences
ok 554 - Algorithms finalization rejects attempts that do not correspond exactly to answered draft occurrences
  ---
  duration_ms: 3.933042
  type: 'test'
  ...
# Subtest: Algorithms finalization rejects a stale cleanup draft before journal persistence or outcome writes
ok 555 - Algorithms finalization rejects a stale cleanup draft before journal persistence or outcome writes
  ---
  duration_ms: 8.022416
  type: 'test'
  ...
# Subtest: force-close replay completes an Algorithms finalization idempotently at the draft-delete boundary
ok 556 - force-close replay completes an Algorithms finalization idempotently at the draft-delete boundary
  ---
  duration_ms: 57.464709
  type: 'test'
  ...
# Subtest: duplicate content occurrences keep distinct attempts and consolidate review to the latest planned transition
ok 557 - duplicate content occurrences keep distinct attempts and consolidate review to the latest planned transition
  ---
  duration_ms: 18.045375
  type: 'test'
  ...
# Subtest: finalization can resolve a review through an exact transition attempt
ok 558 - finalization can resolve a review through an exact transition attempt
  ---
  duration_ms: 3.064416
  type: 'test'
  ...
# Subtest: journaled transition delete rejects a same-id review conflict before outcome writes and replays exact or absent identity
ok 559 - journaled transition delete rejects a same-id review conflict before outcome writes and replays exact or absent identity
  ---
  duration_ms: 11.567875
  type: 'test'
  ...
# Subtest: Algorithms finalization recovers idempotently across every canonical write boundary
ok 560 - Algorithms finalization recovers idempotently across every canonical write boundary
  ---
  duration_ms: 46.923042
  type: 'test'
  ...
# Subtest: persisted finalization journal preflights a stale durable draft before replaying any outcome write
ok 561 - persisted finalization journal preflights a stale durable draft before replaying any outcome write
  ---
  duration_ms: 1.76575
  type: 'test'
  ...
# Subtest: draft saves are locked as soon as a finalization journal is pending
ok 562 - draft saves are locked as soon as a finalization journal is pending
  ---
  duration_ms: 1.689
  type: 'test'
  ...
# Subtest: a draft save started before journal persistence rechecks immediately before writing
ok 563 - a draft save started before journal persistence rechecks immediately before writing
  ---
  duration_ms: 7.3235
  type: 'test'
  ...
# Subtest: proposal editor preserves retained slot IDs, drops removed IDs, sorts days, and saves revision one
ok 564 - proposal editor preserves retained slot IDs, drops removed IDs, sorts days, and saves revision one
  ---
  duration_ms: 28.463625
  type: 'test'
  ...
# Subtest: accepted plan edit explicitly reads a snapshot, increments plan revision, and stale sessions do not commit
ok 565 - accepted plan edit explicitly reads a snapshot, increments plan revision, and stale sessions do not commit
  ---
  duration_ms: 2.863791
  type: 'test'
  ...
# Subtest: direct accept and proposal editor share plan CAS and retry after idempotent success
ok 566 - direct accept and proposal editor share plan CAS and retry after idempotent success
  ---
  duration_ms: 2.320167
  type: 'test'
  ...
# Subtest: parallel proposal acceptance shares one promise and one durable save
ok 567 - parallel proposal acceptance shares one promise and one durable save
  ---
  duration_ms: 1.833333
  type: 'test'
  ...
# Subtest: parallel acceptance for one proposal across tracks never shares the in-flight success
ok 568 - parallel acceptance for one proposal across tracks never shares the in-flight success
  ---
  duration_ms: 0.806
  type: 'test'
  ...
# Subtest: accepted result cache is scoped by proposal and track identity
ok 569 - accepted result cache is scoped by proposal and track identity
  ---
  duration_ms: 1.298875
  type: 'test'
  ...
# Subtest: pending acceptance retry is scoped by proposal and track identity
ok 570 - pending acceptance retry is scoped by proposal and track identity
  ---
  duration_ms: 0.987625
  type: 'test'
  ...
# Subtest: storage uncertainty keeps the editor session and retries through durable command reconciliation
ok 571 - storage uncertainty keeps the editor session and retries through durable command reconciliation
  ---
  duration_ms: 3.056208
  type: 'test'
  ...
# Subtest: accepted-plan retry reconciles its durable command before checking refreshed content context
ok 572 - accepted-plan retry reconciles its durable command before checking refreshed content context
  ---
  duration_ms: 5.239875
  type: 'test'
  ...
# Subtest: a replacement proposal keeps plan identity and increments plan revision
ok 573 - a replacement proposal keeps plan identity and increments plan revision
  ---
  duration_ms: 0.957792
  type: 'test'
  ...
# Subtest: a target-date replacement remains explicit and atomically updates the accepted plan identity
ok 574 - a target-date replacement remains explicit and atomically updates the accepted plan identity
  ---
  duration_ms: 0.686667
  type: 'test'
  ...
# Subtest: accepted plan freshness checks content version, artifact SHA, and timezone
ok 575 - accepted plan freshness checks content version, artifact SHA, and timezone
  ---
  duration_ms: 0.2335
  type: 'test'
  ...
# Subtest: learning plan proposal exposes the canonical track artifact
ok 576 - learning plan proposal exposes the canonical track artifact
  ---
  duration_ms: 627.824542
  type: 'test'
  ...
# Subtest: plan accept saves first and returns the synced reminder outcome
ok 577 - plan accept saves first and returns the synced reminder outcome
  ---
  duration_ms: 1.383792
  type: 'test'
  ...
# Subtest: a saved plan remains successful with a durable pending reminder result
ok 578 - a saved plan remains successful with a durable pending reminder result
  ---
  duration_ms: 0.186709
  type: 'test'
  ...
# Subtest: a terminal cleared reminder outcome is not relabeled as pending
ok 579 - a terminal cleared reminder outcome is not relabeled as pending
  ---
  duration_ms: 0.092583
  type: 'test'
  ...
# Subtest: applies no-goal, paused-goal, no-plan and freshness precedence
ok 580 - applies no-goal, paused-goal, no-plan and freshness precedence
  ---
  duration_ms: 17.782792
  type: 'test'
  ...
# Subtest: maps plan paused, completed, overdue boundaries and open-ended targets
ok 581 - maps plan paused, completed, overdue boundaries and open-ended targets
  ---
  duration_ms: 2.201792
  type: 'test'
  ...
# Subtest: maps capacity, typed forecast status and all unavailable reasons without recomputing
ok 582 - maps capacity, typed forecast status and all unavailable reasons without recomputing
  ---
  duration_ms: 1.633542
  type: 'test'
  ...
# Subtest: requires full forecast identity and maps malformed foreign forecasts to calculation_error
ok 583 - requires full forecast identity and maps malformed foreign forecasts to calculation_error
  ---
  duration_ms: 0.462333
  type: 'test'
  ...
# Subtest: returns frozen, typed presentation values and ignores immutable fact arrays
ok 584 - returns frozen, typed presentation values and ignores immutable fact arrays
  ---
  duration_ms: 0.3645
  type: 'test'
  ...
# Subtest: maps every guidance state, reason, message key, action and fact variant
ok 585 - maps every guidance state, reason, message key, action and fact variant
  ---
  duration_ms: 45.856
  type: 'test'
  ...
# Subtest: accepts canonical overdue guidance with an unavailable forecast
ok 586 - accepts canonical overdue guidance with an unavailable forecast
  ---
  duration_ms: 0.795916
  type: 'test'
  ...
# Subtest: covers no-target text facts for paused and completed states
ok 587 - covers no-target text facts for paused and completed states
  ---
  duration_ms: 0.370083
  type: 'test'
  ...
# Subtest: uses native English and Polish plural categories for pace facts
ok 588 - uses native English and Polish plural categories for pace facts
  ---
  duration_ms: 2.871667
  type: 'test'
  ...
# Subtest: formats civil dates in the supplied timezone without UTC day drift
ok 589 - formats civil dates in the supplied timezone without UTC day drift
  ---
  duration_ms: 7.198708
  type: 'test'
  ...
# Subtest: rejects invalid locale, timezone, date and unknown runtime variants explicitly
ok 590 - rejects invalid locale, timezone, date and unknown runtime variants explicitly
  ---
  duration_ms: 1.080958
  type: 'test'
  ...
# Subtest: rejects a secondary action outside its two allowed states and inconsistent missing secondary
ok 591 - rejects a secondary action outside its two allowed states and inconsistent missing secondary
  ---
  duration_ms: 0.266375
  type: 'test'
  ...
# Subtest: fails closed for missing translations and unresolved placeholders
ok 592 - fails closed for missing translations and unresolved placeholders
  ---
  duration_ms: 0.74975
  type: 'test'
  ...
# Subtest: fails closed when the selected English or Polish plural suffix is missing
ok 593 - fails closed when the selected English or Polish plural suffix is missing
  ---
  duration_ms: 0.44425
  type: 'test'
  ...
# Subtest: does not mutate guidance input and keeps the presentation deeply immutable
ok 594 - does not mutate guidance input and keeps the presentation deeply immutable
  ---
  duration_ms: 0.989208
  type: 'test'
  ...
# Subtest: keeps locale resource keys flat and exactly in parity
ok 595 - keeps locale resource keys flat and exactly in parity
  ---
  duration_ms: 0.625958
  type: 'test'
  ...
# Subtest: explicit enable materializes only the exact accepted plan slots and full identity
ok 596 - explicit enable materializes only the exact accepted plan slots and full identity
  ---
  duration_ms: 36.78725
  type: 'test'
  ...
# Subtest: reconcile never requests permission and returns permission_denied as pending
ok 597 - reconcile never requests permission and returns permission_denied as pending
  ---
  duration_ms: 2.02875
  type: 'test'
  ...
# Subtest: explicit enable is the only path that requests permission and persists a denied retry
ok 598 - explicit enable is the only path that requests permission and persists a denied retry
  ---
  duration_ms: 0.862584
  type: 'test'
  ...
# Subtest: disable cancels every native reminder before persisting disabled state and fails closed on cancellation errors
ok 599 - disable cancels every native reminder before persisting disabled state and fails closed on cancellation errors
  ---
  duration_ms: 2.654917
  type: 'test'
  ...
# Subtest: permission pending retains existing native IDs for a later retry
ok 600 - permission pending retains existing native IDs for a later retry
  ---
  duration_ms: 1.948042
  type: 'test'
  ...
# Subtest: timezone mismatch clears durable and native schedules without publishing
ok 601 - timezone mismatch clears durable and native schedules without publishing
  ---
  duration_ms: 0.312917
  type: 'test'
  ...
# Subtest: source absence and terminal plan states are separate closed outcomes
ok 602 - source absence and terminal plan states are separate closed outcomes
  ---
  duration_ms: 0.663166
  type: 'test'
  ...
# Subtest: a paused goal is a separate closed outcome and clears native schedules
ok 603 - a paused goal is a separate closed outcome and clears native schedules
  ---
  duration_ms: 0.147917
  type: 'test'
  ...
# Subtest: an expected identity from another active track stays pending and is persisted for retry
ok 604 - an expected identity from another active track stays pending and is persisted for retry
  ---
  duration_ms: 1.288416
  type: 'test'
  ...
# Subtest: full source identity mismatch is fail-closed before scheduling
ok 605 - full source identity mismatch is fail-closed before scheduling
  ---
  duration_ms: 0.341083
  type: 'test'
  ...
# Subtest: legacy cancellation-only journal is cancelled before the current plan is scheduled
ok 606 - legacy cancellation-only journal is cancelled before the current plan is scheduled
  ---
  duration_ms: 0.99175
  type: 'test'
  ...
# Subtest: journal-created slots are trusted only when the discovered native identity and day match
ok 607 - journal-created slots are trusted only when the discovered native identity and day match
  ---
  duration_ms: 0.759125
  type: 'test'
  ...
# Subtest: post-read plan change is concurrent_change and leaves a retryable journal
ok 608 - post-read plan change is concurrent_change and leaves a retryable journal
  ---
  duration_ms: 0.843834
  type: 'test'
  ...
# Subtest: post-read device timezone change is concurrent_change and does not publish
ok 609 - post-read device timezone change is concurrent_change and does not publish
  ---
  duration_ms: 3.187916
  type: 'test'
  ...
# Subtest: scheduler failure is pending and never reports synced
ok 610 - scheduler failure is pending and never reports synced
  ---
  duration_ms: 1.733708
  type: 'test'
  ...
# Subtest: serialized duplicate enables schedule each accepted slot only once
ok 611 - serialized duplicate enables schedule each accepted slot only once
  ---
  duration_ms: 2.248584
  type: 'test'
  ...
# Subtest: retry resumes a durable journal after scheduler failure
ok 612 - retry resumes a durable journal after scheduler failure
  ---
  duration_ms: 1.72425
  type: 'test'
  ...
# Subtest: retry reuses a native schedule when journal persistence failed after scheduling
ok 613 - retry reuses a native schedule when journal persistence failed after scheduling
  ---
  duration_ms: 1.341792
  type: 'test'
  ...
# Subtest: a newer accepted plan replaces schedules and cancels the previous native IDs
ok 614 - a newer accepted plan replaces schedules and cancels the previous native IDs
  ---
  duration_ms: 1.075042
  type: 'test'
  ...
# Subtest: corrupt durable journal becomes scheduler_failure instead of publishing
ok 615 - corrupt durable journal becomes scheduler_failure instead of publishing
  ---
  duration_ms: 0.359709
  type: 'test'
  ...
# Subtest: selecting a track persists locally and marks a synced account pending
ok 616 - selecting a track persists locally and marks a synced account pending
  ---
  duration_ms: 9.640333
  type: 'test'
  ...
# Subtest: selecting a track on a guest installation persists locally without account sync
ok 617 - selecting a track on a guest installation persists locally without account sync
  ---
  duration_ms: 0.939083
  type: 'test'
  ...
# Subtest: track selection waits for earlier account materialization and remains the final local choice
ok 618 - track selection waits for earlier account materialization and remains the final local choice
  ---
  duration_ms: 15.929542
  type: 'test'
  ...
# Subtest: active track read waits for materialization and returns its settled state without side effects
ok 619 - active track read waits for materialization and returns its settled state without side effects
  ---
  duration_ms: 4.025
  type: 'test'
  ...
# Subtest: operational diagnostics classify failures without exposing raw details
ok 620 - operational diagnostics classify failures without exposing raw details
  ---
  duration_ms: 2.340542
  type: 'test'
  ...
# Subtest: bootstrap observers receive only the canonical bounded event
ok 621 - bootstrap observers receive only the canonical bounded event
  ---
  duration_ms: 1.03175
  type: 'test'
  ...
# Subtest: a throwing diagnostic observer cannot alter the operation
ok 622 - a throwing diagnostic observer cannot alter the operation
  ---
  duration_ms: 0.115416
  type: 'test'
  ...
# Subtest: explicit practice routes skip the stored-track read and do not load reviews for roadmap/setup
ok 623 - explicit practice routes skip the stored-track read and do not load reviews for roadmap/setup
  ---
  duration_ms: 395.107458
  type: 'test'
  ...
# Subtest: Hub review evidence is limited to due entries for the active track and exact artifact
ok 624 - Hub review evidence is limited to due entries for the active track and exact artifact
  ---
  duration_ms: 0.250708
  type: 'test'
  ...
# Subtest: a missing stored track stays an explicit empty selection
ok 625 - a missing stored track stays an explicit empty selection
  ---
  duration_ms: 0.152708
  type: 'test'
  ...
# Subtest: practice read surfaces storage issues instead of treating a partial read as empty
ok 626 - practice read surfaces storage issues instead of treating a partial read as empty
  ---
  duration_ms: 0.335417
  type: 'test'
  ...
# Subtest: release offer map is empty and the local smoke offer is explicit and isolated
ok 627 - release offer map is empty and the local smoke offer is explicit and isolated
  ---
  duration_ms: 6.46125
  type: 'test'
  ...
# Subtest: exact installed offer composes app-owned mode in the shared runtime without entering Free discovery
ok 628 - exact installed offer composes app-owned mode in the shared runtime without entering Free discovery
  ---
  duration_ms: 771.394292
  type: 'test'
  ...
# Subtest: review view keeps unavailable entries separate and never makes them due
ok 629 - review view keeps unavailable entries separate and never makes them due
  ---
  duration_ms: 1.619125
  type: 'test'
  ...
# Subtest: stored unavailable reviews are readable without resolving content metadata
ok 630 - stored unavailable reviews are readable without resolving content metadata
  ---
  duration_ms: 1.352834
  type: 'test'
  ...
# Subtest: foreground timer checkpoints monotonic segments with an explicit drift bound and never counts closed-app wall time
ok 631 - foreground timer checkpoints monotonic segments with an explicit drift bound and never counts closed-app wall time
  ---
  duration_ms: 2.876958
  type: 'test'
  ...
# Subtest: foreground timer rejects stale checkpoints and retains the previous durable checkpoint
ok 632 - foreground timer rejects stale checkpoints and retains the previous durable checkpoint
  ---
  duration_ms: 0.844208
  type: 'test'
  ...
# Subtest: foreground enter and leave checkpoint authoritative time outside the UI
ok 633 - foreground enter and leave checkpoint authoritative time outside the UI
  ---
  duration_ms: 3.049375
  type: 'test'
  ...
# Subtest: Coding Mock audit advancement checkpoints the monotonic foreground countdown before canonical expiry finalization
ok 634 - Coding Mock audit advancement checkpoints the monotonic foreground countdown before canonical expiry finalization
  ---
  duration_ms: 0.677958
  type: 'test'
  ...
# Subtest: Coding Mock audit advancement requires its exact foreground session owner
ok 635 - Coding Mock audit advancement requires its exact foreground session owner
  ---
  duration_ms: 1.117916
  type: 'test'
  ...
# Subtest: ordinary practice publishes a live elapsed timer without a countdown
ok 636 - ordinary practice publishes a live elapsed timer without a countdown
  ---
  duration_ms: 0.606584
  type: 'test'
  ...
# Subtest: one family-neutral timer initializes and restores ordinary Certification foreground time
ok 637 - one family-neutral timer initializes and restores ordinary Certification foreground time
  ---
  duration_ms: 0.39475
  type: 'test'
  ...
# Subtest: absolute-deadline Certification Exam remains outside the foreground timer owner
ok 638 - absolute-deadline Certification Exam remains outside the foreground timer owner
  ---
  duration_ms: 0.159541
  type: 'test'
  ...
# Subtest: absolute-deadline draft save commits before expiry without creating a foreground timer
ok 639 - absolute-deadline draft save commits before expiry without creating a foreground timer
  ---
  duration_ms: 6.156208
  type: 'test'
  ...
# Subtest: absolute-deadline draft save finalizes and blocks the commit at and after expiry
ok 640 - absolute-deadline draft save finalizes and blocks the commit at and after expiry
  ---
  duration_ms: 0.426625
  type: 'test'
  ...
# Subtest: a durable foreground timer from another family is rejected instead of reused
ok 641 - a durable foreground timer from another family is rejected instead of reused
  ---
  duration_ms: 0.61175
  type: 'test'
  ...
# Subtest: AppState foreground transitions and force-close recovery never count background or closed-app time
ok 642 - AppState foreground transitions and force-close recovery never count background or closed-app time
  ---
  duration_ms: 8.263125
  type: 'test'
  ...
# Subtest: periodic checkpoint publishes a live projection refresh
ok 643 - periodic checkpoint publishes a live projection refresh
  ---
  duration_ms: 1.139375
  type: 'test'
  ...
# Subtest: local reset barrier waits for an in-flight checkpoint before durable clear and blocks late callbacks
ok 644 - local reset barrier waits for an in-flight checkpoint before durable clear and blocks late callbacks
  ---
  duration_ms: 0.682167
  type: 'test'
  ...
# Subtest: local reset barrier is single-flight and rejects timer commands until durable reset settles
ok 645 - local reset barrier is single-flight and rejects timer commands until durable reset settles
  ---
  duration_ms: 0.295584
  type: 'test'
  ...
# Subtest: failed durable reset releases only cleared runtime state and permits exact durable restore
ok 646 - failed durable reset releases only cleared runtime state and permits exact durable restore
  ---
  duration_ms: 0.334417
  type: 'test'
  ...
# Subtest: reset followed by a new session cannot observe or recreate the prior persisted timer
ok 647 - reset followed by a new session cannot observe or recreate the prior persisted timer
  ---
  duration_ms: 0.504959
  type: 'test'
  ...
# Subtest: controlled timer refreshes consecutive visible labels without a durable write each second
ok 648 - controlled timer refreshes consecutive visible labels without a durable write each second
  ---
  duration_ms: 0.443833
  type: 'test'
  ...
# Subtest: periodic checkpoint uses the declared durable interval with an exact write count
ok 649 - periodic checkpoint uses the declared durable interval with an exact write count
  ---
  duration_ms: 0.446875
  type: 'test'
  ...
# Subtest: force-close immediately before and after the checkpoint boundary resumes within the declared drift
ok 650 - force-close immediately before and after the checkpoint boundary resumes within the declared drift
  ---
  duration_ms: 0.561417
  type: 'test'
  ...
# Subtest: expiry clamps to zero, checkpoints first, and finalizes exactly once
ok 651 - expiry clamps to zero, checkpoints first, and finalizes exactly once
  ---
  duration_ms: 0.438625
  type: 'test'
  ...
# Subtest: a response-save checkpoint that crosses countdown expiry finalizes before any draft save can follow
ok 652 - a response-save checkpoint that crosses countdown expiry finalizes before any draft save can follow
  ---
  duration_ms: 0.397167
  type: 'test'
  ...
# Subtest: manual and expiry use the same injected finalization operation
ok 653 - manual and expiry use the same injected finalization operation
  ---
  duration_ms: 0.486375
  type: 'test'
  ...
# Subtest: manual finalization checkpoints the active foreground segment before it freezes the result
ok 654 - manual finalization checkpoints the active foreground segment before it freezes the result
  ---
  duration_ms: 0.293875
  type: 'test'
  ...
# Subtest: practice completion checkpoint freezes the captured tick until verified release
ok 655 - practice completion checkpoint freezes the captured tick until verified release
  ---
  duration_ms: 0.498375
  type: 'test'
  ...
# Subtest: a completed timer checkpoint is not released before completion is verified
ok 656 - a completed timer checkpoint is not released before completion is verified
  ---
  duration_ms: 0.468916
  type: 'test'
  ...
# Subtest: concurrent Finish handoffs share one timer checkpoint and one completion result
ok 657 - concurrent Finish handoffs share one timer checkpoint and one completion result
  ---
  duration_ms: 4.509583
  type: 'test'
  ...
# Subtest: missing persisted timer on resume is a typed application recovery failure
ok 658 - missing persisted timer on resume is a typed application recovery failure
  ---
  duration_ms: 0.202666
  type: 'test'
  ...
# Subtest: resume repairs a durable timer checkpoint that precedes the session aggregate
ok 659 - resume repairs a durable timer checkpoint that precedes the session aggregate
  ---
  duration_ms: 0.243959
  type: 'test'
  ...
# Subtest: repeated resume of a repaired timer does not write another session checkpoint
ok 660 - repeated resume of a repaired timer does not write another session checkpoint
  ---
  duration_ms: 0.2085
  type: 'test'
  ...
# Subtest: resume rejects a durable timer checkpoint that is behind the session aggregate
ok 661 - resume rejects a durable timer checkpoint that is behind the session aggregate
  ---
  duration_ms: 0.240125
  type: 'test'
  ...
# Subtest: a failed durable timer repair remains a blocking recovery error
ok 662 - a failed durable timer repair remains a blocking recovery error
  ---
  duration_ms: 0.379125
  type: 'test'
  ...
# Subtest: Coding Mock countdown audit command is exact and requires a development smoke runtime
ok 663 - Coding Mock countdown audit command is exact and requires a development smoke runtime
  ---
  duration_ms: 0.733375
  type: 'test'
  ...
# Subtest: production and malformed countdown commands never reach the timer owner
ok 664 - production and malformed countdown commands never reach the timer owner
  ---
  duration_ms: 0.129792
  type: 'test'
  ...
# Subtest: an exact development smoke command delegates countdown advancement to the foreground timer owner
ok 665 - an exact development smoke command delegates countdown advancement to the foreground timer owner
  ---
  duration_ms: 0.135584
  type: 'test'
  ...
# Subtest: injected audit clock drives normal scheduling and both due retention outcomes without storage mutation
ok 666 - injected audit clock drives normal scheduling and both due retention outcomes without storage mutation
  ---
  duration_ms: 4.153458
  type: 'test'
  ...
# Subtest: injected audit clock rejects an advance outside the ISO date range without changing its offset
ok 667 - injected audit clock rejects an advance outside the ISO date range without changing its offset
  ---
  duration_ms: 0.268667
  type: 'test'
  ...
# Subtest: passive runtime selectors are attached to visible content rather than containers with interactive descendants
ok 668 - passive runtime selectors are attached to visible content rather than containers with interactive descendants
  ---
  duration_ms: 0.884625
  type: 'test'
  ...
# Subtest: active-session resume uses the single recommendation card and a separate continue control
ok 669 - active-session resume uses the single recommendation card and a separate continue control
  ---
  duration_ms: 0.337375
  type: 'test'
  ...
# Subtest: Home uses the approved compact presentation without changing recommendation ownership
ok 670 - Home uses the approved compact presentation without changing recommendation ownership
  ---
  duration_ms: 0.69525
  type: 'test'
  ...
# Subtest: progress, simulation, and simulation summary selectors use canonical identities
ok 671 - progress, simulation, and simulation summary selectors use canonical identities
  ---
  duration_ms: 1.785083
  type: 'test'
  ...
# Subtest: configuration snapshot is validated, frozen, and preserved for deterministic resume
ok 672 - configuration snapshot is validated, frozen, and preserved for deterministic resume
  ---
  duration_ms: 2.254083
  type: 'test'
  ...
# Subtest: resume rejects a different mode or durable item and option plan
ok 673 - resume rejects a different mode or durable item and option plan
  ---
  duration_ms: 1.418709
  type: 'test'
  ...
# Subtest: content validation rejects missing, duplicate, and unknown durable option IDs
ok 674 - content validation rejects missing, duplicate, and unknown durable option IDs
  ---
  duration_ms: 1.364375
  type: 'test'
  ...
# Subtest: durable progress hydrates prior attempts and the answered current item in plan order
ok 675 - durable progress hydrates prior attempts and the answered current item in plan order
  ---
  duration_ms: 0.662875
  type: 'test'
  ...
# Subtest: duplicate exact content items are distinct through immutable occurrence identities
ok 676 - duplicate exact content items are distinct through immutable occurrence identities
  ---
  duration_ms: 0.246084
  type: 'test'
  ...
# Subtest: foreground accumulation persists only the supplied active interval
ok 677 - foreground accumulation persists only the supplied active interval
  ---
  duration_ms: 0.140959
  type: 'test'
  ...
# Subtest: start failure rejects without exposing a session
ok 678 - start failure rejects without exposing a session
  ---
  duration_ms: 0.098667
  type: 'test'
  ...
# Subtest: a new session is not returned before its durable write resolves
ok 679 - a new session is not returned before its durable write resolves
  ---
  duration_ms: 0.092542
  type: 'test'
  ...
# Subtest: advance failure rejects and cannot expose the next position
ok 680 - advance failure rejects and cannot expose the next position
  ---
  duration_ms: 0.305
  type: 'test'
  ...
# Subtest: runtime-audit parser recognizes only documented reset and clock-advance commands
ok 681 - runtime-audit parser recognizes only documented reset and clock-advance commands
  ---
  duration_ms: 3.733584
  type: 'test'
  ...
# Subtest: unsupported and malformed runtime-audit URLs do not invoke reset
ok 682 - unsupported and malformed runtime-audit URLs do not invoke reset
  ---
  duration_ms: 0.331583
  type: 'test'
  ...
# Subtest: runtime-audit reset is unavailable in production and reaches only the lifecycle facade in development
ok 683 - runtime-audit reset is unavailable in production and reaches only the lifecycle facade in development
  ---
  duration_ms: 0.266458
  type: 'test'
  ...
# Subtest: development reset still restores a clean baseline when an interrupted journal cannot recover
ok 684 - development reset still restores a clean baseline when an interrupted journal cannot recover
  ---
  duration_ms: 0.633083
  type: 'test'
  ...
# Subtest: new training sessions have one application entry and no prepare-only bypass
ok 685 - new training sessions have one application entry and no prepare-only bypass
  ---
  duration_ms: 52.261042
  type: 'test'
  ...
# Subtest: Premium package download has one account-owned application entry
ok 686 - Premium package download has one account-owned application entry
  ---
  duration_ms: 36.193125
  type: 'test'
  ...
# Subtest: Free and unavailable Coding Mock access fail before package resolution, preparation, or mutation
ok 687 - Free and unavailable Coding Mock access fail before package resolution, preparation, or mutation
  ---
  duration_ms: 712.741667
  type: 'test'
  ...
# Subtest: Premium Coding Mock starts the exact 40-item product mode and immutable profile identity
ok 688 - Premium Coding Mock starts the exact 40-item product mode and immutable profile identity
  ---
  duration_ms: 0.484916
  type: 'test'
  ...
# Subtest: Coding Mock resume, draft save, and finalization each authorize once before one exact resolution
ok 689 - Coding Mock resume, draft save, and finalization each authorize once before one exact resolution
  ---
  duration_ms: 0.995708
  type: 'test'
  ...
# Subtest: expired Coding Mock draft-save boundary aborts before package resolution or draft persistence
ok 690 - expired Coding Mock draft-save boundary aborts before package resolution or draft persistence
  ---
  duration_ms: 0.391416
  type: 'test'
  ...
# Subtest: active Coding Mock reauthorizes before exact resolution and resume validation
ok 691 - active Coding Mock reauthorizes before exact resolution and resume validation
  ---
  duration_ms: 0.354
  type: 'test'
  ...
# Subtest: all three Design simulations require Premium before create and resume, then prepare exact profile identity
ok 692 - all three Design simulations require Premium before create and resume, then prepare exact profile identity
  ---
  duration_ms: 1.665125
  type: 'test'
  ...
# Subtest: every Design mode denies before package resolution, preparation, and session mutation
ok 693 - every Design mode denies before package resolution, preparation, and session mutation
  ---
  duration_ms: 0.474084
  type: 'test'
  ...
# Subtest: only declared Premium simulation product modes bypass node-based admission
ok 694 - only declared Premium simulation product modes bypass node-based admission
  ---
  duration_ms: 0.540667
  type: 'test'
  ...
# Subtest: Free node starts without consulting Premium admission
ok 695 - Free node starts without consulting Premium admission
  ---
  duration_ms: 659.331041
  type: 'test'
  ...
# Subtest: Premium plans require admission before durable session start
ok 696 - Premium plans require admission before durable session start
  ---
  duration_ms: 0.714166
  type: 'test'
  ...
# Subtest: a Free-first mixed plan checks every item before durable start
ok 697 - a Free-first mixed plan checks every item before durable start
  ---
  duration_ms: 3.420209
  type: 'test'
  ...
# Subtest: training lifecycle resolves canonical runtime
ok 698 - training lifecycle resolves canonical runtime
  ---
  duration_ms: 652.119375
  type: 'test'
  ...
# Subtest: Metro transforms SVG sources into React Native components
ok 699 - Metro transforms SVG sources into React Native components
  ---
  duration_ms: 0.610791
  type: 'test'
  ...
# Subtest: Metro keeps defaults and blocks only absolute local profile dotenv files
ok 700 - Metro keeps defaults and blocks only absolute local profile dotenv files
  ---
  duration_ms: 9.496459
  type: 'test'
  ...
# Subtest: Patternly mark SVG family stays deterministic and raster-free
ok 701 - Patternly mark SVG family stays deterministic and raster-free
  ---
  duration_ms: 2.995375
  type: 'test'
  ...
# Subtest: launcher source and generated assets are present
ok 702 - launcher source and generated assets are present
  ---
  duration_ms: 0.913375
  type: 'test'
  ...
# Subtest: Expo points to the canonical Patternly launcher assets
ok 703 - Expo points to the canonical Patternly launcher assets
  ---
  duration_ms: 0.350917
  type: 'test'
  ...
# Subtest: route ambient layer is the default shared background for every Screen
ok 704 - route ambient layer is the default shared background for every Screen
  ---
  duration_ms: 1.070083
  type: 'test'
  ...
# Subtest: ambient keeps randomized routes and signals without rectangular glow layers
ok 705 - ambient keeps randomized routes and signals without rectangular glow layers
  ---
  duration_ms: 0.468542
  type: 'test'
  ...
# Subtest: a release at 2999ms cancels and never confirms
ok 706 - a release at 2999ms cancels and never confirms
  ---
  duration_ms: 1.762916
  type: 'test'
  ...
# Subtest: a release at exactly 3000ms confirms once
ok 707 - a release at exactly 3000ms confirms once
  ---
  duration_ms: 0.122583
  type: 'test'
  ...
# Subtest: one controller instance survives setup cleanup setup and can confirm after reactivation
ok 708 - one controller instance survives setup cleanup setup and can confirm after reactivation
  ---
  duration_ms: 0.140084
  type: 'test'
  ...
# Subtest: a stale RAF from a deactivated setup cannot update the reactivated gesture
ok 709 - a stale RAF from a deactivated setup cannot update the reactivated gesture
  ---
  duration_ms: 0.149792
  type: 'test'
  ...
# Subtest: the controller cannot be configured with a threshold below 3000ms
ok 710 - the controller cannot be configured with a threshold below 3000ms
  ---
  duration_ms: 0.089875
  type: 'test'
  ...
# Subtest: time passing and RAF readiness never confirm before release
ok 711 - time passing and RAF readiness never confirm before release
  ---
  duration_ms: 0.081458
  type: 'test'
  ...
# Subtest: a backward clock reading cancels the gesture fail-closed
ok 712 - a backward clock reading cancels the gesture fail-closed
  ---
  duration_ms: 0.123542
  type: 'test'
  ...
# Subtest: a non-finite clock reading cancels the gesture fail-closed
ok 713 - a non-finite clock reading cancels the gesture fail-closed
  ---
  duration_ms: 0.169917
  type: 'test'
  ...
# Subtest: repeated releases cannot duplicate a completed gesture
ok 714 - repeated releases cannot duplicate a completed gesture
  ---
  duration_ms: 0.216542
  type: 'test'
  ...
# Subtest: moving outside the measured bounds cancels the gesture
ok 715 - moving outside the measured bounds cancels the gesture
  ---
  duration_ms: 0.326583
  type: 'test'
  ...
# Subtest: background termination and disabled changes cancel without confirming
ok 716 - background termination and disabled changes cancel without confirming
  ---
  duration_ms: 0.091125
  type: 'test'
  ...
# Subtest: disabling immediately before release rejects the current gesture
ok 717 - disabling immediately before release rejects the current gesture
  ---
  duration_ms: 0.0515
  type: 'test'
  ...
# Subtest: release is rejected while the controller is inactive
ok 718 - release is rejected while the controller is inactive
  ---
  duration_ms: 0.046375
  type: 'test'
  ...
# Subtest: destroying the controller cancels a held gesture and ignores later input
ok 719 - destroying the controller cancels a held gesture and ignores later input
  ---
  duration_ms: 0.049792
  type: 'test'
  ...
# Subtest: a new gesture starts from zero after an early release and progress is clamped
ok 720 - a new gesture starts from zero after an early release and progress is clamped
  ---
  duration_ms: 0.068125
  type: 'test'
  ...
# Subtest: reset cancels a scheduled RAF and does not invoke the completion callback
ok 721 - reset cancels a scheduled RAF and does not invoke the completion callback
  ---
  duration_ms: 0.050625
  type: 'test'
  ...
# Subtest: the component wires native responder cancellation and a simple full-surface progress fill
ok 722 - the component wires native responder cancellation and a simple full-surface progress fill
  ---
  duration_ms: 0.416625
  type: 'test'
  ...
# Subtest: destructive text layers meet their contrast thresholds
ok 723 - destructive text layers meet their contrast thresholds
  ---
  duration_ms: 0.287583
  type: 'test'
  ...
# Subtest: navigation context owns the approved 16/22/600 semantic token
ok 724 - navigation context owns the approved 16/22/600 semantic token
  ---
  duration_ms: 0.696041
  type: 'test'
  ...
# Subtest: shared and goal headers preserve long context at 200 percent text
ok 725 - shared and goal headers preserve long context at 200 percent text
  ---
  duration_ms: 0.494
  type: 'test'
  ...
# Subtest: back controls keep a 44 point target while context can reflow
ok 726 - back controls keep a 44 point target while context can reflow
  ---
  duration_ms: 0.165417
  type: 'test'
  ...
# Subtest: approved exceptions remain local and tab typography stays out of scope
ok 727 - approved exceptions remain local and tab typography stays out of scope
  ---
  duration_ms: 0.467458
  type: 'test'
  ...
# Subtest: goal error keeps the same accessible navigation context as loading and ready states
ok 728 - goal error keeps the same accessible navigation context as loading and ready states
  ---
  duration_ms: 0.135542
  type: 'test'
  ...
# Subtest: shared visual effects have one theme-token owner
ok 729 - shared visual effects have one theme-token owner
  ---
  duration_ms: 46.083458
  type: 'test'
  ...
# Subtest: screens and components resolve colors exclusively through the active theme
ok 730 - screens and components resolve colors exclusively through the active theme
  ---
  duration_ms: 11.39475
  type: 'test'
  ...
# Subtest: all branded navigation headers use the one AppShellHeader path
ok 731 - all branded navigation headers use the one AppShellHeader path
  ---
  duration_ms: 20.818083
  type: 'test'
  ...
# Subtest: answer review pending uses the shared review shell anatomy without fabricated values
ok 732 - answer review pending uses the shared review shell anatomy without fabricated values
  ---
  duration_ms: 0.260708
  type: 'test'
  ...
# Subtest: route coverage has one native or inline shell owner and preserves active-session specialization
ok 733 - route coverage has one native or inline shell owner and preserves active-session specialization
  ---
  duration_ms: 2.932708
  type: 'test'
  ...
# Subtest: the headerless practice route owns every Algorithms and Certification render branch
ok 734 - the headerless practice route owns every Algorithms and Certification render branch
  ---
  duration_ms: 0.447375
  type: 'test'
  ...
# Subtest: the shared header owns accessible back geometry and long-copy reflow without navigation fallback
ok 735 - the shared header owns accessible back geometry and long-copy reflow without navigation fallback
  ---
  duration_ms: 1.223541
  type: 'test'
  ...
# Subtest: Screen and SessionShell remain the only general and active-session page owners
ok 736 - Screen and SessionShell remain the only general and active-session page owners
  ---
  duration_ms: 11.067792
  type: 'test'
  ...
# Subtest: representative Home, Settings, setup, session, and result routes keep canonical ownership
ok 737 - representative Home, Settings, setup, session, and result routes keep canonical ownership
  ---
  duration_ms: 2.167334
  type: 'test'
  ...
# Subtest: Progress follows the current Figma section copy and 200% text contract
ok 738 - Progress follows the current Figma section copy and 200% text contract
  ---
  duration_ms: 0.621333
  type: 'test'
  ...
# Subtest: Activity rows preserve the variable-height Figma copy at large text
ok 739 - Activity rows preserve the variable-height Figma copy at large text
  ---
  duration_ms: 0.152167
  type: 'test'
  ...
# Subtest: simulation review remains explicitly unavailable
ok 740 - simulation review remains explicitly unavailable
  ---
  duration_ms: 0.096459
  type: 'test'
  ...
# Subtest: answer review keeps its explicit unavailable state
ok 741 - answer review keeps its explicit unavailable state
  ---
  duration_ms: 0.097375
  type: 'test'
  ...
# Subtest: simulation active shell uses the Figma question and action-footer variant
ok 742 - simulation active shell uses the Figma question and action-footer variant
  ---
  duration_ms: 0.408459
  type: 'test'
  ...
# Subtest: Practice setup keeps one canonical back action and recovery copy names learner-visible consequences
ok 743 - Practice setup keeps one canonical back action and recovery copy names learner-visible consequences
  ---
  duration_ms: 0.892667
  type: 'test'
  ...
# Subtest: lost-key recovery uses the typed failure code and the canonical hold-to-remove operation
ok 744 - lost-key recovery uses the typed failure code and the canonical hold-to-remove operation
  ---
  duration_ms: 0.68425
  type: 'test'
  ...
# Subtest: lost-key recovery keeps removal, success, error, and bootstrap transitions explicit
ok 745 - lost-key recovery keeps removal, success, error, and bootstrap transitions explicit
  ---
  duration_ms: 0.239125
  type: 'test'
  ...
# Subtest: manual lost-key retries are process-local and automatic bootstrap does not spend the limit
ok 746 - manual lost-key retries are process-local and automatic bootstrap does not spend the limit
  ---
  duration_ms: 0.126542
  type: 'test'
  ...
# Subtest: recovery surface centers recovery states and gives success its own concise layout
ok 747 - recovery surface centers recovery states and gives success its own concise layout
  ---
  duration_ms: 0.371291
  type: 'test'
  ...
# Subtest: unavailable active content is a typed gate with explicit abandon and retry paths
ok 748 - unavailable active content is a typed gate with explicit abandon and retry paths
  ---
  duration_ms: 0.08975
  type: 'test'
  ...
# Subtest: bootstrap diagnostics are wired only through the development branch as one structural observer
ok 749 - bootstrap diagnostics are wired only through the development branch as one structural observer
  ---
  duration_ms: 2.168333
  type: 'test'
  ...
# Subtest: the recovery presentation fixture is development-smoke only and never calls storage operations
ok 750 - the recovery presentation fixture is development-smoke only and never calls storage operations
  ---
  duration_ms: 0.226875
  type: 'test'
  ...
# Subtest: session fingerprint uses canonical artifact and occurrence identity
ok 751 - session fingerprint uses canonical artifact and occurrence identity
  ---
  duration_ms: 1.163708
  type: 'test'
  ...
# Subtest: counts only settled failed manual attempts and hides retry after five failures
ok 752 - counts only settled failed manual attempts and hides retry after five failures
  ---
  duration_ms: 0.666166
  type: 'test'
  ...
# Subtest: success closes the recovery episode and re-enables retries
ok 753 - success closes the recovery episode and re-enables retries
  ---
  duration_ms: 0.087958
  type: 'test'
  ...
# Subtest: background and rerender do not reset the process-local episode state
ok 754 - background and rerender do not reset the process-local episode state
  ---
  duration_ms: 0.057417
  type: 'test'
  ...
# Subtest: node package scope is null during transition without reading the stale selected profile
ok 755 - node package scope is null during transition without reading the stale selected profile
  ---
  duration_ms: 0.540459
  type: 'test'
  ...
# Subtest: Premium package errors have distinct localized-copy keys and actionable recovery policy
ok 756 - Premium package errors have distinct localized-copy keys and actionable recovery policy
  ---
  duration_ms: 4.09425
  type: 'test'
  ...
# Subtest: profile completion settles before lifecycle composition and resume authorization
ok 757 - profile completion settles before lifecycle composition and resume authorization
  ---
  duration_ms: 1.33875
  type: 'test'
  ...
# Subtest: application bootstrap wires account completion ahead of lifecycle composition
ok 758 - application bootstrap wires account completion ahead of lifecycle composition
  ---
  duration_ms: 0.318042
  type: 'test'
  ...
# Subtest: recovery locale uses the first device language and supports Polish regional tags
ok 759 - recovery locale uses the first device language and supports Polish regional tags
  ---
  duration_ms: 0.566292
  type: 'test'
  ...
# Subtest: recovery locale fails to English for unsupported or malformed native values
ok 760 - recovery locale fails to English for unsupported or malformed native values
  ---
  duration_ms: 0.075916
  type: 'test'
  ...
# Subtest: Design simulation profiles preserve exact per-track identity and reference-only evaluation
ok 761 - Design simulation profiles preserve exact per-track identity and reference-only evaluation
  ---
  duration_ms: 280.030709
  type: 'test'
  ...
# Subtest: Design simulation schema rejects identity, stage, response, criteria, rubric, and semantic-scoring drift
ok 762 - Design simulation schema rejects identity, stage, response, criteria, rubric, and semantic-scoring drift
  ---
  duration_ms: 416.224125
  type: 'test'
  ...
# Subtest: ProductModeConfig preserves the complete available 9-track mode matrix
ok 763 - ProductModeConfig preserves the complete available 9-track mode matrix
  ---
  duration_ms: 1.850083
  type: 'test'
  ...
# Subtest: ODK-097 app Design modes stay in parity with the current producer profiles
ok 764 - ODK-097 app Design modes stay in parity with the current producer profiles
  ---
  duration_ms: 2.210042
  type: 'test'
  ...
# Subtest: mode policies preserve feedback, elapsed timer, reinsert and evidence behavior
ok 765 - mode policies preserve feedback, elapsed timer, reinsert and evidence behavior
  ---
  duration_ms: 0.192167
  type: 'test'
  ...
# Subtest: selection pools are non-empty, local, and large enough for every requested length
ok 766 - selection pools are non-empty, local, and large enough for every requested length
  ---
  duration_ms: 60.29125
  type: 'test'
  ...
# Subtest: simulation mode is bound to the exact GCP profile, family, and mode
ok 767 - simulation mode is bound to the exact GCP profile, family, and mode
  ---
  duration_ms: 0.39025
  type: 'test'
  ...
# Subtest: Coding Mock product mode binds only its declared Coding Interview profile
ok 768 - Coding Mock product mode binds only its declared Coding Interview profile
  ---
  duration_ms: 0.102167
  type: 'test'
  ...
# Subtest: GCP Diagnostic preserves the verified exact ordered 40-question plan
ok 769 - GCP Diagnostic preserves the verified exact ordered 40-question plan
  ---
  duration_ms: 0.163042
  type: 'test'
  ...
# Subtest: declared but uninstalled modes fail closed with a stable unavailable error
ok 770 - declared but uninstalled modes fail closed with a stable unavailable error
  ---
  duration_ms: 0.176542
  type: 'test'
  ...
# Subtest: validated production configuration is recursively immutable
ok 771 - validated production configuration is recursively immutable
  ---
  duration_ms: 0.219208
  type: 'test'
  ...
# Subtest: validator rejects duplicate, missing, additional, and non-canonical config shapes
ok 772 - validator rejects duplicate, missing, additional, and non-canonical config shapes
  ---
  duration_ms: 2.225542
  type: 'test'
  ...
# Subtest: validator rejects foreign identities, empty pools, bad lengths, and policy mismatches
ok 773 - validator rejects foreign identities, empty pools, bad lengths, and policy mismatches
  ---
  duration_ms: 1.18925
  type: 'test'
  ...
# Subtest: validator rejects foreign questions, Diagnostic reordering, bad evidence and unsupported interactions
ok 774 - validator rejects foreign questions, Diagnostic reordering, bad evidence and unsupported interactions
  ---
  duration_ms: 1071.098458
  type: 'test'
  ...
# Subtest: validator rejects missing, duplicate, empty and foreign canonical artifacts
ok 775 - validator rejects missing, duplicate, empty and foreign canonical artifacts
  ---
  duration_ms: 16272.346959
  type: 'test'
  ...
# Subtest: all nine canonical artifacts validate with exact inventory and stable learner whitespace
ok 776 - all nine canonical artifacts validate with exact inventory and stable learner whitespace
  ---
  duration_ms: 769.127541
  type: 'test'
  ...
# Subtest: canonical scoring matches the producer oracle exhaustively
ok 777 - canonical scoring matches the producer oracle exhaustively
  ---
  duration_ms: 1308.123916
  type: 'test'
  ...
# Subtest: all interactions expose completeness and immutable AttemptResult semantics
ok 778 - all interactions expose completeness and immutable AttemptResult semantics
  ---
  duration_ms: 7.973958
  type: 'test'
  ...
# Subtest: dimension scoring ignores inherited selections exactly like the producer oracle
ok 779 - dimension scoring ignores inherited selections exactly like the producer oracle
  ---
  duration_ms: 11.313167
  type: 'test'
  ...
# Subtest: dimension responses reject sparse arrays and alias-normalization collisions
ok 780 - dimension responses reject sparse arrays and alias-normalization collisions
  ---
  duration_ms: 12.811083
  type: 'test'
  ...
# Subtest: validator fails closed on exact keys, identities, membership and scoring consistency
ok 781 - validator fails closed on exact keys, identities, membership and scoring consistency
  ---
  duration_ms: 201.093958
  type: 'test'
  ...
# Subtest: catalog verifies bytes before exposing frozen lookups and exact artifact metadata
ok 782 - catalog verifies bytes before exposing frozen lookups and exact artifact metadata
  ---
  duration_ms: 403.536042
  type: 'test'
  ...
# Subtest: optional GCP simulation profile is strict, complete, immutable and covered by its artifact hash
ok 783 - optional GCP simulation profile is strict, complete, immutable and covered by its artifact hash
  ---
  duration_ms: 1596.215416
  type: 'test'
  ...
# Subtest: Coding Mock profile validation requires its strict declared ordered 40-question pool
ok 784 - Coding Mock profile validation requires its strict declared ordered 40-question pool
  ---
  duration_ms: 1083.794083
  type: 'test'
  ...
# Subtest: canonical runtime catalog exposes all locked tracks, modes, pools, and exact artifact identities
ok 785 - canonical runtime catalog exposes all locked tracks, modes, pools, and exact artifact identities
  ---
  duration_ms: 1044.290041
  type: 'test'
  ...
# Subtest: injected loader failures are visible and do not poison the active cache
ok 786 - injected loader failures are visible and do not poison the active cache
  ---
  duration_ms: 148.959917
  type: 'test'
  ...
# Subtest: canonical runtime catalog hashes artifacts sequentially and preserves artifact order
ok 787 - canonical runtime catalog hashes artifacts sequentially and preserves artifact order
  ---
  duration_ms: 1191.010708
  type: 'test'
  ...
# Subtest: public owner retries after a failed cached load and then preserves cache identity
ok 788 - public owner retries after a failed cached load and then preserves cache identity
  ---
  duration_ms: 8141.275084
  type: 'test'
  ...
# Subtest: canonical runtime catalog caches only a validated active catalog
ok 789 - canonical runtime catalog caches only a validated active catalog
  ---
  duration_ms: 0.505209
  type: 'test'
  ...
# fatal: not a git repository (or any of the parent directories): .git
# Subtest: historical content release lock remains covered by frozen release manifests
not ok 790 - historical content release lock remains covered by frozen release manifests
  ---
  duration_ms: 16.949542
  type: 'test'
  location: '/Users/lukaszkurczab/Desktop/Projects/Patternly/patternly/src/content/contentReleaseCrossRepo.test.ts:2:2336'
  failureType: 'testCodeFailure'
  error: |-
    Command failed: git rev-parse HEAD
    fatal: not a git repository (or any of the parent directories): .git
    
  code: 'ERR_TEST_FAILURE'
  stack: |-
    genericNodeError (node:internal/errors:983:15)
    wrappedFn (node:internal/errors:537:14)
    checkExecSyncError (node:child_process:916:11)
    execFileSync (node:child_process:952:15)
    gitHead (/Users/lukaszkurczab/Desktop/Projects/Patternly/patternly/src/content/contentReleaseCrossRepo.test.ts:48:43)
    TestContext.<anonymous> (/Users/lukaszkurczab/Desktop/Projects/Patternly/patternly/src/content/contentReleaseCrossRepo.test.ts:72:16)
    Test.runInAsyncScope (node:async_hooks:214:14)
    Test.run (node:internal/test_runner/test:1047:25)
    Test.start (node:internal/test_runner/test:944:17)
    startSubtestAfterBootstrap (node:internal/test_runner/harness:296:17)
  ...
# Subtest: bundled canonical release matches the current producer builder
ok 791 - bundled canonical release matches the current producer builder
  ---
  duration_ms: 5807.8845
  type: 'test'
  ...
# Subtest: current canonical builder preserves the ODK-096 inventory and approved AWS identity without repinning history
ok 792 - current canonical builder preserves the ODK-096 inventory and approved AWS identity without repinning history
  ---
  duration_ms: 5454.367083
  type: 'test'
  ...
# Subtest: node package verifier enforces exact transport headers, hashes, schema and app minimum
ok 793 - node package verifier enforces exact transport headers, hashes, schema and app minimum
  ---
  duration_ms: 140.021333
  type: 'test'
  ...
# Subtest: install keeps old exact package resolvable after new activation and rolls back on failed reread or activation
ok 794 - install keeps old exact package resolvable after new activation and rolls back on failed reread or activation
  ---
  duration_ms: 845.352958
  type: 'test'
  ...
# Subtest: installed exact cache is isolated across profile changes and lazily rehydrates on return
ok 795 - installed exact cache is isolated across profile changes and lazily rehydrates on return
  ---
  duration_ms: 659.667583
  type: 'test'
  ...
# Subtest: stale profile hydration cannot register records after an in-flight profile switch
ok 796 - stale profile hydration cannot register records after an in-flight profile switch
  ---
  duration_ms: 566.872334
  type: 'test'
  ...
# Subtest: package hash and gzip output size reject corrupt, oversized, and truncated packages
ok 797 - package hash and gzip output size reject corrupt, oversized, and truncated packages
  ---
  duration_ms: 1.114083
  type: 'test'
  ...
# Subtest: 404 and interrupted downloads do not replace an active package
ok 798 - 404 and interrupted downloads do not replace an active package
  ---
  duration_ms: 2.002125
  type: 'test'
  ...
# Subtest: backend package admission failures keep their typed status and code
ok 799 - backend package admission failures keep their typed status and code
  ---
  duration_ms: 0.781
  type: 'test'
  ...
# Subtest: filesystem adapter leaves the old MMKV pointer on move or pointer-write failure and keeps valid history
ok 800 - filesystem adapter leaves the old MMKV pointer on move or pointer-write failure and keeps valid history
  ---
  duration_ms: 2034.05375
  type: 'test'
  ...
# Subtest: pointer activation rolls back after a write-then-throw and a mismatching read-back
ok 801 - pointer activation rolls back after a write-then-throw and a mismatching read-back
  ---
  duration_ms: 3.349833
  type: 'test'
  ...
# Subtest: retry replaces only an inactive partial final left by an interrupted file move
ok 802 - retry replaces only an inactive partial final left by an interrupted file move
  ---
  duration_ms: 1.658875
  type: 'test'
  ...
# Subtest: canonical admission exposes nine launch tracks
ok 803 - canonical admission exposes nine launch tracks
  ---
  duration_ms: 843.472125
  type: 'test'
  ...
# Subtest: Coding Mock stays outside ordinary modes and resolves its exact declared profile
ok 804 - Coding Mock stays outside ordinary modes and resolves its exact declared profile
  ---
  duration_ms: 0.369
  type: 'test'
  ...
# Subtest: content report description is optional, trimmed and bounded
ok 805 - content report description is optional, trimmed and bounded
  ---
  duration_ms: 3.673584
  type: 'test'
  ...
# Subtest: content report description rejects obvious contact and secret data
ok 806 - content report description rejects obvious contact and secret data
  ---
  duration_ms: 0.438875
  type: 'test'
  ...
# Subtest: ordinary technical language is not mistaken for a secret
ok 807 - ordinary technical language is not mistaken for a secret
  ---
  duration_ms: 0.3005
  type: 'test'
  ...
# Subtest: a new family carries payload, response, result, and evidence without a global union
ok 808 - a new family carries payload, response, result, and evidence without a global union
  ---
  duration_ms: 1.121375
  type: 'test'
  ...
# Subtest: kernel accepts open track ids and enforces canonical session invariants
ok 809 - kernel accepts open track ids and enforces canonical session invariants
  ---
  duration_ms: 2.066167
  type: 'test'
  ...
# Subtest: attempt result constructor enforces kind, range, and component totals
ok 810 - attempt result constructor enforces kind, range, and component totals
  ---
  duration_ms: 0.311208
  type: 'test'
  ...
# Subtest: attempt, evidence, reasons, and learning evidence stay family neutral
ok 811 - attempt, evidence, reasons, and learning evidence stay family neutral
  ---
  duration_ms: 0.414542
  type: 'test'
  ...
# Subtest: lifecycle record guards and completed-result coverage are explicit
ok 812 - lifecycle record guards and completed-result coverage are explicit
  ---
  duration_ms: 0.251333
  type: 'test'
  ...
# Subtest: LearningPlan v1 guard requires the complete strict shape and canonical slot order
ok 813 - LearningPlan v1 guard requires the complete strict shape and canonical slot order
  ---
  duration_ms: 41.925
  type: 'test'
  ...
# Subtest: accepted target snapshot follows T4 goal meaning and canonical null dates
ok 814 - accepted target snapshot follows T4 goal meaning and canonical null dates
  ---
  duration_ms: 0.995208
  type: 'test'
  ...
# Subtest: generates one stable 18:00 slot per normalized preferred day for every goal type
ok 815 - generates one stable 18:00 slot per normalized preferred day for every goal type
  ---
  duration_ms: 43.946792
  type: 'test'
  ...
# Subtest: uses due review priority, otherwise package scope, without item identifiers
ok 816 - uses due review priority, otherwise package scope, without item identifiers
  ---
  duration_ms: 0.35375
  type: 'test'
  ...
# Subtest: event boundaries are strict-before while deadline and checkpoint are inclusive
ok 817 - event boundaries are strict-before while deadline and checkpoint are inclusive
  ---
  duration_ms: 1.066541
  type: 'test'
  ...
# Subtest: missing target date is open-ended before an unknown completion rule
ok 818 - missing target date is open-ended before an unknown completion rule
  ---
  duration_ms: 0.46725
  type: 'test'
  ...
# Subtest: C3 unknown is explicit with a target; in-progress uses remaining attempts and completed has no remaining work
ok 819 - C3 unknown is explicit with a target; in-progress uses remaining attempts and completed has no remaining work
  ---
  duration_ms: 1.400041
  type: 'test'
  ...
# Subtest: S12 is the only capacity source and shortfall preserves all counts without slots or attainability
ok 820 - S12 is the only capacity source and shortfall preserves all counts without slots or attainability
  ---
  duration_ms: 0.438334
  type: 'test'
  ...
# Subtest: leap-day and DST-neutral occurrence counting use calendar dates, not elapsed local milliseconds
ok 821 - leap-day and DST-neutral occurrence counting use calendar dates, not elapsed local milliseconds
  ---
  duration_ms: 0.356625
  type: 'test'
  ...
# Subtest: does not mutate preferred day order or mutable input values and returns frozen output
ok 822 - does not mutate preferred day order or mutable input values and returns frozen output
  ---
  duration_ms: 1.890542
  type: 'test'
  ...
# Subtest: rejects malformed or inconsistent input with the one explicit error class
ok 823 - rejects malformed or inconsistent input with the one explicit error class
  ---
  duration_ms: 2.474833
  type: 'test'
  ...
# Subtest: uses the explicit formulas, includes today, and excludes an event target day
ok 824 - uses the explicit formulas, includes today, and excludes an event target day
  ---
  duration_ms: 154.835209
  type: 'test'
  ...
# Subtest: minimum observation age is inclusive: six days gives seven days, five gives six
ok 825 - minimum observation age is inclusive: six days gives seven days, five gives six
  ---
  duration_ms: 31.696375
  type: 'test'
  ...
# Subtest: trend starts at thirteen days and applies strict ten-percent boundaries
ok 826 - trend starts at thirteen days and applies strict ten-percent boundaries
  ---
  duration_ms: 103.631542
  type: 'test'
  ...
# Subtest: trend handles zero-to-zero, zero-to-positive, and positive-to-zero windows after age fourteen
ok 827 - trend handles zero-to-zero, zero-to-positive, and positive-to-zero windows after age fourteen
  ---
  duration_ms: 3.617875
  type: 'test'
  ...
# Subtest: completed work is zero work even without future occurrences or observations
ok 828 - completed work is zero work even without future occurrences or observations
  ---
  duration_ms: 1.729208
  type: 'test'
  ...
# Subtest: returns each honest unavailable business reason
ok 829 - returns each honest unavailable business reason
  ---
  duration_ms: 5.9655
  type: 'test'
  ...
# Subtest: requires a concrete non-negative completion requirement
ok 830 - requires a concrete non-negative completion requirement
  ---
  duration_ms: 2.22725
  type: 'test'
  ...
# Subtest: returns calculation_error when the projected calendar date is not representable
ok 831 - returns calculation_error when the projected calendar date is not representable
  ---
  duration_ms: 0.583542
  type: 'test'
  ...
# Subtest: uses full immutable facts and does not double-count session questions
ok 832 - uses full immutable facts and does not double-count session questions
  ---
  duration_ms: 1.084
  type: 'test'
  ...
# Subtest: handles DST, leap-day calendar arithmetic, and today occurrences without elapsed milliseconds
ok 833 - handles DST, leap-day calendar arithmetic, and today occurrences without elapsed milliseconds
  ---
  duration_ms: 1.475291
  type: 'test'
  ...
# Subtest: rejects malformed numbers, dates, timezones, future facts, and inconsistent sessions
ok 834 - rejects malformed numbers, dates, timezones, future facts, and inconsistent sessions
  ---
  duration_ms: 2.946791
  type: 'test'
  ...
# Subtest: completion rule validates explicit v1 bounds
ok 835 - completion rule validates explicit v1 bounds
  ---
  duration_ms: 30.9055
  type: 'test'
  ...
# Subtest: completion is unknown without a package rule and otherwise uses the exact rolling window
ok 836 - completion is unknown without a package rule and otherwise uses the exact rolling window
  ---
  duration_ms: 50.111375
  type: 'test'
  ...
# Subtest: completion filters full package identity, deduplicates exact retries, and rejects malformed or conflicting durable evidence
ok 837 - completion filters full package identity, deduplicates exact retries, and rejects malformed or conflicting durable evidence
  ---
  duration_ms: 2.670084
  type: 'test'
  ...
# Subtest: same instant ordering is stable by id
ok 838 - same instant ordering is stable by id
  ---
  duration_ms: 0.163625
  type: 'test'
  ...
# Subtest: ResolvedContentRef has exactly four canonical-safe fields and is frozen
ok 839 - ResolvedContentRef has exactly four canonical-safe fields and is frozen
  ---
  duration_ms: 1.532583
  type: 'test'
  ...
# Subtest: ResolvedContentRef rejects null, extra fields, unsafe identities, and SHA casing without normalization
ok 840 - ResolvedContentRef rejects null, extra fields, unsafe identities, and SHA casing without normalization
  ---
  duration_ms: 0.429791
  type: 'test'
  ...
# Subtest: ResolvedContentRef key is versioned, deterministic, and field-boundary safe
ok 841 - ResolvedContentRef key is versioned, deterministic, and field-boundary safe
  ---
  duration_ms: 0.290917
  type: 'test'
  ...
# Subtest: tombstones are immutable, tagged, minimal, and contain no recursive legacy fields
ok 842 - tombstones are immutable, tagged, minimal, and contain no recursive legacy fields
  ---
  duration_ms: 0.24975
  type: 'test'
  ...
# Subtest: resolution result is exact, frozen, and distinguishes resolved from tombstone
ok 843 - resolution result is exact, frozen, and distinguishes resolved from tombstone
  ---
  duration_ms: 0.2955
  type: 'test'
  ...
# Subtest: public domain barrel exposes strict contracts but not the legacy decoder/mapper
ok 844 - public domain barrel exposes strict contracts but not the legacy decoder/mapper
  ---
  duration_ms: 0.104292
  type: 'test'
  ...
# Subtest: registry resolves current tracks in canonical launch order without a default
ok 845 - registry resolves current tracks in canonical launch order without a default
  ---
  duration_ms: 5.927209
  type: 'test'
  ...
# Subtest: a new track and family register without modifying the learning kernel
ok 846 - a new track and family register without modifying the learning kernel
  ---
  duration_ms: 0.17325
  type: 'test'
  ...
# Subtest: incorrect and partial attempts create remediation entries with source and taxonomy evidence
ok 847 - incorrect and partial attempts create remediation entries with source and taxonomy evidence
  ---
  duration_ms: 3.313167
  type: 'test'
  ...
# Subtest: correct Algorithms attempt creates scheduled retrieval while correct Certification attempt creates none
ok 848 - correct Algorithms attempt creates scheduled retrieval while correct Certification attempt creates none
  ---
  duration_ms: 0.261625
  type: 'test'
  ...
# Subtest: review transition counts only after due, resets on incorrect and partial, and resolves after two eligible successes
ok 849 - review transition counts only after due, resets on incorrect and partial, and resolves after two eligible successes
  ---
  duration_ms: 0.289667
  type: 'test'
  ...
# Subtest: same-session correction does not resolve persistent review and only canonical reasons exist
ok 850 - same-session correction does not resolve persistent review and only canonical reasons exist
  ---
  duration_ms: 0.126375
  type: 'test'
  ...
# Subtest: ordinary Algorithms practice cannot resolve persistent review after due
ok 851 - ordinary Algorithms practice cannot resolve persistent review after due
  ---
  duration_ms: 0.077458
  type: 'test'
  ...
# Subtest: session creation preserves requested and actual lengths, immutable item order, option order, and no response
ok 852 - session creation preserves requested and actual lengths, immutable item order, option order, and no response
  ---
  duration_ms: 17.24175
  type: 'test'
  ...
# Subtest: active session advances and persisted current position resumes deterministically
ok 853 - active session advances and persisted current position resumes deterministically
  ---
  duration_ms: 0.385083
  type: 'test'
  ...
# Subtest: session supports valid direct navigation but rejects an invalid item index
ok 854 - session supports valid direct navigation but rejects an invalid item index
  ---
  duration_ms: 5.476833
  type: 'test'
  ...
# Subtest: completion fixes position at the final item and cannot advance
ok 855 - completion fixes position at the final item and cannot advance
  ---
  duration_ms: 0.547083
  type: 'test'
  ...
# Subtest: abandonment preserves committed position and cannot advance
ok 856 - abandonment preserves committed position and cannot advance
  ---
  duration_ms: 0.176792
  type: 'test'
  ...
# Subtest: session rejects mismatched track, content version, duplicate references, and invalid completion position
ok 857 - session rejects mismatched track, content version, duplicate references, and invalid completion position
  ---
  duration_ms: 1.215417
  type: 'test'
  ...
# Subtest: runtime admission resolves the exact candidate lock for every canonical launch track
ok 858 - runtime admission resolves the exact candidate lock for every canonical launch track
  ---
  duration_ms: 1370.502583
  type: 'test'
  ...
# Subtest: pending status waits while the target is not reflected by both identity sources
ok 859 - pending status waits while the target is not reflected by both identity sources
  ---
  duration_ms: 0.602916
  type: 'test'
  ...
# Subtest: pending status confirms only matching verified Firebase and backend identities
ok 860 - pending status confirms only matching verified Firebase and backend identities
  ---
  duration_ms: 0.089125
  type: 'test'
  ...
# Subtest: one-sided email or verification agreement remains waiting
ok 861 - one-sided email or verification agreement remains waiting
  ---
  duration_ms: 0.093917
  type: 'test'
  ...
# Subtest: a different authenticated UID is unavailable and does not expose the old request as success
ok 862 - a different authenticated UID is unavailable and does not expose the old request as success
  ---
  duration_ms: 0.052708
  type: 'test'
  ...
# Subtest: refresh failure takes priority over matching cached identity data
ok 863 - refresh failure takes priority over matching cached identity data
  ---
  duration_ms: 0.052541
  type: 'test'
  ...
# Subtest: legacy recovery-code retry keeps an invalid credential on its password field
ok 864 - legacy recovery-code retry keeps an invalid credential on its password field
  ---
  duration_ms: 1.554542
  type: 'test'
  ...
# Subtest: delete account switches from identity confirmation to the hold action
ok 865 - delete account switches from identity confirmation to the hold action
  ---
  duration_ms: 3.984
  type: 'test'
  ...
# Subtest: delete account password failures stay attached to Password
ok 866 - delete account password failures stay attached to Password
  ---
  duration_ms: 0.201209
  type: 'test'
  ...
# Subtest: email validation identifies the address field for all sign-in providers
ok 867 - email validation identifies the address field for all sign-in providers
  ---
  duration_ms: 1.624459
  type: 'test'
  ...
# Subtest: reauthentication errors identify a password only when that field exists
ok 868 - reauthentication errors identify a password only when that field exists
  ---
  duration_ms: 0.55725
  type: 'test'
  ...
# Subtest: password change validation identifies the edited password field
ok 869 - password change validation identifies the edited password field
  ---
  duration_ms: 0.166875
  type: 'test'
  ...
# Subtest: recovery-code wrong-password failures identify the current password
ok 870 - recovery-code wrong-password failures identify the current password
  ---
  duration_ms: 0.129584
  type: 'test'
  ...
# Subtest: general errors and non-field security failures retain their existing banner presentation
ok 871 - general errors and non-field security failures retain their existing banner presentation
  ---
  duration_ms: 0.203709
  type: 'test'
  ...
# Subtest: editing another field preserves its error; editing the affected field clears it
ok 872 - editing another field preserves its error; editing the affected field clears it
  ---
  duration_ms: 0.518541
  type: 'test'
  ...
# Subtest: password-change field errors use the localized field-specific copy
ok 873 - password-change field errors use the localized field-specific copy
  ---
  duration_ms: 4.883167
  type: 'test'
  ...
# Subtest: welcome screen keeps its mark, localized copy, and entry actions
ok 874 - welcome screen keeps its mark, localized copy, and entry actions
  ---
  duration_ms: 1.040291
  type: 'test'
  ...
# Subtest: a recovery-code operation for a different account keeps codes hidden and offers explicit sign-in resolution
ok 875 - a recovery-code operation for a different account keeps codes hidden and offers explicit sign-in resolution
  ---
  duration_ms: 1.257291
  type: 'test'
  ...
# Subtest: a confirmed account mismatch offers a separately explicit current-account transition
ok 876 - a confirmed account mismatch offers a separately explicit current-account transition
  ---
  duration_ms: 0.118833
  type: 'test'
  ...
# Subtest: missing generation does not offer a defer action and deferred codes remain hidden
ok 877 - missing generation does not offer a defer action and deferred codes remain hidden
  ---
  duration_ms: 0.2235
  type: 'test'
  ...
# Subtest: unconfirmed delivery keeps unsaved codes available and offers an explicit status retry
ok 878 - unconfirmed delivery keeps unsaved codes available and offers an explicit status retry
  ---
  duration_ms: 0.2985
  type: 'test'
  ...
# Subtest: available result with persisted saved intent hides codes and offers an explicit ACK retry
ok 879 - available result with persisted saved intent hides codes and offers an explicit ACK retry
  ---
  duration_ms: 0.290125
  type: 'test'
  ...
# Subtest: unconfirmed or blocked saved intent does not promise an available ACK
ok 880 - unconfirmed or blocked saved intent does not promise an available ACK
  ---
  duration_ms: 0.604917
  type: 'test'
  ...
# Subtest: acknowledged issue is terminal and no longer blocks a replacement chosen by the user
ok 881 - acknowledged issue is terminal and no longer blocks a replacement chosen by the user
  ---
  duration_ms: 0.190333
  type: 'test'
  ...
# Subtest: server-confirmed non-acknowledged terminal status requires an explicit continue action
ok 882 - server-confirmed non-acknowledged terminal status requires an explicit continue action
  ---
  duration_ms: 0.154459
  type: 'test'
  ...
# Subtest: a consume operation for another account offers explicit resume without an automatic retry
ok 883 - a consume operation for another account offers explicit resume without an automatic retry
  ---
  duration_ms: 0.472958
  type: 'test'
  ...
# Subtest: loading or unavailable vault state blocks code issuance until recovery state is known
ok 884 - loading or unavailable vault state blocks code issuance until recovery state is known
  ---
  duration_ms: 0.928
  type: 'test'
  ...
# Subtest: all account locales provide the recovery operation states and explicit mismatch actions
ok 885 - all account locales provide the recovery operation states and explicit mismatch actions
  ---
  duration_ms: 2.55275
  type: 'test'
  ...
# Subtest: analytics lookup uses canonical identity
ok 886 - analytics lookup uses canonical identity
  ---
  duration_ms: 1170.839875
  type: 'test'
  ...
# Subtest: Certification Exam runner uses exact resume, route-keyed reads and expired result navigation
ok 887 - Certification Exam runner uses exact resume, route-keyed reads and expired result navigation
  ---
  duration_ms: 1.307958
  type: 'test'
  ...
# Subtest: exam response changes persist the canonical choice response before publishing the refreshed selection
ok 888 - exam response changes persist the canonical choice response before publishing the refreshed selection
  ---
  duration_ms: 0.2885
  type: 'test'
  ...
# Subtest: all exam draft writes and navigation share one in-flight action lane
ok 889 - all exam draft writes and navigation share one in-flight action lane
  ---
  duration_ms: 3.055916
  type: 'test'
  ...
# Subtest: a durable navigator move closes the navigator while a failed projection read exposes retry
ok 890 - a durable navigator move closes the navigator while a failed projection read exposes retry
  ---
  duration_ms: 0.18225
  type: 'test'
  ...
# Subtest: exam actions describe navigation and finish confirmation, including unanswered questions
ok 891 - exam actions describe navigation and finish confirmation, including unanswered questions
  ---
  duration_ms: 0.235625
  type: 'test'
  ...
# Subtest: review fixture accepts only named development smoke cases and exact deep links
ok 892 - review fixture accepts only named development smoke cases and exact deep links
  ---
  duration_ms: 3.139667
  type: 'test'
  ...
# Subtest: reopening the same fixture case creates a fresh launch identity
ok 893 - reopening the same fixture case creates a fresh launch identity
  ---
  duration_ms: 0.320875
  type: 'test'
  ...
# Subtest: fixture readers are optional screen seams and production readers remain the default
ok 894 - fixture readers are optional screen seams and production readers remain the default
  ---
  duration_ms: 0.975125
  type: 'test'
  ...
# Subtest: fixture creates validator-approved fixed-50 canonical evidence without partial or persistence shortcuts
ok 895 - fixture creates validator-approved fixed-50 canonical evidence without partial or persistence shortcuts
  ---
  duration_ms: 1496.520291
  type: 'test'
  ...
# Subtest: memory readers require the fixture session identity and preserve read-only evidence
ok 896 - memory readers require the fixture session identity and preserve read-only evidence
  ---
  duration_ms: 22.835667
  type: 'test'
  ...
# Subtest: ready fixture calls the supplied opener with each exact projected source URL
ok 897 - ready fixture calls the supplied opener with each exact projected source URL
  ---
  duration_ms: 15.905584
  type: 'test'
  ...
# Subtest: source-failure fixture records exact opener attempt but never calls external URL opening
ok 898 - source-failure fixture records exact opener attempt but never calls external URL opening
  ---
  duration_ms: 10.080625
  type: 'test'
  ...
# Subtest: practice answer matrix exposes actual completed summary, five feedback previews, and full review
ok 899 - practice answer matrix exposes actual completed summary, five feedback previews, and full review
  ---
  duration_ms: 19.951834
  type: 'test'
  ...
# Subtest: Metro disabled runtime is explicitly unavailable outside smoke
ok 900 - Metro disabled runtime is explicitly unavailable outside smoke
  ---
  duration_ms: 0.156625
  type: 'test'
  ...
# Subtest: completed single-select review distinguishes the learner answer from the omitted correct answer
ok 901 - completed single-select review distinguishes the learner answer from the omitted correct answer
  ---
  duration_ms: 2.426333
  type: 'test'
  ...
# Subtest: completed multi-select review preserves every selected, correct and omitted state
ok 902 - completed multi-select review preserves every selected, correct and omitted state
  ---
  duration_ms: 0.245666
  type: 'test'
  ...
# Subtest: a request change makes an in-flight interval refresh stale before publication
ok 903 - a request change makes an in-flight interval refresh stale before publication
  ---
  duration_ms: 1.688459
  type: 'test'
  ...
# Subtest: a newer same-request refresh wins over an older success
ok 904 - a newer same-request refresh wins over an older success
  ---
  duration_ms: 0.153709
  type: 'test'
  ...
# Subtest: slow overlapping interval reads keep publishing when they complete in order
ok 905 - slow overlapping interval reads keep publishing when they complete in order
  ---
  duration_ms: 0.207209
  type: 'test'
  ...
# Subtest: a newer successful refresh suppresses an older error
ok 906 - a newer successful refresh suppresses an older error
  ---
  duration_ms: 0.156958
  type: 'test'
  ...
# Subtest: a newer successful refresh suppresses an older expiry
ok 907 - a newer successful refresh suppresses an older expiry
  ---
  duration_ms: 0.070333
  type: 'test'
  ...
# Subtest: a newer same-request rejection wins over an older success
ok 908 - a newer same-request rejection wins over an older success
  ---
  duration_ms: 0.107209
  type: 'test'
  ...
# Subtest: a newer same-request expiry wins over an older success
ok 909 - a newer same-request expiry wins over an older success
  ---
  duration_ms: 0.154
  type: 'test'
  ...
# Subtest: unmount cleanup invalidates an in-flight expiry read before publication
ok 910 - unmount cleanup invalidates an in-flight expiry read before publication
  ---
  duration_ms: 0.153833
  type: 'test'
  ...
# Subtest: request change during start-on-miss prevents starting or rereading a replacement exam
ok 911 - request change during start-on-miss prevents starting or rereading a replacement exam
  ---
  duration_ms: 0.326959
  type: 'test'
  ...
# Subtest: unmount cleanup during start-on-miss prevents the after-start interval read
ok 912 - unmount cleanup during start-on-miss prevents the after-start interval read
  ---
  duration_ms: 0.424667
  type: 'test'
  ...
# Subtest: current start-on-miss refreshes after the new exam is started
ok 913 - current start-on-miss refreshes after the new exam is started
  ---
  duration_ms: 0.130292
  type: 'test'
  ...
# Subtest: request change during expected resume prevents the old session from publishing
ok 914 - request change during expected resume prevents the old session from publishing
  ---
  duration_ms: 0.085625
  type: 'test'
  ...
# Subtest: expected resume failure never falls back to starting a new exam
ok 915 - expected resume failure never falls back to starting a new exam
  ---
  duration_ms: 0.108417
  type: 'test'
  ...
# Subtest: the current expiry outcome carries its session id for guarded navigation
ok 916 - the current expiry outcome carries its session id for guarded navigation
  ---
  duration_ms: 0.063708
  type: 'test'
  ...
# Subtest: Exam Review has one local header owner and returns to the exact result session
ok 917 - Exam Review has one local header owner and returns to the exact result session
  ---
  duration_ms: 0.855583
  type: 'test'
  ...
# Subtest: Previous and Next preserve their question navigation and boundary disabling
ok 918 - Previous and Next preserve their question navigation and boundary disabling
  ---
  duration_ms: 0.229375
  type: 'test'
  ...
# Subtest: Unanswered uses shared feedback with complete details expanded and reporting unchanged
ok 919 - Unanswered uses shared feedback with complete details expanded and reporting unchanged
  ---
  duration_ms: 0.13175
  type: 'test'
  ...
# Subtest: opaque result evidence preserves all answered outcomes including partial credit
ok 920 - opaque result evidence preserves all answered outcomes including partial credit
  ---
  duration_ms: 1.577917
  type: 'test'
  ...
# Subtest: missing, malformed and inconsistent evidence does not invent zero scores
ok 921 - missing, malformed and inconsistent evidence does not invent zero scores
  ---
  duration_ms: 0.142958
  type: 'test'
  ...
# Subtest: a real zero and an absent abandoned score remain distinct
ok 922 - a real zero and an absent abandoned score remain distinct
  ---
  duration_ms: 0.157708
  type: 'test'
  ...
# Subtest: invalid points stay unavailable without clamping
ok 923 - invalid points stay unavailable without clamping
  ---
  duration_ms: 0.087667
  type: 'test'
  ...
# Subtest: exact historical maximum corrects display without mutating durable evidence
ok 924 - exact historical maximum corrects display without mutating durable evidence
  ---
  duration_ms: 0.134542
  type: 'test'
  ...
# Subtest: backend diagnostics records prerequisite and sync preparation failures before final status
ok 925 - backend diagnostics records prerequisite and sync preparation failures before final status
  ---
  duration_ms: 0.949208
  type: 'test'
  ...
# Subtest: successful backend diagnostics still verify sync apply, deduplication, conflict, and read-after
ok 926 - successful backend diagnostics still verify sync apply, deduplication, conflict, and read-after
  ---
  duration_ms: 1.347791
  type: 'test'
  ...
# Subtest: GoalCadenceScreen passes its selected app locale into the calendar
ok 927 - GoalCadenceScreen passes its selected app locale into the calendar
  ---
  duration_ms: 1.505625
  type: 'test'
  ...
# Subtest: the rendered month, weekday headings and accessible dates all use that locale
ok 928 - the rendered month, weekday headings and accessible dates all use that locale
  ---
  duration_ms: 41.670042
  type: 'test'
  ...
# Subtest: month boundaries, leap days and week starts build complete selectable grids
ok 929 - month boundaries, leap days and week starts build complete selectable grids
  ---
  duration_ms: 0.360083
  type: 'test'
  ...
# Subtest: the selected date is exposed through button state and its press updates the pending date
ok 930 - the selected date is exposed through button state and its press updates the pending date
  ---
  duration_ms: 0.278291
  type: 'test'
  ...
# Subtest: only English starts on Sunday and all other supported locales start on Monday
ok 931 - only English starts on Sunday and all other supported locales start on Monday
  ---
  duration_ms: 0.075583
  type: 'test'
  ...
# Subtest: Activity opens only resolver-owned result destinations
ok 932 - Activity opens only resolver-owned result destinations
  ---
  duration_ms: 1.423209
  type: 'test'
  ...
# Subtest: Activity result routing fails closed for inline-only records
ok 933 - Activity result routing fails closed for inline-only records
  ---
  duration_ms: 0.311833
  type: 'test'
  ...
# Subtest: Activity navigation preserves the original session identity
ok 934 - Activity navigation preserves the original session identity
  ---
  duration_ms: 0.213375
  type: 'test'
  ...
# Subtest: Activity renders unavailable history as an explicit detail surface without runtime navigation
ok 935 - Activity renders unavailable history as an explicit detail surface without runtime navigation
  ---
  duration_ms: 0.723917
  type: 'test'
  ...
# Subtest: Activity detail disclosures are mutually exclusive and expose expanded state
ok 936 - Activity detail disclosures are mutually exclusive and expose expanded state
  ---
  duration_ms: 0.293834
  type: 'test'
  ...
# Subtest: goal cadence is a reachable root route backed by the canonical repository
ok 937 - goal cadence is a reachable root route backed by the canonical repository
  ---
  duration_ms: 2.582458
  type: 'test'
  ...
# Subtest: Progress owns the goal entry point for the active track
ok 938 - Progress owns the goal entry point for the active track
  ---
  duration_ms: 0.13525
  type: 'test'
  ...
# Subtest: Settings opens the shared goal screen with its return context
ok 939 - Settings opens the shared goal screen with its return context
  ---
  duration_ms: 0.16725
  type: 'test'
  ...
# Subtest: active goal summary only exposes Save while editing
ok 940 - active goal summary only exposes Save while editing
  ---
  duration_ms: 0.11325
  type: 'test'
  ...
# Subtest: active goal summary keeps the reminder draft noninteractive
ok 941 - active goal summary keeps the reminder draft noninteractive
  ---
  duration_ms: 0.218958
  type: 'test'
  ...
# Subtest: goal status and selected day labels use onPrimary on filled backgrounds
ok 942 - goal status and selected day labels use onPrimary on filled backgrounds
  ---
  duration_ms: 0.104666
  type: 'test'
  ...
# Subtest: preferred-day shortcuts preserve domain ids and translate every EN/PL label
ok 943 - preferred-day shortcuts preserve domain ids and translate every EN/PL label
  ---
  duration_ms: 0.32725
  type: 'test'
  ...
# Subtest: goal reminders are a read-only preferred-day draft in both create and active summary
ok 944 - goal reminders are a read-only preferred-day draft in both create and active summary
  ---
  duration_ms: 0.27625
  type: 'test'
  ...
# Subtest: target dates use the shared localized calendar with cancellable drafts and an explicit ISO commit
ok 945 - target dates use the shared localized calendar with cancellable drafts and an explicit ISO commit
  ---
  duration_ms: 0.799542
  type: 'test'
  ...
# Subtest: goal editing uses local keyboard avoidance while preserving the shared sticky footer
ok 946 - goal editing uses local keyboard avoidance while preserving the shared sticky footer
  ---
  duration_ms: 0.461125
  type: 'test'
  ...
# Subtest: goal loading keeps its back action separate from the busy content announcement
ok 947 - goal loading keeps its back action separate from the busy content announcement
  ---
  duration_ms: 0.205834
  type: 'test'
  ...
# Subtest: goal templates are sourced from every canonical track descriptor
ok 948 - goal templates are sourced from every canonical track descriptor
  ---
  duration_ms: 5.172084
  type: 'test'
  ...
# Subtest: default goal is valid and keeps optional date unset
ok 949 - default goal is valid and keeps optional date unset
  ---
  duration_ms: 0.310333
  type: 'test'
  ...
# Subtest: goal persistence guard rejects invalid cadence, date, track template, and extra fields
ok 950 - goal persistence guard rejects invalid cadence, date, track template, and extra fields
  ---
  duration_ms: 0.298041
  type: 'test'
  ...
# Subtest: goal normalizer derives ordered cadence from legacy targets and every day count
ok 951 - goal normalizer derives ordered cadence from legacy targets and every day count
  ---
  duration_ms: 0.331
  type: 'test'
  ...
# Subtest: goal repository normalizes legacy records on read without repairing storage
ok 952 - goal repository normalizes legacy records on read without repairing storage
  ---
  duration_ms: 5.914667
  type: 'test'
  ...
# Subtest: empty legacy goals remain readable, but saving an empty selection is rejected without data loss
ok 953 - empty legacy goals remain readable, but saving an empty selection is rejected without data loss
  ---
  duration_ms: 1.904916
  type: 'test'
  ...
# Subtest: goal repository rejects a zero target with selected days without repairing the record
ok 954 - goal repository rejects a zero target with selected days without repairing the record
  ---
  duration_ms: 0.30175
  type: 'test'
  ...
# Subtest: saving a goal persists the normalized cadence while preserving other fields
ok 955 - saving a goal persists the normalized cadence while preserving other fields
  ---
  duration_ms: 0.244875
  type: 'test'
  ...
# Subtest: goal repository persists one canonical record per track
ok 956 - goal repository persists one canonical record per track
  ---
  duration_ms: 0.27225
  type: 'test'
  ...
# Subtest: target-date projection follows goal type and explicit own-pace saves remove only legacy dates
ok 957 - target-date projection follows goal type and explicit own-pace saves remove only legacy dates
  ---
  duration_ms: 0.354375
  type: 'test'
  ...
# Subtest: saved ISO dates initialize the native picker at local noon and preserve leap days
ok 958 - saved ISO dates initialize the native picker at local noon and preserve leap days
  ---
  duration_ms: 2.515958
  type: 'test'
  ...
# Subtest: empty dates initialize to device-local today at noon
ok 959 - empty dates initialize to device-local today at noon
  ---
  duration_ms: 0.701333
  type: 'test'
  ...
# Subtest: non-empty saved dates must satisfy the persisted ISO calendar-date contract
ok 960 - non-empty saved dates must satisfy the persisted ISO calendar-date contract
  ---
  duration_ms: 0.345875
  type: 'test'
  ...
# Subtest: local calendar dates round-trip across a daylight-saving transition
ok 961 - local calendar dates round-trip across a daylight-saving transition
  ---
  duration_ms: 0.655417
  type: 'test'
  ...
# Subtest: guest privacy request copy separates acceptance from unconfirmed email delivery
ok 962 - guest privacy request copy separates acceptance from unconfirmed email delivery
  ---
  duration_ms: 1.038792
  type: 'test'
  ...
# Subtest: guest privacy retry identity survives restart without persisting a session token
ok 963 - guest privacy retry identity survives restart without persisting a session token
  ---
  duration_ms: 1.717
  type: 'test'
  ...
# Subtest: choosing the first track reloads Home data for that selected track
ok 964 - choosing the first track reloads Home data for that selected track
  ---
  duration_ms: 1.453542
  type: 'test'
  ...
# Subtest: a failed Home shell read keeps the learner in a retryable state on the canonical load path
ok 965 - a failed Home shell read keeps the learner in a retryable state on the canonical load path
  ---
  duration_ms: 0.234292
  type: 'test'
  ...
# Subtest: Home focus retries only eligible pending account data and clears route tab suppression on local navigation
ok 966 - Home focus retries only eligible pending account data and clears route tab suppression on local navigation
  ---
  duration_ms: 0.219875
  type: 'test'
  ...
# Subtest: Home keeps resume-required handling internal instead of showing sync implementation details
ok 967 - Home keeps resume-required handling internal instead of showing sync implementation details
  ---
  duration_ms: 0.120625
  type: 'test'
  ...
# Subtest: the first Home visit replaces repeated empty metrics with one honest next-step state
ok 968 - the first Home visit replaces repeated empty metrics with one honest next-step state
  ---
  duration_ms: 0.274125
  type: 'test'
  ...
# Subtest: goal invitation stays optional for guest and healthy account, reloads after Goal, and persists dismissal per track
ok 969 - goal invitation stays optional for guest and healthy account, reloads after Goal, and persists dismissal per track
  ---
  duration_ms: 0.282208
  type: 'test'
  ...
# Subtest: Home stacks quiet-layered context and decision metadata at large text sizes
ok 970 - Home stacks quiet-layered context and decision metadata at large text sizes
  ---
  duration_ms: 1.926291
  type: 'test'
  ...
# Subtest: editor route carries only editor identity and never silently loads a plan
ok 971 - editor route carries only editor identity and never silently loads a plan
  ---
  duration_ms: 0.752125
  type: 'test'
  ...
# Subtest: editor commits through the runtime wrapper and keeps reminder retry visible
ok 972 - editor commits through the runtime wrapper and keeps reminder retry visible
  ---
  duration_ms: 0.244709
  type: 'test'
  ...
# Subtest: learning plan fixture URL accepts only the explicit development smoke case enum
ok 973 - learning plan fixture URL accepts only the explicit development smoke case enum
  ---
  duration_ms: 1.434
  type: 'test'
  ...
# Subtest: reopening the same fixture URL creates a fresh launch identity
ok 974 - reopening the same fixture URL creates a fresh launch identity
  ---
  duration_ms: 0.114625
  type: 'test'
  ...
# Subtest: named proposal fixture cases produce domain-generated screen states with the declared schedule shape
ok 975 - named proposal fixture cases produce domain-generated screen states with the declared schedule shape
  ---
  duration_ms: 3031.082459
  type: 'test'
  ...
# Subtest: fixture actions report one in-memory call and never report storage success
ok 976 - fixture actions report one in-memory call and never report storage success
  ---
  duration_ms: 6005.019708
  type: 'test'
  ...
# Subtest: delayed loading remains pending before it resolves to the ready view
ok 977 - delayed loading remains pending before it resolves to the ready view
  ---
  duration_ms: 3002.098709
  type: 'test'
  ...
# Subtest: disabled fixture peer is an explicit unavailable implementation
ok 978 - disabled fixture peer is an explicit unavailable implementation
  ---
  duration_ms: 0.773083
  type: 'test'
  ...
# Subtest: proposal route carries only identity and resolves the in-memory proposal
ok 979 - proposal route carries only identity and resolves the in-memory proposal
  ---
  duration_ms: 0.884208
  type: 'test'
  ...
# Subtest: proposal accepts through the plan/reminder runtime and preserves pending saves
ok 980 - proposal accepts through the plan/reminder runtime and preserves pending saves
  ---
  duration_ms: 0.202541
  type: 'test'
  ...
# Subtest: proposal keeps explicit states, edit actions and localized copy
ok 981 - proposal keeps explicit states, edit actions and localized copy
  ---
  duration_ms: 0.167417
  type: 'test'
  ...
# Subtest: every proposal screen branch leaves the top safe area to its stack header
ok 982 - every proposal screen branch leaves the top safe area to its stack header
  ---
  duration_ms: 0.139416
  type: 'test'
  ...
# Subtest: ready and shortened proposals use the review title and a two-action footer
ok 983 - ready and shortened proposals use the review title and a two-action footer
  ---
  duration_ms: 0.21025
  type: 'test'
  ...
# Subtest: goal type is the card heading while target and selected days remain visible
ok 984 - goal type is the card heading while target and selected days remain visible
  ---
  duration_ms: 0.136125
  type: 'test'
  ...
# Subtest: review title is localized in all seven locales and removed goal-context copy is dead
ok 985 - review title is localized in all seven locales and removed goal-context copy is dead
  ---
  duration_ms: 0.174375
  type: 'test'
  ...
# Subtest: shortfall and saved-plan actions retain their existing semantics
ok 986 - shortfall and saved-plan actions retain their existing semantics
  ---
  duration_ms: 0.165042
  type: 'test'
  ...
# Subtest: goal save still opens a proposal only after its existing reminder reconciliation
ok 987 - goal save still opens a proposal only after its existing reminder reconciliation
  ---
  duration_ms: 0.257583
  type: 'test'
  ...
# Subtest: target guidance retry performs a real canonical snapshot reload
ok 988 - target guidance retry performs a real canonical snapshot reload
  ---
  duration_ms: 0.40975
  type: 'test'
  ...
# Subtest: authenticated required narrative validation returns inline error before either create command
ok 989 - authenticated required narrative validation returns inline error before either create command
  ---
  duration_ms: 1.511833
  type: 'test'
  ...
# Subtest: guest invalid email validation returns field error before either create command
ok 990 - guest invalid email validation returns field error before either create command
  ---
  duration_ms: 0.236666
  type: 'test'
  ...
# Subtest: valid submissions route exactly once and trim optional values
ok 991 - valid submissions route exactly once and trim optional values
  ---
  duration_ms: 0.2555
  type: 'test'
  ...
# Subtest: Progress model presents canonical guidance and clamps C3 completion ratio
ok 992 - Progress model presents canonical guidance and clamps C3 completion ratio
  ---
  duration_ms: 51.546417
  type: 'test'
  ...
# Subtest: Progress model never creates a self-link for completed guidance
ok 993 - Progress model never creates a self-link for completed guidance
  ---
  duration_ms: 1.007959
  type: 'test'
  ...
# Subtest: Progress model does not offer a new plan session while one is active
ok 994 - Progress model does not offer a new plan session while one is active
  ---
  duration_ms: 2.845667
  type: 'test'
  ...
# Subtest: Progress model keeps none guidance explicit for no goal, paused goal and no plan
ok 995 - Progress model keeps none guidance explicit for no goal, paused goal and no plan
  ---
  duration_ms: 0.756542
  type: 'test'
  ...
# Subtest: Progress model fails closed for a foreign active track or unavailable snapshot
ok 996 - Progress model fails closed for a foreign active track or unavailable snapshot
  ---
  duration_ms: 1.732292
  type: 'test'
  ...
# Subtest: track selection turns an active-track read rejection into an explicit retryable unavailable state
ok 997 - track selection turns an active-track read rejection into an explicit retryable unavailable state
  ---
  duration_ms: 0.699959
  type: 'test'
  ...
# Subtest: track selection retains the local choice and offers the same command again after a save rejection
ok 998 - track selection retains the local choice and offers the same command again after a save rejection
  ---
  duration_ms: 0.268959
  type: 'test'
  ...
# Subtest: track selection waits for clean reminder reconciliation before completing
ok 999 - track selection waits for clean reminder reconciliation before completing
  ---
  duration_ms: 0.209625
  type: 'test'
  ...
# Subtest: track selection stacks dense rows and actions instead of clipping large text
ok 1000 - track selection stacks dense rows and actions instead of clipping large text
  ---
  duration_ms: 0.727042
  type: 'test'
  ...
# Subtest: Algorithms bootstrap accepts a reachable large-text control without requiring full card visibility
ok 1001 - Algorithms bootstrap accepts a reachable large-text control without requiring full card visibility
  ---
  duration_ms: 0.081625
  type: 'test'
  ...
# Subtest: track cards use the canonical Figma icon mapping for every active track
ok 1002 - track cards use the canonical Figma icon mapping for every active track
  ---
  duration_ms: 0.147167
  type: 'test'
  ...
# Subtest: track selection mirrors the Figma returning and switching footer states
ok 1003 - track selection mirrors the Figma returning and switching footer states
  ---
  duration_ms: 0.414709
  type: 'test'
  ...
# Subtest: Activity groups durable terminal sessions and keeps the row projection truthful
ok 1004 - Activity groups durable terminal sessions and keeps the row projection truthful
  ---
  duration_ms: 61.440834
  type: 'test'
  ...
# Subtest: Activity identifies an absolute-deadline completion without relabeling manual abandonment
ok 1005 - Activity identifies an absolute-deadline completion without relabeling manual abandonment
  ---
  duration_ms: 0.948
  type: 'test'
  ...
# Subtest: Activity interaction matrix opens only summaries supported by durable family evidence
ok 1006 - Activity interaction matrix opens only summaries supported by durable family evidence
  ---
  duration_ms: 1.560875
  type: 'test'
  ...
# Subtest: Activity track filter returns only records for the selected canonical track
ok 1007 - Activity track filter returns only records for the selected canonical track
  ---
  duration_ms: 0.328667
  type: 'test'
  ...
# Subtest: Activity uses local calendar days and Monday-based calendar weeks
ok 1008 - Activity uses local calendar days and Monday-based calendar weeks
  ---
  duration_ms: 0.823041
  type: 'test'
  ...
# Subtest: Activity keeps local midnight and relative labels correct across a DST boundary
ok 1009 - Activity keeps local midnight and relative labels correct across a DST boundary
  ---
  duration_ms: 0.226792
  type: 'test'
  ...
# Subtest: Activity date labels format relative words and month names from the selected locale
ok 1010 - Activity date labels format relative words and month names from the selected locale
  ---
  duration_ms: 25.411375
  type: 'test'
  ...
# Subtest: Activity keeps unavailable archival summaries separate from runtime navigation facts
ok 1011 - Activity keeps unavailable archival summaries separate from runtime navigation facts
  ---
  duration_ms: 0.846417
  type: 'test'
  ...
# Subtest: Activity never exposes an unknown archived track identity
ok 1012 - Activity never exposes an unknown archived track identity
  ---
  duration_ms: 0.542709
  type: 'test'
  ...
# Subtest: Claude Progress metadata exactly covers the seven blueprint-linked node IDs
ok 1013 - Claude Progress metadata exactly covers the seven blueprint-linked node IDs
  ---
  duration_ms: 14.7905
  type: 'test'
  ...
# Subtest: Google Cloud Progress metadata exactly covers the four scoring domains
ok 1014 - Google Cloud Progress metadata exactly covers the four scoring domains
  ---
  duration_ms: 0.223625
  type: 'test'
  ...
# Subtest: unknown, aliased, and cross-track IDs remain explicitly unavailable
ok 1015 - unknown, aliased, and cross-track IDs remain explicitly unavailable
  ---
  duration_ms: 0.108
  type: 'test'
  ...
# Subtest: every authored title and description has exact EN and PL locale entries
ok 1016 - every authored title and description has exact EN and PL locale entries
  ---
  duration_ms: 1.072292
  type: 'test'
  ...
# Subtest: Progress renders authored meaning in Current focus and Performance evidence
ok 1017 - Progress renders authored meaning in Current focus and Performance evidence
  ---
  duration_ms: 0.354042
  type: 'test'
  ...
# Subtest: Claude Progress with zero attempts stays empty without inventing a score
ok 1018 - Claude Progress with zero attempts stays empty without inventing a score
  ---
  duration_ms: 904.80225
  type: 'test'
  ...
# Subtest: home progress uses canonical tracks
ok 1019 - home progress uses canonical tracks
  ---
  duration_ms: 911.327375
  type: 'test'
  ...
# Subtest: Coding Interview Home uses the canonical dashboard projection for guided practice
ok 1020 - Coding Interview Home uses the canonical dashboard projection for guided practice
  ---
  duration_ms: 631.021667
  type: 'test'
  ...
# Subtest: Coding Interview Home recommends due review from canonical counts
ok 1021 - Coding Interview Home recommends due review from canonical counts
  ---
  duration_ms: 0.341708
  type: 'test'
  ...
# Subtest: track evidence rows stay informational while local show-more behavior remains
ok 1022 - track evidence rows stay informational while local show-more behavior remains
  ---
  duration_ms: 0.82525
  type: 'test'
  ...
# Subtest: empty progress keeps practice as the primary action and exposes global activity
ok 1023 - empty progress keeps practice as the primary action and exposes global activity
  ---
  duration_ms: 0.196042
  type: 'test'
  ...
# Subtest: the shared Home shell opens the track-aware Practice Hub from empty Progress
ok 1024 - the shared Home shell opens the track-aware Practice Hub from empty Progress
  ---
  duration_ms: 0.239417
  type: 'test'
  ...
# Subtest: Home passes canonical sessions and exact row navigation into Progress
ok 1025 - Home passes canonical sessions and exact row navigation into Progress
  ---
  duration_ms: 0.125416
  type: 'test'
  ...
# Subtest: Progress receives the single canonical Home plan snapshot and guidance action owner
ok 1026 - Progress receives the single canonical Home plan snapshot and guidance action owner
  ---
  duration_ms: 0.264792
  type: 'test'
  ...
# Subtest: Completed guidance does not render a Progress self-link
ok 1027 - Completed guidance does not render a Progress self-link
  ---
  duration_ms: 0.094209
  type: 'test'
  ...
# Subtest: Settings names guest and signed-out entry honestly and never offers guest sign-out
ok 1028 - Settings names guest and signed-out entry honestly and never offers guest sign-out
  ---
  duration_ms: 1.466584
  type: 'test'
  ...
# Subtest: Settings preserves authenticated identity and distinguishes synchronized from repair states
ok 1029 - Settings preserves authenticated identity and distinguishes synchronized from repair states
  ---
  duration_ms: 0.170542
  type: 'test'
  ...
# Subtest: Settings treats synced account data with durable warnings as needing attention
ok 1030 - Settings treats synced account data with durable warnings as needing attention
  ---
  duration_ms: 0.095333
  type: 'test'
  ...
# Subtest: Settings maps only the resume-required sign-out pair to canonical localized copy
ok 1031 - Settings maps only the resume-required sign-out pair to canonical localized copy
  ---
  duration_ms: 0.811917
  type: 'test'
  ...
# Subtest: Settings blocks invalid actions while account lifecycle work is busy and keeps recovery states available
ok 1032 - Settings blocks invalid actions while account lifecycle work is busy and keeps recovery states available
  ---
  duration_ms: 0.190708
  type: 'test'
  ...
# Subtest: Your data presents an explicit action/details/privacy matrix for every account state
ok 1033 - Your data presents an explicit action/details/privacy matrix for every account state
  ---
  duration_ms: 1.912333
  type: 'test'
  ...
# Subtest: Your data distinguishes the timeout recovery action from other unavailable reasons
ok 1034 - Your data distinguishes the timeout recovery action from other unavailable reasons
  ---
  duration_ms: 0.148167
  type: 'test'
  ...
# Subtest: Your data keeps details and privacy access exclusive to authenticated and exact guest states
ok 1035 - Your data keeps details and privacy access exclusive to authenticated and exact guest states
  ---
  duration_ms: 0.251917
  type: 'test'
  ...
# Subtest: Recovery-pending copy is translated in every supported data locale
ok 1036 - Recovery-pending copy is translated in every supported data locale
  ---
  duration_ms: 0.934667
  type: 'test'
  ...
# Subtest: Premium offer stacks copy and actions instead of squeezing copy beside the action
ok 1037 - Premium offer stacks copy and actions instead of squeezing copy beside the action
  ---
  duration_ms: 0.702
  type: 'test'
  ...
# Subtest: certification exam premium admission maps each outcome explicitly
ok 1038 - certification exam premium admission maps each outcome explicitly
  ---
  duration_ms: 1.375583
  type: 'test'
  ...
# Subtest: Practice Hub keeps the exam offer visible and routes each admission outcome
ok 1039 - Practice Hub keeps the exam offer visible and routes each admission outcome
  ---
  duration_ms: 1.263375
  type: 'test'
  ...
# Subtest: answer cards show state through the card and letter without a redundant status row
ok 1040 - answer cards show state through the card and letter without a redundant status row
  ---
  duration_ms: 0.76925
  type: 'test'
  ...
# Subtest: practice and review keep correctness and selection in accessibility semantics
ok 1041 - practice and review keep correctness and selection in accessibility semantics
  ---
  duration_ms: 0.137958
  type: 'test'
  ...
# Subtest: practice completion handoff retains canonical question identity
ok 1042 - practice completion handoff retains canonical question identity
  ---
  duration_ms: 861.34225
  type: 'test'
  ...
# Subtest: structured Claude feedback renders explanatory text without leaking block metadata
ok 1043 - structured Claude feedback renders explanatory text without leaking block metadata
  ---
  duration_ms: 1.377625
  type: 'test'
  ...
# Subtest: feedback detail projection keeps scalar and nested explanatory values
ok 1044 - feedback detail projection keeps scalar and nested explanatory values
  ---
  duration_ms: 0.091125
  type: 'test'
  ...
# Subtest: practice selects a canonical pool
ok 1045 - practice selects a canonical pool
  ---
  duration_ms: 877.882208
  type: 'test'
  ...
# Subtest: GCP practice topic comes from its node mode after the diagnostic-first mode
ok 1046 - GCP practice topic comes from its node mode after the diagnostic-first mode
  ---
  duration_ms: 562.573
  type: 'test'
  ...
# Subtest: Certification Exam Simulation is offered only for a validated prepared profile
ok 1047 - Certification Exam Simulation is offered only for a validated prepared profile
  ---
  duration_ms: 1.315542
  type: 'test'
  ...
# Subtest: Coding Mock is offered only for the validated Coding simulation profile without changing practice modes
ok 1048 - Coding Mock is offered only for the validated Coding simulation profile without changing practice modes
  ---
  duration_ms: 0.290792
  type: 'test'
  ...
# Subtest: Design Weak Area Review stays unavailable without review evidence
ok 1049 - Design Weak Area Review stays unavailable without review evidence
  ---
  duration_ms: 0.14425
  type: 'test'
  ...
# Subtest: practice session exit resets navigation above the closed session
ok 1050 - practice session exit resets navigation above the closed session
  ---
  duration_ms: 1.463458
  type: 'test'
  ...
# Subtest: practice session exit can return to the hub without a topic override
ok 1051 - practice session exit can return to the hub without a topic override
  ---
  duration_ms: 0.192
  type: 'test'
  ...
# Subtest: the canonical Custom Practice hero opens setup without a duplicate mode row
ok 1052 - the canonical Custom Practice hero opens setup without a duplicate mode row
  ---
  duration_ms: 0.726291
  type: 'test'
  ...
# Subtest: Design mode entries open setup so learners can select the configured session length
ok 1053 - Design mode entries open setup so learners can select the configured session length
  ---
  duration_ms: 0.21525
  type: 'test'
  ...
# Subtest: Claude structured question presentation is selected only from canonical track identity
ok 1054 - Claude structured question presentation is selected only from canonical track identity
  ---
  duration_ms: 0.659917
  type: 'test'
  ...
# Subtest: structured presentation preserves authored prompt and constraint strings
ok 1055 - structured presentation preserves authored prompt and constraint strings
  ---
  duration_ms: 0.123
  type: 'test'
  ...
# Subtest: structured constraints have localized semantics and stable identity
ok 1056 - structured constraints have localized semantics and stable identity
  ---
  duration_ms: 0.091042
  type: 'test'
  ...
# Subtest: primary session CTA routes activations through the phase-identity carry-over guard
ok 1057 - primary session CTA routes activations through the phase-identity carry-over guard
  ---
  duration_ms: 0.20775
  type: 'test'
  ...
# Subtest: fixture chrome reuses the Practice shell slots without adding a nested scroll owner
ok 1058 - fixture chrome reuses the Practice shell slots without adding a nested scroll owner
  ---
  duration_ms: 0.21925
  type: 'test'
  ...
# Subtest: practice screens turn unsupported package, topic, and mode reads into exits
ok 1059 - practice screens turn unsupported package, topic, and mode reads into exits
  ---
  duration_ms: 2.314791
  type: 'test'
  ...
# Subtest: Design simulation uses its dedicated result and cannot enter objective setup
ok 1060 - Design simulation uses its dedicated result and cannot enter objective setup
  ---
  duration_ms: 0.280542
  type: 'test'
  ...
# Subtest: all selected Design modes require Premium admission before their canonical route
ok 1061 - all selected Design modes require Premium admission before their canonical route
  ---
  duration_ms: 0.336708
  type: 'test'
  ...
# Subtest: practice route changes cannot submit stale setup controls and preserve track identity
ok 1062 - practice route changes cannot submit stale setup controls and preserve track identity
  ---
  duration_ms: 0.4045
  type: 'test'
  ...
# Subtest: changing track returns through the Home root and drops practice route overrides
ok 1063 - changing track returns through the Home root and drops practice route overrides
  ---
  duration_ms: 0.120458
  type: 'test'
  ...
# Subtest: Hub uses its displayed primary mode and package length defaults
ok 1064 - Hub uses its displayed primary mode and package length defaults
  ---
  duration_ms: 0.137417
  type: 'test'
  ...
# Subtest: Home practice navigation preserves track identity and unavailable topics keep their context
ok 1065 - Home practice navigation preserves track identity and unavailable topics keep their context
  ---
  duration_ms: 0.297208
  type: 'test'
  ...
# Subtest: all practice runners prevent native removal and replay the exact action after leave confirmation
ok 1066 - all practice runners prevent native removal and replay the exact action after leave confirmation
  ---
  duration_ms: 1.70925
  type: 'test'
  ...
# Subtest: Certification and Design unlock actions only after the refreshed projection commits
ok 1067 - Certification and Design unlock actions only after the refreshed projection commits
  ---
  duration_ms: 0.891333
  type: 'test'
  ...
# Subtest: Custom Practice accepts its package-declared length and persists its selected feedback timing
ok 1068 - Custom Practice accepts its package-declared length and persists its selected feedback timing
  ---
  duration_ms: 589.98425
  type: 'test'
  ...
# Subtest: Coding Interview simulation resume targets its durable profile route
ok 1069 - Coding Interview simulation resume targets its durable profile route
  ---
  duration_ms: 1.380167
  type: 'test'
  ...
# Subtest: Custom Practice setup rejects every unsupported session length
ok 1070 - Custom Practice setup rejects every unsupported session length
  ---
  duration_ms: 0.289583
  type: 'test'
  ...
# Subtest: Custom Practice requires a selected timing while predefined Algorithms modes retain fixed timings
ok 1071 - Custom Practice requires a selected timing while predefined Algorithms modes retain fixed timings
  ---
  duration_ms: 0.154083
  type: 'test'
  ...
# Subtest: rejects an Algorithms session length that the selected mode does not declare
ok 1072 - rejects an Algorithms session length that the selected mode does not declare
  ---
  duration_ms: 0.081583
  type: 'test'
  ...
# Subtest: Independent Practice direct entry fails because it is excluded from the bundled Free package
ok 1073 - Independent Practice direct entry fails because it is excluded from the bundled Free package
  ---
  duration_ms: 0.120417
  type: 'test'
  ...
# Subtest: Certification resume routes preserve exact immutable configuration for package modes
ok 1074 - Certification resume routes preserve exact immutable configuration for package modes
  ---
  duration_ms: 0.481583
  type: 'test'
  ...
# Subtest: Certification resume rejects stale, cross-track, exam, and non-active sessions explicitly
ok 1075 - Certification resume rejects stale, cross-track, exam, and non-active sessions explicitly
  ---
  duration_ms: 0.321458
  type: 'test'
  ...
# Subtest: only Claude Focus exposes selectable feedback while other Certification setup stays fixed
ok 1076 - only Claude Focus exposes selectable feedback while other Certification setup stays fixed
  ---
  duration_ms: 0.438917
  type: 'test'
  ...
# Subtest: Practice Setup uses the package default until the learner or route selects a supported length
ok 1077 - Practice Setup uses the package default until the learner or route selects a supported length
  ---
  duration_ms: 0.231541
  type: 'test'
  ...
# Subtest: every active track has the contract-defined Practice exit copy
ok 1078 - every active track has the contract-defined Practice exit copy
  ---
  duration_ms: 1.70375
  type: 'test'
  ...
# Subtest: Practice exit rejects missing and unknown track identities without a fallback
ok 1079 - Practice exit rejects missing and unknown track identities without a fallback
  ---
  duration_ms: 0.307334
  type: 'test'
  ...
# Subtest: Practice presentation never discloses feedback before the durable feedback boundary
ok 1080 - Practice presentation never discloses feedback before the durable feedback boundary
  ---
  duration_ms: 0.814292
  type: 'test'
  ...
# Subtest: Practice presentation permits response edits before a journal exists
ok 1081 - Practice presentation permits response edits before a journal exists
  ---
  duration_ms: 0.094
  type: 'test'
  ...
# Subtest: Practice action model separates final feedback from the durable Finish command
ok 1082 - Practice action model separates final feedback from the durable Finish command
  ---
  duration_ms: 0.989458
  type: 'test'
  ...
# Subtest: Deferred feedback keeps the submit CTA and saving status aligned
ok 1083 - Deferred feedback keeps the submit CTA and saving status aligned
  ---
  duration_ms: 0.13325
  type: 'test'
  ...
# Subtest: Practice pending phases retain a stable unsafe-action lock
ok 1084 - Practice pending phases retain a stable unsafe-action lock
  ---
  duration_ms: 0.070458
  type: 'test'
  ...
# Subtest: primary action carry-over guard blocks only fast phase changes and permits same-phase retries
ok 1085 - primary action carry-over guard blocks only fast phase changes and permits same-phase retries
  ---
  duration_ms: 0.138708
  type: 'test'
  ...
# Subtest: Practice operation notice mapping remains one family-neutral interpretation
ok 1086 - Practice operation notice mapping remains one family-neutral interpretation
  ---
  duration_ms: 0.208417
  type: 'test'
  ...
# Subtest: Durable recovery notices stay learner-facing in English and Polish
ok 1087 - Durable recovery notices stay learner-facing in English and Polish
  ---
  duration_ms: 6.860833
  type: 'test'
  ...
# Subtest: Premium session preparation failures map to localized next steps
ok 1088 - Premium session preparation failures map to localized next steps
  ---
  duration_ms: 0.978916
  type: 'test'
  ...
# Subtest: Practice local choice selection survives only the same editable occurrence
ok 1089 - Practice local choice selection survives only the same editable occurrence
  ---
  duration_ms: 0.433833
  type: 'test'
  ...
# Subtest: Scoped local response preserves all authored control types for the same editable occurrence
ok 1090 - Scoped local response preserves all authored control types for the same editable occurrence
  ---
  duration_ms: 0.114917
  type: 'test'
  ...
# Subtest: Scoped local response resets when the session or occurrence identity changes
ok 1091 - Scoped local response resets when the session or occurrence identity changes
  ---
  duration_ms: 0.061083
  type: 'test'
  ...
# Subtest: Scoped durable response is authoritative over an unsent local response
ok 1092 - Scoped durable response is authoritative over an unsent local response
  ---
  duration_ms: 0.059583
  type: 'test'
  ...
# Subtest: Practice durable choice response wins and response-less locked state clears
ok 1093 - Practice durable choice response wins and response-less locked state clears
  ---
  duration_ms: 0.055125
  type: 'test'
  ...
# Subtest: Practice response renderer consumes application feedback states without scoring in UI
ok 1094 - Practice response renderer consumes application feedback states without scoring in UI
  ---
  duration_ms: 0.156041
  type: 'test'
  ...
# Subtest: Single-select feedback projects selected-correct and every remaining disabled state
ok 1095 - Single-select feedback projects selected-correct and every remaining disabled state
  ---
  duration_ms: 0.062625
  type: 'test'
  ...
# Subtest: The visible ordering is a complete response before the learner moves an element
ok 1096 - The visible ordering is a complete response before the learner moves an element
  ---
  duration_ms: 0.229583
  type: 'test'
  ...
# Subtest: Practice feedback labels distinguish selection from correctness
ok 1097 - Practice feedback labels distinguish selection from correctness
  ---
  duration_ms: 0.0575
  type: 'test'
  ...
# Subtest: Practice checked semantics include only answers the learner selected
ok 1098 - Practice checked semantics include only answers the learner selected
  ---
  duration_ms: 20.665209
  type: 'test'
  ...
# Subtest: source links expose exact targets and unavailable has no press handler
ok 1099 - source links expose exact targets and unavailable has no press handler
  ---
  duration_ms: 1.339959
  type: 'test'
  ...
# Subtest: source open failure is explicit and never changes answer or report state
ok 1100 - source open failure is explicit and never changes answer or report state
  ---
  duration_ms: 0.466166
  type: 'test'
  ...
# Subtest: every canonical practice session preserves projected sources at the shared feedback boundary
ok 1101 - every canonical practice session preserves projected sources at the shared feedback boundary
  ---
  duration_ms: 0.186
  type: 'test'
  ...
# Subtest: fresh response requires exactly one matching provider-backed item with strict UTC dates
ok 1102 - fresh response requires exactly one matching provider-backed item with strict UTC dates
  ---
  duration_ms: 2.487708
  type: 'test'
  ...
# Subtest: confirmed account change removes the previous account cache and fails closed if removal fails
ok 1103 - confirmed account change removes the previous account cache and fails closed if removal fails
  ---
  duration_ms: 0.568792
  type: 'test'
  ...
# Subtest: active and grace expire exactly at their provider dates; negative states deny
ok 1104 - active and grace expire exactly at their provider dates; negative states deny
  ---
  duration_ms: 0.372291
  type: 'test'
  ...
# Subtest: clock rollback and account switch deny, and a fresh response cannot reduce observed wall time
ok 1105 - clock rollback and account switch deny, and a fresh response cannot reduce observed wall time
  ---
  duration_ms: 0.130292
  type: 'test'
  ...
# Subtest: cache writes before offline authorization; failed writes, invalid refresh and account change fail closed
ok 1106 - cache writes before offline authorization; failed writes, invalid refresh and account change fail closed
  ---
  duration_ms: 1.29925
  type: 'test'
  ...
# Subtest: content reports are reachable from canonical practice details
ok 1107 - content reports are reachable from canonical practice details
  ---
  duration_ms: 0.924958
  type: 'test'
  ...
# Subtest: report affordance uses the canonical bounded button without changing its open-only action
ok 1108 - report affordance uses the canonical bounded button without changing its open-only action
  ---
  duration_ms: 0.976917
  type: 'test'
  ...
# Subtest: report input is intentionally content-free beyond bounded item context
ok 1109 - report input is intentionally content-free beyond bounded item context
  ---
  duration_ms: 0.232833
  type: 'test'
  ...
# Subtest: guest report disclosure is short by default and exposes accessible details
ok 1110 - guest report disclosure is short by default and exposes accessible details
  ---
  duration_ms: 0.171625
  type: 'test'
  ...
# Subtest: Review presents unavailable entries in a separate section with scoped removal confirmation
ok 1111 - Review presents unavailable entries in a separate section with scoped removal confirmation
  ---
  duration_ms: 0.664208
  type: 'test'
  ...
# Subtest: review screen keeps unavailable rows out of due and upcoming sections
ok 1112 - review screen keeps unavailable rows out of due and upcoming sections
  ---
  duration_ms: 1.608375
  type: 'test'
  ...
# Subtest: track presentation exposes only the concrete Google Cloud track
ok 1113 - track presentation exposes only the concrete Google Cloud track
  ---
  duration_ms: 4.139
  type: 'test'
  ...
# Subtest: active track naming is complete in the Polish presentation dictionary
ok 1114 - active track naming is complete in the Polish presentation dictionary
  ---
  duration_ms: 1.767584
  type: 'test'
  ...
# Subtest: review presentation uses the concrete track title when taxonomy context is absent
ok 1115 - review presentation uses the concrete track title when taxonomy context is absent
  ---
  duration_ms: 1.634041
  type: 'test'
  ...
# Subtest: review translates known track and cloud taxonomy labels while preserving authored taxonomy
ok 1116 - review translates known track and cloud taxonomy labels while preserving authored taxonomy
  ---
  duration_ms: 0.387666
  type: 'test'
  ...
# Subtest: dynamic track titles cross the translation boundary and long header copy can shrink
ok 1117 - dynamic track titles cross the translation boundary and long header copy can shrink
  ---
  duration_ms: 1.756958
  type: 'test'
  ...
# Subtest: rapid typing coalesces to the latest value
ok 1118 - rapid typing coalesces to the latest value
  ---
  duration_ms: 186.070458
  type: 'test'
  ...
# Subtest: an edit arriving during a write is persisted after it
ok 1119 - an edit arriving during a write is persisted after it
  ---
  duration_ms: 0.804375
  type: 'test'
  ...
# Subtest: one drain preserves dirty values for multiple stages
ok 1120 - one drain preserves dirty values for multiple stages
  ---
  duration_ms: 181.945625
  type: 'test'
  ...
# Subtest: failure retains dirty data and a later flush retries it
ok 1121 - failure retains dirty data and a later flush retries it
  ---
  duration_ms: 184.157708
  type: 'test'
  ...
# Subtest: flush waits for the latest in-flight edit before resolving
ok 1122 - flush waits for the latest in-flight edit before resolving
  ---
  duration_ms: 0.785333
  type: 'test'
  ...
# Subtest: a local response draft is visible only for its own occurrence
ok 1123 - a local response draft is visible only for its own occurrence
  ---
  duration_ms: 0.682
  type: 'test'
  ...
# Subtest: save transition clears before projection refresh and restores the keyed draft on failure
ok 1124 - save transition clears before projection refresh and restores the keyed draft on failure
  ---
  duration_ms: 0.989584
  type: 'test'
  ...
# Subtest: practice SessionShell uses natural action geometry while simulation keeps its fixed footer
ok 1125 - practice SessionShell uses natural action geometry while simulation keeps its fixed footer
  ---
  duration_ms: 2.156708
  type: 'test'
  ...
# Subtest: SessionShell keeps the Figma top bar in one row at large text
ok 1126 - SessionShell keeps the Figma top bar in one row at large text
  ---
  duration_ms: 1.620209
  type: 'test'
  ...
# Subtest: SessionShell keeps chrome readable without allowing it to crowd out authored content
ok 1127 - SessionShell keeps chrome readable without allowing it to crowd out authored content
  ---
  duration_ms: 0.090333
  type: 'test'
  ...
# Subtest: session timers keep the Figma value-only visual label while retaining spoken context
ok 1128 - session timers keep the Figma value-only visual label while retaining spoken context
  ---
  duration_ms: 0.354125
  type: 'test'
  ...
# Subtest: Practice sessions reset their scroll viewport when the canonical item changes
ok 1129 - Practice sessions reset their scroll viewport when the canonical item changes
  ---
  duration_ms: 0.18675
  type: 'test'
  ...
# Subtest: Button chrome remains usable while supporting up to 200 percent text
ok 1130 - Button chrome remains usable while supporting up to 200 percent text
  ---
  duration_ms: 0.055041
  type: 'test'
  ...
# Subtest: final simulation action saves an answered response before finish and lets an unanswered final occurrence finish
ok 1131 - final simulation action saves an answered response before finish and lets an unanswered final occurrence finish
  ---
  duration_ms: 1.731875
  type: 'test'
  ...
# Subtest: simulation question navigator has the approved states, accessible labels, and large-text grid adaptation
ok 1132 - simulation question navigator has the approved states, accessible labels, and large-text grid adaptation
  ---
  duration_ms: 1.088666
  type: 'test'
  ...
# Subtest: simulation operation surface renders only declared state actions and never a generic retry
ok 1133 - simulation operation surface renders only declared state actions and never a generic retry
  ---
  duration_ms: 1.712083
  type: 'test'
  ...
# Subtest: navigator jumps retain the current question in an explicit locked presentation
ok 1134 - navigator jumps retain the current question in an explicit locked presentation
  ---
  duration_ms: 0.153667
  type: 'test'
  ...
# Subtest: button loading decoration stays outside the accessible busy control
ok 1135 - button loading decoration stays outside the accessible busy control
  ---
  duration_ms: 0.154
  type: 'test'
  ...
# Subtest: simulation pause/end uses one Figma action sheet and keeps the destructive command reachable
ok 1136 - simulation pause/end uses one Figma action sheet and keeps the destructive command reachable
  ---
  duration_ms: 0.26775
  type: 'test'
  ...
# Subtest: simulation finish confirmation uses the Figma action-required copy and review dismissal
ok 1137 - simulation finish confirmation uses the Figma action-required copy and review dismissal
  ---
  duration_ms: 0.233791
  type: 'test'
  ...
# Subtest: simulation result presentation distinguishes pending, verified, scoreless, and rejected reads
ok 1138 - simulation result presentation distinguishes pending, verified, scoreless, and rejected reads
  ---
  duration_ms: 0.664167
  type: 'test'
  ...
# Subtest: keyed result reads discard a previous request after the session changes
ok 1139 - keyed result reads discard a previous request after the session changes
  ---
  duration_ms: 1.489916
  type: 'test'
  ...
# Subtest: focus loss and unmount invalidation prevent late read errors from publishing
ok 1140 - focus loss and unmount invalidation prevent late read errors from publishing
  ---
  duration_ms: 0.134375
  type: 'test'
  ...
# Subtest: retry starts a new generation and publishes only its successful result
ok 1141 - retry starts a new generation and publishes only its successful result
  ---
  duration_ms: 0.1135
  type: 'test'
  ...
# Subtest: blur or unmount invalidates the latest retry token
ok 1142 - blur or unmount invalidates the latest retry token
  ---
  duration_ms: 0.167833
  type: 'test'
  ...
# Subtest: the current rejected result read stays an explicit error
ok 1143 - the current rejected result read stays an explicit error
  ---
  duration_ms: 0.117625
  type: 'test'
  ...
# Subtest: non-final simulation CTA labels, disables, and invokes only save-and-continue
ok 1144 - non-final simulation CTA labels, disables, and invokes only save-and-continue
  ---
  duration_ms: 1.611417
  type: 'test'
  ...
# Subtest: an unanswered non-final simulation occurrence keeps the Figma Save and continue CTA disabled
ok 1145 - an unanswered non-final simulation occurrence keeps the Figma Save and continue CTA disabled
  ---
  duration_ms: 0.126625
  type: 'test'
  ...
# Subtest: simulation result and review are exposed only through the verified result reader
ok 1146 - simulation result and review are exposed only through the verified result reader
  ---
  duration_ms: 1.218458
  type: 'test'
  ...
# Subtest: active simulation surface fills the viewport and keeps navigator presentation outside the approved active screen
ok 1147 - active simulation surface fills the viewport and keeps navigator presentation outside the approved active screen
  ---
  duration_ms: 0.303166
  type: 'test'
  ...
# Subtest: simulation confirmation reuses the session chrome owner with its Figma frozen-state geometry
ok 1148 - simulation confirmation reuses the session chrome owner with its Figma frozen-state geometry
  ---
  duration_ms: 0.292916
  type: 'test'
  ...
# Subtest: simulation preparation owns neutral question and response geometry
ok 1149 - simulation preparation owns neutral question and response geometry
  ---
  duration_ms: 0.184833
  type: 'test'
  ...
# Subtest: simulation statuses localize their projection copy and expose pending operation semantics
ok 1150 - simulation statuses localize their projection copy and expose pending operation semantics
  ---
  duration_ms: 0.124166
  type: 'test'
  ...
# Subtest: Simulation navigator accepts complete unique projections for each supported session length
ok 1151 - Simulation navigator accepts complete unique projections for each supported session length
  ---
  duration_ms: 0.852375
  type: 'test'
  ...
# Subtest: Simulation completion metrics are withheld before the verified completed projection
ok 1152 - Simulation completion metrics are withheld before the verified completed projection
  ---
  duration_ms: 0.133083
  type: 'test'
  ...
# Subtest: all seven locales preserve namespace, key, leaf, array and token contracts
ok 1153 - all seven locales preserve namespace, key, leaf, array and token contracts
  ---
  duration_ms: 66.7115
  type: 'test'
  ...
# Subtest: plural suffix groups match the English source
ok 1154 - plural suffix groups match the English source
  ---
  duration_ms: 26.94375
  type: 'test'
  ...
# Subtest: identical English values stay within the reviewed exception list
ok 1155 - identical English values stay within the reviewed exception list
  ---
  duration_ms: 21.11475
  type: 'test'
  ...
# Subtest: i18next has no language or namespace fallback
ok 1156 - i18next has no language or namespace fallback
  ---
  duration_ms: 2.743458
  type: 'test'
  ...
# Subtest: translation AST collection stays on literal first arguments
ok 1157 - translation AST collection stays on literal first arguments
  ---
  duration_ms: 647.748875
  type: 'test'
  ...
# Subtest: scoped Practice, result, review, and session-shell literals exist in both locales
ok 1158 - scoped Practice, result, review, and session-shell literals exist in both locales
  ---
  duration_ms: 192.30975
  type: 'test'
  ...
# Subtest: practice presentation output strings are keys in both locales
ok 1159 - practice presentation output strings are keys in both locales
  ---
  duration_ms: 0.743125
  type: 'test'
  ...
# Subtest: admitted practice mode titles, details, and unavailable reasons are locale keys
ok 1160 - admitted practice mode titles, details, and unavailable reasons are locale keys
  ---
  duration_ms: 1.026875
  type: 'test'
  ...
# Subtest: local remote-client boundary is explicit and has no implicit endpoint
ok 1161 - local remote-client boundary is explicit and has no implicit endpoint
  ---
  duration_ms: 2.199334
  type: 'test'
  ...
# Subtest: public environment accepts the complete sandbox-only Firebase domain configuration
ok 1162 - public environment accepts the complete sandbox-only Firebase domain configuration
  ---
  duration_ms: 0.466208
  type: 'test'
  ...
# Subtest: public environment rejects extra keys, incomplete values, unsafe URLs, and production Firebase defaults
ok 1163 - public environment rejects extra keys, incomplete values, unsafe URLs, and production Firebase defaults
  ---
  duration_ms: 0.389583
  type: 'test'
  ...
# Subtest: runtime privacy keeps console and raw errors forbidden inside adapters and rejects sibling client paths
ok 1164 - runtime privacy keeps console and raw errors forbidden inside adapters and rejects sibling client paths
  ---
  duration_ms: 814.555333
  type: 'test'
  ...
# Subtest: explicit local fixture works only inside the development smoke boundary
ok 1165 - explicit local fixture works only inside the development smoke boundary
  ---
  duration_ms: 1.334125
  type: 'test'
  ...
# Subtest: client rejects an unconfigured environment and missing authentication
ok 1166 - client rejects an unconfigured environment and missing authentication
  ---
  duration_ms: 1.78425
  type: 'test'
  ...
# Subtest: account session exchange sends an empty authenticated request and parses its custom token
ok 1167 - account session exchange sends an empty authenticated request and parses its custom token
  ---
  duration_ms: 35.477583
  type: 'test'
  ...
# Subtest: account session exchange rejects a missing custom token
ok 1168 - account session exchange rejects a missing custom token
  ---
  duration_ms: 0.376292
  type: 'test'
  ...
# Subtest: account registration validates and preserves distinct Terms and Privacy evidence
ok 1169 - account registration validates and preserves distinct Terms and Privacy evidence
  ---
  duration_ms: 1.211208
  type: 'test'
  ...
# Subtest: session revocation accepts only the exact operation and a nonempty replacement token
ok 1170 - session revocation accepts only the exact operation and a nonempty replacement token
  ---
  duration_ms: 1.994584
  type: 'test'
  ...
# Subtest: recovery operation methods use the canonical paths, proof body, and authentication modes
ok 1171 - recovery operation methods use the canonical paths, proof body, and authentication modes
  ---
  duration_ms: 8.033208
  type: 'test'
  ...
# Subtest: recovery operation parsers reject malformed, mismatched, and extended server results
ok 1172 - recovery operation parsers reject malformed, mismatched, and extended server results
  ---
  duration_ms: 4.3295
  type: 'test'
  ...
# Subtest: recovery calls reject invalid operation IDs and proofs before token acquisition or network use
ok 1173 - recovery calls reject invalid operation IDs and proofs before token acquisition or network use
  ---
  duration_ms: 0.578041
  type: 'test'
  ...
# Subtest: recovery calls preserve typed server failures and Retry-After
ok 1174 - recovery calls preserve typed server failures and Retry-After
  ---
  duration_ms: 3.166208
  type: 'test'
  ...
# Subtest: content package transport uses the authenticated App Check API and returns binary response headers
ok 1175 - content package transport uses the authenticated App Check API and returns binary response headers
  ---
  duration_ms: 13.486625
  type: 'test'
  ...
# Subtest: content package transport caps streamed response bodies at two MiB
ok 1176 - content package transport caps streamed response bodies at two MiB
  ---
  duration_ms: 1.196292
  type: 'test'
  ...
# Subtest: content package transport preserves typed backend admission codes
ok 1177 - content package transport preserves typed backend admission codes
  ---
  duration_ms: 1.956792
  type: 'test'
  ...
# Subtest: mobile requests fail before transport when App Check is unavailable
ok 1178 - mobile requests fail before transport when App Check is unavailable
  ---
  duration_ms: 0.397458
  type: 'test'
  ...
# Subtest: canonical progress transport has no protocol query or version labels
ok 1179 - canonical progress transport has no protocol query or version labels
  ---
  duration_ms: 2.678125
  type: 'test'
  ...
# Subtest: client rejects removed protocol fields before sending a sync request
ok 1180 - client rejects removed protocol fields before sending a sync request
  ---
  duration_ms: 0.332042
  type: 'test'
  ...
# Subtest: client accepts canonical identity lengths supported by content
ok 1181 - client accepts canonical identity lengths supported by content
  ---
  duration_ms: 1.428667
  type: 'test'
  ...
# Subtest: client turns removed identity metadata in a response into a schema conflict
ok 1182 - client turns removed identity metadata in a response into a schema conflict
  ---
  duration_ms: 6.727
  type: 'test'
  ...
# Subtest: Apple nonce boundary hashes the Expo request and preserves the Firebase raw nonce
ok 1183 - Apple nonce boundary hashes the Expo request and preserves the Firebase raw nonce
  ---
  duration_ms: 1.234708
  type: 'test'
  ...
# Subtest: authorization generation claim identifies exchanged sessions and rejects malformed values
ok 1184 - authorization generation claim identifies exchanged sessions and rejects malformed values
  ---
  duration_ms: 0.368834
  type: 'test'
  ...
# Subtest: authorization generation reads force-refresh claims for the same current Firebase identity
ok 1185 - authorization generation reads force-refresh claims for the same current Firebase identity
  ---
  duration_ms: 0.933084
  type: 'test'
  ...
# Subtest: authorization generation refresh rejects a result after the Firebase identity changes
ok 1186 - authorization generation refresh rejects a result after the Firebase identity changes
  ---
  duration_ms: 0.150417
  type: 'test'
  ...
# Subtest: local Firebase sign-out retries and verifies persisted-user removal after SDK persistence rejection
ok 1187 - local Firebase sign-out retries and verifies persisted-user removal after SDK persistence rejection
  ---
  duration_ms: 0.919625
  type: 'test'
  ...
# Subtest: local Firebase sign-out stays failed if Auth still has a user or persistence cannot be verified
ok 1188 - local Firebase sign-out stays failed if Auth still has a user or persistence cannot be verified
  ---
  duration_ms: 0.655542
  type: 'test'
  ...
# Subtest: Firebase configuration exposes the deny-all rules and the one semantic account-record index
ok 1189 - Firebase configuration exposes the deny-all rules and the one semantic account-record index
  ---
  duration_ms: 2.423708
  type: 'test'
  ...
# Subtest: keeps pre-market Firebase Hosting unpublished and loopback-only
ok 1190 - keeps pre-market Firebase Hosting unpublished and loopback-only
  ---
  duration_ms: 98.383667
  type: 'test'
  ...
# Subtest: provider fixture URL accepts only the strict local emulator command and opaque identity
ok 1191 - provider fixture URL accepts only the strict local emulator command and opaque identity
  ---
  duration_ms: 1.975333
  type: 'test'
  ...
# Subtest: provider fixture URL rejects extra, duplicate, reordered, malformed, and credential-bearing parameters
ok 1192 - provider fixture URL rejects extra, duplicate, reordered, malformed, and credential-bearing parameters
  ---
  duration_ms: 0.497125
  type: 'test'
  ...
# Subtest: provider fixture guard requires explicit development smoke and loopback emulator/API project
ok 1193 - provider fixture guard requires explicit development smoke and loopback emulator/API project
  ---
  duration_ms: 0.183958
  type: 'test'
  ...
# Subtest: Google mock OIDC token uses a stable synthetic subject and no real account fields
ok 1194 - Google mock OIDC token uses a stable synthetic subject and no real account fields
  ---
  duration_ms: 8.6165
  type: 'test'
  ...
# Subtest: Apple fixture feeds a fresh raw nonce through the production OAuthCredential builder
ok 1195 - Apple fixture feeds a fresh raw nonce through the production OAuthCredential builder
  ---
  duration_ms: 0.930458
  type: 'test'
  ...
# Subtest: Firebase Auth Emulator is unavailable outside explicit development E2E
ok 1196 - Firebase Auth Emulator is unavailable outside explicit development E2E
  ---
  duration_ms: 0.875667
  type: 'test'
  ...
# Subtest: Firebase Auth Emulator requires the canonical local development origin
ok 1197 - Firebase Auth Emulator requires the canonical local development origin
  ---
  duration_ms: 0.208667
  type: 'test'
  ...
# Subtest: local builds keep public legal links explicitly unavailable without configuration
ok 1198 - local builds keep public legal links explicitly unavailable without configuration
  ---
  duration_ms: 1.066958
  type: 'test'
  ...
# Subtest: missing public URL fails closed instead of inferring a destination
ok 1199 - missing public URL fails closed instead of inferring a destination
  ---
  duration_ms: 1.11025
  type: 'test'
  ...
# Subtest: configured public legal links preserve the validated contract destinations
ok 1200 - configured public legal links preserve the validated contract destinations
  ---
  duration_ms: 0.619458
  type: 'test'
  ...
# Subtest: canonical serialization sorts object keys without changing array order
ok 1201 - canonical serialization sorts object keys without changing array order
  ---
  duration_ms: 0.826417
  type: 'test'
  ...
# Subtest: fingerprint payload carries the canonical serializer version
ok 1202 - fingerprint payload carries the canonical serializer version
  ---
  duration_ms: 0.162
  type: 'test'
  ...
# Subtest: canonical-json-v1 is NFC-normalized, rejects duplicate keys, and counts UTF-8 bytes
ok 1203 - canonical-json-v1 is NFC-normalized, rejects duplicate keys, and counts UTF-8 bytes
  ---
  duration_ms: 0.725792
  type: 'test'
  ...
# Subtest: SHA-256 identities are stable, opaque, and response-sensitive
ok 1204 - SHA-256 identities are stable, opaque, and response-sensitive
  ---
  duration_ms: 0.419
  type: 'test'
  ...
# Subtest: native byte hashing passes an owned TypedArray to expo-crypto
ok 1205 - native byte hashing passes an owned TypedArray to expo-crypto
  ---
  duration_ms: 0.65825
  type: 'test'
  ...
# Subtest: platform-neutral SHA-256 matches standard UTF-8 vectors
ok 1206 - platform-neutral SHA-256 matches standard UTF-8 vectors
  ---
  duration_ms: 1.869792
  type: 'test'
  ...
# Subtest: session identity is anchored to canonical track, version, and artifact SHA
ok 1207 - session identity is anchored to canonical track, version, and artifact SHA
  ---
  duration_ms: 930.612792
  type: 'test'
  ...
# Subtest: goal days map to Expo weekly weekdays where Sunday is one
ok 1208 - goal days map to Expo weekly weekdays where Sunday is one
  ---
  duration_ms: 1.014833
  type: 'test'
  ...
# Subtest: config requires non-empty key and authenticated account
ok 1209 - config requires non-empty key and authenticated account
  ---
  duration_ms: 0.687375
  type: 'test'
  ...
# Subtest: adapter is iOS-only and validates monthly product terms
ok 1210 - adapter is iOS-only and validates monthly product terms
  ---
  duration_ms: 0.373875
  type: 'test'
  ...
# Subtest: purchase cancellation and failures are explicit
ok 1211 - purchase cancellation and failures are explicit
  ---
  duration_ms: 0.212458
  type: 'test'
  ...
# Subtest: configuration is single-flight across concurrent actions
ok 1212 - configuration is single-flight across concurrent actions
  ---
  duration_ms: 0.213583
  type: 'test'
  ...
# Subtest: copy stores only a digest and schedules cleanup for five minutes
ok 1213 - copy stores only a digest and schedules cleanup for five minutes
  ---
  duration_ms: 1.109542
  type: 'test'
  ...
# Subtest: expired unchanged recovery codes are cleared
ok 1214 - expired unchanged recovery codes are cleared
  ---
  duration_ms: 0.248875
  type: 'test'
  ...
# Subtest: scheduled timer callback performs the due cleanup
ok 1215 - scheduled timer callback performs the due cleanup
  ---
  duration_ms: 2.378083
  type: 'test'
  ...
# Subtest: later clipboard content is never removed
ok 1216 - later clipboard content is never removed
  ---
  duration_ms: 0.376042
  type: 'test'
  ...
# Subtest: restart reconciliation schedules a pending cleanup without reading the clipboard early
ok 1217 - restart reconciliation schedules a pending cleanup without reading the clipboard early
  ---
  duration_ms: 0.188709
  type: 'test'
  ...
# Subtest: copy failure rolls back unchanged clipboard content instead of leaving an unmanaged secret
ok 1218 - copy failure rolls back unchanged clipboard content instead of leaving an unmanaged secret
  ---
  duration_ms: 0.324833
  type: 'test'
  ...
# Subtest: durable marker is written before recovery codes reach the clipboard
ok 1219 - durable marker is written before recovery codes reach the clipboard
  ---
  duration_ms: 1.065125
  type: 'test'
  ...
# Subtest: failed system cleanup keeps the marker and schedules a retry
ok 1220 - failed system cleanup keeps the marker and schedules a retry
  ---
  duration_ms: 0.292833
  type: 'test'
  ...
# Subtest: an uncertain rejected clipboard write preserves recovery when the written value cannot be cleared
ok 1221 - an uncertain rejected clipboard write preserves recovery when the written value cannot be cleared
  ---
  duration_ms: 0.445458
  type: 'test'
  ...
# Subtest: vault round-trips only the versioned recovery record and clears it
ok 1222 - vault round-trips only the versioned recovery record and clears it
  ---
  duration_ms: 2.79325
  type: 'test'
  ...
# Subtest: vault persists a strict current-account defer marker in the retained issue record
ok 1223 - vault persists a strict current-account defer marker in the retained issue record
  ---
  duration_ms: 1.737166
  type: 'test'
  ...
# Subtest: vault rejects malformed records without leaking parser errors or deleting evidence
ok 1224 - vault rejects malformed records without leaking parser errors or deleting evidence
  ---
  duration_ms: 0.921666
  type: 'test'
  ...
# Subtest: vault rejects duplicate or malformed recovery codes before storage
ok 1225 - vault rejects duplicate or malformed recovery codes before storage
  ---
  duration_ms: 0.393958
  type: 'test'
  ...
# Subtest: vault round-trips exactly one same-account replacement backup without recursive lineage
ok 1226 - vault round-trips exactly one same-account replacement backup without recursive lineage
  ---
  duration_ms: 0.772625
  type: 'test'
  ...
# Subtest: vault rejects replacement backups with mismatched identity, operation ID, or recursive/extended shape
ok 1227 - vault rejects replacement backups with mismatched identity, operation ID, or recursive/extended shape
  ---
  duration_ms: 2.417958
  type: 'test'
  ...
# Subtest: vault reports write and clear failures explicitly
ok 1228 - vault reports write and clear failures explicitly
  ---
  duration_ms: 0.541667
  type: 'test'
  ...
# Subtest: a fresh install creates only an encrypted canonical slot
ok 1229 - a fresh install creates only an encrypted canonical slot
  ---
  duration_ms: 6.701375
  type: 'test'
  ...
# Subtest: legacy data is copied, verified and encrypted before ready, then purged after a cold reopen
ok 1230 - legacy data is copied, verified and encrypted before ready, then purged after a cold reopen
  ---
  duration_ms: 8.232667
  type: 'test'
  ...
# Subtest: every interrupted manifest transition resumes without losing the legacy source
ok 1231 - every interrupted manifest transition resumes without losing the legacy source
  ---
  duration_ms: 39.827125
  type: 'test'
  ...
# Subtest: requested key rotation switches slots without losing data and removes the old key after a cold reopen
ok 1232 - requested key rotation switches slots without losing data and removes the old key after a cold reopen
  ---
  duration_ms: 1.07325
  type: 'test'
  ...
# Subtest: missing keys and corrupt manifests fail closed
ok 1233 - missing keys and corrupt manifests fail closed
  ---
  duration_ms: 0.527833
  type: 'test'
  ...
# Subtest: closed storage failure codes survive a native module realm boundary without message parsing
ok 1234 - closed storage failure codes survive a native module realm boundary without message parsing
  ---
  duration_ms: 0.112083
  type: 'test'
  ...
# Subtest: a completed store still requires its immutable transfer marker
ok 1235 - a completed store still requires its immutable transfer marker
  ---
  duration_ms: 0.537917
  type: 'test'
  ...
# Subtest: explicit unavailable-data reset removes slots, manifests and keys
ok 1236 - explicit unavailable-data reset removes slots, manifests and keys
  ---
  duration_ms: 0.498459
  type: 'test'
  ...
# Subtest: failed unavailable-data reset reports the error and a repeated reset completes partial removal
ok 1237 - failed unavailable-data reset reports the error and a repeated reset completes partial removal
  ---
  duration_ms: 0.986
  type: 'test'
  ...
# Subtest: stores one strict, versioned record with only operation identity metadata
ok 1238 - stores one strict, versioned record with only operation identity metadata
  ---
  duration_ms: 5.179958
  type: 'test'
  ...
# Subtest: duplicate UID and operation ID remains one pending entry and verified state
ok 1239 - duplicate UID and operation ID remains one pending entry and verified state
  ---
  duration_ms: 1.103833
  type: 'test'
  ...
# Subtest: operation IDs must be UUIDv4 both on writes and when loading persisted records
ok 1240 - operation IDs must be UUIDv4 both on writes and when loading persisted records
  ---
  duration_ms: 1.42125
  type: 'test'
  ...
# Subtest: a version-one pending record is rejected instead of migrated
ok 1241 - a version-one pending record is rejected instead of migrated
  ---
  duration_ms: 0.590584
  type: 'test'
  ...
# Subtest: a stale UID or operation cannot clear a newer block
ok 1242 - a stale UID or operation cannot clear a newer block
  ---
  duration_ms: 20.122458
  type: 'test'
  ...
# Subtest: verified UID or null Auth can clear the matching block while retaining pending work
ok 1243 - verified UID or null Auth can clear the matching block while retaining pending work
  ---
  duration_ms: 0.589833
  type: 'test'
  ...
# Subtest: a queued null-Auth clear rechecks its guard inside the serialized mutation
ok 1244 - a queued null-Auth clear rechecks its guard inside the serialized mutation
  ---
  duration_ms: 0.272583
  type: 'test'
  ...
# Subtest: another UID cannot alter a different UID's pending operation
ok 1245 - another UID cannot alter a different UID's pending operation
  ---
  duration_ms: 0.190042
  type: 'test'
  ...
# Subtest: verified remote completion removes only the exact UID and operation pair
ok 1246 - verified remote completion removes only the exact UID and operation pair
  ---
  duration_ms: 0.584709
  type: 'test'
  ...
# Subtest: completion rechecks its guard after the async read and keeps the pending marker when stale
ok 1247 - completion rechecks its guard after the async read and keeps the pending marker when stale
  ---
  duration_ms: 0.551791
  type: 'test'
  ...
# Subtest: completion records a durable tombstone when read-back cannot verify pending removal
ok 1248 - completion records a durable tombstone when read-back cannot verify pending removal
  ---
  duration_ms: 0.241583
  type: 'test'
  ...
# Subtest: an unavailable confirmation read still leaves pending or an exact completed tombstone
ok 1249 - an unavailable confirmation read still leaves pending or an exact completed tombstone
  ---
  duration_ms: 0.23975
  type: 'test'
  ...
# Subtest: corrupt or unknown-version records fail closed without being overwritten
ok 1250 - corrupt or unknown-version records fail closed without being overwritten
  ---
  duration_ms: 0.566875
  type: 'test'
  ...
# Subtest: read and write errors fail closed; an interrupted persisted write is safe to retry
ok 1251 - read and write errors fail closed; an interrupted persisted write is safe to retry
  ---
  duration_ms: 0.26475
  type: 'test'
  ...
# Subtest: a write is not accepted until read-back matches exactly
ok 1252 - a write is not accepted until read-back matches exactly
  ---
  duration_ms: 2.351583
  type: 'test'
  ...
# Subtest: snapshots are deeply immutable and independent of later mutations
ok 1253 - snapshots are deeply immutable and independent of later mutations
  ---
  duration_ms: 0.512583
  type: 'test'
  ...
# Subtest: transactions serialize across control instances in the JavaScript runtime
ok 1254 - transactions serialize across control instances in the JavaScript runtime
  ---
  duration_ms: 0.350083
  type: 'test'
  ...
# Subtest: prepare opens the router without publishing or reading a scoped key
ok 1255 - prepare opens the router without publishing or reading a scoped key
  ---
  duration_ms: 2.324209
  type: 'test'
  ...
# Subtest: prepared inspection exposes registry metadata and freshness without opening profile storage
ok 1256 - prepared inspection exposes registry metadata and freshness without opening profile storage
  ---
  duration_ms: 1.441542
  type: 'test'
  ...
# Subtest: prepared guest validation reads only access markers without publishing storage
ok 1257 - prepared guest validation reads only access markers without publishing storage
  ---
  duration_ms: 1.067083
  type: 'test'
  ...
# Subtest: prepared authenticated recovery promotes only a matching bound guest
ok 1258 - prepared authenticated recovery promotes only a matching bound guest
  ---
  duration_ms: 9.113583
  type: 'test'
  ...
# Subtest: closing an active profile revokes returned clients and preserves prepared metadata
ok 1259 - closing an active profile revokes returned clients and preserves prepared metadata
  ---
  duration_ms: 1.179958
  type: 'test'
  ...
# Subtest: deferred activation does not wake preferences until the caller approves the profile scope
ok 1260 - deferred activation does not wake preferences until the caller approves the profile scope
  ---
  duration_ms: 1.958708
  type: 'test'
  ...
# Subtest: prepared account selection commits and reloads while keeping scoped storage closed
ok 1261 - prepared account selection commits and reloads while keeping scoped storage closed
  ---
  duration_ms: 2.798875
  type: 'test'
  ...
# Subtest: changed prepared account selection can activate the refreshed profile without app reload
ok 1262 - changed prepared account selection can activate the refreshed profile without app reload
  ---
  duration_ms: 1.219792
  type: 'test'
  ...
# Subtest: prepared account selection refuses Auth that becomes stale before the registry commit
ok 1263 - prepared account selection refuses Auth that becomes stale before the registry commit
  ---
  duration_ms: 0.683625
  type: 'test'
  ...
# Subtest: prepared guest selection refreshes metadata and activates after commit without app reload
ok 1264 - prepared guest selection refreshes metadata and activates after commit without app reload
  ---
  duration_ms: 5.298958
  type: 'test'
  ...
# Subtest: implicit prepared guest selection fails closed when multiple preserved guests exist
ok 1265 - implicit prepared guest selection fails closed when multiple preserved guests exist
  ---
  duration_ms: 2.947375
  type: 'test'
  ...
# Subtest: prepare for an existing legacy owner reads only migration metadata
ok 1266 - prepare for an existing legacy owner reads only migration metadata
  ---
  duration_ms: 1.161833
  type: 'test'
  ...
# Subtest: prepare for an existing legacy guest reads only migration metadata
ok 1267 - prepare for an existing legacy guest reads only migration metadata
  ---
  duration_ms: 0.644542
  type: 'test'
  ...
# Subtest: activation is required and publishes only matching prepared profile metadata
ok 1268 - activation is required and publishes only matching prepared profile metadata
  ---
  duration_ms: 0.840625
  type: 'test'
  ...
# Subtest: mismatched activation fails closed
ok 1269 - mismatched activation fails closed
  ---
  duration_ms: 0.731417
  type: 'test'
  ...
# Subtest: prepare failure clears any previously published scoped client
ok 1270 - prepare failure clears any previously published scoped client
  ---
  duration_ms: 1
  type: 'test'
  ...
# Subtest: prepare revokes previously returned scoped storage references
ok 1271 - prepare revokes previously returned scoped storage references
  ---
  duration_ms: 1.217042
  type: 'test'
  ...
# Subtest: legacy owner remains byte-for-byte visible only through its own logical scope
ok 1272 - legacy owner remains byte-for-byte visible only through its own logical scope
  ---
  duration_ms: 6.394291
  type: 'test'
  ...
# Subtest: an unchosen empty welcome profile stays fresh across restarts until guest markers are written
ok 1273 - an unchosen empty welcome profile stays fresh across restarts until guest markers are written
  ---
  duration_ms: 4.160041
  type: 'test'
  ...
# Subtest: an existing storage key prevents missing registry metadata from being classified as fresh
ok 1274 - an existing storage key prevents missing registry metadata from being classified as fresh
  ---
  duration_ms: 0.420375
  type: 'test'
  ...
# Subtest: explicit selection of the initial guest provisions its unbound access markers
ok 1275 - explicit selection of the initial guest provisions its unbound access markers
  ---
  duration_ms: 0.59725
  type: 'test'
  ...
# Subtest: a selected modern guest keeps its earlier independent dataset identity and scoped data
ok 1276 - a selected modern guest keeps its earlier independent dataset identity and scoped data
  ---
  duration_ms: 0.602416
  type: 'test'
  ...
# Subtest: a completed modern guest adoption promotes only its matching account and permits a new guest
ok 1277 - a completed modern guest adoption promotes only its matching account and permits a new guest
  ---
  duration_ms: 2.718416
  type: 'test'
  ...
# Subtest: valid adoption-pending legacy guest marker remains readable during profile registry migration
ok 1278 - valid adoption-pending legacy guest marker remains readable during profile registry migration
  ---
  duration_ms: 0.469292
  type: 'test'
  ...
# Subtest: legacy guest migration keeps the verified marker dataset ID despite a different generated identity
ok 1279 - legacy guest migration keeps the verified marker dataset ID despite a different generated identity
  ---
  duration_ms: 0.367125
  type: 'test'
  ...
# Subtest: a persisted mismatched legacy guest ID still validates its raw unbound guest markers
ok 1280 - a persisted mismatched legacy guest ID still validates its raw unbound guest markers
  ---
  duration_ms: 0.61125
  type: 'test'
  ...
# Subtest: a selected guest receives an isolated, durable namespace without changing legacy bytes
ok 1281 - a selected guest receives an isolated, durable namespace without changing legacy bytes
  ---
  duration_ms: 1.663875
  type: 'test'
  ...
# Subtest: a later exact owner login selects the unchanged legacy scope before local reads
ok 1282 - a later exact owner login selects the unchanged legacy scope before local reads
  ---
  duration_ms: 12.141792
  type: 'test'
  ...
# Subtest: switching away from a modern account never reads its scoped payload
ok 1283 - switching away from a modern account never reads its scoped payload
  ---
  duration_ms: 1.502042
  type: 'test'
  ...
# Subtest: malformed profile registry blocks instead of choosing a storage namespace
ok 1284 - malformed profile registry blocks instead of choosing a storage namespace
  ---
  duration_ms: 0.145417
  type: 'test'
  ...
# Subtest: concurrent guest selections claim one transition and cannot commit competing profiles
ok 1285 - concurrent guest selections claim one transition and cannot commit competing profiles
  ---
  duration_ms: 0.990833
  type: 'test'
  ...
# Subtest: selectGuest reuses the selected guest with the same profile ID and stored data
ok 1286 - selectGuest reuses the selected guest with the same profile ID and stored data
  ---
  duration_ms: 1.275542
  type: 'test'
  ...
# Subtest: selectGuest fails closed when the selected guest marker cannot be verified
ok 1287 - selectGuest fails closed when the selected guest marker cannot be verified
  ---
  duration_ms: 0.468958
  type: 'test'
  ...
# Subtest: selectGuest returns a typed ambiguity error without writing when multiple guests are preserved
ok 1288 - selectGuest returns a typed ambiguity error without writing when multiple guests are preserved
  ---
  duration_ms: 3.046459
  type: 'test'
  ...
# Subtest: one canonical guest and two account scopes survive restart without cross-scope access
ok 1289 - one canonical guest and two account scopes survive restart without cross-scope access
  ---
  duration_ms: 6.689917
  type: 'test'
  ...
# Subtest: existing guest reselection rejects non-guest IDs without changing the registry
ok 1290 - existing guest reselection rejects non-guest IDs without changing the registry
  ---
  duration_ms: 0.3665
  type: 'test'
  ...
# Subtest: failed existing guest registry commit leaves the current scope closed
ok 1291 - failed existing guest registry commit leaves the current scope closed
  ---
  duration_ms: 3.069791
  type: 'test'
  ...
# Subtest: visible legal documents index all seven locales directly
ok 1292 - visible legal documents index all seven locales directly
  ---
  duration_ms: 1.607208
  type: 'test'
  ...
# Subtest: unapproved locale documents fail closed in release and never fall back to English
ok 1293 - unapproved locale documents fail closed in release and never fall back to English
  ---
  duration_ms: 0.233291
  type: 'test'
  ...
# Subtest: visible legal screens request the selected locale directly
ok 1294 - visible legal screens request the selected locale directly
  ---
  duration_ms: 0.708584
  type: 'test'
  ...
# Subtest: accepts the current legal variable shape in test mode and preserves checkout flag boolean
ok 1295 - accepts the current legal variable shape in test mode and preserves checkout flag boolean
  ---
  duration_ms: 3.016666
  type: 'test'
  ...
# Subtest: seven-locale legal drafts require all locales and explicit unapproved test-only markers
ok 1296 - seven-locale legal drafts require all locales and explicit unapproved test-only markers
  ---
  duration_ms: 1.615333
  type: 'test'
  ...
# Subtest: legal variables select the local fixture for local mode and the checked-in JSON for release mode
ok 1297 - legal variables select the local fixture for local mode and the checked-in JSON for release mode
  ---
  duration_ms: 986.900209
  type: 'test'
  ...
# Subtest: legal variable CLI resolver uses distinct sources and never falls back for missing or invalid release JSON
ok 1298 - legal variable CLI resolver uses distinct sources and never falls back for missing or invalid release JSON
  ---
  duration_ms: 4.013959
  type: 'test'
  ...
# Subtest: reports missing keys, locales and unexpected keys by field path
ok 1299 - reports missing keys, locales and unexpected keys by field path
  ---
  duration_ms: 0.658875
  type: 'test'
  ...
# Subtest: rejects empty, whitespace-only and padded localized values
ok 1300 - rejects empty, whitespace-only and padded localized values
  ---
  duration_ms: 1.906041
  type: 'test'
  ...
# Subtest: release mode rejects recognized placeholders and test mode allows them
ok 1301 - release mode rejects recognized placeholders and test mode allows them
  ---
  duration_ms: 0.710459
  type: 'test'
  ...
# Subtest: public privacy and terms links require canonical HTTPS paths without query or fragment
ok 1302 - public privacy and terms links require canonical HTTPS paths without query or fragment
  ---
  duration_ms: 1.525833
  type: 'test'
  ...
# Subtest: accepts complete production-like legal values in release mode
ok 1303 - accepts complete production-like legal values in release mode
  ---
  duration_ms: 0.545834
  type: 'test'
  ...
# Subtest: CLI passes test mode and release mode rejects placeholders with field paths
ok 1304 - CLI passes test mode and release mode rejects placeholders with field paths
  ---
  duration_ms: 716.486708
  type: 'test'
  ...
# Subtest: provider registration binds the complete canonical English and Polish documents to their loaded versions
ok 1305 - provider registration binds the complete canonical English and Polish documents to their loaded versions
  ---
  duration_ms: 4.683125
  type: 'test'
  ...
# Subtest: provider registration fails closed for draft locales and incomplete release legal configuration
ok 1306 - provider registration fails closed for draft locales and incomplete release legal configuration
  ---
  duration_ms: 0.302
  type: 'test'
  ...
# Subtest: language settings audit command is exact and development-smoke only
ok 1307 - language settings audit command is exact and development-smoke only
  ---
  duration_ms: 0.624917
  type: 'test'
  ...
# Subtest: language settings audit route renders the production screen without account or preference commands
ok 1308 - language settings audit route renders the production screen without account or preference commands
  ---
  duration_ms: 0.350917
  type: 'test'
  ...
# Subtest: the loading-state inventory stays complete as pending surfaces evolve
ok 1309 - the loading-state inventory stays complete as pending surfaces evolve
  ---
  duration_ms: 29.054375
  type: 'test'
  ...
# Subtest: LoadingState is the compact accessible generic pending status
ok 1310 - LoadingState is the compact accessible generic pending status
  ---
  duration_ms: 0.708084
  type: 'test'
  ...
# Subtest: EmptyState is the centered retained-content/unavailable status primitive
ok 1311 - EmptyState is the centered retained-content/unavailable status primitive
  ---
  duration_ms: 0.205
  type: 'test'
  ...
# Subtest: exactly the one remaining generic pending branch uses LoadingState
ok 1312 - exactly the one remaining generic pending branch uses LoadingState
  ---
  duration_ms: 13.737709
  type: 'test'
  ...
# Subtest: C1 screens own local review and exam loading geometry
ok 1313 - C1 screens own local review and exam loading geometry
  ---
  duration_ms: 0.267958
  type: 'test'
  ...
# Subtest: bootstrap, roadmap, and setup own their phase or screen loading geometry
ok 1314 - bootstrap, roadmap, and setup own their phase or screen loading geometry
  ---
  duration_ms: 4.615875
  type: 'test'
  ...
# Subtest: Home shell owns tab-specific glass loading geometry and keeps navigation usable
ok 1315 - Home shell owns tab-specific glass loading geometry and keeps navigation usable
  ---
  duration_ms: 1.16575
  type: 'test'
  ...
# Subtest: Practice Hub keeps its local pending geometry while the scoped read model owns state
ok 1316 - Practice Hub keeps its local pending geometry while the scoped read model owns state
  ---
  duration_ms: 0.434292
  type: 'test'
  ...
# Subtest: specialized practice sessions share one neutral question and response loading skeleton
ok 1317 - specialized practice sessions share one neutral question and response loading skeleton
  ---
  duration_ms: 0.609416
  type: 'test'
  ...
# Subtest: Activity owns its glass loading skeleton
ok 1318 - Activity owns its glass loading skeleton
  ---
  duration_ms: 0.674375
  type: 'test'
  ...
# Subtest: Coding Interview scope owns its glass loading skeleton
ok 1319 - Coding Interview scope owns its glass loading skeleton
  ---
  duration_ms: 0.24825
  type: 'test'
  ...
# Subtest: exam review owns its glass loading skeleton
ok 1320 - exam review owns its glass loading skeleton
  ---
  duration_ms: 0.135292
  type: 'test'
  ...
# Subtest: exam result owns its glass loading skeleton
ok 1321 - exam result owns its glass loading skeleton
  ---
  duration_ms: 1.007542
  type: 'test'
  ...
# Subtest: coding practice result owns its glass loading skeleton
ok 1322 - coding practice result owns its glass loading skeleton
  ---
  duration_ms: 0.319708
  type: 'test'
  ...
# Subtest: mistakes review owns its glass loading skeleton
ok 1323 - mistakes review owns its glass loading skeleton
  ---
  duration_ms: 0.282625
  type: 'test'
  ...
# Subtest: SkeletonShape owns the shared clipped glass primitive
ok 1324 - SkeletonShape owns the shared clipped glass primitive
  ---
  duration_ms: 0.238
  type: 'test'
  ...
# Subtest: Skeleton glass motion uses one native driver loop and resets on lifecycle changes
ok 1325 - Skeleton glass motion uses one native driver loop and resets on lifecycle changes
  ---
  duration_ms: 0.186458
  type: 'test'
  ...
# Subtest: Skeleton glass motion stays static while Reduce Motion is unresolved or fails
ok 1326 - Skeleton glass motion stays static while Reduce Motion is unresolved or fails
  ---
  duration_ms: 0.114
  type: 'test'
  ...
# Subtest: pending data is distinct from true empty and onboarding outcomes
ok 1327 - pending data is distinct from true empty and onboarding outcomes
  ---
  duration_ms: 0.651292
  type: 'test'
  ...
# Subtest: the six read owners end rejected reads in explicit unavailable EmptyStates
ok 1328 - the six read owners end rejected reads in explicit unavailable EmptyStates
  ---
  duration_ms: 0.852958
  type: 'test'
  ...
# Subtest: scoped practice reads honor explicit route identity and only load reviews on Hub
ok 1329 - scoped practice reads honor explicit route identity and only load reviews on Hub
  ---
  duration_ms: 0.650292
  type: 'test'
  ...
# Subtest: route-keyed read states block A under B and publish only their captured request
ok 1330 - route-keyed read states block A under B and publish only their captured request
  ---
  duration_ms: 0.189833
  type: 'test'
  ...
# Subtest: queue reads clear stale resolved data before pending or unavailable
ok 1331 - queue reads clear stale resolved data before pending or unavailable
  ---
  duration_ms: 0.16475
  type: 'test'
  ...
# Subtest: specialized session preparation stays local while completion uses the generic status
ok 1332 - specialized session preparation stays local while completion uses the generic status
  ---
  duration_ms: 0.306833
  type: 'test'
  ...
# Subtest: Interview Simulation result reads stay pending until the verified 40-item projection
ok 1333 - Interview Simulation result reads stay pending until the verified 40-item projection
  ---
  duration_ms: 0.238208
  type: 'test'
  ...
# Subtest: navigation screens do not re-enter the public navigation barrel at runtime
ok 1334 - navigation screens do not re-enter the public navigation barrel at runtime
  ---
  duration_ms: 2.138291
  type: 'test'
  ...
# Subtest: bottom navigation labels stay canonical
ok 1335 - bottom navigation labels stay canonical
  ---
  duration_ms: 1.316958
  type: 'test'
  ...
# Subtest: primary Home and Practice CTAs route to Practice Hub
ok 1336 - primary Home and Practice CTAs route to Practice Hub
  ---
  duration_ms: 0.097292
  type: 'test'
  ...
# Subtest: Home change track CTA routes to track selection
ok 1337 - Home change track CTA routes to track selection
  ---
  duration_ms: 0.063667
  type: 'test'
  ...
# Subtest: shell safety model exposes no gamified status fields
ok 1338 - shell safety model exposes no gamified status fields
  ---
  duration_ms: 0.083709
  type: 'test'
  ...
# Subtest: Practice review weak items routes to canonical review queue
ok 1339 - Practice review weak items routes to canonical review queue
  ---
  duration_ms: 0.119958
  type: 'test'
  ...
# Subtest: bootstrap owns one branded phase-aware loading surface with no synthetic completion
ok 1340 - bootstrap owns one branded phase-aware loading surface with no synthetic completion
  ---
  duration_ms: 1.236209
  type: 'test'
  ...
# Subtest: generic LoadingState no longer carries the startup animation variant
ok 1341 - generic LoadingState no longer carries the startup animation variant
  ---
  duration_ms: 0.240792
  type: 'test'
  ...
# Subtest: app preferences default to English content locale and device appearance
ok 1342 - app preferences default to English content locale and device appearance
  ---
  duration_ms: 3.597375
  type: 'test'
  ...
# Subtest: app preferences retain an explicitly selected Polish locale
ok 1343 - app preferences retain an explicitly selected Polish locale
  ---
  duration_ms: 0.674333
  type: 'test'
  ...
# Subtest: settings storage retains every supported manual language
ok 1344 - settings storage retains every supported manual language
  ---
  duration_ms: 2.591125
  type: 'test'
  ...
# Subtest: translations resolve common UI copy through i18next
ok 1345 - translations resolve common UI copy through i18next
  ---
  duration_ms: 4.360791
  type: 'test'
  ...
# Subtest: all seven runtime locales expose translated settings, nested legal and data copy
ok 1346 - all seven runtime locales expose translated settings, nested legal and data copy
  ---
  duration_ms: 3.784375
  type: 'test'
  ...
# Subtest: nested legal and data translations resolve and interpolate in English and Polish
ok 1347 - nested legal and data translations resolve and interpolate in English and Polish
  ---
  duration_ms: 0.308584
  type: 'test'
  ...
# Subtest: Legal information distinguishes device storage, account sync, local reset, account deletion, and retained deletion evidence
ok 1348 - Legal information distinguishes device storage, account sync, local reset, account deletion, and retained deletion evidence
  ---
  duration_ms: 1.230084
  type: 'test'
  ...
# Subtest: Legal hub keeps full rules in local documents and presents only proven request timeframes
ok 1349 - Legal hub keeps full rules in local documents and presents only proven request timeframes
  ---
  duration_ms: 0.520792
  type: 'test'
  ...
# Subtest: sentence keys containing dots remain literal in common
ok 1350 - sentence keys containing dots remain literal in common
  ---
  duration_ms: 0.247541
  type: 'test'
  ...
# Subtest: flat common labels containing colons remain literal keys
ok 1351 - flat common labels containing colons remain literal keys
  ---
  duration_ms: 0.286208
  type: 'test'
  ...
# Subtest: flat learningPlan plural resources remain addressable and mutable
ok 1352 - flat learningPlan plural resources remain addressable and mutable
  ---
  duration_ms: 0.770416
  type: 'test'
  ...
# Subtest: namespace normalization rejects dotted-key collisions atomically regardless of source order
ok 1353 - namespace normalization rejects dotted-key collisions atomically regardless of source order
  ---
  duration_ms: 0.300791
  type: 'test'
  ...
# Subtest: language changes persist all supported choices without changing appearance
ok 1354 - language changes persist all supported choices without changing appearance
  ---
  duration_ms: 0.26775
  type: 'test'
  ...
# Subtest: a failed language write rejects and preserves the previous saved choice for retry
ok 1355 - a failed language write rejects and preserves the previous saved choice for retry
  ---
  duration_ms: 0.296125
  type: 'test'
  ...
# Subtest: system locale resolver recognizes all supported targets and regional/case variants
ok 1356 - system locale resolver recognizes all supported targets and regional/case variants
  ---
  duration_ms: 3.49775
  type: 'test'
  ...
# Subtest: unknown and malformed system locale values resolve explicitly to temporary English
ok 1357 - unknown and malformed system locale values resolve explicitly to temporary English
  ---
  duration_ms: 0.540875
  type: 'test'
  ...
# Subtest: all manual choices remain authoritative and settings offer seven languages
ok 1358 - all manual choices remain authoritative and settings offer seven languages
  ---
  duration_ms: 0.435083
  type: 'test'
  ...
# Subtest: i18next does not silently fill missing keys from another locale
ok 1359 - i18next does not silently fill missing keys from another locale
  ---
  duration_ms: 2.475334
  type: 'test'
  ...
# Subtest: notification settings renders only the accepted plan slots and follows the stored settings entry
ok 1360 - notification settings renders only the accepted plan slots and follows the stored settings entry
  ---
  duration_ms: 0.974
  type: 'test'
  ...
# Subtest: hook proves readiness only from accepted plan and at least one slot
ok 1361 - hook proves readiness only from accepted plan and at least one slot
  ---
  duration_ms: 0.143667
  type: 'test'
  ...
# Subtest: structural failures and absent plans expose no permission or activation controls
ok 1362 - structural failures and absent plans expose no permission or activation controls
  ---
  duration_ms: 1.182083
  type: 'test'
  ...
# Subtest: accepted disabled plan may show permission and enable action
ok 1363 - accepted disabled plan may show permission and enable action
  ---
  duration_ms: 0.073333
  type: 'test'
  ...
# Subtest: only a synced result is presented as active with a turn-off action
ok 1364 - only a synced result is presented as active with a turn-off action
  ---
  duration_ms: 0.063209
  type: 'test'
  ...
# Subtest: durable pending failures expose retry and neutral cancel, never active wording
ok 1365 - durable pending failures expose retry and neutral cancel, never active wording
  ---
  duration_ms: 0.083584
  type: 'test'
  ...
# Subtest: pending retry and cancel actions call the existing retry and disable paths
ok 1366 - pending retry and cancel actions call the existing retry and disable paths
  ---
  duration_ms: 0.13275
  type: 'test'
  ...
# Subtest: seven locales have distinct reminder-draft and cancellation copy with no goal return copy
ok 1367 - seven locales have distinct reminder-draft and cancellation copy with no goal return copy
  ---
  duration_ms: 0.327167
  type: 'test'
  ...
# Subtest: notification settings keeps lifecycle-safe request coordination
ok 1368 - notification settings keeps lifecycle-safe request coordination
  ---
  duration_ms: 0.286167
  type: 'test'
  ...
# Subtest: notification settings mutations are single-flight before asynchronous work starts
ok 1369 - notification settings mutations are single-flight before asynchronous work starts
  ---
  duration_ms: 0.662167
  type: 'test'
  ...
# Subtest: a read that started before a mutation cannot overwrite the completed mutation
ok 1370 - a read that started before a mutation cannot overwrite the completed mutation
  ---
  duration_ms: 0.107959
  type: 'test'
  ...
# Subtest: a read started during a mutation stays stale while a later idle read can commit
ok 1371 - a read started during a mutation stays stale while a later idle read can commit
  ---
  duration_ms: 0.074042
  type: 'test'
  ...
# Subtest: a foreground read during a mutation is skipped before it can leave loading asserted
ok 1372 - a foreground read during a mutation is skipped before it can leave loading asserted
  ---
  duration_ms: 0.064958
  type: 'test'
  ...
# Subtest: Settings exposes account and participant navigation actions plus conditional developer verification actions
ok 1373 - Settings exposes account and participant navigation actions plus conditional developer verification actions
  ---
  duration_ms: 1.458958
  type: 'test'
  ...
# Subtest: Legal information exposes distinct personal-rights and non-personal-recovery entries
ok 1374 - Legal information exposes distinct personal-rights and non-personal-recovery entries
  ---
  duration_ms: 0.229
  type: 'test'
  ...
# Subtest: Legal information scopes missing public configuration to external support and keeps local documents available
ok 1375 - Legal information scopes missing public configuration to external support and keeps local documents available
  ---
  duration_ms: 0.388666
  type: 'test'
  ...
# Subtest: Legal request form keeps validation inline, field-specific, and API-free
ok 1376 - Legal request form keeps validation inline, field-specific, and API-free
  ---
  duration_ms: 0.361583
  type: 'test'
  ...
# Subtest: Settings account presentation names guest, authenticated, and unavailable states and keeps sign-out provider-owned
ok 1377 - Settings account presentation names guest, authenticated, and unavailable states and keeps sign-out provider-owned
  ---
  duration_ms: 0.920458
  type: 'test'
  ...
# Subtest: Settings keeps the backend verification group explicitly development-only
ok 1378 - Settings keeps the backend verification group explicitly development-only
  ---
  duration_ms: 0.162375
  type: 'test'
  ...
# Subtest: grouped settings rows follow the Figma 200% text geometry
ok 1379 - grouped settings rows follow the Figma 200% text geometry
  ---
  duration_ms: 0.268417
  type: 'test'
  ...
# Subtest: InfoBlock and ListRow remount native text when live Dynamic Type scale changes
ok 1380 - InfoBlock and ListRow remount native text when live Dynamic Type scale changes
  ---
  duration_ms: 0.202667
  type: 'test'
  ...
# Subtest: Settings heading has no redundant description and locale keeps goal copy
ok 1381 - Settings heading has no redundant description and locale keeps goal copy
  ---
  duration_ms: 0.408875
  type: 'test'
  ...
# Subtest: Premium keeps a localized Settings context while retaining the back action
ok 1382 - Premium keeps a localized Settings context while retaining the back action
  ---
  duration_ms: 0.596625
  type: 'test'
  ...
# Subtest: Your data keeps the Settings entry label and names its local header consistently
ok 1383 - Your data keeps the Settings entry label and names its local header consistently
  ---
  duration_ms: 0.338916
  type: 'test'
  ...
# Subtest: Your data owns an exhaustive account-state action matrix and wires the mapped controls
ok 1384 - Your data owns an exhaustive account-state action matrix and wires the mapped controls
  ---
  duration_ms: 4.216917
  type: 'test'
  ...
# Subtest: Your data export copy matches the complete JSON scope and the system share or save action
ok 1385 - Your data export copy matches the complete JSON scope and the system share or save action
  ---
  duration_ms: 0.709791
  type: 'test'
  ...
# Subtest: Settings app identity follows the Figma footer geometry
ok 1386 - Settings app identity follows the Figma footer geometry
  ---
  duration_ms: 0.507709
  type: 'test'
  ...
# Subtest: Settings keeps appearance values readable at large text
ok 1387 - Settings keeps appearance values readable at large text
  ---
  duration_ms: 0.192208
  type: 'test'
  ...
# Subtest: shared supporting list-row text uses the Figma fractional line height
ok 1388 - shared supporting list-row text uses the Figma fractional line height
  ---
  duration_ms: 0.745916
  type: 'test'
  ...
# Subtest: appearance selection owns the typed accessible radio choice flow
ok 1389 - appearance selection owns the typed accessible radio choice flow
  ---
  duration_ms: 0.283666
  type: 'test'
  ...
# Subtest: language selection owns the typed accessible radio choice flow
ok 1390 - language selection owns the typed accessible radio choice flow
  ---
  duration_ms: 0.238959
  type: 'test'
  ...
# Subtest: System language detail follows the device locale independently from the selected app locale
ok 1391 - System language detail follows the device locale independently from the selected app locale
  ---
  duration_ms: 0.295167
  type: 'test'
  ...
# Subtest: InfoBlock exposes opt-in alert semantics for dynamic settings errors
ok 1392 - InfoBlock exposes opt-in alert semantics for dynamic settings errors
  ---
  duration_ms: 0.119875
  type: 'test'
  ...
# Subtest: appearance choices use the Figma preview variants without changing language choices
ok 1393 - appearance choices use the Figma preview variants without changing language choices
  ---
  duration_ms: 0.094833
  type: 'test'
  ...
# Subtest: settings bottom sheets use the Figma elevated shell and modal accessibility boundary
ok 1394 - settings bottom sheets use the Figma elevated shell and modal accessibility boundary
  ---
  duration_ms: 0.28375
  type: 'test'
  ...
# Subtest: information topics keep a stable locale-independent selection and explicit next-page affordance
ok 1395 - information topics keep a stable locale-independent selection and explicit next-page affordance
  ---
  duration_ms: 0.323083
  type: 'test'
  ...
# Subtest: active sessions stay local and block account snapshot export
ok 1396 - active sessions stay local and block account snapshot export
  ---
  duration_ms: 9.344833
  type: 'test'
  ...
# Subtest: canonical account records round trip through remote materialization
ok 1397 - canonical account records round trip through remote materialization
  ---
  duration_ms: 2.852667
  type: 'test'
  ...
# Subtest: remote materialization keeps the newest active track independent of input order and acknowledges both records
ok 1398 - remote materialization keeps the newest active track independent of input order and acknowledges both records
  ---
  duration_ms: 8.713084
  type: 'test'
  ...
# Subtest: remote materialization rejects missing or invalid updatedAt
ok 1399 - remote materialization rejects missing or invalid updatedAt
  ---
  duration_ms: 0.653292
  type: 'test'
  ...
# Subtest: equal updatedAt selects the same active track using canonical identity
ok 1400 - equal updatedAt selects the same active track using canonical identity
  ---
  duration_ms: 1.538208
  type: 'test'
  ...
# Subtest: snapshot and materialization preserve one exact goal-plan bundle
ok 1401 - snapshot and materialization preserve one exact goal-plan bundle
  ---
  duration_ms: 65.205416
  type: 'test'
  ...
# Subtest: bound account sync validates a goal and learning plan as one sync-plan bundle
ok 1402 - bound account sync validates a goal and learning plan as one sync-plan bundle
  ---
  duration_ms: 23.283875
  type: 'test'
  ...
# Subtest: bound account sync builds one retryable canonical outbox and acknowledges it
ok 1403 - bound account sync builds one retryable canonical outbox and acknowledges it
  ---
  duration_ms: 1.781625
  type: 'test'
  ...
# Subtest: bound account outbox creates an explicit tombstone for a deleted acknowledged record
ok 1404 - bound account outbox creates an explicit tombstone for a deleted acknowledged record
  ---
  duration_ms: 1.801583
  type: 'test'
  ...
# Subtest: reselecting an acknowledged active track tombstones the previously acknowledged track
ok 1405 - reselecting an acknowledged active track tombstones the previously acknowledged track
  ---
  duration_ms: 7.178291
  type: 'test'
  ...
# Subtest: pending mutation IDs stay stable across an uncertain retry
ok 1406 - pending mutation IDs stay stable across an uncertain retry
  ---
  duration_ms: 2.169
  type: 'test'
  ...
# Subtest: removed identity metadata is rejected before persistence
ok 1407 - removed identity metadata is rejected before persistence
  ---
  duration_ms: 0.263792
  type: 'test'
  ...
# Subtest: deleted records keep their exact durable identity and tombstone state
ok 1408 - deleted records keep their exact durable identity and tombstone state
  ---
  duration_ms: 0.191042
  type: 'test'
  ...
# Subtest: canonical repository bootstrap requires an already active storage scope
ok 1409 - canonical repository bootstrap requires an already active storage scope
  ---
  duration_ms: 5.015666
  type: 'test'
  ...
# Subtest: canonical repositories use individual immutable records and one active session
ok 1410 - canonical repositories use individual immutable records and one active session
  ---
  duration_ms: 17.213916
  type: 'test'
  ...
# Subtest: training sessions permit free navigation while rejecting regressing foreground time and missing active records
ok 1411 - training sessions permit free navigation while rejecting regressing foreground time and missing active records
  ---
  duration_ms: 2.582291
  type: 'test'
  ...
# Subtest: active sessions persist only preallocated conditional reinsert resolutions
ok 1412 - active sessions persist only preallocated conditional reinsert resolutions
  ---
  duration_ms: 3.88675
  type: 'test'
  ...
# Subtest: terminal sessions are immutable except for identical recovery replay
ok 1413 - terminal sessions are immutable except for identical recovery replay
  ---
  duration_ms: 0.793083
  type: 'test'
  ...
# Subtest: strict guards accept resolved identities and reject mismatches, tombstones, and legacy identity fields
ok 1414 - strict guards accept resolved identities and reject mismatches, tombstones, and legacy identity fields
  ---
  duration_ms: 0.555708
  type: 'test'
  ...
# Subtest: strict session reads reject a legacy-shaped stored record without inference
ok 1415 - strict session reads reject a legacy-shaped stored record without inference
  ---
  duration_ms: 0.266917
  type: 'test'
  ...
# Subtest: canonical repository bootstrap reports the exact six steps in order
ok 1416 - canonical repository bootstrap reports the exact six steps in order
  ---
  duration_ms: 0.733833
  type: 'test'
  ...
# Subtest: canonical repository bootstrap isolates a throwing step observer without wrapping failures
ok 1417 - canonical repository bootstrap isolates a throwing step observer without wrapping failures
  ---
  duration_ms: 0.280208
  type: 'test'
  ...
# Subtest: typed stores keep unavailable records outside strict runtime keys and reject legacy identity fields
ok 1418 - typed stores keep unavailable records outside strict runtime keys and reject legacy identity fields
  ---
  duration_ms: 2.654958
  type: 'test'
  ...
# Subtest: abandon unavailable active writes terminal archival history before removing the tombstone
ok 1419 - abandon unavailable active writes terminal archival history before removing the tombstone
  ---
  duration_ms: 1.342083
  type: 'test'
  ...
# Subtest: removing an unavailable review removes only that entry
ok 1420 - removing an unavailable review removes only that entry
  ---
  duration_ms: 1.386709
  type: 'test'
  ...
# Subtest: stored unavailable indexes fail closed when a record is malformed
ok 1421 - stored unavailable indexes fail closed when a record is malformed
  ---
  duration_ms: 0.348667
  type: 'test'
  ...
# Subtest: committed unavailable-active repair preserves active order and removes only archive IDs from the index
ok 1422 - committed unavailable-active repair preserves active order and removes only archive IDs from the index
  ---
  duration_ms: 0.904875
  type: 'test'
  ...
# Subtest: committed unavailable-active repair is an idempotent no-op for an already exact active index
ok 1423 - committed unavailable-active repair is an idempotent no-op for an already exact active index
  ---
  duration_ms: 0.266459
  type: 'test'
  ...
# Subtest: committed unavailable-active repair treats an expected-revision race as a typed conflict without retry or partial write
ok 1424 - committed unavailable-active repair treats an expected-revision race as a typed conflict without retry or partial write
  ---
  duration_ms: 0.488542
  type: 'test'
  ...
# Subtest: committed unavailable-active repair reports a verification mismatch after one index write without retry
ok 1425 - committed unavailable-active repair reports a verification mismatch after one index write without retry
  ---
  duration_ms: 0.468042
  type: 'test'
  ...
# Subtest: committed unavailable-active repair fails typed and makes no partial write for invalid index or record state
ok 1426 - committed unavailable-active repair fails typed and makes no partial write for invalid index or record state
  ---
  duration_ms: 1.341166
  type: 'test'
  ...
# Subtest: committed unavailable-active repair removes archive-only IDs while preserving their records
ok 1427 - committed unavailable-active repair removes archive-only IDs while preserving their records
  ---
  duration_ms: 0.399084
  type: 'test'
  ...
# Subtest: learning-state reset clears all three private content-identity stores
ok 1428 - learning-state reset clears all three private content-identity stores
  ---
  duration_ms: 0.5465
  type: 'test'
  ...
# Subtest: report form submission persists a queued local outbox entry when backend is unavailable
ok 1429 - report form submission persists a queued local outbox entry when backend is unavailable
  ---
  duration_ms: 8.341042
  type: 'test'
  ...
# Subtest: report outbox normalizes an omitted note and rejects obvious private data before persistence
ok 1430 - report outbox normalizes an omitted note and rejects obvious private data before persistence
  ---
  duration_ms: 1.046334
  type: 'test'
  ...
# Subtest: report outbox requires App Check, then accepts with the same idempotency key
ok 1431 - report outbox requires App Check, then accepts with the same idempotency key
  ---
  duration_ms: 7.032542
  type: 'test'
  ...
# Subtest: throwing native App Check provider leaves a report failed and retryable
ok 1432 - throwing native App Check provider leaves a report failed and retryable
  ---
  duration_ms: 0.655292
  type: 'test'
  ...
# Subtest: failed transport is retryable without creating a new report identity
ok 1433 - failed transport is retryable without creating a new report identity
  ---
  duration_ms: 1.201458
  type: 'test'
  ...
# Subtest: a lost response keeps the original report identity and accepts duplicate confirmation
ok 1434 - a lost response keeps the original report identity and accepts duplicate confirmation
  ---
  duration_ms: 0.4855
  type: 'test'
  ...
# Subtest: cleanup failure never claims accepted and preserves the retrying record
ok 1435 - cleanup failure never claims accepted and preserves the retrying record
  ---
  duration_ms: 0.433584
  type: 'test'
  ...
# Subtest: canonical bootstrap purges legacy accepted entries but preserves uncertain reports
ok 1436 - canonical bootstrap purges legacy accepted entries but preserves uncertain reports
  ---
  duration_ms: 63.787875
  type: 'test'
  ...
# Subtest: local outbox removes unconfirmed reports after 30 days and preserves newer retries
ok 1437 - local outbox removes unconfirmed reports after 30 days and preserves newer retries
  ---
  duration_ms: 0.583208
  type: 'test'
  ...
# Subtest: canonical runtime transport flushes once after readiness and is torn down without fallback
ok 1438 - canonical runtime transport flushes once after readiness and is torn down without fallback
  ---
  duration_ms: 0.60275
  type: 'test'
  ...
# Subtest: restart readiness replays queued, retrying, and failed records with their original identities
ok 1439 - restart readiness replays queued, retrying, and failed records with their original identities
  ---
  duration_ms: 1.112958
  type: 'test'
  ...
# Subtest: readiness flush and a concurrent submit share one in-flight send and one cleanup
ok 1440 - readiness flush and a concurrent submit share one in-flight send and one cleanup
  ---
  duration_ms: 0.32625
  type: 'test'
  ...
# Subtest: teardown during an in-flight response leaves the entry retryable for duplicate reconciliation
ok 1441 - teardown during an in-flight response leaves the entry retryable for duplicate reconciliation
  ---
  duration_ms: 0.388166
  type: 'test'
  ...
# Subtest: goal onboarding dismissal is durable, idempotent, and scoped per track
ok 1442 - goal onboarding dismissal is durable, idempotent, and scoped per track
  ---
  duration_ms: 1.1365
  type: 'test'
  ...
# Subtest: goal onboarding dismissal rejects unsupported stored records
ok 1443 - goal onboarding dismissal rejects unsupported stored records
  ---
  duration_ms: 0.3835
  type: 'test'
  ...
# Subtest: goal snapshots expose canonical revisions and CAS advances them
ok 1444 - goal snapshots expose canonical revisions and CAS advances them
  ---
  duration_ms: 5.876
  type: 'test'
  ...
# Subtest: goal snapshot CAS rejects stale create and update without changing durable data
ok 1445 - goal snapshot CAS rejects stale create and update without changing durable data
  ---
  duration_ms: 1.691375
  type: 'test'
  ...
# Subtest: legacy goal access stays compatible and snapshot writes keep goal validation
ok 1446 - legacy goal access stays compatible and snapshot writes keep goal validation
  ---
  duration_ms: 0.851583
  type: 'test'
  ...
# Subtest: goal snapshot CAS rejects a reentrant create for the same canonical key
ok 1447 - goal snapshot CAS rejects a reentrant create for the same canonical key
  ---
  duration_ms: 6.642417
  type: 'test'
  ...
# Subtest: guest access is an explicit durable decision and can be cleared for account entry
ok 1448 - guest access is an explicit durable decision and can be cleared for account entry
  ---
  duration_ms: 5.603125
  type: 'test'
  ...
# Subtest: provisions one validated guest installation and preserves it across repeated bootstrap
ok 1449 - provisions one validated guest installation and preserves it across repeated bootstrap
  ---
  duration_ms: 64.082875
  type: 'test'
  ...
# Subtest: guest access requires an existing unbound installation and rejects retained account data
ok 1450 - guest access requires an existing unbound installation and rejects retained account data
  ---
  duration_ms: 0.460083
  type: 'test'
  ...
# Subtest: corrupt or unsupported guest installation records block without replacement
ok 1451 - corrupt or unsupported guest installation records block without replacement
  ---
  duration_ms: 0.720041
  type: 'test'
  ...
# Subtest: guest installation blocks coercible identifiers and non-v4 UUID records
ok 1452 - guest installation blocks coercible identifiers and non-v4 UUID records
  ---
  duration_ms: 0.363625
  type: 'test'
  ...
# Subtest: valid later binding states are preserved without adopting or regenerating an installation
ok 1453 - valid later binding states are preserved without adopting or regenerating an installation
  ---
  duration_ms: 14.360292
  type: 'test'
  ...
# Subtest: identity or write failure blocks before recovery/content and leaves no partial guest record
ok 1454 - identity or write failure blocks before recovery/content and leaves no partial guest record
  ---
  duration_ms: 2.225334
  type: 'test'
  ...
# Subtest: guest installation rejects malformed generated identities without writing
ok 1455 - guest installation rejects malformed generated identities without writing
  ---
  duration_ms: 0.475833
  type: 'test'
  ...
# Subtest: bootstrap blocks corrupt guest access before content without replacing it
ok 1456 - bootstrap blocks corrupt guest access before content without replacing it
  ---
  duration_ms: 0.395875
  type: 'test'
  ...
# Subtest: inconsistent installation bindings block bootstrap and guest access without replacement
ok 1457 - inconsistent installation bindings block bootstrap and guest access without replacement
  ---
  duration_ms: 0.525042
  type: 'test'
  ...
# Subtest: persistent plan read returns its canonical envelope revision
ok 1458 - persistent plan read returns its canonical envelope revision
  ---
  duration_ms: 42.804375
  type: 'test'
  ...
# Subtest: dual-key CAS rejects stale goal and plan revisions and accepts one idempotent command retry
ok 1459 - dual-key CAS rejects stale goal and plan revisions and accepts one idempotent command retry
  ---
  duration_ms: 9.47475
  type: 'test'
  ...
# Subtest: compound lock sorts and deduplicates keys and rejects reentrant acquisition
ok 1460 - compound lock sorts and deduplicates keys and rejects reentrant acquisition
  ---
  duration_ms: 0.471083
  type: 'test'
  ...
# Subtest: write uncertainty can be retried by command id, while a failure before persistence is not a false success
ok 1461 - write uncertainty can be retried by command id, while a failure before persistence is not a false success
  ---
  duration_ms: 1.011083
  type: 'test'
  ...
# Subtest: accepts a journal whose scope and writes use one exact resolved artifact
ok 1462 - accepts a journal whose scope and writes use one exact resolved artifact
  ---
  duration_ms: 28.049042
  type: 'test'
  ...
# Subtest: uses the complete resolved reference when validating attempt and session relationships
ok 1463 - uses the complete resolved reference when validating attempt and session relationships
  ---
  duration_ms: 44.328375
  type: 'test'
  ...
# Subtest: requires an exact lowercase artifact SHA and rejects legacy top-level identity fields
ok 1464 - requires an exact lowercase artifact SHA and rejects legacy top-level identity fields
  ---
  duration_ms: 4.556875
  type: 'test'
  ...
# Subtest: permits a reset journal only with a null artifact scope
ok 1465 - permits a reset journal only with a null artifact scope
  ---
  duration_ms: 1.010416
  type: 'test'
  ...
# Subtest: stores and reads the complete plan identity, slot identity, and envelope revision
ok 1466 - stores and reads the complete plan identity, slot identity, and envelope revision
  ---
  duration_ms: 48.89275
  type: 'test'
  ...
# Subtest: legacy settings migrate to enabled-only state while retaining every native notification id
ok 1467 - legacy settings migrate to enabled-only state while retaining every native notification id
  ---
  duration_ms: 1.205333
  type: 'test'
  ...
# Subtest: legacy daily settings retain the one native id during migration
ok 1468 - legacy daily settings retain the one native id during migration
  ---
  duration_ms: 0.251292
  type: 'test'
  ...
# Subtest: legacy journals become cancellation-only journals and cannot restore their old desired slots
ok 1469 - legacy journals become cancellation-only journals and cannot restore their old desired slots
  ---
  duration_ms: 0.731
  type: 'test'
  ...
# Subtest: rejects duplicate days or slot IDs in a canonical settings record
ok 1470 - rejects duplicate days or slot IDs in a canonical settings record
  ---
  duration_ms: 1.065625
  type: 'test'
  ...
# Subtest: rejects identity without commandId, contentVersion, or a valid artifact SHA
ok 1471 - rejects identity without commandId, contentVersion, or a valid artifact SHA
  ---
  duration_ms: 0.433542
  type: 'test'
  ...
# Subtest: Premium testing override is unavailable outside sandbox and local development runtimes
ok 1472 - Premium testing override is unavailable outside sandbox and local development runtimes
  ---
  duration_ms: 0.936209
  type: 'test'
  ...
# Subtest: Premium testing override persists only for a sandbox or local development runtime
ok 1473 - Premium testing override persists only for a sandbox or local development runtime
  ---
  duration_ms: 0.196875
  type: 'test'
  ...
# Subtest: keeps the same question distinct across immutable artifact SHA-256 values
ok 1474 - keeps the same question distinct across immutable artifact SHA-256 values
  ---
  duration_ms: 17.450625
  type: 'test'
  ...
# Subtest: preserves durable identity conflicts for one resolved content reference
ok 1475 - preserves durable identity conflicts for one resolved content reference
  ---
  duration_ms: 4.217042
  type: 'test'
  ...
# Subtest: rejects a durable ID rewrite across artifact identities before writing either entry
ok 1476 - rejects a durable ID rewrite across artifact identities before writing either entry
  ---
  duration_ms: 11.799209
  type: 'test'
  ...
# Subtest: preserves index order while updating and removing canonical entries
ok 1477 - preserves index order while updating and removing canonical entries
  ---
  duration_ms: 42.888333
  type: 'test'
  ...
# Subtest: rejects legacy identity fields, mixed records, tombstones, and non-lowercase artifact hashes
ok 1478 - rejects legacy identity fields, mixed records, tombstones, and non-lowercase artifact hashes
  ---
  duration_ms: 0.676334
  type: 'test'
  ...
# Subtest: reads only strict canonical entries from durable storage
ok 1479 - reads only strict canonical entries from durable storage
  ---
  duration_ms: 0.310541
  type: 'test'
  ...
# Subtest: clears all canonical review records and the index
ok 1480 - clears all canonical review records and the index
  ---
  duration_ms: 0.240208
  type: 'test'
  ...
# Subtest: repository codec distinguishes absence and corrupt JSON
ok 1481 - repository codec distinguishes absence and corrupt JSON
  ---
  duration_ms: 1.160917
  type: 'test'
  ...
# Subtest: canonical storage uses envelopes and rejects an unsupported schema identity
ok 1482 - canonical storage uses envelopes and rejects an unsupported schema identity
  ---
  duration_ms: 1.484083
  type: 'test'
  ...
# Subtest: the atomic track cutover rejects every persisted former track identity without translating it
ok 1483 - the atomic track cutover rejects every persisted former track identity without translating it
  ---
  duration_ms: 1.433209
  type: 'test'
  ...
# Subtest: draft replacement verifies its expected revision
ok 1484 - draft replacement verifies its expected revision
  ---
  duration_ms: 1.637458
  type: 'test'
  ...
# Subtest: bootstrap blocks an inconsistent active-session reference and a missing required draft
ok 1485 - bootstrap blocks an inconsistent active-session reference and a missing required draft
  ---
  duration_ms: 96.736459
  type: 'test'
  ...
# Subtest: bootstrap runs resolution only after recovery/content validation and exposes profile/content mismatch as blocking
ok 1486 - bootstrap runs resolution only after recovery/content validation and exposes profile/content mismatch as blocking
  ---
  duration_ms: 46.143834
  type: 'test'
  ...
# Subtest: one MMKV native adapter is infrastructure-owned and runtime access stays bounded
ok 1487 - one MMKV native adapter is infrastructure-owned and runtime access stays bounded
  ---
  duration_ms: 57.3615
  type: 'test'
  ...
# Subtest: cutover removes old storage and remote content paths
ok 1488 - cutover removes old storage and remote content paths
  ---
  duration_ms: 845.576125
  type: 'test'
  ...
# Subtest: canonical keys use the one Patternly namespace
ok 1489 - canonical keys use the one Patternly namespace
  ---
  duration_ms: 1.395625
  type: 'test'
  ...
# Subtest: initializes and reuses the exact canonical metadata payload
ok 1490 - initializes and reuses the exact canonical metadata payload
  ---
  duration_ms: 11.868458
  type: 'test'
  ...
# Subtest: fails closed when stored metadata has an unknown shape or newer schema
ok 1491 - fails closed when stored metadata has an unknown shape or newer schema
  ---
  duration_ms: 4.196833
  type: 'test'
  ...
# Subtest: practice answer fixture completes ten canonical submissions with the exact mixed interaction outcomes
ok 1492 - practice answer fixture completes ten canonical submissions with the exact mixed interaction outcomes
  ---
  duration_ms: 1238.151375
  type: 'test'
  ...
# Subtest: fixture construction uses canonical runtime methods and has no persistence path
ok 1493 - fixture construction uses canonical runtime methods and has no persistence path
  ---
  duration_ms: 0.354541
  type: 'test'
  ...
# Subtest: runtime selectors are deterministic and use the canonical grammar
ok 1494 - runtime selectors are deterministic and use the canonical grammar
  ---
  duration_ms: 0.914584
  type: 'test'
  ...
# Subtest: Premium offer setup selectors are deterministic and valid
ok 1495 - Premium offer setup selectors are deterministic and valid
  ---
  duration_ms: 0.201416
  type: 'test'
  ...
# Subtest: Design Interview save selectors distinguish persistence status and retry
ok 1496 - Design Interview save selectors distinguish persistence status and retry
  ---
  duration_ms: 0.122875
  type: 'test'
  ...
# Subtest: runtime selectors preserve canonical identities without learner-visible copy
ok 1497 - runtime selectors preserve canonical identities without learner-visible copy
  ---
  duration_ms: 0.192708
  type: 'test'
  ...
# Subtest: runtime selectors preserve case-sensitive authored item identities
ok 1498 - runtime selectors preserve case-sensitive authored item identities
  ---
  duration_ms: 0.157917
  type: 'test'
  ...
# Subtest: session metadata selectors expose validated lifecycle values without learner copy
ok 1499 - session metadata selectors expose validated lifecycle values without learner copy
  ---
  duration_ms: 0.126584
  type: 'test'
  ...
# Subtest: complexity selectors encode authored notation without weakening the selector grammar
ok 1500 - complexity selectors encode authored notation without weakening the selector grammar
  ---
  duration_ms: 0.324541
  type: 'test'
  ...
# Subtest: runtime selectors keep distinct runtime entities distinct
ok 1501 - runtime selectors keep distinct runtime entities distinct
  ---
  duration_ms: 0.277667
  type: 'test'
  ...
# Subtest: unavailable recovery and review selectors remain stable and distinct
ok 1502 - unavailable recovery and review selectors remain stable and distinct
  ---
  duration_ms: 0.360042
  type: 'test'
  ...
# Subtest: runtime selector factories reject values that cannot be represented in the contract
ok 1503 - runtime selector factories reject values that cannot be represented in the contract
  ---
  duration_ms: 1.128459
  type: 'test'
  ...
# Subtest: goal selectors expose stable target-date input and field-error identities
ok 1504 - goal selectors expose stable target-date input and field-error identities
  ---
  duration_ms: 0.255708
  type: 'test'
  ...
# Subtest: learning plan selectors use the closed primary states and stable slot identities
ok 1505 - learning plan selectors use the closed primary states and stable slot identities
  ---
  duration_ms: 2.705833
  type: 'test'
  ...
# Subtest: learning plan editor retry selectors distinguish save from start-existing
ok 1506 - learning plan editor retry selectors distinguish save from start-existing
  ---
  duration_ms: 0.098583
  type: 'test'
  ...
# Subtest: notification selectors keep plan slots and closed error states typed
ok 1507 - notification selectors keep plan slots and closed error states typed
  ---
  duration_ms: 0.182625
  type: 'test'
  ...
# Subtest: target date guidance selectors expose every closed state and reason
ok 1508 - target date guidance selectors expose every closed state and reason
  ---
  duration_ms: 0.476625
  type: 'test'
  ...
# Subtest: Home plan selectors expose every closed unavailable reason
ok 1509 - Home plan selectors expose every closed unavailable reason
  ---
  duration_ms: 0.098667
  type: 'test'
  ...
# Subtest: Progress plan selectors expose typed completion, day and unavailable identities
ok 1510 - Progress plan selectors expose typed completion, day and unavailable identities
  ---
  duration_ms: 0.136209
  type: 'test'
  ...
# Subtest: journey resolves canonical track mode and pool
ok 1511 - journey resolves canonical track mode and pool
  ---
  duration_ms: 1107.393958
  type: 'test'
  ...
# Subtest: onDanger keeps destructive button text above normal-text contrast in both themes
ok 1512 - onDanger keeps destructive button text above normal-text contrast in both themes
  ---
  duration_ms: 1.562792
  type: 'test'
  ...
# Subtest: onPrimary keeps goal status and selected day labels above normal-text contrast in both themes
ok 1513 - onPrimary keeps goal status and selected day labels above normal-text contrast in both themes
  ---
  duration_ms: 0.301292
  type: 'test'
  ...
# Subtest: RC Certification Maestro flows change, restore, persist, resume, finish, and review the 50-item exam
ok 1514 - RC Certification Maestro flows change, restore, persist, resume, finish, and review the 50-item exam
  ---
  duration_ms: 1.890875
  type: 'test'
  ...
# Subtest: RC Android runner requires the explicit current dev-client and evidence destination
ok 1515 - RC Android runner requires the explicit current dev-client and evidence destination
  ---
  duration_ms: 0.164125
  type: 'test'
  ...
# Subtest: RC iOS runner requires one booted simulator and the same explicit evidence contract
ok 1516 - RC iOS runner requires one booted simulator and the same explicit evidence contract
  ---
  duration_ms: 0.139375
  type: 'test'
  ...
# Subtest: RC iOS certification smoke requires local credentials and authenticates only when Settings offers account entry
ok 1517 - RC iOS certification smoke requires local credentials and authenticates only when Settings offers account entry
  ---
  duration_ms: 0.9135
  type: 'test'
  ...
# Subtest: Free Certification Exam flow resets once, reaches the Premium paywall, and retries after a cold restart without reset
ok 1518 - Free Certification Exam flow resets once, reaches the Premium paywall, and retries after a cold restart without reset
  ---
  duration_ms: 0.833709
  type: 'test'
  ...
# Subtest: RC iOS timeout runner prepares one local exam, advances the audit clock, and captures timeout review evidence
ok 1519 - RC iOS timeout runner prepares one local exam, advances the audit clock, and captures timeout review evidence
  ---
  duration_ms: 0.557833
  type: 'test'
  ...
# Subtest: Certification progress derives practice, exam, outcome, taxonomy, review, and repeated-mistake signals
ok 1520 - Certification progress derives practice, exam, outcome, taxonomy, review, and repeated-mistake signals
  ---
  duration_ms: 25.801875
  type: 'test'
  ...
# Subtest: Certification progress has explicit empty state and no synthetic learning metrics
ok 1521 - Certification progress has explicit empty state and no synthetic learning metrics
  ---
  duration_ms: 13.273375
  type: 'test'
  ...
# Subtest: Certification progress ignores same-version evidence from another exact content package
ok 1522 - Certification progress ignores same-version evidence from another exact content package
  ---
  duration_ms: 0.740334
  type: 'test'
  ...
# Subtest: Certification result keeps truthful session metrics and routes Focus domains through the canonical formatter
ok 1523 - Certification result keeps truthful session metrics and routes Focus domains through the canonical formatter
  ---
  duration_ms: 1.947666
  type: 'test'
  ...
# Subtest: Certification Focus domain formatter resolves only a canonical roadmap node
ok 1524 - Certification Focus domain formatter resolves only a canonical roadmap node
  ---
  duration_ms: 9.62225
  type: 'test'
  ...
# Subtest: direct entry to excluded Algorithms declared-scope modes fails without substitution
ok 1525 - direct entry to excluded Algorithms declared-scope modes fails without substitution
  ---
  duration_ms: 1306.212917
  type: 'test'
  ...
# Subtest: completed Algorithms practice replaces its runner with the session-keyed summary route
ok 1526 - completed Algorithms practice replaces its runner with the session-keyed summary route
  ---
  duration_ms: 1.074333
  type: 'test'
  ...
# Subtest: practice summary reloads the immutable result and runner navigation requires verified completion
ok 1527 - practice summary reloads the immutable result and runner navigation requires verified completion
  ---
  duration_ms: 0.89925
  type: 'test'
  ...
# Subtest: practice question review is a readonly session surface with bounded navigation and a return to its result
ok 1528 - practice question review is a readonly session surface with bounded navigation and a return to its result
  ---
  duration_ms: 0.374333
  type: 'test'
  ...
# Subtest: session control labels identify the dimension, ordering position, and command
ok 1529 - session control labels identify the dimension, ordering position, and command
  ---
  duration_ms: 2.626167
  type: 'test'
  ...
# Subtest: coding review pending keeps SessionShell navigation while using neutral response anatomy
ok 1530 - coding review pending keeps SessionShell navigation while using neutral response anatomy
  ---
  duration_ms: 0.391917
  type: 'test'
  ...
# Subtest: interactive Algorithms session controls use real 48-point minimum geometry without hit-area substitutes
ok 1531 - interactive Algorithms session controls use real 48-point minimum geometry without hit-area substitutes
  ---
  duration_ms: 1.108958
  type: 'test'
  ...
# Subtest: simulation accessibility respects motion, focus, and touch-target constraints
ok 1532 - simulation accessibility respects motion, focus, and touch-target constraints
  ---
  duration_ms: 0.222542
  type: 'test'
  ...
# Subtest: canonical session surfaces expose deterministic state and do not group interactive descendants
ok 1533 - canonical session surfaces expose deterministic state and do not group interactive descendants
  ---
  duration_ms: 0.928708
  type: 'test'
  ...
# Subtest: practice exit makes abandonment a single explicit decision in a modal
ok 1534 - practice exit makes abandonment a single explicit decision in a modal
  ---
  duration_ms: 1.415833
  type: 'test'
  ...
# Subtest: standalone practice conflict and unavailable states respect both safe-area edges
ok 1535 - standalone practice conflict and unavailable states respect both safe-area edges
  ---
  duration_ms: 0.839333
  type: 'test'
  ...
# Subtest: large text can grow session chrome and controls without fixed interactive heights
ok 1536 - large text can grow session chrome and controls without fixed interactive heights
  ---
  duration_ms: 0.362917
  type: 'test'
  ...
# Subtest: bottom navigation preserves one-line visual labels while keeping every tab semantically named
ok 1537 - bottom navigation preserves one-line visual labels while keeping every tab semantically named
  ---
  duration_ms: 0.461834
  type: 'test'
  ...
# Subtest: bottom navigation uses theme-appropriate separators without altering the light overlay
ok 1538 - bottom navigation uses theme-appropriate separators without altering the light overlay
  ---
  duration_ms: 0.531459
  type: 'test'
  ...
# Subtest: Practice Hub keeps the quiet-layered recommendation readable at large text and removes the competing stats card
ok 1539 - Practice Hub keeps the quiet-layered recommendation readable at large text and removes the competing stats card
  ---
  duration_ms: 0.238541
  type: 'test'
  ...
# Subtest: Practice Hub retains its mode layout and canonical ownership
ok 1540 - Practice Hub retains its mode layout and canonical ownership
  ---
  duration_ms: 0.981791
  type: 'test'
  ...
# Subtest: Practice Question Shell keeps the Figma prompt-to-answer rhythm
ok 1541 - Practice Question Shell keeps the Figma prompt-to-answer rhythm
  ---
  duration_ms: 0.205167
  type: 'test'
  ...
# Subtest: certification exam stacks descriptive actions so large text cannot clip flagging or navigation
ok 1542 - certification exam stacks descriptive actions so large text cannot clip flagging or navigation
  ---
  duration_ms: 0.261041
  type: 'test'
  ...
# Subtest: practice runtime selectors are derived from the canonical session projection without entering speech labels
ok 1543 - practice runtime selectors are derived from the canonical session projection without entering speech labels
  ---
  duration_ms: 3.904542
  type: 'test'
  ...
# Subtest: dry-run regression starts the recommended session directly and proves its live timer
ok 1544 - dry-run regression starts the recommended session directly and proves its live timer
  ---
  duration_ms: 0.864458
  type: 'test'
  ...
# Subtest: dry-run regression ends early into a truthful partial summary
ok 1545 - dry-run regression ends early into a truthful partial summary
  ---
  duration_ms: 0.215375
  type: 'test'
  ...
# Subtest: Algorithms presentation metadata covers exactly the generated structural roadmap
ok 1546 - Algorithms presentation metadata covers exactly the generated structural roadmap
  ---
  duration_ms: 8.235875
  type: 'test'
  ...
# Subtest: Algorithms runtime derives roadmap parent relationships and mental units from the generated SOT
ok 1547 - Algorithms runtime derives roadmap parent relationships and mental units from the generated SOT
  ---
  duration_ms: 6.148792
  type: 'test'
  ...
# Subtest: AUD-02B runner fails closed outside the existing booted iPhone 17 app and local evidence setup
ok 1548 - AUD-02B runner fails closed outside the existing booted iPhone 17 app and local evidence setup
  ---
  duration_ms: 0.780584
  type: 'test'
  ...
# Subtest: AUD-02B executes authenticated Free, Premium, and expiry phases in order with the exact audit URL
ok 1549 - AUD-02B executes authenticated Free, Premium, and expiry phases in order with the exact audit URL
  ---
  duration_ms: 0.1915
  type: 'test'
  ...
# Subtest: AUD-02B owns only its local backend process and gates both entitlement phases on readiness
ok 1550 - AUD-02B owns only its local backend process and gates both entitlement phases on readiness
  ---
  duration_ms: 0.363958
  type: 'test'
  ...
# Subtest: AUD-02B Free evidence selects Coding Mock and repeats the paywall after clearState:false relaunch
ok 1551 - AUD-02B Free evidence selects Coding Mock and repeats the paywall after clearState:false relaunch
  ---
  duration_ms: 0.821
  type: 'test'
  ...
# Subtest: AUD-02B Premium evidence restores the same 40-question draft before manual finalization and endpoint review
ok 1552 - AUD-02B Premium evidence restores the same 40-question draft before manual finalization and endpoint review
  ---
  duration_ms: 0.621917
  type: 'test'
  ...
# Subtest: AUD-02B expiry invokes only the exact Coding Mock command and captures finalized unanswered review
ok 1553 - AUD-02B expiry invokes only the exact Coding Mock command and captures finalized unanswered review
  ---
  duration_ms: 0.168125
  type: 'test'
  ...
# Subtest: Custom Practice resume preserves the selected durable at-session-end timing
ok 1554 - Custom Practice resume preserves the selected durable at-session-end timing
  ---
  duration_ms: 395.368792
  type: 'test'
  ...
# Subtest: resume rejects an active session that lacks a canonical feedback timing
ok 1555 - resume rejects an active session that lacks a canonical feedback timing
  ---
  duration_ms: 0.254541
  type: 'test'
  ...
# Subtest: M3 keeps the same Custom Practice session and withholds feedback across leave, kill, and resume
ok 1556 - M3 keeps the same Custom Practice session and withholds feedback across leave, kill, and resume
  ---
  duration_ms: 1.277625
  type: 'test'
  ...
# Subtest: M4 restores the exact Custom Practice durable feedback after leave, kill, and resume
ok 1557 - M4 restores the exact Custom Practice durable feedback after leave, kill, and resume
  ---
  duration_ms: 0.206208
  type: 'test'
  ...
# Subtest: M5 reuses the complete M1 flow and proves a terminal session has no active resume path after relaunch
ok 1558 - M5 reuses the complete M1 flow and proves a terminal session has no active resume path after relaunch
  ---
  duration_ms: 0.112
  type: 'test'
  ...
# Subtest: RC Algorithms bootstrap resets learning data and explicitly selects the Algorithms track
ok 1559 - RC Algorithms bootstrap resets learning data and explicitly selects the Algorithms track
  ---
  duration_ms: 1.333875
  type: 'test'
  ...
# Subtest: RC Algorithms iOS runner validates and passes explicit capture inputs only to the final Maestro flow
ok 1560 - RC Algorithms iOS runner validates and passes explicit capture inputs only to the final Maestro flow
  ---
  duration_ms: 0.268667
  type: 'test'
  ...
# Subtest: AUD-02C runner is pinned to one existing iPhone 17 and ordered local entitlement phases
ok 1561 - AUD-02C runner is pinned to one existing iPhone 17 and ordered local entitlement phases
  ---
  duration_ms: 0.879084
  type: 'test'
  ...
# Subtest: AUD-02C flows prove Free denial, durable resume, manual result, timeout result, and rubric review
ok 1562 - AUD-02C flows prove Free denial, durable resume, manual result, timeout result, and rubric review
  ---
  duration_ms: 0.5005
  type: 'test'
  ...
# Subtest: AUD-02C premium and timeout flows preserve each response before saved status without keyboard commands
ok 1563 - AUD-02C premium and timeout flows preserve each response before saved status without keyboard commands
  ---
  duration_ms: 0.25675
  type: 'test'
  ...
# Subtest: Design session mode titles match the learner-facing journey
ok 1564 - Design session mode titles match the learner-facing journey
  ---
  duration_ms: 0.913292
  type: 'test'
  ...
# Subtest: Design result names its exact package topic and exposes missing mapping
ok 1565 - Design result names its exact package topic and exposes missing mapping
  ---
  duration_ms: 0.548916
  type: 'test'
  ...
1..1565
# tests 1579
# suites 0
# pass 1574
# fail 1
# cancelled 0
# skipped 4
# todo 0
# duration_ms 50565.534542
