
> patternly@0.1.0 qa:static
> npm run recovery:check && npm run typecheck && npm test && npm run validate:content-boundary && npm run validate:runtime-privacy-boundary


> patternly@0.1.0 recovery:check
> node scripts/checkRecoveryBaseline.mjs

RECOVERY_INVENTORY_CHECK=passed
RECOVERY_ACTIVE_SOURCE_FILES=442
RECOVERY_ACTIVE_TESTS=279
RECOVERY_TEST_CASES=1556
RECOVERY_STAGE_1_BOUNDARIES=passed

> patternly@0.1.0 typecheck
> tsc --noEmit


> patternly@0.1.0 test
> node --import tsx --test 'src/**/*.test.ts' 'src/**/*.test.mjs' 'scripts/**/*.test.ts' 'scripts/**/*.test.mjs'

TAP version 13
# Subtest: learning kernel and registry boundaries exclude family content and platform owners
ok 1 - learning kernel and registry boundaries exclude family content and platform owners
  ---
  duration_ms: 12.457709
  type: 'test'
  ...
# Subtest: families do not import one another and source contains no replacement bridge
ok 2 - families do not import one another and source contains no replacement bridge
  ---
  duration_ms: 151.855167
  type: 'test'
  ...
# Subtest: application mutations depend on repositories rather than raw storage internals
ok 3 - application mutations depend on repositories rather than raw storage internals
  ---
  duration_ms: 1.194125
  type: 'test'
  ...
# Subtest: canonical lifecycle use cases have no React, storage implementation, or family-scoring dependency
ok 4 - canonical lifecycle use cases have no React, storage implementation, or family-scoring dependency
  ---
  duration_ms: 1.091875
  type: 'test'
  ...
# Subtest: the public storage barrel does not expose raw keys or codec
ok 5 - the public storage barrel does not expose raw keys or codec
  ---
  duration_ms: 0.370125
  type: 'test'
  ...
# Subtest: AUD-02D starts child before auth and records expired baseline before observation
ok 6 - AUD-02D starts child before auth and records expired baseline before observation
  ---
  duration_ms: 15.729834
  type: 'test'
  ...
# Subtest: child readiness waits for readiness and races early completion
ok 7 - child readiness waits for readiness and races early completion
  ---
  duration_ms: 5.036708
  type: 'test'
  ...
# Subtest: nonzero child completion remains a hard failure
ok 8 - nonzero child completion remains a hard failure
  ---
  duration_ms: 0.821167
  type: 'test'
  ...
# Subtest: bounded cleanup leaves a naturally completed child alone
ok 9 - bounded cleanup leaves a naturally completed child alone
  ---
  duration_ms: 1.763792
  type: 'test'
  ...
# Subtest: timeout stops the child, its owned backend, then confirms port release
ok 10 - timeout stops the child, its owned backend, then confirms port release
  ---
  duration_ms: 4.869375
  type: 'test'
  ...
# Subtest: cleanup is bounded and retains each cleanup failure
ok 11 - cleanup is bounded and retains each cleanup failure
  ---
  duration_ms: 6.733084
  type: 'test'
  ...
# Subtest: cleanup context keeps the original failure first
ok 12 - cleanup context keeps the original failure first
  ---
  duration_ms: 0.854291
  type: 'test'
  ...
# Subtest: listener ownership requires a complete ancestry chain to the exact runner
ok 13 - listener ownership requires a complete ancestry chain to the exact runner
  ---
  duration_ms: 1.126167
  type: 'test'
  ...
# Subtest: backend signal uses only the group captured by successful ownership proof
ok 14 - backend signal uses only the group captured by successful ownership proof
  ---
  duration_ms: 3.818333
  type: 'test'
  ...
# Subtest: failed backend ownership proof skips backend signal and reports secondary failure
ok 15 - failed backend ownership proof skips backend signal and reports secondary failure
  ---
  duration_ms: 3.841917
  type: 'test'
  ...
# Subtest: AUD-02D evidence manifest snapshots redact credentials without mutating live case records
ok 16 - AUD-02D evidence manifest snapshots redact credentials without mutating live case records
  ---
  duration_ms: 44.095167
  type: 'test'
  ...
# Subtest: AUD-02D evidence redaction scrubs text artifacts atomically and scans every regular file
ok 17 - AUD-02D evidence redaction scrubs text artifacts atomically and scans every regular file
  ---
  duration_ms: 68.601334
  type: 'test'
  ...
# Subtest: AUD-02D evidence redaction rejects symbolic links under the output root
ok 18 - AUD-02D evidence redaction rejects symbolic links under the output root
  ---
  duration_ms: 5.148041
  type: 'test'
  ...
# Subtest: AUD-02D evidence scan removes later unsafe credential files after an earlier directory symlink
ok 19 - AUD-02D evidence scan removes later unsafe credential files after an earlier directory symlink
  ---
  duration_ms: 6.514959
  type: 'test'
  ...
# Subtest: AUD-02D matrix is exactly bound to the nine-track candidate lock
ok 20 - AUD-02D matrix is exactly bound to the nine-track candidate lock
  ---
  duration_ms: 38.281417
  type: 'test'
  ...
# Subtest: Custom Practice matrix includes every 10/20/40 by timing combination
ok 21 - Custom Practice matrix includes every 10/20/40 by timing combination
  ---
  duration_ms: 0.620166
  type: 'test'
  ...
# Subtest: coordinating runner binds every case to clean sources, one install, native identity and stable bundle bytes
ok 22 - coordinating runner binds every case to clean sources, one install, native identity and stable bundle bytes
  ---
  duration_ms: 18.313542
  type: 'test'
  ...
# Subtest: AUD-02D validates smoke profile for Metro and owns active backend through pre-premium runtime cases
ok 23 - AUD-02D validates smoke profile for Metro and owns active backend through pre-premium runtime cases
  ---
  duration_ms: 16.473666
  type: 'test'
  ...
# Subtest: AUD-02D non-exam premium runners receive their declared premium flows
ok 24 - AUD-02D non-exam premium runners receive their declared premium flows
  ---
  duration_ms: 1.979041
  type: 'test'
  ...
# Subtest: AUD-02D resolves and validates the exact local Expo iOS AppEntry launch asset
ok 25 - AUD-02D resolves and validates the exact local Expo iOS AppEntry launch asset
  ---
  duration_ms: 5.171708
  type: 'test'
  ...
# Subtest: smoke entitlement probe exchanges ordinary auth for a generation-pinned token without persisting secrets
ok 26 - smoke entitlement probe exchanges ordinary auth for a generation-pinned token without persisting secrets
  ---
  duration_ms: 2.743125
  type: 'test'
  ...
# Subtest: smoke auth errors persist only HTTP status and safe error.code
ok 27 - smoke auth errors persist only HTTP status and safe error.code
  ---
  duration_ms: 3.590584
  type: 'test'
  ...
# Subtest: AUD-02D Maestro flows cover track readiness and all setup selectors before session start
ok 28 - AUD-02D Maestro flows cover track readiness and all setup selectors before session start
  ---
  duration_ms: 52.784375
  type: 'test'
  ...
# Subtest: auth preflight extended waits are recorded and flows without assertions remain rejected
ok 29 - auth preflight extended waits are recorded and flows without assertions remain rejected
  ---
  duration_ms: 24.230542
  type: 'test'
  ...
# Subtest: feedback lifecycle flows resume, complete ten answers and open the result review
ok 30 - feedback lifecycle flows resume, complete ten answers and open the result review
  ---
  duration_ms: 74.672958
  type: 'test'
  ...
# Subtest: result review selects the caller-provided question while retaining its occurrence root
ok 31 - result review selects the caller-provided question while retaining its occurrence root
  ---
  duration_ms: 33.171833
  type: 'test'
  ...
# Subtest: all new AUD-02D Maestro YAML documents parse and contain executable assertion commands
ok 32 - all new AUD-02D Maestro YAML documents parse and contain executable assertion commands
  ---
  duration_ms: 31.089583
  type: 'test'
  ...
# Subtest: Expo and npm expose one canonical Patternly identity
ok 33 - Expo and npm expose one canonical Patternly identity
  ---
  duration_ms: 9.0845
  type: 'test'
  ...
# Subtest: RC runners, runtime-audit URLs, and every Maestro flow share the Patternly identity
ok 34 - RC runners, runtime-audit URLs, and every Maestro flow share the Patternly identity
  ---
  duration_ms: 29.327375
  type: 'test'
  ...
# Subtest: build identity cutover leaves canonical learning-data keys unchanged
ok 35 - build identity cutover leaves canonical learning-data keys unchanged
  ---
  duration_ms: 0.818958
  type: 'test'
  ...
# Subtest: sandbox builds validate the same closed public environment schema as the installed app
ok 36 - sandbox builds validate the same closed public environment schema as the installed app
  ---
  duration_ms: 9.589625
  type: 'test'
  ...
# Subtest: runtime mode is explicit and persists in public Expo config
ok 37 - runtime mode is explicit and persists in public Expo config
  ---
  duration_ms: 1.753334
  type: 'test'
  ...
# Subtest: sandbox and release reject mode/configuration mismatches
ok 38 - sandbox and release reject mode/configuration mismatches
  ---
  duration_ms: 1.327334
  type: 'test'
  ...
# Subtest: release app config always rejects the checked-in public legal payload
ok 39 - release app config always rejects the checked-in public legal payload
  ---
  duration_ms: 13.132125
  type: 'test'
  ...
# Subtest: release public legal links use the configured public environment parser and match the legal record
ok 40 - release public legal links use the configured public environment parser and match the legal record
  ---
  duration_ms: 3.243417
  type: 'test'
  ...
# Subtest: smoke is explicit, locally bound, and permits debug App Check
ok 41 - smoke is explicit, locally bound, and permits debug App Check
  ---
  duration_ms: 0.490708
  type: 'test'
  ...
# Subtest: remote artifacts require their public Firebase configuration before prebuild
ok 42 - remote artifacts require their public Firebase configuration before prebuild
  ---
  duration_ms: 0.876458
  type: 'test'
  ...
# Subtest: only iOS remote artifacts require the public RevenueCat Apple SDK key before prebuild
ok 43 - only iOS remote artifacts require the public RevenueCat Apple SDK key before prebuild
  ---
  duration_ms: 3.008125
  type: 'test'
  ...
# Subtest: remote artifacts require production App Check providers before prebuild
ok 44 - remote artifacts require production App Check providers before prebuild
  ---
  duration_ms: 1.29675
  type: 'test'
  ...
# Subtest: sandbox and release accept only production App Check provider pairs
ok 45 - sandbox and release accept only production App Check provider pairs
  ---
  duration_ms: 12.848125
  type: 'test'
  ...
# Subtest: sandbox uses the one tracked native Firebase registration while release requires production file variables
ok 46 - sandbox uses the one tracked native Firebase registration while release requires production file variables
  ---
  duration_ms: 1.573708
  type: 'test'
  ...
# Subtest: explicit iOS sandbox and release require iOS configuration and ignore Android-only configuration
ok 47 - explicit iOS sandbox and release require iOS configuration and ignore Android-only configuration
  ---
  duration_ms: 9.051459
  type: 'test'
  ...
# Subtest: explicit Android sandbox and release require Android configuration and ignore iOS-only configuration
ok 48 - explicit Android sandbox and release require Android configuration and ignore iOS-only configuration
  ---
  duration_ms: 6.863
  type: 'test'
  ...
# Subtest: without an explicit native target, sandbox and release require both platform configurations
ok 49 - without an explicit native target, sandbox and release require both platform configurations
  ---
  duration_ms: 3.838416
  type: 'test'
  ...
# Subtest: explicit iOS and Android builds always require shared Firebase public configuration
ok 50 - explicit iOS and Android builds always require shared Firebase public configuration
  ---
  duration_ms: 0.754833
  type: 'test'
  ...
# Subtest: candidate lock binds the exact nine bundled artifacts
ok 51 - candidate lock binds the exact nine bundled artifacts
  ---
  duration_ms: 15.741375
  type: 'test'
  ...
# Subtest: candidate lock rejects bundled bytes outside the candidate
ok 52 - candidate lock rejects bundled bytes outside the candidate
  ---
  duration_ms: 21.128917
  type: 'test'
  ...
# Subtest: Metro selects Certification Exam review fixtures only in smoke and keeps disabled peer inert
ok 53 - Metro selects Certification Exam review fixtures only in smoke and keeps disabled peer inert
  ---
  duration_ms: 1607.909708
  type: 'test'
  ...
# Subtest: QA installs the frontend lock before native and root verification
ok 54 - QA installs the frontend lock before native and root verification
  ---
  duration_ms: 1.70725
  type: 'test'
  ...
# Subtest: EAS release configuration has explicit version, runtime, and channel policy
ok 55 - EAS release configuration has explicit version, runtime, and channel policy
  ---
  duration_ms: 3.604458
  type: 'test'
  ...
# Subtest: EAS source archives exclude generated native output, artifacts, and credentials
ok 56 - EAS source archives exclude generated native output, artifacts, and credentials
  ---
  duration_ms: 1.124208
  type: 'test'
  ...
# Subtest: production exporter rejects the current incomplete canonical source before creating output
ok 57 - production exporter rejects the current incomplete canonical source before creating output
  ---
  duration_ms: 604.9495
  type: 'test'
  ...
# Subtest: synthetic seven-locale artifacts are marked unapproved and contain complete, interpolated drafts
ok 58 - synthetic seven-locale artifacts are marked unapproved and contain complete, interpolated drafts
  ---
  duration_ms: 26.5825
  type: 'test'
  ...
# Subtest: app legal exports retain the same output as parameterized template rendering
ok 59 - app legal exports retain the same output as parameterized template rendering
  ---
  duration_ms: 0.3525
  type: 'test'
  ...
# Subtest: release gate and exporter use the same canonical source fingerprint
ok 60 - release gate and exporter use the same canonical source fingerprint
  ---
  duration_ms: 1231.085458
  type: 'test'
  ...
# Subtest: launch readiness CI is the complete exact-four-SHA owning gate
ok 61 - launch readiness CI is the complete exact-four-SHA owning gate
  ---
  duration_ms: 14.157875
  type: 'test'
  ...
# Subtest: mutations of any required SHA input fail closed
ok 62 - mutations of any required SHA input fail closed
  ---
  duration_ms: 13.457125
  type: 'test'
  ...
# Subtest: mutations of each fixed repository slug, ref, path and fetch depth fail closed
ok 63 - mutations of each fixed repository slug, ref, path and fetch depth fail closed
  ---
  duration_ms: 9.304833
  type: 'test'
  ...
# Subtest: mutations of historical lock resolution or app content roots fail closed
ok 64 - mutations of historical lock resolution or app content roots fail closed
  ---
  duration_ms: 8.015083
  type: 'test'
  ...
# Subtest: mutations of every exact-head or clean-worktree assertion fail closed
ok 65 - mutations of every exact-head or clean-worktree assertion fail closed
  ---
  duration_ms: 8.114584
  type: 'test'
  ...
# Subtest: mutations of toolchain and every npm ci owning gate fail closed
ok 66 - mutations of toolchain and every npm ci owning gate fail closed
  ---
  duration_ms: 29.405041
  type: 'test'
  ...
# Subtest: mutations of the web server wait, base URL and cleanup fail closed
ok 67 - mutations of the web server wait, base URL and cleanup fail closed
  ---
  duration_ms: 3.495333
  type: 'test'
  ...
# Subtest: mutations of backend sibling roots and content/web gate commands fail closed
ok 68 - mutations of backend sibling roots and content/web gate commands fail closed
  ---
  duration_ms: 5.316625
  type: 'test'
  ...
# Subtest: mutations of manifest creation, verification and enforced release fail closed
ok 69 - mutations of manifest creation, verification and enforced release fail closed
  ---
  duration_ms: 14.119375
  type: 'test'
  ...
# Subtest: mutations of JSON validation, unconditional uploads and final outcome enforcement fail closed
ok 70 - mutations of JSON validation, unconditional uploads and final outcome enforcement fail closed
  ---
  duration_ms: 10.102084
  type: 'test'
  ...
# Subtest: moving candidate refs, write permissions or secrets fail closed
ok 71 - moving candidate refs, write permissions or secrets fail closed
  ---
  duration_ms: 1.878958
  type: 'test'
  ...
# Subtest: Metro selects proposal fixtures only in the smoke runtime
ok 72 - Metro selects proposal fixtures only in the smoke runtime
  ---
  duration_ms: 1871.886625
  type: 'test'
  ...
# Subtest: one journal contract, materializer, verifier, and coordinator remain
ok 73 - one journal contract, materializer, verifier, and coordinator remain
  ---
  duration_ms: 2.842792
  type: 'test'
  ...
# Subtest: mutation failure has one boundary owner and presentation cannot recreate durable state
ok 74 - mutation failure has one boundary owner and presentation cannot recreate durable state
  ---
  duration_ms: 105.485209
  type: 'test'
  ...
# Subtest: features and track semantics cannot import storage or repository implementations
ok 75 - features and track semantics cannot import storage or repository implementations
  ---
  duration_ms: 22.084625
  type: 'test'
  ...
# Subtest: Algorithms runtime composition has no persistence binding
ok 76 - Algorithms runtime composition has no persistence binding
  ---
  duration_ms: 1.42275
  type: 'test'
  ...
# Subtest: Coding Interview read projections do not create a barrel cycle through the session facade
ok 77 - Coding Interview read projections do not create a barrel cycle through the session facade
  ---
  duration_ms: 0.732833
  type: 'test'
  ...
# Subtest: one family-neutral foreground timer is bound only in application composition, never in presentation
ok 78 - one family-neutral foreground timer is bound only in application composition, never in presentation
  ---
  duration_ms: 32.487708
  type: 'test'
  ...
# Subtest: training-session identity has one lifecycle authority and no obsolete runtime port
ok 79 - training-session identity has one lifecycle authority and no obsolete runtime port
  ---
  duration_ms: 18.718625
  type: 'test'
  ...
# Subtest: old active exam persistence owner and feature services are deleted
ok 80 - old active exam persistence owner and feature services are deleted
  ---
  duration_ms: 101.314583
  type: 'test'
  ...
# Subtest: Certification answers cannot recreate the deleted selector or competing writer
ok 81 - Certification answers cannot recreate the deleted selector or competing writer
  ---
  duration_ms: 103.768375
  type: 'test'
  ...
# Subtest: Certification presentation reads materialized feedback without owning family scoring
ok 82 - Certification presentation reads materialized feedback without owning family scoring
  ---
  duration_ms: 28.562084
  type: 'test'
  ...
# Subtest: Certification durable Practice state has one exact projection, recovery command, and shared notice mapper
ok 83 - Certification durable Practice state has one exact projection, recovery command, and shared notice mapper
  ---
  duration_ms: 4.672042
  type: 'test'
  ...
# Subtest: Certification route handoffs use exact resume intent and cannot hide failures behind start fallbacks
ok 84 - Certification route handoffs use exact resume intent and cannot hide failures behind start fallbacks
  ---
  duration_ms: 1.615042
  type: 'test'
  ...
# Subtest: presentation routes use application ports without persistence internals
ok 85 - presentation routes use application ports without persistence internals
  ---
  duration_ms: 24.642042
  type: 'test'
  ...
# Subtest: startup recovery uses canonical bootstrap recovery
ok 86 - startup recovery uses canonical bootstrap recovery
  ---
  duration_ms: 0.303125
  type: 'test'
  ...
# Subtest: release-native configuration excludes canonical learning storage from backup and unneeded ingress
ok 87 - release-native configuration excludes canonical learning storage from backup and unneeded ingress
  ---
  duration_ms: 14.488542
  type: 'test'
  ...
# Subtest: Android privacy transforms are reproducible without generated native projects
ok 88 - Android privacy transforms are reproducible without generated native projects
  ---
  duration_ms: 11.016542
  type: 'test'
  ...
# Subtest: iOS backup transform is reproducible without a generated AppDelegate
ok 89 - iOS backup transform is reproducible without a generated AppDelegate
  ---
  duration_ms: 0.315333
  type: 'test'
  ...
# Subtest: clean iOS output declares current data collection without tracking or remote notifications
ok 90 - clean iOS output declares current data collection without tracking or remote notifications
  ---
  duration_ms: 18.714833
  type: 'test'
  ...
# Subtest: Expo platform configuration declares the supported phone-only native matrix
ok 91 - Expo platform configuration declares the supported phone-only native matrix
  ---
  duration_ms: 3.222209
  type: 'test'
  ...
# Subtest: Premium node offers and their local fixture transport share one smoke-only Metro module
ok 92 - Premium node offers and their local fixture transport share one smoke-only Metro module
  ---
  duration_ms: 2009.860917
  type: 'test'
  ...
# Subtest: release Metro source selections cannot expose the local Premium offer or payload
ok 93 - release Metro source selections cannot expose the local Premium offer or payload
  ---
  duration_ms: 89.852708
  type: 'test'
  ...
# Subtest: provider auth fixture runtime resolves to smoke implementation only for smoke
ok 94 - provider auth fixture runtime resolves to smoke implementation only for smoke
  ---
  duration_ms: 2216.778041
  type: 'test'
  ...
# Subtest: non-smoke provider fixture peer contains no token-generation or provider-auth SDK calls
ok 95 - non-smoke provider fixture peer contains no token-generation or provider-auth SDK calls
  ---
  duration_ms: 27.898375
  type: 'test'
  ...
# Subtest: mobile recovery coordinator, secure-store fixture and adapter complete real HTTP recovery operations
ok 96 - mobile recovery coordinator, secure-store fixture and adapter complete real HTTP recovery operations # SKIP
  ---
  duration_ms: 36.350958
  type: 'test'
  ...
# Subtest: HTTP session revoke conflicts with an unacknowledged recovery result and succeeds after its ACK
ok 97 - HTTP session revoke conflicts with an unacknowledged recovery result and succeeds after its ACK # SKIP
  ---
  duration_ms: 0.22325
  type: 'test'
  ...
# Subtest: same-operation concurrent HTTP recovery consumes return the persisted real Admin winner
ok 98 - same-operation concurrent HTTP recovery consumes return the persisted real Admin winner # SKIP
  ---
  duration_ms: 0.1125
  type: 'test'
  ...
# Subtest: HTTP account deletion supersedes an unacknowledged recovery result and removes its proof-bound data
ok 99 - HTTP account deletion supersedes an unacknowledged recovery result and removes its proof-bound data # SKIP
  ---
  duration_ms: 0.20425
  type: 'test'
  ...
# Subtest: launch readiness report is deterministic and exposes the unresolved release blockers
ok 100 - launch readiness report is deterministic and exposes the unresolved release blockers
  ---
  duration_ms: 2355.932167
  type: 'test'
  ...
# Subtest: release readiness reports missing, malformed, and complete public legal configuration safely
ok 101 - release readiness reports missing, malformed, and complete public legal configuration safely
  ---
  duration_ms: 6393.937583
  type: 'test'
  ...
# Subtest: launch readiness rejects a forged runtime admission
ok 102 - launch readiness rejects a forged runtime admission
  ---
  duration_ms: 1214.739417
  type: 'test'
  ...
# Subtest: release gate fails while the readiness report contains blockers
ok 103 - release gate fails while the readiness report contains blockers
  ---
  duration_ms: 1484.658458
  type: 'test'
  ...
# Subtest: enforced release gate requires a verified four-repository manifest
ok 104 - enforced release gate requires a verified four-repository manifest
  ---
  duration_ms: 1097.67325
  type: 'test'
  ...
# Subtest: launch readiness fails closed when the content evidence checkout is dirty
ok 105 - launch readiness fails closed when the content evidence checkout is dirty
  ---
  duration_ms: 622.215958
  type: 'test'
  ...
# Subtest: explicit report output is written after inspection and does not dirty either worktree
ok 106 - explicit report output is written after inspection and does not dirty either worktree
  ---
  duration_ms: 1262.439334
  type: 'test'
  ...
# Subtest: owning validator rejects stale identity and malformed readiness semantics
ok 107 - owning validator rejects stale identity and malformed readiness semantics
  ---
  duration_ms: 8644.501625
  type: 'test'
  ...
# Subtest: enforced mode still writes a valid report before returning exit 1
ok 108 - enforced mode still writes a valid report before returning exit 1
  ---
  duration_ms: 1179.873792
  type: 'test'
  ...
# Subtest: CLI rejects malformed arguments and physical output paths inside either worktree
ok 109 - CLI rejects malformed arguments and physical output paths inside either worktree
  ---
  duration_ms: 2522.074667
  type: 'test'
  ...
# Subtest: launch readiness fails closed when the application release lock provenance is invalid
ok 110 - launch readiness fails closed when the application release lock provenance is invalid
  ---
  duration_ms: 1223.571125
  type: 'test'
  ...
# Subtest: launch readiness fails closed when the application evidence checkout is dirty
ok 111 - launch readiness fails closed when the application evidence checkout is dirty
  ---
  duration_ms: 1148.810333
  type: 'test'
  ...
# Subtest: launch readiness admits external evidence only when its envelope is bound and self-integral
ok 112 - launch readiness admits external evidence only when its envelope is bound and self-integral
  ---
  duration_ms: 3526.42475
  type: 'test'
  ...
# Subtest: physical-device evidence is optional through freeze and mandatory at go
ok 113 - physical-device evidence is optional through freeze and mandatory at go
  ---
  duration_ms: 3278.898917
  type: 'test'
  ...
# Subtest: stage contract keeps PO, provider, store, and device evidence out of local and freeze
ok 114 - stage contract keeps PO, provider, store, and device evidence out of local and freeze
  ---
  duration_ms: 3092.864959
  type: 'test'
  ...
# Subtest: creates deterministic portable identity with repositories, locks, build, configuration, and evidence
ok 115 - creates deterministic portable identity with repositories, locks, build, configuration, and evidence
  ---
  duration_ms: 6866.348792
  type: 'test'
  ...
# Subtest: verifies exact HEADs, clean worktrees, hashes and current content/OpenAPI owning checks
ok 116 - verifies exact HEADs, clean worktrees, hashes and current content/OpenAPI owning checks
  ---
  duration_ms: 3249.398792
  type: 'test'
  ...
# Subtest: CLI create output can be copied to another external directory and verified
ok 117 - CLI create output can be copied to another external directory and verified
  ---
  duration_ms: 7939.915583
  type: 'test'
  ...
# Subtest: enforced releaseGate reports a verified manifest identity without absolute paths
ok 118 - enforced releaseGate reports a verified manifest identity without absolute paths
  ---
  duration_ms: 4546.661
  type: 'test'
  ...
# Subtest: releaseGate accepts only a physical receipt for the exact embedded manifest and build
ok 119 - releaseGate accepts only a physical receipt for the exact embedded manifest and build
  ---
  duration_ms: 9123.816917
  type: 'test'
  ...
# Subtest: runtime receipt rejects every mismatch with the verified embedded artifact
ok 120 - runtime receipt rejects every mismatch with the verified embedded artifact
  ---
  duration_ms: 1.414333
  type: 'test'
  ...
# Subtest: enforced releaseGate writes portable reports for invalid and missing manifests
ok 121 - enforced releaseGate writes portable reports for invalid and missing manifests
  ---
  duration_ms: 2400.759875
  type: 'test'
  ...
# Subtest: rejects missing, extra and duplicate repository roles plus the legacy two-SHA shape
ok 122 - rejects missing, extra and duplicate repository roles plus the legacy two-SHA shape
  ---
  duration_ms: 4.274167
  type: 'test'
  ...
# Subtest: rejects wrong manifest identity, stale candidate/track scope and wrong repository SHA
ok 123 - rejects wrong manifest identity, stale candidate/track scope and wrong repository SHA
  ---
  duration_ms: 1113.541625
  type: 'test'
  ...
# Subtest: rejects modified evidence before accepting a portable reference
ok 124 - rejects modified evidence before accepting a portable reference
  ---
  duration_ms: 394.498209
  type: 'test'
  ...
# Subtest: rejects changed iOS build, public configuration, and signing evidence bytes
ok 125 - rejects changed iOS build, public configuration, and signing evidence bytes
  ---
  duration_ms: 2069.818667
  type: 'test'
  ...
# Subtest: rejects absolute, traversal and symlink references
ok 126 - rejects absolute, traversal and symlink references
  ---
  duration_ms: 3.86075
  type: 'test'
  ...
# Subtest: rejects dirty repositories and output paths inside or through symlinked parents
ok 127 - rejects dirty repositories and output paths inside or through symlinked parents
  ---
  duration_ms: 31.99575
  type: 'test'
  ...
# Subtest: local profile dotenv parser has no process side effect
ok 128 - local profile dotenv parser has no process side effect
  ---
  duration_ms: 6.530791
  type: 'test'
  ...
# Subtest: the default iOS command uses the local profile and sandbox remains explicit
ok 129 - the default iOS command uses the local profile and sandbox remains explicit
  ---
  duration_ms: 0.660583
  type: 'test'
  ...
# Subtest: smoke profile requires explicit matching local E2E endpoints
ok 130 - smoke profile requires explicit matching local E2E endpoints
  ---
  duration_ms: 1.663459
  type: 'test'
  ...
# Subtest: sandbox profile rejects every local auth override
ok 131 - sandbox profile rejects every local auth override
  ---
  duration_ms: 0.406292
  type: 'test'
  ...
# Subtest: smoke emulator probe reports profile, origin, and action on failure
ok 132 - smoke emulator probe reports profile, origin, and action on failure
  ---
  duration_ms: 1.323333
  type: 'test'
  ...
# Subtest: Auth probe requires the documented emulator configuration response
ok 133 - Auth probe requires the documented emulator configuration response
  ---
  duration_ms: 0.721291
  type: 'test'
  ...
# Subtest: API readiness waits for dependencies and rejects false checks
ok 134 - API readiness waits for dependencies and rejects false checks
  ---
  duration_ms: 27.66125
  type: 'test'
  ...
# Subtest: failed smoke preflight cannot spawn Expo
ok 135 - failed smoke preflight cannot spawn Expo
  ---
  duration_ms: 5007.65425
  type: 'test'
  ...
# Subtest: sync replaces the whole generated directory with an exact validated set
ok 136 - sync replaces the whole generated directory with an exact validated set
  ---
  duration_ms: 172.272625
  type: 'test'
  ...
# Subtest: sync accepts a complete GCP Exam envelope inside the artifact lock boundary
ok 137 - sync accepts a complete GCP Exam envelope inside the artifact lock boundary
  ---
  duration_ms: 87.601167
  type: 'test'
  ...
# Subtest: sync accepts the exact Coding Mock profile with its ordered 40-question pool
ok 138 - sync accepts the exact Coding Mock profile with its ordered 40-question pool
  ---
  duration_ms: 84.595375
  type: 'test'
  ...
# Subtest: sync accepts and preserves each exact per-track Design Interview simulation profile
ok 139 - sync accepts and preserves each exact per-track Design Interview simulation profile
  ---
  duration_ms: 76.180166
  type: 'test'
  ...
# Subtest: sync rejects Design profile identity, deadline, stage, response, criterion, rubric, and scoring drift
ok 140 - sync rejects Design profile identity, deadline, stage, response, criterion, rubric, and scoring drift
  ---
  duration_ms: 304.659791
  type: 'test'
  ...
# Subtest: sync rejects Coding Mock profiles that drift from the declared strict contract
ok 141 - sync rejects Coding Mock profiles that drift from the declared strict contract
  ---
  duration_ms: 281.728916
  type: 'test'
  ...
# Subtest: sync continues to accept a legacy GCP artifact without simulation metadata
ok 142 - sync continues to accept a legacy GCP artifact without simulation metadata
  ---
  duration_ms: 63.038958
  type: 'test'
  ...
# Subtest: sync rejects malformed GCP profiles before replacing the target even when lock SHA is recomputed
ok 143 - sync rejects malformed GCP profiles before replacing the target even when lock SHA is recomputed
  ---
  duration_ms: 536.038125
  type: 'test'
  ...
# Subtest: check mode proves byte parity and never writes inside the application root
ok 144 - check mode proves byte parity and never writes inside the application root
  ---
  duration_ms: 113.237834
  type: 'test'
  ...
# Subtest: check fails on byte drift without repairing it
ok 145 - check fails on byte drift without repairing it
  ---
  duration_ms: 108.343708
  type: 'test'
  ...
# Subtest: producer failure preserves the existing complete target and cleans staging
ok 146 - producer failure preserves the existing complete target and cleans staging
  ---
  duration_ms: 64.342958
  type: 'test'
  ...
# Subtest: failed second rename rolls back the previous directory
ok 147 - failed second rename rolls back the previous directory
  ---
  duration_ms: 89.147584
  type: 'test'
  ...
# Subtest: an interrupted target-to-backup move is recovered before replacement
ok 148 - an interrupted target-to-backup move is recovered before replacement
  ---
  duration_ms: 149.668
  type: 'test'
  ...
# Subtest: validation rejects extra files, duplicate IDs, tampering, and symlink entries
ok 149 - validation rejects extra files, duplicate IDs, tampering, and symlink entries
  ---
  duration_ms: 58.510042
  type: 'test'
  ...
# Subtest: validation rejects a missing or misnamed artifact and an unsorted lock
ok 150 - validation rejects a missing or misnamed artifact and an unsorted lock
  ---
  duration_ms: 39.339834
  type: 'test'
  ...
# Subtest: failed first rename preserves the target byte-for-byte and leaves no transaction debris
ok 151 - failed first rename preserves the target byte-for-byte and leaves no transaction debris
  ---
  duration_ms: 141.420333
  type: 'test'
  ...
# Subtest: a symlinked target parent fails before staging and cannot write outside appRoot
ok 152 - a symlinked target parent fails before staging and cannot write outside appRoot
  ---
  duration_ms: 61.642083
  type: 'test'
  ...
# Subtest: dirty producer state fails before build or application write
ok 153 - dirty producer state fails before build or application write
  ---
  duration_ms: 21.260208
  type: 'test'
  ...
# Subtest: check rejects a temporary root inside appRoot before any app-tree write
ok 154 - check rejects a temporary root inside appRoot before any app-tree write
  ---
  duration_ms: 75.369083
  type: 'test'
  ...
# CONTENT_BOUNDARY_CHECK=passed
# Subtest: content boundary rejects global fetch ingress but ignores property fetch methods
ok 155 - content boundary rejects global fetch ingress but ignores property fetch methods
  ---
  duration_ms: 2.031583
  type: 'test'
  ...
# Subtest: content boundary rejects legacy identity types and fields in active runtime code
ok 156 - content boundary rejects legacy identity types and fields in active runtime code
  ---
  duration_ms: 0.436792
  type: 'test'
  ...
# Subtest: content boundary rejects legacy published-bank contracts and family catalogs
ok 157 - content boundary rejects legacy published-bank contracts and family catalogs
  ---
  duration_ms: 0.226917
  type: 'test'
  ...
# Subtest: content boundary permits legacy shape only at fail-closed boundaries
ok 158 - content boundary permits legacy shape only at fail-closed boundaries
  ---
  duration_ms: 2.2795
  type: 'test'
  ...
# Subtest: content boundary never permits removed family architecture through explicit allowlists
ok 159 - content boundary never permits removed family architecture through explicit allowlists
  ---
  duration_ms: 0.270333
  type: 'test'
  ...
# Subtest: content boundary permits quoted legacy keys used only by fail-closed rejection guards
ok 160 - content boundary permits quoted legacy keys used only by fail-closed rejection guards
  ---
  duration_ms: 0.150792
  type: 'test'
  ...
# Subtest: recognizes only an enumerated ContentPreparationGate state
ok 161 - recognizes only an enumerated ContentPreparationGate state
  ---
  duration_ms: 1.88775
  type: 'test'
  ...
# Subtest: waits through transient hierarchy failures and returns once a gate state is visible
ok 162 - waits through transient hierarchy failures and returns once a gate state is visible
  ---
  duration_ms: 0.405833
  type: 'test'
  ...
# Subtest: fails closed at the bounded deadline when no gate state is visible
ok 163 - fails closed at the bounded deadline when no gate state is visible
  ---
  duration_ms: 0.66025
  type: 'test'
  ...
# Subtest: deletion authorization expires, binds both UID and generation, and cannot be replayed
ok 164 - deletion authorization expires, binds both UID and generation, and cannot be replayed
  ---
  duration_ms: 2.624792
  type: 'test'
  ...
# Subtest: deletion authorization reports a live grant without consuming it
ok 165 - deletion authorization reports a live grant without consuming it
  ---
  duration_ms: 0.413042
  type: 'test'
  ...
# Subtest: foreground refresh guard skips only a current live deletion grant
ok 166 - foreground refresh guard skips only a current live deletion grant
  ---
  duration_ms: 0.503125
  type: 'test'
  ...
# Subtest: a foreground refresh queued behind prepareDeletion skips the issued grant without consuming it
ok 167 - a foreground refresh queued behind prepareDeletion skips the issued grant without consuming it
  ---
  duration_ms: 3.87475
  type: 'test'
  ...
# Subtest: wrong reauthentication never issues a deletion grant or reaches deletion
ok 168 - wrong reauthentication never issues a deletion grant or reaches deletion
  ---
  duration_ms: 0.388916
  type: 'test'
  ...
# Subtest: a session change after reauthentication prevents grant issuance
ok 169 - a session change after reauthentication prevents grant issuance
  ---
  duration_ms: 0.391333
  type: 'test'
  ...
# Subtest: deletion authorization prepares the backend session after reauthentication and before issuing the grant
ok 170 - deletion authorization prepares the backend session after reauthentication and before issuing the grant
  ---
  duration_ms: 0.320041
  type: 'test'
  ...
# Subtest: deletion authorization fails closed when backend session preparation fails
ok 171 - deletion authorization fails closed when backend session preparation fails
  ---
  duration_ms: 0.421375
  type: 'test'
  ...
# Subtest: deletion authorization fails closed when the session changes during backend session preparation
ok 172 - deletion authorization fails closed when the session changes during backend session preparation
  ---
  duration_ms: 1.0935
  type: 'test'
  ...
# Subtest: verify-before email mutation reports pending work while the current email stays unchanged
ok 173 - verify-before email mutation reports pending work while the current email stays unchanged
  ---
  duration_ms: 1.905792
  type: 'test'
  ...
# Subtest: password mutation failures remain failures after successful reauthentication
ok 174 - password mutation failures remain failures after successful reauthentication
  ---
  duration_ms: 0.316292
  type: 'test'
  ...
# Subtest: sensitive command lane rejects a concurrent different command
ok 175 - sensitive command lane rejects a concurrent different command
  ---
  duration_ms: 0.844125
  type: 'test'
  ...
# Subtest: a second login waits until the first account's Firebase sign-out settles
ok 176 - a second login waits until the first account's Firebase sign-out settles
  ---
  duration_ms: 0.680875
  type: 'test'
  ...
# Subtest: sensitive command lane waits for an active command only through the refresh path
ok 177 - sensitive command lane waits for an active command only through the refresh path
  ---
  duration_ms: 0.409667
  type: 'test'
  ...
# Subtest: waiting refresh drains a command that starts at the idle microtask boundary
ok 178 - waiting refresh drains a command that starts at the idle microtask boundary
  ---
  duration_ms: 2.407333
  type: 'test'
  ...
# Subtest: an active refresh settles before a command claims the lane, even when refresh fails
ok 179 - an active refresh settles before a command claims the lane, even when refresh fails
  ---
  duration_ms: 0.382542
  type: 'test'
  ...
# Subtest: two commands waiting for one refresh leave only the first command admitted
ok 180 - two commands waiting for one refresh leave only the first command admitted
  ---
  duration_ms: 0.298541
  type: 'test'
  ...
# Subtest: refresh holds are refcounted and idempotent while explicit commands remain available
ok 181 - refresh holds are refcounted and idempotent while explicit commands remain available
  ---
  duration_ms: 0.330709
  type: 'test'
  ...
# Subtest: prompt hold lifecycle releases exactly once across success, cancel, error, and unmount paths
ok 182 - prompt hold lifecycle releases exactly once across success, cancel, error, and unmount paths
  ---
  duration_ms: 0.224708
  type: 'test'
  ...
# Subtest: a prompt callback can submit during a refresh hold before its queued foreground refresh
ok 183 - a prompt callback can submit during a refresh hold before its queued foreground refresh
  ---
  duration_ms: 0.860625
  type: 'test'
  ...
# Subtest: a prompt callback during an active refresh keeps queued refresh and submit serialized
ok 184 - a prompt callback during an active refresh keeps queued refresh and submit serialized
  ---
  duration_ms: 0.712833
  type: 'test'
  ...
# Subtest: auth command composition keeps provider credentials and hold-only deletion wiring
ok 185 - auth command composition keeps provider credentials and hold-only deletion wiring
  ---
  duration_ms: 3.607208
  type: 'test'
  ...
# Subtest: account snapshot and outbox use one exact canonical identity contract
ok 186 - account snapshot and outbox use one exact canonical identity contract
  ---
  duration_ms: 66.268041
  type: 'test'
  ...
# Subtest: stored account state rejects removed protocol and content schema fields
ok 187 - stored account state rejects removed protocol and content schema fields
  ---
  duration_ms: 2.382
  type: 'test'
  ...
# Subtest: guest adoption choice is canonical and survives a durable reread
ok 188 - guest adoption choice is canonical and survives a durable reread
  ---
  duration_ms: 1.460792
  type: 'test'
  ...
# Subtest: stored account state fails closed instead of assigning missing outbox sequence
ok 189 - stored account state fails closed instead of assigning missing outbox sequence
  ---
  duration_ms: 7.61925
  type: 'test'
  ...
# Subtest: account export distinguishes recent authentication, revoked sessions, transport, limits, and 5xx
ok 190 - account export distinguishes recent authentication, revoked sessions, transport, limits, and 5xx
  ---
  duration_ms: 7.790792
  type: 'test'
  ...
# Subtest: validates the account export envelope before any file is created
ok 191 - validates the account export envelope before any file is created
  ---
  duration_ms: 5.06
  type: 'test'
  ...
# Subtest: rejects partial profiles and malformed section entries
ok 192 - rejects partial profiles and malformed section entries
  ---
  duration_ms: 0.635209
  type: 'test'
  ...
# Subtest: writes to the cache-prefixed filename and deletes after sharing
ok 193 - writes to the cache-prefixed filename and deletes after sharing
  ---
  duration_ms: 0.626708
  type: 'test'
  ...
# Subtest: deletes the temporary file when the share sheet rejects
ok 194 - deletes the temporary file when the share sheet rejects
  ---
  duration_ms: 0.568625
  type: 'test'
  ...
# Subtest: does not create a file when system sharing is unavailable
ok 195 - does not create a file when system sharing is unavailable
  ---
  duration_ms: 0.419041
  type: 'test'
  ...
# Subtest: classifies cache file construction failures without rejecting
ok 196 - classifies cache file construction failures without rejecting
  ---
  duration_ms: 0.22875
  type: 'test'
  ...
# Subtest: a changed account session is rejected before sharing and the file is deleted
ok 197 - a changed account session is rejected before sharing and the file is deleted
  ---
  duration_ms: 0.533417
  type: 'test'
  ...
# Subtest: reports a failed final cleanup and leaves bootstrap responsible for retry
ok 198 - reports a failed final cleanup and leaves bootstrap responsible for retry
  ---
  duration_ms: 0.311
  type: 'test'
  ...
# Subtest: bootstrap cleanup without an active storage profile preserves all export files
ok 199 - bootstrap cleanup without an active storage profile preserves all export files
  ---
  duration_ms: 0.787584
  type: 'test'
  ...
# Subtest: account export cache cleanup is limited to the selected local profile
ok 200 - account export cache cleanup is limited to the selected local profile
  ---
  duration_ms: 1.492083
  type: 'test'
  ...
# Subtest: profile cleanup leaves legacy unscoped exports because their owner cannot be proven
ok 201 - profile cleanup leaves legacy unscoped exports because their owner cannot be proven
  ---
  duration_ms: 0.448542
  type: 'test'
  ...
# Subtest: guest-merge materialization accepts its timestamp-free contract only when active track is unambiguous
ok 202 - guest-merge materialization accepts its timestamp-free contract only when active track is unambiguous
  ---
  duration_ms: 4.446458
  type: 'test'
  ...
# Subtest: requestEmailChange preserves the global classifier and exposes only the email conflict locally
ok 203 - requestEmailChange preserves the global classifier and exposes only the email conflict locally
  ---
  duration_ms: 1.848792
  type: 'test'
  ...
# Subtest: requestEmailChange keeps operational failures in their existing categories
ok 204 - requestEmailChange keeps operational failures in their existing categories
  ---
  duration_ms: 0.441583
  type: 'test'
  ...
# Subtest: requestEmailChange owns the contextual mapper without changing the Firebase client contract
ok 205 - requestEmailChange owns the contextual mapper without changing the Firebase client contract
  ---
  duration_ms: 0.825042
  type: 'test'
  ...
# Subtest: foreground scheduler coalesces duplicate active events and runs a newer return after the current refresh
ok 206 - foreground scheduler coalesces duplicate active events and runs a newer return after the current refresh
  ---
  duration_ms: 5.054125
  type: 'test'
  ...
# Subtest: foreground scheduler cleanup cancels queued work and drops stale intents
ok 207 - foreground scheduler cleanup cancels queued work and drops stale intents
  ---
  duration_ms: 0.735167
  type: 'test'
  ...
# Subtest: ODK-E2E-041 keeps a runnable guest goal to account restart journey
ok 208 - ODK-E2E-041 keeps a runnable guest goal to account restart journey
  ---
  duration_ms: 1.91375
  type: 'test'
  ...
# Subtest: ODK-E2E-041 preserves the per-track dismissal and restart proof
ok 209 - ODK-E2E-041 preserves the per-track dismissal and restart proof
  ---
  duration_ms: 1.026834
  type: 'test'
  ...
# Subtest: ODK-E2E-041 covers an existing goal on a clean device and an account without a goal
ok 210 - ODK-E2E-041 covers an existing goal on a clean device and an account without a goal
  ---
  duration_ms: 0.66625
  type: 'test'
  ...
# Subtest: ODK-E2E-041 data evidence covers identity, atomic goal-plan validation, recovery, and explicit UI states
ok 211 - ODK-E2E-041 data evidence covers identity, atomic goal-plan validation, recovery, and explicit UI states
  ---
  duration_ms: 2.720334
  type: 'test'
  ...
# Subtest: ODK-E2E-041 visual matrix maps every required journey to executable evidence
ok 212 - ODK-E2E-041 visual matrix maps every required journey to executable evidence
  ---
  duration_ms: 3.346542
  type: 'test'
  ...
# Subtest: public environment and Firebase client configuration fail closed
ok 213 - public environment and Firebase client configuration fail closed
  ---
  duration_ms: 5.283292
  type: 'test'
  ...
# Subtest: Firebase account configuration requires core fields and accepts only valid optional Google IDs
ok 214 - Firebase account configuration requires core fields and accepts only valid optional Google IDs
  ---
  duration_ms: 0.899333
  type: 'test'
  ...
# Subtest: native App Check composes either provider, both providers, or an explicit unavailable state
ok 215 - native App Check composes either provider, both providers, or an explicit unavailable state
  ---
  duration_ms: 1.516375
  type: 'test'
  ...
# Subtest: only the explicit local smoke runtime finalizes every password-identity command without verification side effects
ok 216 - only the explicit local smoke runtime finalizes every password-identity command without verification side effects
  ---
  duration_ms: 3.041917
  type: 'test'
  ...
# Subtest: account entry copy makes the destructive choice and code acknowledgement explicit
ok 217 - account entry copy makes the destructive choice and code acknowledgement explicit
  ---
  duration_ms: 3.932
  type: 'test'
  ...
# Subtest: account entry owns one terminal choice and keeps synced account controls separate
ok 218 - account entry owns one terminal choice and keeps synced account controls separate
  ---
  duration_ms: 4.4335
  type: 'test'
  ...
# Subtest: account recovery owns one status message, a truthful retry, and a sign-out exit
ok 219 - account recovery owns one status message, a truthful retry, and a sign-out exit
  ---
  duration_ms: 5.575708
  type: 'test'
  ...
# Subtest: current-account ISSUE defer requires an explicit sign-in, canonical session check, and persistent identity fence
ok 220 - current-account ISSUE defer requires an explicit sign-in, canonical session check, and persistent identity fence
  ---
  duration_ms: 1.791666
  type: 'test'
  ...
# Subtest: account recovery back action follows live navigator history
ok 221 - account recovery back action follows live navigator history
  ---
  duration_ms: 1.318916
  type: 'test'
  ...
# Subtest: signed-out sign-in presentation is independent of pending remote revocation
ok 222 - signed-out sign-in presentation is independent of pending remote revocation
  ---
  duration_ms: 4.153625
  type: 'test'
  ...
# Subtest: local sign-out persists its block before closing scope and never invokes remote preparation
ok 223 - local sign-out persists its block before closing scope and never invokes remote preparation
  ---
  duration_ms: 1.369459
  type: 'test'
  ...
# Subtest: completed sign-out cannot publish signed-out state over a newly authenticated UID
ok 224 - completed sign-out cannot publish signed-out state over a newly authenticated UID
  ---
  duration_ms: 0.669416
  type: 'test'
  ...
# Subtest: explicit login and registration Auth mutations serialize with local sign-out
ok 225 - explicit login and registration Auth mutations serialize with local sign-out
  ---
  duration_ms: 1.632041
  type: 'test'
  ...
# Subtest: restored matching logout block closes scope and remains pending until manual retry
ok 226 - restored matching logout block closes scope and remains pending until manual retry
  ---
  duration_ms: 1.967959
  type: 'test'
  ...
# Subtest: foreground identity publication keeps the latest account data and rejects stale generations
ok 227 - foreground identity publication keeps the latest account data and rejects stale generations
  ---
  duration_ms: 0.447792
  type: 'test'
  ...
# Subtest: queued identity refresh is rejected by the production guard after sign-out or UID switch
ok 228 - queued identity refresh is rejected by the production guard after sign-out or UID switch
  ---
  duration_ms: 0.903208
  type: 'test'
  ...
# Subtest: email security composition delegates refresh to the global foreground owner
ok 229 - email security composition delegates refresh to the global foreground owner
  ---
  duration_ms: 2.144875
  type: 'test'
  ...
# Subtest: the foreground owner retries plan recovery at bootstrap, reconnect, foreground, and its durable timer
ok 230 - the foreground owner retries plan recovery at bootstrap, reconnect, foreground, and its durable timer
  ---
  duration_ms: 0.623458
  type: 'test'
  ...
# Subtest: sign-in keeps guest access visible and uses the approved Google logo asset
ok 231 - sign-in keeps guest access visible and uses the approved Google logo asset
  ---
  duration_ms: 5.39425
  type: 'test'
  ...
# Subtest: registration keeps consent presentation separate from the boolean domain contract
ok 232 - registration keeps consent presentation separate from the boolean domain contract
  ---
  duration_ms: 8.002708
  type: 'test'
  ...
# Subtest: both recovery-code surfaces warn before copying through the guarded clipboard
ok 233 - both recovery-code surfaces warn before copying through the guarded clipboard
  ---
  duration_ms: 2.751375
  type: 'test'
  ...
# Subtest: unconfigured account entry never composes Google OAuth without typed provider configuration
ok 234 - unconfigured account entry never composes Google OAuth without typed provider configuration
  ---
  duration_ms: 1.740041
  type: 'test'
  ...
# Subtest: a guest transition resets navigation into the application session
ok 235 - a guest transition resets navigation into the application session
  ---
  duration_ms: 0.278167
  type: 'test'
  ...
# Subtest: secure auth persistence stores only a Firebase refresh-token-shaped record
ok 236 - secure auth persistence stores only a Firebase refresh-token-shaped record
  ---
  duration_ms: 1.145584
  type: 'test'
  ...
# Subtest: secure auth persistence isolates Firebase metadata from the saved auth user
ok 237 - secure auth persistence isolates Firebase metadata from the saved auth user
  ---
  duration_ms: 3.502541
  type: 'test'
  ...
# Subtest: startup waits for persisted auth resolution before choosing the entry screen or Home
ok 238 - startup waits for persisted auth resolution before choosing the entry screen or Home
  ---
  duration_ms: 2.239334
  type: 'test'
  ...
# Subtest: account finalization coordinator shares one in-flight and completed result per generation
ok 239 - account finalization coordinator shares one in-flight and completed result per generation
  ---
  duration_ms: 0.74675
  type: 'test'
  ...
# Subtest: account finalization coordinator drops late results after invalidation and disposal
ok 240 - account finalization coordinator drops late results after invalidation and disposal
  ---
  duration_ms: 1.27525
  type: 'test'
  ...
# Subtest: read-only generation capture cannot reactivate a session during sign-out
ok 241 - read-only generation capture cannot reactivate a session during sign-out
  ---
  duration_ms: 0.296084
  type: 'test'
  ...
# Subtest: account restore has a bounded initialization recovery path
ok 242 - account restore has a bounded initialization recovery path
  ---
  duration_ms: 2.217959
  type: 'test'
  ...
# Subtest: App Check has an explicit unavailable state and never fabricates a token
ok 243 - App Check has an explicit unavailable state and never fabricates a token
  ---
  duration_ms: 0.371875
  type: 'test'
  ...
# Subtest: account failures expose explicit provider, network, expiry, and revoked-session states
ok 244 - account failures expose explicit provider, network, expiry, and revoked-session states
  ---
  duration_ms: 1.54
  type: 'test'
  ...
# Subtest: cold account_not_found clears persisted Firebase auth or exposes a truthful sign-out retry
ok 245 - cold account_not_found clears persisted Firebase auth or exposes a truthful sign-out retry
  ---
  duration_ms: 1.764208
  type: 'test'
  ...
# Subtest: privacy requests expose App Check failures as unavailable
ok 246 - privacy requests expose App Check failures as unavailable
  ---
  duration_ms: 0.4005
  type: 'test'
  ...
# Subtest: account sync preserves known validation failures without persisting arbitrary error messages
ok 247 - account sync preserves known validation failures without persisting arbitrary error messages
  ---
  duration_ms: 20.561958
  type: 'test'
  ...
# Subtest: deletion retries after a revoked or stale session and leaves a verified local tombstone
ok 248 - deletion retries after a revoked or stale session and leaves a verified local tombstone
  ---
  duration_ms: 11.040875
  type: 'test'
  ...
# Subtest: deletion cleanup removes the complete canonical learning namespace while preserving device records and recovery markers
ok 249 - deletion cleanup removes the complete canonical learning namespace while preserving device records and recovery markers
  ---
  duration_ms: 1.1435
  type: 'test'
  ...
# Subtest: a completed marker from an earlier account does not block a later bound account
ok 250 - a completed marker from an earlier account does not block a later bound account
  ---
  duration_ms: 2.508625
  type: 'test'
  ...
# Subtest: a preflight journal failure does not create a deletion operation and pending retry cannot start one
ok 251 - a preflight journal failure does not create a deletion operation and pending retry cannot start one
  ---
  duration_ms: 14.819459
  type: 'test'
  ...
# Subtest: response loss resolves a matching remote operation and rejects mismatched status without local cleanup
ok 252 - response loss resolves a matching remote operation and rejects mismatched status without local cleanup
  ---
  duration_ms: 8.627625
  type: 'test'
  ...
# Subtest: local deletion cleanup resumes after a failed key removal without issuing another remote delete
ok 253 - local deletion cleanup resumes after a failed key removal without issuing another remote delete
  ---
  duration_ms: 3.482291
  type: 'test'
  ...
# Subtest: account deletion remains pending until reminders are disabled and retry does not repeat remote deletion
ok 254 - account deletion remains pending until reminders are disabled and retry does not repeat remote deletion
  ---
  duration_ms: 2.86925
  type: 'test'
  ...
# Subtest: server reauthentication failures remain reauthentication failures with the pending marker intact
ok 255 - server reauthentication failures remain reauthentication failures with the pending marker intact
  ---
  duration_ms: 2.57975
  type: 'test'
  ...
# Subtest: an uncertain server deletion failure resolves through the bound operation status
ok 256 - an uncertain server deletion failure resolves through the bound operation status
  ---
  duration_ms: 2.921083
  type: 'test'
  ...
# Subtest: a durable terminal learning commit uploads once when Home retries pending data
ok 257 - a durable terminal learning commit uploads once when Home retries pending data
  ---
  duration_ms: 167.392875
  type: 'test'
  ...
# Subtest: concurrent Home retries share one offline attempt and preserve durable pending state
ok 258 - concurrent Home retries share one offline attempt and preserve durable pending state
  ---
  duration_ms: 64.490208
  type: 'test'
  ...
# Subtest: a concurrent local session start during upload keeps the interrupted Home sync retryable
ok 259 - a concurrent local session start during upload keeps the interrupted Home sync retryable
  ---
  duration_ms: 479.994875
  type: 'test'
  ...
# Subtest: a concurrent local session start during download keeps the interrupted Home sync retryable
ok 260 - a concurrent local session start during download keeps the interrupted Home sync retryable
  ---
  duration_ms: 350.192167
  type: 'test'
  ...
# Subtest: Home pending retry honors binding, state, and durable recovery guards without remote calls
ok 261 - Home pending retry honors binding, state, and durable recovery guards without remote calls
  ---
  duration_ms: 5.54675
  type: 'test'
  ...
# Subtest: bound restart exposes a projection for a locally saved session without remote reads or writes
ok 262 - bound restart exposes a projection for a locally saved session without remote reads or writes
  ---
  duration_ms: 3.644584
  type: 'test'
  ...
# Subtest: resume requires matching installation and account-state bindings
ok 263 - resume requires matching installation and account-state bindings
  ---
  duration_ms: 1.261833
  type: 'test'
  ...
# Subtest: a pending learning journal blocks bound account sync without clearing the journal
ok 264 - a pending learning journal blocks bound account sync without clearing the journal
  ---
  duration_ms: 3.397208
  type: 'test'
  ...
# Subtest: a deferred upload state resumes locally and syncs idempotently after finalization
ok 265 - a deferred upload state resumes locally and syncs idempotently after finalization
  ---
  duration_ms: 85.62175
  type: 'test'
  ...
# Subtest: discard deletes guest records and goals but preserves device preferences and performs no remote writes
ok 266 - discard deletes guest records and goals but preserves device preferences and performs no remote writes
  ---
  duration_ms: 4.853541
  type: 'test'
  ...
# Subtest: discard restores existing account records unchanged without uploading guest data
ok 267 - discard restores existing account records unchanged without uploading guest data
  ---
  duration_ms: 4.619334
  type: 'test'
  ...
# Subtest: failed account fetch keeps guest data and the approved discard plan for retry
ok 268 - failed account fetch keeps guest data and the approved discard plan for retry
  ---
  duration_ms: 2.518833
  type: 'test'
  ...
# Subtest: existing-account login restores remote data without offering or uploading guest adoption
ok 269 - existing-account login restores remote data without offering or uploading guest adoption
  ---
  duration_ms: 2.424791
  type: 'test'
  ...
# Subtest: one separable invalid remote plan restores Home data, quarantines its version, and resolves after replacement sync
ok 270 - one separable invalid remote plan restores Home data, quarantines its version, and resolves after replacement sync
  ---
  duration_ms: 494.589375
  type: 'test'
  ...
# Subtest: normal no-plan remote state creates no recovery incident
ok 271 - normal no-plan remote state creates no recovery incident
  ---
  duration_ms: 34.784208
  type: 'test'
  ...
# Subtest: learning plan recovery reserves before a read and commits the replacement with its ACK
ok 272 - learning plan recovery reserves before a read and commits the replacement with its ACK
  ---
  duration_ms: 34.161208
  type: 'test'
  ...
# Subtest: learning plan recovery persists failed attempts and respects the durable due time
ok 273 - learning plan recovery persists failed attempts and respects the durable due time
  ---
  duration_ms: 37.660125
  type: 'test'
  ...
# Subtest: learning plan recovery drops stale responses after a generation, incident, or account ownership change
ok 274 - learning plan recovery drops stale responses after a generation, incident, or account ownership change
  ---
  duration_ms: 105.533625
  type: 'test'
  ...
# Subtest: invalid plan recovery fails closed on bad envelope, duplicate identity, uncertain goal, or ownership
ok 275 - invalid plan recovery fails closed on bad envelope, duplicate identity, uncertain goal, or ownership
  ---
  duration_ms: 160.244834
  type: 'test'
  ...
# Subtest: transfer applies an explicit guest conflict resolution once and completes durably
ok 276 - transfer applies an explicit guest conflict resolution once and completes durably
  ---
  duration_ms: 6.647875
  type: 'test'
  ...
# Subtest: guest adoption quarantines one invalid plan while materializing its goal and unambiguous active track
ok 277 - guest adoption quarantines one invalid plan while materializing its goal and unambiguous active track
  ---
  duration_ms: 10.077083
  type: 'test'
  ...
# Subtest: offline transfer retry reuses the durable confirmation and never uploads a duplicate guest snapshot
ok 278 - offline transfer retry reuses the durable confirmation and never uploads a duplicate guest snapshot
  ---
  duration_ms: 7.645542
  type: 'test'
  ...
# Subtest: discard resumes after partial-index failure without reconstructing a guest upload
ok 279 - discard resumes after partial-index failure without reconstructing a guest upload
  ---
  duration_ms: 8.639833
  type: 'test'
  ...
# Subtest: discard resumes after binding failure without reconstructing a guest upload
ok 280 - discard resumes after binding failure without reconstructing a guest upload
  ---
  duration_ms: 7.254291
  type: 'test'
  ...
# Subtest: discard resumes after finish failure without reconstructing a guest upload
ok 281 - discard resumes after finish failure without reconstructing a guest upload
  ---
  duration_ms: 6.863125
  type: 'test'
  ...
# Subtest: discard rejects another account and pending adoption without changing guest data
ok 282 - discard rejects another account and pending adoption without changing guest data
  ---
  duration_ms: 0.865792
  type: 'test'
  ...
# Subtest: a stale adoption confirmation is cleared so retry can request a fresh preview
ok 283 - a stale adoption confirmation is cleared so retry can request a fresh preview
  ---
  duration_ms: 0.877042
  type: 'test'
  ...
# Subtest: discard blocks an active guest session before fetching or deleting data
ok 284 - discard blocks an active guest session before fetching or deleting data
  ---
  duration_ms: 1.060459
  type: 'test'
  ...
# Subtest: concurrent discard calls make one transition and keep the guest outbox empty before fetching
ok 285 - concurrent discard calls make one transition and keep the guest outbox empty before fetching
  ---
  duration_ms: 1.401792
  type: 'test'
  ...
# Subtest: a session start requested while discard fetches waits and is preserved after materialization
ok 286 - a session start requested while discard fetches waits and is preserved after materialization
  ---
  duration_ms: 5.058667
  type: 'test'
  ...
# Subtest: malformed remote records keep the guest dataset and durable approved discard plan
ok 287 - malformed remote records keep the guest dataset and durable approved discard plan
  ---
  duration_ms: 1.290875
  type: 'test'
  ...
# Subtest: pending materialization blocks lifecycle account deletion without losing the marker
ok 288 - pending materialization blocks lifecycle account deletion without losing the marker
  ---
  duration_ms: 0.580292
  type: 'test'
  ...
# Subtest: a durable adoption confirmation blocks a new learning commit
ok 289 - a durable adoption confirmation blocks a new learning commit
  ---
  duration_ms: 1.714958
  type: 'test'
  ...
# Subtest: unreadable mutation journal blocks discard before deleting guest data
ok 290 - unreadable mutation journal blocks discard before deleting guest data
  ---
  duration_ms: 1.2405
  type: 'test'
  ...
# Subtest: authenticated reset restores history without uploading tombstones and preserves local context
ok 291 - authenticated reset restores history without uploading tombstones and preserves local context
  ---
  duration_ms: 173.980375
  type: 'test'
  ...
# Subtest: authenticated reset rejects pending account context without changing state or calling the API
ok 292 - authenticated reset rejects pending account context without changing state or calling the API
  ---
  duration_ms: 19.2485
  type: 'test'
  ...
# Subtest: canonical clean synced state remains eligible for the guarded reset
ok 293 - canonical clean synced state remains eligible for the guarded reset
  ---
  duration_ms: 3.955333
  type: 'test'
  ...
# Subtest: authenticated reset exposes the remote-restore guard and keeps it after a fetch failure
ok 294 - authenticated reset exposes the remote-restore guard and keeps it after a fetch failure
  ---
  duration_ms: 5.908292
  type: 'test'
  ...
# Subtest: a failed remote restore retains the reset guard and account binding
ok 295 - a failed remote restore retains the reset guard and account binding
  ---
  duration_ms: 4.557292
  type: 'test'
  ...
# Subtest: a failed local reset keeps the pre-reset marker and retries the same journal safely
ok 296 - a failed local reset keeps the pre-reset marker and retries the same journal safely
  ---
  duration_ms: 31.544667
  type: 'test'
  ...
# Subtest: concurrent authenticated reset requests share one guarded operation
ok 297 - concurrent authenticated reset requests share one guarded operation
  ---
  duration_ms: 21.679209
  type: 'test'
  ...
# Subtest: reset guard blocks outbox synthesis for a canonical acknowledged record
ok 298 - reset guard blocks outbox synthesis for a canonical acknowledged record
  ---
  duration_ms: 0.860542
  type: 'test'
  ...
# Subtest: only confirmed offline to confirmed online is a reconnect
ok 299 - only confirmed offline to confirmed online is a reconnect
  ---
  duration_ms: 4.366458
  type: 'test'
  ...
# Subtest: recovery-code issuance preserves invalid credentials from reauthentication
ok 300 - recovery-code issuance preserves invalid credentials from reauthentication
  ---
  duration_ms: 3.658125
  type: 'test'
  ...
# Subtest: ordinary Firebase identity exchanges before /me and blocks its custom-token observer event
ok 301 - ordinary Firebase identity exchanges before /me and blocks its custom-token observer event
  ---
  duration_ms: 3.778
  type: 'test'
  ...
# Subtest: a custom-token recovery session with an authorization generation bypasses exchange
ok 302 - a custom-token recovery session with an authorization generation bypasses exchange
  ---
  duration_ms: 0.375875
  type: 'test'
  ...
# Subtest: recovery requires its exact generation and never exchanges a missing or mismatched claim
    # Subtest: rejects generation null
    ok 1 - rejects generation null
      ---
      duration_ms: 0.713583
      type: 'test'
      ...
    # Subtest: rejects generation 1
    ok 2 - rejects generation 1
      ---
      duration_ms: 0.166041
      type: 'test'
      ...
    # Subtest: rejects generation 3
    ok 3 - rejects generation 3
      ---
      duration_ms: 0.163375
      type: 'test'
      ...
    1..3
ok 303 - recovery requires its exact generation and never exchanges a missing or mismatched claim
  ---
  duration_ms: 1.684209
  type: 'test'
  ...
# Subtest: a generation change after exchange prevents token sign-in and /me
ok 304 - a generation change after exchange prevents token sign-in and /me
  ---
  duration_ms: 3.461917
  type: 'test'
  ...
# Subtest: custom-token exchange requires a valid authorization generation before /me
    # Subtest: rejects claim undefined
    ok 1 - rejects claim undefined
      ---
      duration_ms: 4.755834
      type: 'test'
      ...
    # Subtest: rejects claim 0
    ok 2 - rejects claim 0
      ---
      duration_ms: 0.394875
      type: 'test'
      ...
    # Subtest: rejects claim 1
    ok 3 - rejects claim 1
      ---
      duration_ms: 1.598958
      type: 'test'
      ...
    1..3
ok 305 - custom-token exchange requires a valid authorization generation before /me
  ---
  duration_ms: 8.215333
  type: 'test'
  ...
# Subtest: recovery issue session restore requires a current explicit sign-in intent and matching UID
    # Subtest: before the user chooses sign-in
    ok 1 - before the user chooses sign-in
      ---
      duration_ms: 0.943334
      type: 'test'
      ...
    # Subtest: after the pending intent expires
    ok 2 - after the pending intent expires
      ---
      duration_ms: 0.370417
      type: 'test'
      ...
    # Subtest: after restart has lost the pending intent
    ok 3 - after restart has lost the pending intent
      ---
      duration_ms: 0.868416
      type: 'test'
      ...
    # Subtest: when Firebase is bound to another UID
    ok 4 - when Firebase is bound to another UID
      ---
      duration_ms: 0.195333
      type: 'test'
      ...
    1..4
ok 306 - recovery issue session restore requires a current explicit sign-in intent and matching UID
  ---
  duration_ms: 2.9505
  type: 'test'
  ...
# Subtest: recovery issue session restore rejects a present mismatched or malformed generation before exchange
    # Subtest: present wrong generation
    ok 1 - present wrong generation
      ---
      duration_ms: 0.774875
      type: 'test'
      ...
    # Subtest: malformed Firebase claim
    ok 2 - malformed Firebase claim
      ---
      duration_ms: 0.738083
      type: 'test'
      ...
    1..2
ok 307 - recovery issue session restore rejects a present mismatched or malformed generation before exchange
  ---
  duration_ms: 1.947208
  type: 'test'
  ...
# Subtest: a missing recovery generation restores only for current explicit intent, then checks the exact generation
ok 308 - a missing recovery generation restores only for current explicit intent, then checks the exact generation
  ---
  duration_ms: 1.753583
  type: 'test'
  ...
# Subtest: recovery intent expiring during exchange prevents observer release and Firebase sign-in
ok 309 - recovery intent expiring during exchange prevents observer release and Firebase sign-in
  ---
  duration_ms: 0.442292
  type: 'test'
  ...
# Subtest: a recovery sign-in returning another generation fails before ACK or /me
ok 310 - a recovery sign-in returning another generation fails before ACK or /me
  ---
  duration_ms: 0.59525
  type: 'test'
  ...
# Subtest: guest transition lock admits one command and denies a concurrent command before side effects
ok 311 - guest transition lock admits one command and denies a concurrent command before side effects
  ---
  duration_ms: 2.499542
  type: 'test'
  ...
# Subtest: guest transition lock releases after both success and failure
ok 312 - guest transition lock releases after both success and failure
  ---
  duration_ms: 1.182208
  type: 'test'
  ...
# Subtest: Home presents a non-blocking recover-plan notice with durable dismissal
ok 313 - Home presents a non-blocking recover-plan notice with durable dismissal
  ---
  duration_ms: 2.731875
  type: 'test'
  ...
# Subtest: learning plan recovery uses capped exponential retry delays and an inclusive due boundary
ok 314 - learning plan recovery uses capped exponential retry delays and an inclusive due boundary
  ---
  duration_ms: 10.980583
  type: 'test'
  ...
# Subtest: resumes a pending revoke, validates the replacement session, then clears the exact durable marker
ok 315 - resumes a pending revoke, validates the replacement session, then clears the exact durable marker
  ---
  duration_ms: 5.198917
  type: 'test'
  ...
# Subtest: keeps the durable marker when the replacement token changes authorization generation
ok 316 - keeps the durable marker when the replacement token changes authorization generation
  ---
  duration_ms: 1.172875
  type: 'test'
  ...
# Subtest: never clears the durable marker after the session command becomes stale
ok 317 - never clears the durable marker after the session command becomes stale
  ---
  duration_ms: 0.451291
  type: 'test'
  ...
# Subtest: rejects a command that becomes stale while local completion is persisted
ok 318 - rejects a command that becomes stale while local completion is persisted
  ---
  duration_ms: 0.4165
  type: 'test'
  ...
# Subtest: same UID and generation join one pending-revocation batch
ok 319 - same UID and generation join one pending-revocation batch
  ---
  duration_ms: 1.207292
  type: 'test'
  ...
# Subtest: a new generation waits, re-reads the marker, and retries only after the stale owner settles
ok 320 - a new generation waits, re-reads the marker, and retries only after the stale owner settles
  ---
  duration_ms: 8.348792
  type: 'test'
  ...
# Subtest: a different UID never consumes or completes the stale owner's marker
ok 321 - a different UID never consumes or completes the stale owner's marker
  ---
  duration_ms: 1.175542
  type: 'test'
  ...
# Subtest: a failed exact-operation replay retains its pending marker
ok 322 - a failed exact-operation replay retains its pending marker
  ---
  duration_ms: 0.597375
  type: 'test'
  ...
# Subtest: automatic session revocation keeps sign-in on loading and exposes pending recovery only on failure
ok 323 - automatic session revocation keeps sign-in on loading and exposes pending recovery only on failure
  ---
  duration_ms: 2.506833
  type: 'test'
  ...
# Subtest: Premium refreshes run in request order and continue after a failed provider read
ok 324 - Premium refreshes run in request order and continue after a failed provider read
  ---
  duration_ms: 3.853458
  type: 'test'
  ...
# Subtest: confirmed offline admission consults only the account-bound cache
ok 325 - confirmed offline admission consults only the account-bound cache
  ---
  duration_ms: 2.294458
  type: 'test'
  ...
# Subtest: online and unknown reachability require a fresh result and never fall back to cache
ok 326 - online and unknown reachability require a fresh result and never fall back to cache
  ---
  duration_ms: 0.619875
  type: 'test'
  ...
# Subtest: restored Auth resolves /me before selecting and activating its exact account scope
ok 327 - restored Auth resolves /me before selecting and activating its exact account scope
  ---
  duration_ms: 4.2115
  type: 'test'
  ...
# Subtest: UID change while /me is pending prevents account selection and activation
ok 328 - UID change while /me is pending prevents account selection and activation
  ---
  duration_ms: 0.944
  type: 'test'
  ...
# Subtest: /me failure leaves prepared storage closed without selecting a profile
ok 329 - /me failure leaves prepared storage closed without selecting a profile
  ---
  duration_ms: 1.093666
  type: 'test'
  ...
# Subtest: only a current restored account_not_found signs out persisted Auth
ok 330 - only a current restored account_not_found signs out persisted Auth
  ---
  duration_ms: 0.235458
  type: 'test'
  ...
# Subtest: provisional provider cancellation returns to sign-in only when its blocked UID owns the null Auth event
ok 331 - provisional provider cancellation returns to sign-in only when its blocked UID owns the null Auth event
  ---
  duration_ms: 0.919917
  type: 'test'
  ...
# Subtest: delayed null after sign-out promise resolution consumes the still-owned provider cancellation
ok 332 - delayed null after sign-out promise resolution consumes the still-owned provider cancellation
  ---
  duration_ms: 0.372375
  type: 'test'
  ...
# Subtest: replacement sign-in invalidates cancellation intent before a delayed stale null callback
ok 333 - replacement sign-in invalidates cancellation intent before a delayed stale null callback
  ---
  duration_ms: 0.5575
  type: 'test'
  ...
# Subtest: Auth loss locks the rendered account state before closing its profile scope
ok 334 - Auth loss locks the rendered account state before closing its profile scope
  ---
  duration_ms: 0.439
  type: 'test'
  ...
# Subtest: local account sign-out verifies the durable block before locking, closing, and calling Firebase
ok 335 - local account sign-out verifies the durable block before locking, closing, and calling Firebase
  ---
  duration_ms: 1.198459
  type: 'test'
  ...
# Subtest: failed local control write closes access and attempts Firebase sign-out but stays a failure
ok 336 - failed local control write closes access and attempts Firebase sign-out but stays a failure
  ---
  duration_ms: 1.565875
  type: 'test'
  ...
# Subtest: unverified local control read-back attempts Firebase sign-out only when no scoped marker is recoverable
ok 337 - unverified local control read-back attempts Firebase sign-out only when no scoped marker is recoverable
  ---
  duration_ms: 0.341959
  type: 'test'
  ...
# Subtest: when a scoped operation is durable, control-write failure retains Auth for a recoverable retry
ok 338 - when a scoped operation is durable, control-write failure retains Auth for a recoverable retry
  ---
  duration_ms: 0.27925
  type: 'test'
  ...
# Subtest: restore locks only for a matching scoped logout marker missing from the control journal
ok 339 - restore locks only for a matching scoped logout marker missing from the control journal
  ---
  duration_ms: 0.250083
  type: 'test'
  ...
# Subtest: pending remote revoke blocks profile preparation only for its matching Auth UID
ok 340 - pending remote revoke blocks profile preparation only for its matching Auth UID
  ---
  duration_ms: 0.154541
  type: 'test'
  ...
# Subtest: authenticated scope checks and repairs incomplete logout before publishing profile preparation
ok 341 - authenticated scope checks and repairs incomplete logout before publishing profile preparation
  ---
  duration_ms: 0.574417
  type: 'test'
  ...
# Subtest: scope guard rechecks Auth generation after reading an absent marker
ok 342 - scope guard rechecks Auth generation after reading an absent marker
  ---
  duration_ms: 0.348167
  type: 'test'
  ...
# Subtest: a completed revoke receipt clears the scoped marker before profile startup continues
ok 343 - a completed revoke receipt clears the scoped marker before profile startup continues
  ---
  duration_ms: 0.271958
  type: 'test'
  ...
# Subtest: failed completed-marker cleanup keeps the authenticated profile closed
ok 344 - failed completed-marker cleanup keeps the authenticated profile closed
  ---
  duration_ms: 0.391667
  type: 'test'
  ...
# Subtest: a UID switch while fallback control persistence is pending closes only the captured scope
ok 345 - a UID switch while fallback control persistence is pending closes only the captured scope
  ---
  duration_ms: 0.474166
  type: 'test'
  ...
# Subtest: stale sign-out completion closes its scope without publishing over the newer identity
ok 346 - stale sign-out completion closes its scope without publishing over the newer identity
  ---
  duration_ms: 0.665333
  type: 'test'
  ...
# Subtest: Firebase sign-out failure retains the matching block for manual retry
ok 347 - Firebase sign-out failure retains the matching block for manual retry
  ---
  duration_ms: 0.374208
  type: 'test'
  ...
# Subtest: Auth rejection remains pending until durable local sign-out reports success
ok 348 - Auth rejection remains pending until durable local sign-out reports success
  ---
  duration_ms: 0.261458
  type: 'test'
  ...
# Subtest: ambiguous saved Guest profiles are reported as a choice requirement
ok 349 - ambiguous saved Guest profiles are reported as a choice requirement
  ---
  duration_ms: 0.246208
  type: 'test'
  ...
# Subtest: guest preparation failure closes the scope and returns to signed-out login
ok 350 - guest preparation failure closes the scope and returns to signed-out login
  ---
  duration_ms: 0.3445
  type: 'test'
  ...
# Subtest: Guest selection keeps the signed-out account entry mounted when no scope is active
ok 351 - Guest selection keeps the signed-out account entry mounted when no scope is active
  ---
  duration_ms: 0.149792
  type: 'test'
  ...
# Subtest: restored Guest validates persisted access before selecting or activating its scope
ok 352 - restored Guest validates persisted access before selecting or activating its scope
  ---
  duration_ms: 0.322042
  type: 'test'
  ...
# Subtest: invalid restored Guest access stays closed
ok 353 - invalid restored Guest access stays closed
  ---
  duration_ms: 0.172292
  type: 'test'
  ...
# Subtest: fresh installation opens Guest only after explicit choice
ok 354 - fresh installation opens Guest only after explicit choice
  ---
  duration_ms: 0.255292
  type: 'test'
  ...
# Subtest: preparation gate opens registry metadata without activating or reading a profile
ok 355 - preparation gate opens registry metadata without activating or reading a profile
  ---
  duration_ms: 1.84975
  type: 'test'
  ...
# Subtest: logout-control corruption or storage failure fails closed with an explicit retry surface
ok 356 - logout-control corruption or storage failure fails closed with an explicit retry surface
  ---
  duration_ms: 0.237958
  type: 'test'
  ...
# Subtest: preferences remain on defaults until storage activation emits the ready event
ok 357 - preferences remain on defaults until storage activation emits the ready event
  ---
  duration_ms: 0.259791
  type: 'test'
  ...
# Subtest: preparation failure is explicit, retryable, and counts only reserved lost-key retries
ok 358 - preparation failure is explicit, retryable, and counts only reserved lost-key retries
  ---
  duration_ms: 0.242417
  type: 'test'
  ...
# Subtest: key-loss recovery preserves delayed confirmed removal and requires preparation again afterward
ok 359 - key-loss recovery preserves delayed confirmed removal and requires preparation again afterward
  ---
  duration_ms: 0.20175
  type: 'test'
  ...
# Subtest: mapped provider identity exchanges, signs in with the returned session token, then finalizes
ok 360 - mapped provider identity exchanges, signs in with the returned session token, then finalizes
  ---
  duration_ms: 4.475833
  type: 'test'
  ...
# Subtest: unmapped provider identity remains provisional on the same UID without registration or finalization
ok 361 - unmapped provider identity remains provisional on the same UID without registration or finalization
  ---
  duration_ms: 0.725208
  type: 'test'
  ...
# Subtest: stale UID or generation rejects before exchange and after an async boundary
    # Subtest: UID changed before run
    ok 1 - UID changed before run
      ---
      duration_ms: 1.207042
      type: 'test'
      ...
    # Subtest: generation changed while exchange is pending
    ok 2 - generation changed while exchange is pending
      ---
      duration_ms: 0.460625
      type: 'test'
      ...
    1..2
ok 362 - stale UID or generation rejects before exchange and after an async boundary
  ---
  duration_ms: 2.561792
  type: 'test'
  ...
# Subtest: duplicate concurrent classification shares one in-flight result
ok 363 - duplicate concurrent classification shares one in-flight result
  ---
  duration_ms: 0.672792
  type: 'test'
  ...
# Subtest: issue result stays private through a deferred final identity read: exact
ok 364 - issue result stays private through a deferred final identity read: exact
  ---
  duration_ms: 3.97225
  type: 'test'
  ...
# Subtest: issue result stays private through a deferred final identity read: different_uid
ok 365 - issue result stays private through a deferred final identity read: different_uid
  ---
  duration_ms: 0.27025
  type: 'test'
  ...
# Subtest: issue result stays private through a deferred final identity read: different_generation
ok 366 - issue result stays private through a deferred final identity read: different_generation
  ---
  duration_ms: 0.15925
  type: 'test'
  ...
# Subtest: issue result stays private through a deferred final identity read: signed_out
ok 367 - issue result stays private through a deferred final identity read: signed_out
  ---
  duration_ms: 0.139541
  type: 'test'
  ...
# Subtest: issue result stays private through a deferred final identity read: read_failure
ok 368 - issue result stays private through a deferred final identity read: read_failure
  ---
  duration_ms: 0.320875
  type: 'test'
  ...
# Subtest: issue result stays private through a deferred final identity read: stale_revision
ok 369 - issue result stays private through a deferred final identity read: stale_revision
  ---
  duration_ms: 0.136791
  type: 'test'
  ...
# Subtest: missing or unreadable initial identity cannot read a generation for a different account
ok 370 - missing or unreadable initial identity cannot read a generation for a different account
  ---
  duration_ms: 0.188292
  type: 'test'
  ...
# Subtest: provider gates subscription and closes scoped access before releasing rejected issue results
ok 371 - provider gates subscription and closes scoped access before releasing rejected issue results
  ---
  duration_ms: 1.209625
  type: 'test'
  ...
# Subtest: issue persists operation identity before POST and blocks profile preparation until saved ACK
ok 372 - issue persists operation identity before POST and blocks profile preparation until saved ACK
  ---
  duration_ms: 14.242
  type: 'test'
  ...
# Subtest: vault persistence failure prevents both issue and consume requests
ok 373 - vault persistence failure prevents both issue and consume requests
  ---
  duration_ms: 1.094333
  type: 'test'
  ...
# Subtest: restored issue with an authenticated UID but missing generation remains blocked and hides codes
ok 374 - restored issue with an authenticated UID but missing generation remains blocked and hides codes
  ---
  duration_ms: 0.725917
  type: 'test'
  ...
# Subtest: defer requires a valid proven mismatch and retains a hidden issue after restart without remote effects
ok 375 - defer requires a valid proven mismatch and retains a hidden issue after restart without remote effects
  ---
  duration_ms: 5.066333
  type: 'test'
  ...
# Subtest: durably deferred issue permits signed-out preparation without changing the retained operation
ok 376 - durably deferred issue permits signed-out preparation without changing the retained operation
  ---
  duration_ms: 1.069958
  type: 'test'
  ...
# Subtest: signed-out preparation remains blocked before durable defer
ok 377 - signed-out preparation remains blocked before durable defer
  ---
  duration_ms: 1.625417
  type: 'test'
  ...
# Subtest: defer accepts a same-UID generation mismatch only after the live claim proves it
ok 378 - defer accepts a same-UID generation mismatch only after the live claim proves it
  ---
  duration_ms: 4.919333
  type: 'test'
  ...
# Subtest: old issue codes return only after an explicit resume on the original identity
ok 379 - old issue codes return only after an explicit resume on the original identity
  ---
  duration_ms: 0.847208
  type: 'test'
  ...
# Subtest: identity change during defer persistence keeps the marker but leaves profile preparation blocked
ok 380 - identity change during defer persistence keeps the marker but leaves profile preparation blocked
  ---
  duration_ms: 1.145083
  type: 'test'
  ...
# Subtest: deferred issue cannot be overwritten by new issue or consume and write failure retains the old record
ok 381 - deferred issue cannot be overwritten by new issue or consume and write failure retains the old record
  ---
  duration_ms: 1.552125
  type: 'test'
  ...
# Subtest: synchronous identity suspension redacts an in-flight status result and preserves durable codes
ok 382 - synchronous identity suspension redacts an in-flight status result and preserves durable codes
  ---
  duration_ms: 1.24375
  type: 'test'
  ...
# Subtest: identity swap during initial issue POST persists codes but never exposes or ACKs them
ok 383 - identity swap during initial issue POST persists codes but never exposes or ACKs them
  ---
  duration_ms: 2.3235
  type: 'test'
  ...
# Subtest: consume persists code before POST, keeps custom token out of durable and visible state, then ACKs the matching SDK identity
ok 384 - consume persists code before POST, keeps custom token out of durable and visible state, then ACKs the matching SDK identity
  ---
  duration_ms: 2.972458
  type: 'test'
  ...
# Subtest: signed-in UID with a malformed generation is not treated as signed out for pending consume
ok 385 - signed-in UID with a malformed generation is not treated as signed out for pending consume
  ---
  duration_ms: 0.352833
  type: 'test'
  ...
# Subtest: cold matching consume identity ACKs without another SDK sign-in
ok 386 - cold matching consume identity ACKs without another SDK sign-in
  ---
  duration_ms: 0.623916
  type: 'test'
  ...
# Subtest: signed-out restart first records server result, then explicit resume signs in and ACKs
ok 387 - signed-out restart first records server result, then explicit resume signs in and ACKs
  ---
  duration_ms: 1.126084
  type: 'test'
  ...
# Subtest: an issue provider retry reuses its saved operation ID rather than allocating a new one
ok 388 - an issue provider retry reuses its saved operation ID rather than allocating a new one
  ---
  duration_ms: 0.459959
  type: 'test'
  ...
# Subtest: explicit replacement confirms delivery_unconfirmed, saves one backup before POST, and exposes only the durable new result
ok 389 - explicit replacement confirms delivery_unconfirmed, saves one backup before POST, and exposes only the durable new result
  ---
  duration_ms: 2.360583
  type: 'test'
  ...
# Subtest: replacement vault write failure prevents POST and retains the old operation and codes
ok 390 - replacement vault write failure prevents POST and retains the old operation and codes
  ---
  duration_ms: 0.661
  type: 'test'
  ...
# Subtest: lost replacement POST and exact missing-status response preserve both records and the same new ID
ok 391 - lost replacement POST and exact missing-status response preserve both records and the same new ID
  ---
  duration_ms: 1.112
  type: 'test'
  ...
# Subtest: explicit retry of a persisted replacement GETs first and reuses its saved ID
ok 392 - explicit retry of a persisted replacement GETs first and reuses its saved ID
  ---
  duration_ms: 0.811958
  type: 'test'
  ...
# Subtest: generic retry, restart reconciliation, and unconfirmed start are status-only for pending replacements
ok 393 - generic retry, restart reconciliation, and unconfirmed start are status-only for pending replacements
  ---
  duration_ms: 1.315666
  type: 'test'
  ...
# Subtest: replacement refuses a malformed or cross-generation result and keeps the old backup durable
ok 394 - replacement refuses a malformed or cross-generation result and keeps the old backup durable
  ---
  duration_ms: 1.415875
  type: 'test'
  ...
# Subtest: authoritative delivery_unconfirmed ends the current replacement backup without allocating another ID
ok 395 - authoritative delivery_unconfirmed ends the current replacement backup without allocating another ID
  ---
  duration_ms: 1.292167
  type: 'test'
  ...
# Subtest: a separate explicit confirmation after confirmed replacement expiry starts a new backed-up ID
ok 396 - a separate explicit confirmation after confirmed replacement expiry starts a new backed-up ID
  ---
  duration_ms: 0.9205
  type: 'test'
  ...
# Subtest: replacement status auth and service errors retain the old backup without POST
ok 397 - replacement status auth and service errors retain the old backup without POST
  ---
  duration_ms: 3.829792
  type: 'test'
  ...
# Subtest: confirmed ACK and superseded replacement statuses resolve the backup as terminal
ok 398 - confirmed ACK and superseded replacement statuses resolve the backup as terminal
  ---
  duration_ms: 0.678958
  type: 'test'
  ...
# Subtest: confirmed replacement expiry stays explicit and retains prior codes until separate confirmation
ok 399 - confirmed replacement expiry stays explicit and retains prior codes until separate confirmation
  ---
  duration_ms: 0.711667
  type: 'test'
  ...
# Subtest: storage recovery audit command exposes only the documented presentation fixtures in development smoke
ok 400 - storage recovery audit command exposes only the documented presentation fixtures in development smoke
  ---
  duration_ms: 2.222166
  type: 'test'
  ...
# Subtest: storage recovery audit command is unavailable outside development smoke
ok 401 - storage recovery audit command is unavailable outside development smoke
  ---
  duration_ms: 0.202166
  type: 'test'
  ...
# Subtest: storage recovery audit command rejects unrelated or expanded commands
ok 402 - storage recovery audit command rejects unrelated or expanded commands
  ---
  duration_ms: 0.376833
  type: 'test'
  ...
# Subtest: Activity read model keeps terminal history semantics and includes completed sessions without answers
ok 403 - Activity read model keeps terminal history semantics and includes completed sessions without answers
  ---
  duration_ms: 63.391459
  type: 'test'
  ...
# Subtest: Activity read model surfaces a corrupt canonical result instead of presenting an empty history
ok 404 - Activity read model surfaces a corrupt canonical result instead of presenting an empty history
  ---
  duration_ms: 1.426208
  type: 'test'
  ...
# Subtest: Activity read model treats repository issues as an explicit storage failure
ok 405 - Activity read model treats repository issues as an explicit storage failure
  ---
  duration_ms: 5.424917
  type: 'test'
  ...
# Subtest: Activity read model reuses the caller's attempts read when supplied
ok 406 - Activity read model reuses the caller's attempts read when supplied
  ---
  duration_ms: 0.759791
  type: 'test'
  ...
# Subtest: Activity full history keeps unavailable sessions as immutable summaries
ok 407 - Activity full history keeps unavailable sessions as immutable summaries
  ---
  duration_ms: 6.388709
  type: 'test'
  ...
# Subtest: Activity read owner invalidates late focus reads and lets the newest retry win
ok 408 - Activity read owner invalidates late focus reads and lets the newest retry win
  ---
  duration_ms: 0.636667
  type: 'test'
  ...
# Subtest: Activity read owner keeps current read failures explicit
ok 409 - Activity read owner keeps current read failures explicit
  ---
  duration_ms: 0.43375
  type: 'test'
  ...
# Subtest: bootstrap surfaces unavailable active sessions before content preparation or resume
ok 410 - bootstrap surfaces unavailable active sessions before content preparation or resume
  ---
  duration_ms: 191.706959
  type: 'test'
  ...
# Subtest: bootstrap emits a bounded diagnostic for a content-stage failure
ok 411 - bootstrap emits a bounded diagnostic for a content-stage failure
  ---
  duration_ms: 8.920709
  type: 'test'
  ...
# Subtest: bootstrap reports the last canonical repository step for a repository failure
ok 412 - bootstrap reports the last canonical repository step for a repository failure
  ---
  duration_ms: 0.886667
  type: 'test'
  ...
# Subtest: AUD-02D feedback flows match canonical selected answers and conditional reinsert plan
ok 413 - AUD-02D feedback flows match canonical selected answers and conditional reinsert plan
  ---
  duration_ms: 1490.868417
  type: 'test'
  ...
# Subtest: real loader prepares all 29 modes across nine tracks
ok 414 - real loader prepares all 29 modes across nine tracks
  ---
  duration_ms: 772.147666
  type: 'test'
  ...
# Subtest: real canonical questions submit and score all five interaction types
ok 415 - real canonical questions submit and score all five interaction types
  ---
  duration_ms: 66.751041
  type: 'test'
  ...
# Subtest: evidence permits one item and coding includes committed misses
ok 416 - evidence permits one item and coding includes committed misses
  ---
  duration_ms: 1.026333
  type: 'test'
  ...
# Subtest: coding review preserves identity and resolves after two due successes
ok 417 - coding review preserves identity and resolves after two due successes
  ---
  duration_ms: 3.981333
  type: 'test'
  ...
# Subtest: resume and query boundaries reject tampering, foreign attempts and old pins
ok 418 - resume and query boundaries reject tampering, foreign attempts and old pins
  ---
  duration_ms: 4.677667
  type: 'test'
  ...
# Subtest: Claude Focus persists selectable feedback, scores single and multi-select, and finalizes complete evidence
ok 419 - Claude Focus persists selectable feedback, scores single and multi-select, and finalizes complete evidence
  ---
  duration_ms: 92.93625
  type: 'test'
  ...
# Subtest: reinsert resolves exact branch after three durable intervening submissions and preserves ordinary branch on correct
ok 420 - reinsert resolves exact branch after three durable intervening submissions and preserves ordinary branch on correct
  ---
  duration_ms: 21.907709
  type: 'test'
  ...
# Subtest: GCP simulation prepares the profile-weighted immutable 50-item plan and exact snapshot
ok 421 - GCP simulation prepares the profile-weighted immutable 50-item plan and exact snapshot
  ---
  duration_ms: 25.71875
  type: 'test'
  ...
# Subtest: GCP simulation validates draft occurrence keys, completeness, flags, revision, and deadline
ok 422 - GCP simulation validates draft occurrence keys, completeness, flags, revision, and deadline
  ---
  duration_ms: 26.995709
  type: 'test'
  ...
# Subtest: GCP simulation finalization scores only complete responses and partitions all 50 occurrences
ok 423 - GCP simulation finalization scores only complete responses and partitions all 50 occurrences
  ---
  duration_ms: 40.920084
  type: 'test'
  ...
# Subtest: Coding Mock consumes its exact ordered 40-question profile with foreground timer and shared draft runtime
ok 424 - Coding Mock consumes its exact ordered 40-question profile with foreground timer and shared draft runtime
  ---
  duration_ms: 3.070708
  type: 'test'
  ...
# Subtest: Design Interview Simulation uses each exact track profile, resumes durable stage text, and finalizes completeness only
ok 425 - Design Interview Simulation uses each exact track profile, resumes durable stage text, and finalizes completeness only
  ---
  duration_ms: 3.333375
  type: 'test'
  ...
# Subtest: Design Interview Simulation timeout can finalize a partial draft without assigning semantic correctness
ok 426 - Design Interview Simulation timeout can finalize a partial draft without assigning semantic correctness
  ---
  duration_ms: 3.670209
  type: 'test'
  ...
# Subtest: ordinary sessions expand practiced coverage across coding, design and certification pools
ok 427 - ordinary sessions expand practiced coverage across coding, design and certification pools
  ---
  duration_ms: 758.733167
  type: 'test'
  ...
# Subtest: selection ignores attempts outside its pool or exact content pin and handles exhaustion
ok 428 - selection ignores attempts outside its pool or exact content pin and handles exhaustion
  ---
  duration_ms: 1.1965
  type: 'test'
  ...
# Subtest: a never-attempted question stays uncovered even when its unit has attempt history
ok 429 - a never-attempted question stays uncovered even when its unit has attempt history
  ---
  duration_ms: 0.418916
  type: 'test'
  ...
# Subtest: single choice feedback exposes selected incorrect, omitted correct and remaining neutral
ok 430 - single choice feedback exposes selected incorrect, omitted correct and remaining neutral
  ---
  duration_ms: 4.461833
  type: 'test'
  ...
# Subtest: multi choice feedback preserves every selected and correct combination
ok 431 - multi choice feedback preserves every selected and correct combination
  ---
  duration_ms: 1.699041
  type: 'test'
  ...
# Subtest: choice feedback rejects a mismatched response contract
ok 432 - choice feedback rejects a mismatched response contract
  ---
  duration_ms: 5.712416
  type: 'test'
  ...
# Subtest: projects exact HTTPS sources in authored order without normalizing query or hash
ok 433 - projects exact HTTPS sources in authored order without normalizing query or hash
  ---
  duration_ms: 8.22575
  type: 'test'
  ...
# Subtest: rejects non-HTTPS, malformed and missing sources without inventing a fallback
ok 434 - rejects non-HTTPS, malformed and missing sources without inventing a fallback
  ---
  duration_ms: 0.315209
  type: 'test'
  ...
# Subtest: opens the exact projected URL and reports success or failure explicitly
ok 435 - opens the exact projected URL and reports success or failure explicitly
  ---
  duration_ms: 0.874958
  type: 'test'
  ...
# Subtest: rejects unsafe or malformed source URLs without calling the opener
ok 436 - rejects unsafe or malformed source URLs without calling the opener
  ---
  duration_ms: 0.25375
  type: 'test'
  ...
# Subtest: projects the exact URL from an accepted certification artifact without changing the artifact
ok 437 - projects the exact URL from an accepted certification artifact without changing the artifact
  ---
  duration_ms: 11.389792
  type: 'test'
  ...
# Subtest: ODK-096 AWS Free focus selects unique 10/20/40 question plans from the current canonical node
ok 438 - ODK-096 AWS Free focus selects unique 10/20/40 question plans from the current canonical node
  ---
  duration_ms: 3039.304083
  type: 'test'
  ...
# Subtest: ODK-096 AWS evidence-conditioned review truthfully shortens to due evidence and fails closed without it
ok 439 - ODK-096 AWS evidence-conditioned review truthfully shortens to due evidence and fails closed without it
  ---
  duration_ms: 2227.060833
  type: 'test'
  ...
# Subtest: ODK-097 Design Tradeoff sessions use the exact free node and unique 10/20/40 items
ok 440 - ODK-097 Design Tradeoff sessions use the exact free node and unique 10/20/40 items
  ---
  duration_ms: 767.409375
  type: 'test'
  ...
# Subtest: ODK-097 Design Review is due-only, truthfully shortens, and fails closed without eligible evidence
ok 441 - ODK-097 Design Review is due-only, truthfully shortens, and fails closed without eligible evidence
  ---
  duration_ms: 8.599375
  type: 'test'
  ...
# Subtest: ODK-097 Review evidence rejects stale, wrong-artifact, and cross-track entries
ok 442 - ODK-097 Review evidence rejects stale, wrong-artifact, and cross-track entries
  ---
  duration_ms: 0.883834
  type: 'test'
  ...
# Subtest: ODK-097 committed misses remain identity-scoped for modes that explicitly consume them
ok 443 - ODK-097 committed misses remain identity-scoped for modes that explicitly consume them
  ---
  duration_ms: 0.967417
  type: 'test'
  ...
# Subtest: Certification Exam Simulation authorizes before preparation resolution and starts durably only when allowed
ok 444 - Certification Exam Simulation authorizes before preparation resolution and starts durably only when allowed
  ---
  duration_ms: 1170.559208
  type: 'test'
  ...
# Subtest: completed exam review projects answered and unanswered items across the complete fixed plan
ok 445 - completed exam review projects answered and unanswered items across the complete fixed plan
  ---
  duration_ms: 1197.878334
  type: 'test'
  ...
# Subtest: fully unanswered completed exam projects all 50 items without creating attempts
ok 446 - fully unanswered completed exam projects all 50 items without creating attempts
  ---
  duration_ms: 10.765958
  type: 'test'
  ...
# Subtest: exam result rejects tampered partition, attempt scores, and profile evidence
ok 447 - exam result rejects tampered partition, attempt scores, and profile evidence
  ---
  duration_ms: 31.299541
  type: 'test'
  ...
# Subtest: active Certification projection strips answers, explanations and feedback structurally
ok 448 - active Certification projection strips answers, explanations and feedback structurally
  ---
  duration_ms: 7.326292
  type: 'test'
  ...
# Subtest: deferred feedback remains absent after durable submit while immediate feedback is unchanged
ok 449 - deferred feedback remains absent after durable submit while immediate feedback is unchanged
  ---
  duration_ms: 0.67075
  type: 'test'
  ...
# Subtest: completed review evidence fails closed when durable outcome aggregates are missing or inconsistent
ok 450 - completed review evidence fails closed when durable outcome aggregates are missing or inconsistent
  ---
  duration_ms: 0.413167
  type: 'test'
  ...
# Subtest: completed practice projector preserves the canonical five-state answer matrix
ok 451 - completed practice projector preserves the canonical five-state answer matrix
  ---
  duration_ms: 747.543084
  type: 'test'
  ...
# Subtest: practice review rejects altered identity, coverage, attempts, score, and resolution
ok 452 - practice review rejects altered identity, coverage, attempts, score, and resolution
  ---
  duration_ms: 4.085417
  type: 'test'
  ...
# Subtest: Certification route preserves domains and sends an exact Premium node through facade to Gate A before mutation
ok 453 - Certification route preserves domains and sends an exact Premium node through facade to Gate A before mutation
  ---
  duration_ms: 1374.887125
  type: 'test'
  ...
# Subtest: coding facade converts every supported UI response into the canonical response union
ok 454 - coding facade converts every supported UI response into the canonical response union
  ---
  duration_ms: 4.437417
  type: 'test'
  ...
# Subtest: startAlgorithmsSession adapts feedback timing on the actual lifecycle request
ok 455 - startAlgorithmsSession adapts feedback timing on the actual lifecycle request
  ---
  duration_ms: 4.842375
  type: 'test'
  ...
# Subtest: Coding Mock flags persist in the active draft and reappear after lifecycle resume
ok 456 - Coding Mock flags persist in the active draft and reappear after lifecycle resume
  ---
  duration_ms: 1920.461625
  type: 'test'
  ...
# Subtest: Coding Mock persists a response, finalizes, and reads all 40 completed review rows
ok 457 - Coding Mock persists a response, finalizes, and reads all 40 completed review rows
  ---
  duration_ms: 223.251833
  type: 'test'
  ...
# Subtest: resolves an exact canonical artifact by track, content version, and SHA
ok 458 - resolves an exact canonical artifact by track, content version, and SHA
  ---
  duration_ms: 1003.510708
  type: 'test'
  ...
# Subtest: resolves only the question identified by a canonical ResolvedContentRef
ok 459 - resolves only the question identified by a canonical ResolvedContentRef
  ---
  duration_ms: 1.063334
  type: 'test'
  ...
# Subtest: prepares Certification Exam Simulation from the exact canonical artifact profile
ok 460 - prepares Certification Exam Simulation from the exact canonical artifact profile
  ---
  duration_ms: 12.085084
  type: 'test'
  ...
# Subtest: prepares Coding Mock from the exact canonical artifact profile and ordered 40-question pool
ok 461 - prepares Coding Mock from the exact canonical artifact profile and ordered 40-question pool
  ---
  duration_ms: 3.885208
  type: 'test'
  ...
# Subtest: manual Design Simulation completion requires every non-empty stage
ok 462 - manual Design Simulation completion requires every non-empty stage
  ---
  duration_ms: 1.876208
  type: 'test'
  ...
# Subtest: home snapshot resolves canonical track metadata
ok 463 - home snapshot resolves canonical track metadata
  ---
  duration_ms: 1278.116292
  type: 'test'
  ...
# Subtest: removed simulation response path is unavailable
ok 464 - removed simulation response path is unavailable
  ---
  duration_ms: 1245.2945
  type: 'test'
  ...
# Subtest: A before journal persistence leaves no durable outcome
ok 465 - A before journal persistence leaves no durable outcome
  ---
  duration_ms: 16.809416
  type: 'test'
  ...
# Subtest: B after journal persistence recovers complete
ok 466 - B after journal persistence recovers complete
  ---
  duration_ms: 30.315334
  type: 'test'
  ...
# Subtest: C after attempt write does not duplicate
ok 467 - C after attempt write does not duplicate
  ---
  duration_ms: 57.022708
  type: 'test'
  ...
# Subtest: D after review writes no duplicate evidence
ok 468 - D after review writes no duplicate evidence
  ---
  duration_ms: 12.558708
  type: 'test'
  ...
# Subtest: E after session no twice advance
ok 469 - E after session no twice advance
  ---
  duration_ms: 7.905791
  type: 'test'
  ...
# Subtest: F all writes before verification
ok 470 - F all writes before verification
  ---
  duration_ms: 63.454
  type: 'test'
  ...
# Subtest: G verification before clear safely replays
ok 471 - G verification before clear safely replays
  ---
  duration_ms: 10.483542
  type: 'test'
  ...
# Subtest: resolved review deletion is physical and safely replays after force-close
ok 472 - resolved review deletion is physical and safely replays after force-close
  ---
  duration_ms: 6.672542
  type: 'test'
  ...
# Subtest: resolved review deletion recovers when its index update fails
ok 473 - resolved review deletion recovers when its index update fails
  ---
  duration_ms: 11.131333
  type: 'test'
  ...
# Subtest: manual review removal recovers after index switch but before physical deletion
ok 474 - manual review removal recovers after index switch but before physical deletion
  ---
  duration_ms: 13.65775
  type: 'test'
  ...
# Subtest: session abandonment persists abandoned session before clearing active pointer
ok 475 - session abandonment persists abandoned session before clearing active pointer
  ---
  duration_ms: 96.870458
  type: 'test'
  ...
# Subtest: session abandonment replay is idempotent
ok 476 - session abandonment replay is idempotent
  ---
  duration_ms: 21.999542
  type: 'test'
  ...
# Subtest: abandonment recovers identically after every durable write boundary
ok 477 - abandonment recovers identically after every durable write boundary
  ---
  duration_ms: 47.672916
  type: 'test'
  ...
# Subtest: abandonment does not navigate before durability
ok 478 - abandonment does not navigate before durability
  ---
  duration_ms: 1.981542
  type: 'test'
  ...
# Subtest: local answer commit defers snapshot and outbox construction until account synchronization
ok 479 - local answer commit defers snapshot and outbox construction until account synchronization
  ---
  duration_ms: 62.186666
  type: 'test'
  ...
# Subtest: failed pending-sync write retains the verified journal and recovers without duplicating the answer
ok 480 - failed pending-sync write retains the verified journal and recovers without duplicating the answer
  ---
  duration_ms: 23.880083
  type: 'test'
  ...
# Subtest: clear local history is one journaled learning-state mutation
ok 481 - clear local history is one journaled learning-state mutation
  ---
  duration_ms: 33.49925
  type: 'test'
  ...
# Subtest: clear local history copy covers progress and review data
ok 482 - clear local history copy covers progress and review data
  ---
  duration_ms: 0.446917
  type: 'test'
  ...
# Subtest: clear local history preserves the one guest installation and local dataset identity
ok 483 - clear local history preserves the one guest installation and local dataset identity
  ---
  duration_ms: 9.473416
  type: 'test'
  ...
# Subtest: reset recovers a pending command before deleting its fully materialized learning state
ok 484 - reset recovers a pending command before deleting its fully materialized learning state
  ---
  duration_ms: 47.1565
  type: 'test'
  ...
# Subtest: reset failure remains explicit and recovery is identical after every deletion boundary
ok 485 - reset failure remains explicit and recovery is identical after every deletion boundary
  ---
  duration_ms: 100.089834
  type: 'test'
  ...
# Subtest: journal durability precedes idempotent materialization and recovery
ok 486 - journal durability precedes idempotent materialization and recovery
  ---
  duration_ms: 35.707708
  type: 'test'
  ...
# Subtest: journal phase advances only one immutable step at a time
ok 487 - journal phase advances only one immutable step at a time
  ---
  duration_ms: 17.736834
  type: 'test'
  ...
# Subtest: journaled command rejects a conflicting pending command
ok 488 - journaled command rejects a conflicting pending command
  ---
  duration_ms: 11.069375
  type: 'test'
  ...
# Subtest: journal has a versioned SHA-256 command identity and rejects stale expected revisions
ok 489 - journal has a versioned SHA-256 command identity and rejects stale expected revisions
  ---
  duration_ms: 3.946667
  type: 'test'
  ...
# Subtest: journal construction rejects writes that cross exact resolved artifact identities
ok 490 - journal construction rejects writes that cross exact resolved artifact identities
  ---
  duration_ms: 1.642167
  type: 'test'
  ...
# Subtest: practice submission recovers identically after every durable write boundary
ok 491 - practice submission recovers identically after every durable write boundary
  ---
  duration_ms: 69.294958
  type: 'test'
  ...
# Subtest: concurrent conflicting journal persists use one CAS winner and ownership-checked clear
ok 492 - concurrent conflicting journal persists use one CAS winner and ownership-checked clear
  ---
  duration_ms: 4.247083
  type: 'test'
  ...
# Subtest: materializes one attempt
ok 493 - materializes one attempt
  ---
  duration_ms: 14.340667
  type: 'test'
  ...
# Subtest: materializes one review entry
ok 494 - materializes one review entry
  ---
  duration_ms: 10.317917
  type: 'test'
  ...
# Subtest: rejects an unsupported write kind instead of silently materializing it
ok 495 - rejects an unsupported write kind instead of silently materializing it
  ---
  duration_ms: 2.062333
  type: 'test'
  ...
# Subtest: materializes one session
ok 496 - materializes one session
  ---
  duration_ms: 6.0895
  type: 'test'
  ...
# Subtest: clears active session pointer
ok 497 - clears active session pointer
  ---
  duration_ms: 2.434708
  type: 'test'
  ...
# Subtest: materializes a complete training outcome in canonical order
ok 498 - materializes a complete training outcome in canonical order
  ---
  duration_ms: 7.9215
  type: 'test'
  ...
# Subtest: replays a fully materialized journal without duplicate effects
ok 499 - replays a fully materialized journal without duplicate effects
  ---
  duration_ms: 13.942042
  type: 'test'
  ...
# Subtest: resumes after only attempt write completed
ok 500 - resumes after only attempt write completed
  ---
  duration_ms: 14.989584
  type: 'test'
  ...
# Subtest: resumes after attempt and review writes completed
ok 501 - resumes after attempt and review writes completed
  ---
  duration_ms: 12.495666
  type: 'test'
  ...
# Subtest: resumes after session write completed
ok 502 - resumes after session write completed
  ---
  duration_ms: 4.39575
  type: 'test'
  ...
# Subtest: rejects conflicting immutable attempt
ok 503 - rejects conflicting immutable attempt
  ---
  duration_ms: 1.546667
  type: 'test'
  ...
# Subtest: rejects conflicting session record
ok 504 - rejects conflicting session record
  ---
  duration_ms: 2.508583
  type: 'test'
  ...
# Subtest: rejects conflicting review record
ok 505 - rejects conflicting review record
  ---
  duration_ms: 1.488708
  type: 'test'
  ...
# Subtest: preserves active journal after write failure
ok 506 - preserves active journal after write failure
  ---
  duration_ms: 19.70625
  type: 'test'
  ...
# Subtest: does nothing when no journal exists
ok 507 - does nothing when no journal exists
  ---
  duration_ms: 3.112334
  type: 'test'
  ...
# Subtest: recovers a journal before any writes
ok 508 - recovers a journal before any writes
  ---
  duration_ms: 44.063875
  type: 'test'
  ...
# Subtest: recovers partially materialized
ok 509 - recovers partially materialized
  ---
  duration_ms: 38.063833
  type: 'test'
  ...
# Subtest: fully materialized unverified
ok 510 - fully materialized unverified
  ---
  duration_ms: 7.720834
  type: 'test'
  ...
# Subtest: verified journal whose clear failed
ok 511 - verified journal whose clear failed
  ---
  duration_ms: 9.046
  type: 'test'
  ...
# Subtest: accepts ident immutable attempt
ok 512 - accepts ident immutable attempt
  ---
  duration_ms: 15.9335
  type: 'test'
  ...
# Subtest: rejects conflicting immutable attempt
ok 513 - rejects conflicting immutable attempt
  ---
  duration_ms: 4.536875
  type: 'test'
  ...
# Subtest: rejects conflicting active journal
ok 514 - rejects conflicting active journal
  ---
  duration_ms: 27.093542
  type: 'test'
  ...
# Subtest: blocks corrupt journal
ok 515 - blocks corrupt journal
  ---
  duration_ms: 1.076959
  type: 'test'
  ...
# Subtest: blocks journal read failure
ok 516 - blocks journal read failure
  ---
  duration_ms: 2.56925
  type: 'test'
  ...
# Subtest: preserves journal after materialization failure
ok 517 - preserves journal after materialization failure
  ---
  duration_ms: 3.784417
  type: 'test'
  ...
# Subtest: preserves journal after verification failure
ok 518 - preserves journal after verification failure
  ---
  duration_ms: 3.414792
  type: 'test'
  ...
# Subtest: preserves journal after journal clear failure
ok 519 - preserves journal after journal clear failure
  ---
  duration_ms: 5.540083
  type: 'test'
  ...
# Subtest: rejects a semantically malformed persisted journal and retains it
ok 520 - rejects a semantically malformed persisted journal and retains it
  ---
  duration_ms: 1.017583
  type: 'test'
  ...
# Subtest: rejects an unknown persisted write and retains its journal
ok 521 - rejects an unknown persisted write and retains its journal
  ---
  duration_ms: 0.745584
  type: 'test'
  ...
# Subtest: rejects an old persisted journal without an exact artifact SHA-256
ok 522 - rejects an old persisted journal without an exact artifact SHA-256
  ---
  duration_ms: 1.000292
  type: 'test'
  ...
# Subtest: rejects incomplete operation plans before persistence
ok 523 - rejects incomplete operation plans before persistence
  ---
  duration_ms: 1.097209
  type: 'test'
  ...
# Subtest: rejects duplicate write targets before persistence
ok 524 - rejects duplicate write targets before persistence
  ---
  duration_ms: 1.396
  type: 'test'
  ...
# Subtest: rejects destructive writes that do not belong to the operation
ok 525 - rejects destructive writes that do not belong to the operation
  ---
  duration_ms: 3.746417
  type: 'test'
  ...
# Subtest: rejects attempts and reviews that conflict with the durable session plan
ok 526 - rejects attempts and reviews that conflict with the durable session plan
  ---
  duration_ms: 3.638875
  type: 'test'
  ...
# Subtest: rejects an immediate submit for a planned but non-current occurrence
ok 527 - rejects an immediate submit for a planned but non-current occurrence
  ---
  duration_ms: 1.25275
  type: 'test'
  ...
# Subtest: rejects contradictory review actions and duplicate terminal item outcomes
ok 528 - rejects contradictory review actions and duplicate terminal item outcomes
  ---
  duration_ms: 1.525041
  type: 'test'
  ...
# Subtest: accepts a review update that retains its original durable source identity
ok 529 - accepts a review update that retains its original durable source identity
  ---
  duration_ms: 1.993375
  type: 'test'
  ...
# Subtest: rejects a fabricated historical source on a nonexistent review identity
ok 530 - rejects a fabricated historical source on a nonexistent review identity
  ---
  duration_ms: 0.875209
  type: 'test'
  ...
# Subtest: rejects an explicit review update when its durable identity does not exist
ok 531 - rejects an explicit review update when its durable identity does not exist
  ---
  duration_ms: 1.287792
  type: 'test'
  ...
# Subtest: rejects a persisted plan with a corrupt fingerprint and retains it
ok 532 - rejects a persisted plan with a corrupt fingerprint and retains it
  ---
  duration_ms: 0.769417
  type: 'test'
  ...
# Subtest: idempotent repeated recovery
ok 533 - idempotent repeated recovery
  ---
  duration_ms: 5.480417
  type: 'test'
  ...
# Subtest: does not require remote content
ok 534 - does not require remote content
  ---
  duration_ms: 5.866333
  type: 'test'
  ...
# Subtest: does not recalc scoring
ok 535 - does not recalc scoring
  ---
  duration_ms: 10.346833
  type: 'test'
  ...
# Subtest: does not generate IDs
ok 536 - does not generate IDs
  ---
  duration_ms: 8.485417
  type: 'test'
  ...
# Subtest: verifies a complete materialized mutation
ok 537 - verifies a complete materialized mutation
  ---
  duration_ms: 24.152042
  type: 'test'
  ...
# Subtest: rejects missing attempt
ok 538 - rejects missing attempt
  ---
  duration_ms: 3.856708
  type: 'test'
  ...
# Subtest: rejects conflicting attempt
ok 539 - rejects conflicting attempt
  ---
  duration_ms: 6.291667
  type: 'test'
  ...
# Subtest: rejects missing review entry
ok 540 - rejects missing review entry
  ---
  duration_ms: 2.423459
  type: 'test'
  ...
# Subtest: rejects conflicting review entry
ok 541 - rejects conflicting review entry
  ---
  duration_ms: 2.953833
  type: 'test'
  ...
# Subtest: rejects missing session
ok 542 - rejects missing session
  ---
  duration_ms: 2.536667
  type: 'test'
  ...
# Subtest: rejects conflicting session
ok 543 - rejects conflicting session
  ---
  duration_ms: 10.289375
  type: 'test'
  ...
# Subtest: rejects active session pointer that should be cleared
ok 544 - rejects active session pointer that should be cleared
  ---
  duration_ms: 2.040875
  type: 'test'
  ...
# Subtest: propagates storage read failure
ok 545 - propagates storage read failure
  ---
  duration_ms: 2.883959
  type: 'test'
  ...
# Subtest: preserves active journal after verification failure
ok 546 - preserves active journal after verification failure
  ---
  duration_ms: 16.108125
  type: 'test'
  ...
# Subtest: an occurrence-keyed draft persists, edits, and resumes without learning side effects
ok 547 - an occurrence-keyed draft persists, edits, and resumes without learning side effects
  ---
  duration_ms: 13.808041
  type: 'test'
  ...
# Subtest: draft persistence rejects unknown occurrences and mismatched session scope
ok 548 - draft persistence rejects unknown occurrences and mismatched session scope
  ---
  duration_ms: 2.011292
  type: 'test'
  ...
# Subtest: immediate-feedback sessions cannot persist draft responses
ok 549 - immediate-feedback sessions cannot persist draft responses
  ---
  duration_ms: 0.959875
  type: 'test'
  ...
# Subtest: clear local history removes the resumable draft
ok 550 - clear local history removes the resumable draft
  ---
  duration_ms: 21.167834
  type: 'test'
  ...
# Subtest: Algorithms finalization commits exactly answered occurrences and deletes the matching draft
ok 551 - Algorithms finalization commits exactly answered occurrences and deletes the matching draft
  ---
  duration_ms: 50.9125
  type: 'test'
  ...
# Subtest: Algorithms finalization rejects attempts that do not correspond exactly to answered draft occurrences
ok 552 - Algorithms finalization rejects attempts that do not correspond exactly to answered draft occurrences
  ---
  duration_ms: 6.655792
  type: 'test'
  ...
# Subtest: Algorithms finalization rejects a stale cleanup draft before journal persistence or outcome writes
ok 553 - Algorithms finalization rejects a stale cleanup draft before journal persistence or outcome writes
  ---
  duration_ms: 3.660459
  type: 'test'
  ...
# Subtest: force-close replay completes an Algorithms finalization idempotently at the draft-delete boundary
ok 554 - force-close replay completes an Algorithms finalization idempotently at the draft-delete boundary
  ---
  duration_ms: 48.963875
  type: 'test'
  ...
# Subtest: duplicate content occurrences keep distinct attempts and consolidate review to the latest planned transition
ok 555 - duplicate content occurrences keep distinct attempts and consolidate review to the latest planned transition
  ---
  duration_ms: 18.943375
  type: 'test'
  ...
# Subtest: finalization can resolve a review through an exact transition attempt
ok 556 - finalization can resolve a review through an exact transition attempt
  ---
  duration_ms: 14.876834
  type: 'test'
  ...
# Subtest: journaled transition delete rejects a same-id review conflict before outcome writes and replays exact or absent identity
ok 557 - journaled transition delete rejects a same-id review conflict before outcome writes and replays exact or absent identity
  ---
  duration_ms: 35.553833
  type: 'test'
  ...
# Subtest: Algorithms finalization recovers idempotently across every canonical write boundary
ok 558 - Algorithms finalization recovers idempotently across every canonical write boundary
  ---
  duration_ms: 73.908625
  type: 'test'
  ...
# Subtest: persisted finalization journal preflights a stale durable draft before replaying any outcome write
ok 559 - persisted finalization journal preflights a stale durable draft before replaying any outcome write
  ---
  duration_ms: 6.496625
  type: 'test'
  ...
# Subtest: draft saves are locked as soon as a finalization journal is pending
ok 560 - draft saves are locked as soon as a finalization journal is pending
  ---
  duration_ms: 4.306667
  type: 'test'
  ...
# Subtest: a draft save started before journal persistence rechecks immediately before writing
ok 561 - a draft save started before journal persistence rechecks immediately before writing
  ---
  duration_ms: 2.662416
  type: 'test'
  ...
# Subtest: proposal editor preserves retained slot IDs, drops removed IDs, sorts days, and saves revision one
ok 562 - proposal editor preserves retained slot IDs, drops removed IDs, sorts days, and saves revision one
  ---
  duration_ms: 53.705791
  type: 'test'
  ...
# Subtest: accepted plan edit explicitly reads a snapshot, increments plan revision, and stale sessions do not commit
ok 563 - accepted plan edit explicitly reads a snapshot, increments plan revision, and stale sessions do not commit
  ---
  duration_ms: 3.8965
  type: 'test'
  ...
# Subtest: direct accept and proposal editor share plan CAS and retry after idempotent success
ok 564 - direct accept and proposal editor share plan CAS and retry after idempotent success
  ---
  duration_ms: 2.557208
  type: 'test'
  ...
# Subtest: parallel proposal acceptance shares one promise and one durable save
ok 565 - parallel proposal acceptance shares one promise and one durable save
  ---
  duration_ms: 1.803667
  type: 'test'
  ...
# Subtest: parallel acceptance for one proposal across tracks never shares the in-flight success
ok 566 - parallel acceptance for one proposal across tracks never shares the in-flight success
  ---
  duration_ms: 1.917625
  type: 'test'
  ...
# Subtest: accepted result cache is scoped by proposal and track identity
ok 567 - accepted result cache is scoped by proposal and track identity
  ---
  duration_ms: 0.899375
  type: 'test'
  ...
# Subtest: pending acceptance retry is scoped by proposal and track identity
ok 568 - pending acceptance retry is scoped by proposal and track identity
  ---
  duration_ms: 1.280791
  type: 'test'
  ...
# Subtest: storage uncertainty keeps the editor session and retries through durable command reconciliation
ok 569 - storage uncertainty keeps the editor session and retries through durable command reconciliation
  ---
  duration_ms: 2.002333
  type: 'test'
  ...
# Subtest: accepted-plan retry reconciles its durable command before checking refreshed content context
ok 570 - accepted-plan retry reconciles its durable command before checking refreshed content context
  ---
  duration_ms: 3.337041
  type: 'test'
  ...
# Subtest: a replacement proposal keeps plan identity and increments plan revision
ok 571 - a replacement proposal keeps plan identity and increments plan revision
  ---
  duration_ms: 2.258458
  type: 'test'
  ...
# Subtest: a target-date replacement remains explicit and atomically updates the accepted plan identity
ok 572 - a target-date replacement remains explicit and atomically updates the accepted plan identity
  ---
  duration_ms: 2.229875
  type: 'test'
  ...
# Subtest: accepted plan freshness checks content version, artifact SHA, and timezone
ok 573 - accepted plan freshness checks content version, artifact SHA, and timezone
  ---
  duration_ms: 0.764375
  type: 'test'
  ...
# Subtest: learning plan proposal exposes the canonical track artifact
ok 574 - learning plan proposal exposes the canonical track artifact
  ---
  duration_ms: 1250.097375
  type: 'test'
  ...
# Subtest: plan accept saves first and returns the synced reminder outcome
ok 575 - plan accept saves first and returns the synced reminder outcome
  ---
  duration_ms: 3.747625
  type: 'test'
  ...
# Subtest: a saved plan remains successful with a durable pending reminder result
ok 576 - a saved plan remains successful with a durable pending reminder result
  ---
  duration_ms: 0.570334
  type: 'test'
  ...
# Subtest: a terminal cleared reminder outcome is not relabeled as pending
ok 577 - a terminal cleared reminder outcome is not relabeled as pending
  ---
  duration_ms: 0.992917
  type: 'test'
  ...
# Subtest: applies no-goal, paused-goal, no-plan and freshness precedence
ok 578 - applies no-goal, paused-goal, no-plan and freshness precedence
  ---
  duration_ms: 75.313958
  type: 'test'
  ...
# Subtest: maps plan paused, completed, overdue boundaries and open-ended targets
ok 579 - maps plan paused, completed, overdue boundaries and open-ended targets
  ---
  duration_ms: 6.721
  type: 'test'
  ...
# Subtest: maps capacity, typed forecast status and all unavailable reasons without recomputing
ok 580 - maps capacity, typed forecast status and all unavailable reasons without recomputing
  ---
  duration_ms: 5.491959
  type: 'test'
  ...
# Subtest: requires full forecast identity and maps malformed foreign forecasts to calculation_error
ok 581 - requires full forecast identity and maps malformed foreign forecasts to calculation_error
  ---
  duration_ms: 1.791167
  type: 'test'
  ...
# Subtest: returns frozen, typed presentation values and ignores immutable fact arrays
ok 582 - returns frozen, typed presentation values and ignores immutable fact arrays
  ---
  duration_ms: 1.59575
  type: 'test'
  ...
# Subtest: maps every guidance state, reason, message key, action and fact variant
ok 583 - maps every guidance state, reason, message key, action and fact variant
  ---
  duration_ms: 82.737208
  type: 'test'
  ...
# Subtest: accepts canonical overdue guidance with an unavailable forecast
ok 584 - accepts canonical overdue guidance with an unavailable forecast
  ---
  duration_ms: 1.942625
  type: 'test'
  ...
# Subtest: covers no-target text facts for paused and completed states
ok 585 - covers no-target text facts for paused and completed states
  ---
  duration_ms: 1.221667
  type: 'test'
  ...
# Subtest: uses native English and Polish plural categories for pace facts
ok 586 - uses native English and Polish plural categories for pace facts
  ---
  duration_ms: 7.289625
  type: 'test'
  ...
# Subtest: formats civil dates in the supplied timezone without UTC day drift
ok 587 - formats civil dates in the supplied timezone without UTC day drift
  ---
  duration_ms: 18.063375
  type: 'test'
  ...
# Subtest: rejects invalid locale, timezone, date and unknown runtime variants explicitly
ok 588 - rejects invalid locale, timezone, date and unknown runtime variants explicitly
  ---
  duration_ms: 3.455208
  type: 'test'
  ...
# Subtest: rejects a secondary action outside its two allowed states and inconsistent missing secondary
ok 589 - rejects a secondary action outside its two allowed states and inconsistent missing secondary
  ---
  duration_ms: 0.887334
  type: 'test'
  ...
# Subtest: fails closed for missing translations and unresolved placeholders
ok 590 - fails closed for missing translations and unresolved placeholders
  ---
  duration_ms: 2.209708
  type: 'test'
  ...
# Subtest: fails closed when the selected English or Polish plural suffix is missing
ok 591 - fails closed when the selected English or Polish plural suffix is missing
  ---
  duration_ms: 5.863083
  type: 'test'
  ...
# Subtest: does not mutate guidance input and keeps the presentation deeply immutable
ok 592 - does not mutate guidance input and keeps the presentation deeply immutable
  ---
  duration_ms: 3.364166
  type: 'test'
  ...
# Subtest: keeps locale resource keys flat and exactly in parity
ok 593 - keeps locale resource keys flat and exactly in parity
  ---
  duration_ms: 1.599542
  type: 'test'
  ...
# Subtest: explicit enable materializes only the exact accepted plan slots and full identity
ok 594 - explicit enable materializes only the exact accepted plan slots and full identity
  ---
  duration_ms: 51.470958
  type: 'test'
  ...
# Subtest: reconcile never requests permission and returns permission_denied as pending
ok 595 - reconcile never requests permission and returns permission_denied as pending
  ---
  duration_ms: 1.769375
  type: 'test'
  ...
# Subtest: explicit enable is the only path that requests permission and persists a denied retry
ok 596 - explicit enable is the only path that requests permission and persists a denied retry
  ---
  duration_ms: 1.774458
  type: 'test'
  ...
# Subtest: disable cancels every native reminder before persisting disabled state and fails closed on cancellation errors
ok 597 - disable cancels every native reminder before persisting disabled state and fails closed on cancellation errors
  ---
  duration_ms: 9.719208
  type: 'test'
  ...
# Subtest: permission pending retains existing native IDs for a later retry
ok 598 - permission pending retains existing native IDs for a later retry
  ---
  duration_ms: 7.475333
  type: 'test'
  ...
# Subtest: timezone mismatch clears durable and native schedules without publishing
ok 599 - timezone mismatch clears durable and native schedules without publishing
  ---
  duration_ms: 1.123208
  type: 'test'
  ...
# Subtest: source absence and terminal plan states are separate closed outcomes
ok 600 - source absence and terminal plan states are separate closed outcomes
  ---
  duration_ms: 2.316292
  type: 'test'
  ...
# Subtest: a paused goal is a separate closed outcome and clears native schedules
ok 601 - a paused goal is a separate closed outcome and clears native schedules
  ---
  duration_ms: 0.534375
  type: 'test'
  ...
# Subtest: an expected identity from another active track stays pending and is persisted for retry
ok 602 - an expected identity from another active track stays pending and is persisted for retry
  ---
  duration_ms: 4.070583
  type: 'test'
  ...
# Subtest: full source identity mismatch is fail-closed before scheduling
ok 603 - full source identity mismatch is fail-closed before scheduling
  ---
  duration_ms: 0.971375
  type: 'test'
  ...
# Subtest: legacy cancellation-only journal is cancelled before the current plan is scheduled
ok 604 - legacy cancellation-only journal is cancelled before the current plan is scheduled
  ---
  duration_ms: 2.829458
  type: 'test'
  ...
# Subtest: journal-created slots are trusted only when the discovered native identity and day match
ok 605 - journal-created slots are trusted only when the discovered native identity and day match
  ---
  duration_ms: 3.065959
  type: 'test'
  ...
# Subtest: post-read plan change is concurrent_change and leaves a retryable journal
ok 606 - post-read plan change is concurrent_change and leaves a retryable journal
  ---
  duration_ms: 2.591583
  type: 'test'
  ...
# Subtest: post-read device timezone change is concurrent_change and does not publish
ok 607 - post-read device timezone change is concurrent_change and does not publish
  ---
  duration_ms: 2.49925
  type: 'test'
  ...
# Subtest: scheduler failure is pending and never reports synced
ok 608 - scheduler failure is pending and never reports synced
  ---
  duration_ms: 1.608875
  type: 'test'
  ...
# Subtest: serialized duplicate enables schedule each accepted slot only once
ok 609 - serialized duplicate enables schedule each accepted slot only once
  ---
  duration_ms: 3.478541
  type: 'test'
  ...
# Subtest: retry resumes a durable journal after scheduler failure
ok 610 - retry resumes a durable journal after scheduler failure
  ---
  duration_ms: 5.000292
  type: 'test'
  ...
# Subtest: retry reuses a native schedule when journal persistence failed after scheduling
ok 611 - retry reuses a native schedule when journal persistence failed after scheduling
  ---
  duration_ms: 5.513584
  type: 'test'
  ...
# Subtest: a newer accepted plan replaces schedules and cancels the previous native IDs
ok 612 - a newer accepted plan replaces schedules and cancels the previous native IDs
  ---
  duration_ms: 4.004667
  type: 'test'
  ...
# Subtest: corrupt durable journal becomes scheduler_failure instead of publishing
ok 613 - corrupt durable journal becomes scheduler_failure instead of publishing
  ---
  duration_ms: 1.06825
  type: 'test'
  ...
# Subtest: selecting a track persists locally and marks a synced account pending
ok 614 - selecting a track persists locally and marks a synced account pending
  ---
  duration_ms: 8.32075
  type: 'test'
  ...
# Subtest: selecting a track on a guest installation persists locally without account sync
ok 615 - selecting a track on a guest installation persists locally without account sync
  ---
  duration_ms: 0.751833
  type: 'test'
  ...
# Subtest: track selection waits for earlier account materialization and remains the final local choice
ok 616 - track selection waits for earlier account materialization and remains the final local choice
  ---
  duration_ms: 31.557417
  type: 'test'
  ...
# Subtest: active track read waits for materialization and returns its settled state without side effects
ok 617 - active track read waits for materialization and returns its settled state without side effects
  ---
  duration_ms: 9.894416
  type: 'test'
  ...
# Subtest: operational diagnostics classify failures without exposing raw details
ok 618 - operational diagnostics classify failures without exposing raw details
  ---
  duration_ms: 1.460625
  type: 'test'
  ...
# Subtest: bootstrap observers receive only the canonical bounded event
ok 619 - bootstrap observers receive only the canonical bounded event
  ---
  duration_ms: 2.597792
  type: 'test'
  ...
# Subtest: a throwing diagnostic observer cannot alter the operation
ok 620 - a throwing diagnostic observer cannot alter the operation
  ---
  duration_ms: 0.334917
  type: 'test'
  ...
# Subtest: explicit practice routes skip the stored-track read and do not load reviews for roadmap/setup
ok 621 - explicit practice routes skip the stored-track read and do not load reviews for roadmap/setup
  ---
  duration_ms: 1033.702875
  type: 'test'
  ...
# Subtest: Hub review evidence is limited to due entries for the active track and exact artifact
ok 622 - Hub review evidence is limited to due entries for the active track and exact artifact
  ---
  duration_ms: 3.526708
  type: 'test'
  ...
# Subtest: a missing stored track stays an explicit empty selection
ok 623 - a missing stored track stays an explicit empty selection
  ---
  duration_ms: 0.419959
  type: 'test'
  ...
# Subtest: practice read surfaces storage issues instead of treating a partial read as empty
ok 624 - practice read surfaces storage issues instead of treating a partial read as empty
  ---
  duration_ms: 0.791542
  type: 'test'
  ...
# Subtest: release offer map is empty and the local smoke offer is explicit and isolated
ok 625 - release offer map is empty and the local smoke offer is explicit and isolated
  ---
  duration_ms: 5.229167
  type: 'test'
  ...
# Subtest: exact installed offer composes app-owned mode in the shared runtime without entering Free discovery
ok 626 - exact installed offer composes app-owned mode in the shared runtime without entering Free discovery
  ---
  duration_ms: 1583.218583
  type: 'test'
  ...
# Subtest: review view keeps unavailable entries separate and never makes them due
ok 627 - review view keeps unavailable entries separate and never makes them due
  ---
  duration_ms: 7.707625
  type: 'test'
  ...
# Subtest: stored unavailable reviews are readable without resolving content metadata
ok 628 - stored unavailable reviews are readable without resolving content metadata
  ---
  duration_ms: 4.728708
  type: 'test'
  ...
# Subtest: foreground timer checkpoints monotonic segments with an explicit drift bound and never counts closed-app wall time
ok 629 - foreground timer checkpoints monotonic segments with an explicit drift bound and never counts closed-app wall time
  ---
  duration_ms: 27.783958
  type: 'test'
  ...
# Subtest: foreground timer rejects stale checkpoints and retains the previous durable checkpoint
ok 630 - foreground timer rejects stale checkpoints and retains the previous durable checkpoint
  ---
  duration_ms: 3.002459
  type: 'test'
  ...
# Subtest: foreground enter and leave checkpoint authoritative time outside the UI
ok 631 - foreground enter and leave checkpoint authoritative time outside the UI
  ---
  duration_ms: 11.254625
  type: 'test'
  ...
# Subtest: Coding Mock audit advancement checkpoints the monotonic foreground countdown before canonical expiry finalization
ok 632 - Coding Mock audit advancement checkpoints the monotonic foreground countdown before canonical expiry finalization
  ---
  duration_ms: 1.9825
  type: 'test'
  ...
# Subtest: Coding Mock audit advancement requires its exact foreground session owner
ok 633 - Coding Mock audit advancement requires its exact foreground session owner
  ---
  duration_ms: 3.276917
  type: 'test'
  ...
# Subtest: ordinary practice publishes a live elapsed timer without a countdown
ok 634 - ordinary practice publishes a live elapsed timer without a countdown
  ---
  duration_ms: 2.443875
  type: 'test'
  ...
# Subtest: one family-neutral timer initializes and restores ordinary Certification foreground time
ok 635 - one family-neutral timer initializes and restores ordinary Certification foreground time
  ---
  duration_ms: 1.668458
  type: 'test'
  ...
# Subtest: absolute-deadline Certification Exam remains outside the foreground timer owner
ok 636 - absolute-deadline Certification Exam remains outside the foreground timer owner
  ---
  duration_ms: 0.644
  type: 'test'
  ...
# Subtest: absolute-deadline draft save commits before expiry without creating a foreground timer
ok 637 - absolute-deadline draft save commits before expiry without creating a foreground timer
  ---
  duration_ms: 3.357375
  type: 'test'
  ...
# Subtest: absolute-deadline draft save finalizes and blocks the commit at and after expiry
ok 638 - absolute-deadline draft save finalizes and blocks the commit at and after expiry
  ---
  duration_ms: 1.372375
  type: 'test'
  ...
# Subtest: a durable foreground timer from another family is rejected instead of reused
ok 639 - a durable foreground timer from another family is rejected instead of reused
  ---
  duration_ms: 1.563208
  type: 'test'
  ...
# Subtest: AppState foreground transitions and force-close recovery never count background or closed-app time
ok 640 - AppState foreground transitions and force-close recovery never count background or closed-app time
  ---
  duration_ms: 2.305417
  type: 'test'
  ...
# Subtest: periodic checkpoint publishes a live projection refresh
ok 641 - periodic checkpoint publishes a live projection refresh
  ---
  duration_ms: 1.187167
  type: 'test'
  ...
# Subtest: local reset barrier waits for an in-flight checkpoint before durable clear and blocks late callbacks
ok 642 - local reset barrier waits for an in-flight checkpoint before durable clear and blocks late callbacks
  ---
  duration_ms: 1.76025
  type: 'test'
  ...
# Subtest: local reset barrier is single-flight and rejects timer commands until durable reset settles
ok 643 - local reset barrier is single-flight and rejects timer commands until durable reset settles
  ---
  duration_ms: 0.756042
  type: 'test'
  ...
# Subtest: failed durable reset releases only cleared runtime state and permits exact durable restore
ok 644 - failed durable reset releases only cleared runtime state and permits exact durable restore
  ---
  duration_ms: 0.905083
  type: 'test'
  ...
# Subtest: reset followed by a new session cannot observe or recreate the prior persisted timer
ok 645 - reset followed by a new session cannot observe or recreate the prior persisted timer
  ---
  duration_ms: 1.232875
  type: 'test'
  ...
# Subtest: controlled timer refreshes consecutive visible labels without a durable write each second
ok 646 - controlled timer refreshes consecutive visible labels without a durable write each second
  ---
  duration_ms: 1.130458
  type: 'test'
  ...
# Subtest: periodic checkpoint uses the declared durable interval with an exact write count
ok 647 - periodic checkpoint uses the declared durable interval with an exact write count
  ---
  duration_ms: 1.47775
  type: 'test'
  ...
# Subtest: force-close immediately before and after the checkpoint boundary resumes within the declared drift
ok 648 - force-close immediately before and after the checkpoint boundary resumes within the declared drift
  ---
  duration_ms: 1.738417
  type: 'test'
  ...
# Subtest: expiry clamps to zero, checkpoints first, and finalizes exactly once
ok 649 - expiry clamps to zero, checkpoints first, and finalizes exactly once
  ---
  duration_ms: 1.336209
  type: 'test'
  ...
# Subtest: a response-save checkpoint that crosses countdown expiry finalizes before any draft save can follow
ok 650 - a response-save checkpoint that crosses countdown expiry finalizes before any draft save can follow
  ---
  duration_ms: 3.04675
  type: 'test'
  ...
# Subtest: manual and expiry use the same injected finalization operation
ok 651 - manual and expiry use the same injected finalization operation
  ---
  duration_ms: 1.603542
  type: 'test'
  ...
# Subtest: manual finalization checkpoints the active foreground segment before it freezes the result
ok 652 - manual finalization checkpoints the active foreground segment before it freezes the result
  ---
  duration_ms: 0.900041
  type: 'test'
  ...
# Subtest: practice completion checkpoint freezes the captured tick until verified release
ok 653 - practice completion checkpoint freezes the captured tick until verified release
  ---
  duration_ms: 3.687125
  type: 'test'
  ...
# Subtest: a completed timer checkpoint is not released before completion is verified
ok 654 - a completed timer checkpoint is not released before completion is verified
  ---
  duration_ms: 1.715708
  type: 'test'
  ...
# Subtest: concurrent Finish handoffs share one timer checkpoint and one completion result
ok 655 - concurrent Finish handoffs share one timer checkpoint and one completion result
  ---
  duration_ms: 1.37225
  type: 'test'
  ...
# Subtest: missing persisted timer on resume is a typed application recovery failure
ok 656 - missing persisted timer on resume is a typed application recovery failure
  ---
  duration_ms: 0.496791
  type: 'test'
  ...
# Subtest: resume repairs a durable timer checkpoint that precedes the session aggregate
ok 657 - resume repairs a durable timer checkpoint that precedes the session aggregate
  ---
  duration_ms: 0.948125
  type: 'test'
  ...
# Subtest: repeated resume of a repaired timer does not write another session checkpoint
ok 658 - repeated resume of a repaired timer does not write another session checkpoint
  ---
  duration_ms: 1.063667
  type: 'test'
  ...
# Subtest: resume rejects a durable timer checkpoint that is behind the session aggregate
ok 659 - resume rejects a durable timer checkpoint that is behind the session aggregate
  ---
  duration_ms: 0.996667
  type: 'test'
  ...
# Subtest: a failed durable timer repair remains a blocking recovery error
ok 660 - a failed durable timer repair remains a blocking recovery error
  ---
  duration_ms: 1.136459
  type: 'test'
  ...
# Subtest: Coding Mock countdown audit command is exact and requires a development smoke runtime
ok 661 - Coding Mock countdown audit command is exact and requires a development smoke runtime
  ---
  duration_ms: 2.150666
  type: 'test'
  ...
# Subtest: production and malformed countdown commands never reach the timer owner
ok 662 - production and malformed countdown commands never reach the timer owner
  ---
  duration_ms: 0.352833
  type: 'test'
  ...
# Subtest: an exact development smoke command delegates countdown advancement to the foreground timer owner
ok 663 - an exact development smoke command delegates countdown advancement to the foreground timer owner
  ---
  duration_ms: 0.203667
  type: 'test'
  ...
# Subtest: injected audit clock drives normal scheduling and both due retention outcomes without storage mutation
ok 664 - injected audit clock drives normal scheduling and both due retention outcomes without storage mutation
  ---
  duration_ms: 7.281417
  type: 'test'
  ...
# Subtest: injected audit clock rejects an advance outside the ISO date range without changing its offset
ok 665 - injected audit clock rejects an advance outside the ISO date range without changing its offset
  ---
  duration_ms: 0.864625
  type: 'test'
  ...
# Subtest: passive runtime selectors are attached to visible content rather than containers with interactive descendants
ok 666 - passive runtime selectors are attached to visible content rather than containers with interactive descendants
  ---
  duration_ms: 2.2345
  type: 'test'
  ...
# Subtest: active-session resume uses the single recommendation card and a separate continue control
ok 667 - active-session resume uses the single recommendation card and a separate continue control
  ---
  duration_ms: 0.971459
  type: 'test'
  ...
# Subtest: Home uses the approved compact presentation without changing recommendation ownership
ok 668 - Home uses the approved compact presentation without changing recommendation ownership
  ---
  duration_ms: 4.723292
  type: 'test'
  ...
# Subtest: progress, simulation, and simulation summary selectors use canonical identities
ok 669 - progress, simulation, and simulation summary selectors use canonical identities
  ---
  duration_ms: 4.152958
  type: 'test'
  ...
# Subtest: configuration snapshot is validated, frozen, and preserved for deterministic resume
ok 670 - configuration snapshot is validated, frozen, and preserved for deterministic resume
  ---
  duration_ms: 7.47775
  type: 'test'
  ...
# Subtest: resume rejects a different mode or durable item and option plan
ok 671 - resume rejects a different mode or durable item and option plan
  ---
  duration_ms: 1.33575
  type: 'test'
  ...
# Subtest: content validation rejects missing, duplicate, and unknown durable option IDs
ok 672 - content validation rejects missing, duplicate, and unknown durable option IDs
  ---
  duration_ms: 1.485292
  type: 'test'
  ...
# Subtest: durable progress hydrates prior attempts and the answered current item in plan order
ok 673 - durable progress hydrates prior attempts and the answered current item in plan order
  ---
  duration_ms: 1.934167
  type: 'test'
  ...
# Subtest: duplicate exact content items are distinct through immutable occurrence identities
ok 674 - duplicate exact content items are distinct through immutable occurrence identities
  ---
  duration_ms: 0.740958
  type: 'test'
  ...
# Subtest: foreground accumulation persists only the supplied active interval
ok 675 - foreground accumulation persists only the supplied active interval
  ---
  duration_ms: 0.386458
  type: 'test'
  ...
# Subtest: start failure rejects without exposing a session
ok 676 - start failure rejects without exposing a session
  ---
  duration_ms: 0.256375
  type: 'test'
  ...
# Subtest: a new session is not returned before its durable write resolves
ok 677 - a new session is not returned before its durable write resolves
  ---
  duration_ms: 0.254709
  type: 'test'
  ...
# Subtest: advance failure rejects and cannot expose the next position
ok 678 - advance failure rejects and cannot expose the next position
  ---
  duration_ms: 0.873708
  type: 'test'
  ...
# Subtest: runtime-audit parser recognizes only documented reset and clock-advance commands
ok 679 - runtime-audit parser recognizes only documented reset and clock-advance commands
  ---
  duration_ms: 7.913333
  type: 'test'
  ...
# Subtest: unsupported and malformed runtime-audit URLs do not invoke reset
ok 680 - unsupported and malformed runtime-audit URLs do not invoke reset
  ---
  duration_ms: 0.813542
  type: 'test'
  ...
# Subtest: runtime-audit reset is unavailable in production and reaches only the lifecycle facade in development
ok 681 - runtime-audit reset is unavailable in production and reaches only the lifecycle facade in development
  ---
  duration_ms: 0.63225
  type: 'test'
  ...
# Subtest: development reset still restores a clean baseline when an interrupted journal cannot recover
ok 682 - development reset still restores a clean baseline when an interrupted journal cannot recover
  ---
  duration_ms: 2.106084
  type: 'test'
  ...
# Subtest: new training sessions have one application entry and no prepare-only bypass
ok 683 - new training sessions have one application entry and no prepare-only bypass
  ---
  duration_ms: 112.372625
  type: 'test'
  ...
# Subtest: Premium package download has one account-owned application entry
ok 684 - Premium package download has one account-owned application entry
  ---
  duration_ms: 95.091333
  type: 'test'
  ...
# Subtest: Free and unavailable Coding Mock access fail before package resolution, preparation, or mutation
ok 685 - Free and unavailable Coding Mock access fail before package resolution, preparation, or mutation
  ---
  duration_ms: 1647.445167
  type: 'test'
  ...
# Subtest: Premium Coding Mock starts the exact 40-item product mode and immutable profile identity
ok 686 - Premium Coding Mock starts the exact 40-item product mode and immutable profile identity
  ---
  duration_ms: 1.307292
  type: 'test'
  ...
# Subtest: Coding Mock resume, draft save, and finalization each authorize once before one exact resolution
ok 687 - Coding Mock resume, draft save, and finalization each authorize once before one exact resolution
  ---
  duration_ms: 2.616584
  type: 'test'
  ...
# Subtest: expired Coding Mock draft-save boundary aborts before package resolution or draft persistence
ok 688 - expired Coding Mock draft-save boundary aborts before package resolution or draft persistence
  ---
  duration_ms: 1.752792
  type: 'test'
  ...
# Subtest: active Coding Mock reauthorizes before exact resolution and resume validation
ok 689 - active Coding Mock reauthorizes before exact resolution and resume validation
  ---
  duration_ms: 1.033667
  type: 'test'
  ...
# Subtest: all three Design simulations require Premium before create and resume, then prepare exact profile identity
ok 690 - all three Design simulations require Premium before create and resume, then prepare exact profile identity
  ---
  duration_ms: 6.8365
  type: 'test'
  ...
# Subtest: every Design mode denies before package resolution, preparation, and session mutation
ok 691 - every Design mode denies before package resolution, preparation, and session mutation
  ---
  duration_ms: 1.468958
  type: 'test'
  ...
# Subtest: only declared Premium simulation product modes bypass node-based admission
ok 692 - only declared Premium simulation product modes bypass node-based admission
  ---
  duration_ms: 2.040375
  type: 'test'
  ...
# Subtest: Free node starts without consulting Premium admission
ok 693 - Free node starts without consulting Premium admission
  ---
  duration_ms: 1477.965625
  type: 'test'
  ...
# Subtest: Premium plans require admission before durable session start
ok 694 - Premium plans require admission before durable session start
  ---
  duration_ms: 2.440708
  type: 'test'
  ...
# Subtest: a Free-first mixed plan checks every item before durable start
ok 695 - a Free-first mixed plan checks every item before durable start
  ---
  duration_ms: 3.367833
  type: 'test'
  ...
# Subtest: training lifecycle resolves canonical runtime
ok 696 - training lifecycle resolves canonical runtime
  ---
  duration_ms: 1404.38125
  type: 'test'
  ...
# Subtest: Metro transforms SVG sources into React Native components
ok 697 - Metro transforms SVG sources into React Native components
  ---
  duration_ms: 1.452917
  type: 'test'
  ...
# Subtest: Metro keeps defaults and blocks only absolute local profile dotenv files
ok 698 - Metro keeps defaults and blocks only absolute local profile dotenv files
  ---
  duration_ms: 15.424708
  type: 'test'
  ...
# Subtest: Patternly mark SVG family stays deterministic and raster-free
ok 699 - Patternly mark SVG family stays deterministic and raster-free
  ---
  duration_ms: 5.943
  type: 'test'
  ...
# Subtest: launcher source and generated assets are present
ok 700 - launcher source and generated assets are present
  ---
  duration_ms: 1.96975
  type: 'test'
  ...
# Subtest: Expo points to the canonical Patternly launcher assets
ok 701 - Expo points to the canonical Patternly launcher assets
  ---
  duration_ms: 1.11825
  type: 'test'
  ...
# Subtest: route ambient layer is the default shared background for every Screen
ok 702 - route ambient layer is the default shared background for every Screen
  ---
  duration_ms: 2.792625
  type: 'test'
  ...
# Subtest: ambient keeps randomized routes and signals without rectangular glow layers
ok 703 - ambient keeps randomized routes and signals without rectangular glow layers
  ---
  duration_ms: 1.256334
  type: 'test'
  ...
# Subtest: a release at 2999ms cancels and never confirms
ok 704 - a release at 2999ms cancels and never confirms
  ---
  duration_ms: 4.132625
  type: 'test'
  ...
# Subtest: a release at exactly 3000ms confirms once
ok 705 - a release at exactly 3000ms confirms once
  ---
  duration_ms: 0.33975
  type: 'test'
  ...
# Subtest: one controller instance survives setup cleanup setup and can confirm after reactivation
ok 706 - one controller instance survives setup cleanup setup and can confirm after reactivation
  ---
  duration_ms: 0.477208
  type: 'test'
  ...
# Subtest: a stale RAF from a deactivated setup cannot update the reactivated gesture
ok 707 - a stale RAF from a deactivated setup cannot update the reactivated gesture
  ---
  duration_ms: 1.128916
  type: 'test'
  ...
# Subtest: the controller cannot be configured with a threshold below 3000ms
ok 708 - the controller cannot be configured with a threshold below 3000ms
  ---
  duration_ms: 0.300042
  type: 'test'
  ...
# Subtest: time passing and RAF readiness never confirm before release
ok 709 - time passing and RAF readiness never confirm before release
  ---
  duration_ms: 0.268125
  type: 'test'
  ...
# Subtest: a backward clock reading cancels the gesture fail-closed
ok 710 - a backward clock reading cancels the gesture fail-closed
  ---
  duration_ms: 0.36675
  type: 'test'
  ...
# Subtest: a non-finite clock reading cancels the gesture fail-closed
ok 711 - a non-finite clock reading cancels the gesture fail-closed
  ---
  duration_ms: 1.556541
  type: 'test'
  ...
# Subtest: repeated releases cannot duplicate a completed gesture
ok 712 - repeated releases cannot duplicate a completed gesture
  ---
  duration_ms: 3.218
  type: 'test'
  ...
# Subtest: moving outside the measured bounds cancels the gesture
ok 713 - moving outside the measured bounds cancels the gesture
  ---
  duration_ms: 1.981917
  type: 'test'
  ...
# Subtest: background termination and disabled changes cancel without confirming
ok 714 - background termination and disabled changes cancel without confirming
  ---
  duration_ms: 0.365
  type: 'test'
  ...
# Subtest: disabling immediately before release rejects the current gesture
ok 715 - disabling immediately before release rejects the current gesture
  ---
  duration_ms: 0.160917
  type: 'test'
  ...
# Subtest: release is rejected while the controller is inactive
ok 716 - release is rejected while the controller is inactive
  ---
  duration_ms: 5.203208
  type: 'test'
  ...
# Subtest: destroying the controller cancels a held gesture and ignores later input
ok 717 - destroying the controller cancels a held gesture and ignores later input
  ---
  duration_ms: 0.287708
  type: 'test'
  ...
# Subtest: a new gesture starts from zero after an early release and progress is clamped
ok 718 - a new gesture starts from zero after an early release and progress is clamped
  ---
  duration_ms: 1.000458
  type: 'test'
  ...
# Subtest: reset cancels a scheduled RAF and does not invoke the completion callback
ok 719 - reset cancels a scheduled RAF and does not invoke the completion callback
  ---
  duration_ms: 0.223375
  type: 'test'
  ...
# Subtest: the component wires native responder cancellation and a simple full-surface progress fill
ok 720 - the component wires native responder cancellation and a simple full-surface progress fill
  ---
  duration_ms: 1.081417
  type: 'test'
  ...
# Subtest: destructive text layers meet their contrast thresholds
ok 721 - destructive text layers meet their contrast thresholds
  ---
  duration_ms: 0.799042
  type: 'test'
  ...
# Subtest: navigation context owns the approved 16/22/600 semantic token
ok 722 - navigation context owns the approved 16/22/600 semantic token
  ---
  duration_ms: 1.658166
  type: 'test'
  ...
# Subtest: shared and goal headers preserve long context at 200 percent text
ok 723 - shared and goal headers preserve long context at 200 percent text
  ---
  duration_ms: 2.16125
  type: 'test'
  ...
# Subtest: back controls keep a 44 point target while context can reflow
ok 724 - back controls keep a 44 point target while context can reflow
  ---
  duration_ms: 0.592041
  type: 'test'
  ...
# Subtest: approved exceptions remain local and tab typography stays out of scope
ok 725 - approved exceptions remain local and tab typography stays out of scope
  ---
  duration_ms: 1.872083
  type: 'test'
  ...
# Subtest: goal error keeps the same accessible navigation context as loading and ready states
ok 726 - goal error keeps the same accessible navigation context as loading and ready states
  ---
  duration_ms: 0.372167
  type: 'test'
  ...
# Subtest: shared visual effects have one theme-token owner
ok 727 - shared visual effects have one theme-token owner
  ---
  duration_ms: 99.952042
  type: 'test'
  ...
# Subtest: screens and components resolve colors exclusively through the active theme
ok 728 - screens and components resolve colors exclusively through the active theme
  ---
  duration_ms: 20.288208
  type: 'test'
  ...
# Subtest: all branded navigation headers use the one AppShellHeader path
ok 729 - all branded navigation headers use the one AppShellHeader path
  ---
  duration_ms: 46.249208
  type: 'test'
  ...
# Subtest: answer review pending uses the shared review shell anatomy without fabricated values
ok 730 - answer review pending uses the shared review shell anatomy without fabricated values
  ---
  duration_ms: 0.785292
  type: 'test'
  ...
# Subtest: route coverage has one native or inline shell owner and preserves active-session specialization
ok 731 - route coverage has one native or inline shell owner and preserves active-session specialization
  ---
  duration_ms: 4.642708
  type: 'test'
  ...
# Subtest: the headerless practice route owns every Algorithms and Certification render branch
ok 732 - the headerless practice route owns every Algorithms and Certification render branch
  ---
  duration_ms: 7.242458
  type: 'test'
  ...
# Subtest: the shared header owns accessible back geometry and long-copy reflow without navigation fallback
ok 733 - the shared header owns accessible back geometry and long-copy reflow without navigation fallback
  ---
  duration_ms: 3.203375
  type: 'test'
  ...
# Subtest: Screen and SessionShell remain the only general and active-session page owners
ok 734 - Screen and SessionShell remain the only general and active-session page owners
  ---
  duration_ms: 23.743833
  type: 'test'
  ...
# Subtest: representative Home, Settings, setup, session, and result routes keep canonical ownership
ok 735 - representative Home, Settings, setup, session, and result routes keep canonical ownership
  ---
  duration_ms: 5.784041
  type: 'test'
  ...
# Subtest: Progress follows the current Figma section copy and 200% text contract
ok 736 - Progress follows the current Figma section copy and 200% text contract
  ---
  duration_ms: 1.637875
  type: 'test'
  ...
# Subtest: Activity rows preserve the variable-height Figma copy at large text
ok 737 - Activity rows preserve the variable-height Figma copy at large text
  ---
  duration_ms: 0.385917
  type: 'test'
  ...
# Subtest: simulation review remains explicitly unavailable
ok 738 - simulation review remains explicitly unavailable
  ---
  duration_ms: 0.23175
  type: 'test'
  ...
# Subtest: answer review keeps its explicit unavailable state
ok 739 - answer review keeps its explicit unavailable state
  ---
  duration_ms: 0.240417
  type: 'test'
  ...
# Subtest: simulation active shell uses the Figma question and action-footer variant
ok 740 - simulation active shell uses the Figma question and action-footer variant
  ---
  duration_ms: 0.994667
  type: 'test'
  ...
# Subtest: Practice setup keeps one canonical back action and recovery copy names learner-visible consequences
ok 741 - Practice setup keeps one canonical back action and recovery copy names learner-visible consequences
  ---
  duration_ms: 6.307125
  type: 'test'
  ...
# Subtest: lost-key recovery uses the typed failure code and the canonical hold-to-remove operation
ok 742 - lost-key recovery uses the typed failure code and the canonical hold-to-remove operation
  ---
  duration_ms: 2.239
  type: 'test'
  ...
# Subtest: lost-key recovery keeps removal, success, error, and bootstrap transitions explicit
ok 743 - lost-key recovery keeps removal, success, error, and bootstrap transitions explicit
  ---
  duration_ms: 0.60275
  type: 'test'
  ...
# Subtest: manual lost-key retries are process-local and automatic bootstrap does not spend the limit
ok 744 - manual lost-key retries are process-local and automatic bootstrap does not spend the limit
  ---
  duration_ms: 0.311334
  type: 'test'
  ...
# Subtest: recovery surface centers recovery states and gives success its own concise layout
ok 745 - recovery surface centers recovery states and gives success its own concise layout
  ---
  duration_ms: 0.898708
  type: 'test'
  ...
# Subtest: unavailable active content is a typed gate with explicit abandon and retry paths
ok 746 - unavailable active content is a typed gate with explicit abandon and retry paths
  ---
  duration_ms: 0.216459
  type: 'test'
  ...
# Subtest: bootstrap diagnostics are wired only through the development branch as one structural observer
ok 747 - bootstrap diagnostics are wired only through the development branch as one structural observer
  ---
  duration_ms: 0.583541
  type: 'test'
  ...
# Subtest: the recovery presentation fixture is development-smoke only and never calls storage operations
ok 748 - the recovery presentation fixture is development-smoke only and never calls storage operations
  ---
  duration_ms: 0.432083
  type: 'test'
  ...
# Subtest: session fingerprint uses canonical artifact and occurrence identity
ok 749 - session fingerprint uses canonical artifact and occurrence identity
  ---
  duration_ms: 2.709375
  type: 'test'
  ...
# Subtest: counts only settled failed manual attempts and hides retry after five failures
ok 750 - counts only settled failed manual attempts and hides retry after five failures
  ---
  duration_ms: 2.135083
  type: 'test'
  ...
# Subtest: success closes the recovery episode and re-enables retries
ok 751 - success closes the recovery episode and re-enables retries
  ---
  duration_ms: 0.288334
  type: 'test'
  ...
# Subtest: background and rerender do not reset the process-local episode state
ok 752 - background and rerender do not reset the process-local episode state
  ---
  duration_ms: 0.152625
  type: 'test'
  ...
# Subtest: node package scope is null during transition without reading the stale selected profile
ok 753 - node package scope is null during transition without reading the stale selected profile
  ---
  duration_ms: 1.386958
  type: 'test'
  ...
# Subtest: Premium package errors have distinct localized-copy keys and actionable recovery policy
ok 754 - Premium package errors have distinct localized-copy keys and actionable recovery policy
  ---
  duration_ms: 4.28525
  type: 'test'
  ...
# Subtest: profile completion settles before lifecycle composition and resume authorization
ok 755 - profile completion settles before lifecycle composition and resume authorization
  ---
  duration_ms: 10.60475
  type: 'test'
  ...
# Subtest: application bootstrap wires account completion ahead of lifecycle composition
ok 756 - application bootstrap wires account completion ahead of lifecycle composition
  ---
  duration_ms: 0.821583
  type: 'test'
  ...
# Subtest: recovery locale uses the first device language and supports Polish regional tags
ok 757 - recovery locale uses the first device language and supports Polish regional tags
  ---
  duration_ms: 2.887875
  type: 'test'
  ...
# Subtest: recovery locale fails to English for unsupported or malformed native values
ok 758 - recovery locale fails to English for unsupported or malformed native values
  ---
  duration_ms: 0.366709
  type: 'test'
  ...
# Subtest: Design simulation profiles preserve exact per-track identity and reference-only evaluation
ok 759 - Design simulation profiles preserve exact per-track identity and reference-only evaluation
  ---
  duration_ms: 499.71025
  type: 'test'
  ...
# Subtest: Design simulation schema rejects identity, stage, response, criteria, rubric, and semantic-scoring drift
ok 760 - Design simulation schema rejects identity, stage, response, criteria, rubric, and semantic-scoring drift
  ---
  duration_ms: 910.220125
  type: 'test'
  ...
# Subtest: ProductModeConfig preserves the complete available 9-track mode matrix
ok 761 - ProductModeConfig preserves the complete available 9-track mode matrix
  ---
  duration_ms: 11.110084
  type: 'test'
  ...
# Subtest: ODK-097 app Design modes stay in parity with the current producer profiles
ok 762 - ODK-097 app Design modes stay in parity with the current producer profiles
  ---
  duration_ms: 3.112709
  type: 'test'
  ...
# Subtest: mode policies preserve feedback, elapsed timer, reinsert and evidence behavior
ok 763 - mode policies preserve feedback, elapsed timer, reinsert and evidence behavior
  ---
  duration_ms: 0.422542
  type: 'test'
  ...
# Subtest: selection pools are non-empty, local, and large enough for every requested length
ok 764 - selection pools are non-empty, local, and large enough for every requested length
  ---
  duration_ms: 122.986125
  type: 'test'
  ...
# Subtest: simulation mode is bound to the exact GCP profile, family, and mode
ok 765 - simulation mode is bound to the exact GCP profile, family, and mode
  ---
  duration_ms: 1.183625
  type: 'test'
  ...
# Subtest: Coding Mock product mode binds only its declared Coding Interview profile
ok 766 - Coding Mock product mode binds only its declared Coding Interview profile
  ---
  duration_ms: 0.380625
  type: 'test'
  ...
# Subtest: GCP Diagnostic preserves the verified exact ordered 40-question plan
ok 767 - GCP Diagnostic preserves the verified exact ordered 40-question plan
  ---
  duration_ms: 0.481709
  type: 'test'
  ...
# Subtest: declared but uninstalled modes fail closed with a stable unavailable error
ok 768 - declared but uninstalled modes fail closed with a stable unavailable error
  ---
  duration_ms: 0.500417
  type: 'test'
  ...
# Subtest: validated production configuration is recursively immutable
ok 769 - validated production configuration is recursively immutable
  ---
  duration_ms: 0.760208
  type: 'test'
  ...
# Subtest: validator rejects duplicate, missing, additional, and non-canonical config shapes
ok 770 - validator rejects duplicate, missing, additional, and non-canonical config shapes
  ---
  duration_ms: 7.506709
  type: 'test'
  ...
# Subtest: validator rejects foreign identities, empty pools, bad lengths, and policy mismatches
ok 771 - validator rejects foreign identities, empty pools, bad lengths, and policy mismatches
  ---
  duration_ms: 12.8325
  type: 'test'
  ...
# Subtest: validator rejects foreign questions, Diagnostic reordering, bad evidence and unsupported interactions
ok 772 - validator rejects foreign questions, Diagnostic reordering, bad evidence and unsupported interactions
  ---
  duration_ms: 1421.412875
  type: 'test'
  ...
# Subtest: validator rejects missing, duplicate, empty and foreign canonical artifacts
ok 773 - validator rejects missing, duplicate, empty and foreign canonical artifacts
  ---
  duration_ms: 21492.424041
  type: 'test'
  ...
# Subtest: all nine canonical artifacts validate with exact inventory and stable learner whitespace
ok 774 - all nine canonical artifacts validate with exact inventory and stable learner whitespace
  ---
  duration_ms: 712.672708
  type: 'test'
  ...
# Subtest: canonical scoring matches the producer oracle exhaustively
ok 775 - canonical scoring matches the producer oracle exhaustively
  ---
  duration_ms: 1754.28375
  type: 'test'
  ...
# Subtest: all interactions expose completeness and immutable AttemptResult semantics
ok 776 - all interactions expose completeness and immutable AttemptResult semantics
  ---
  duration_ms: 7.098125
  type: 'test'
  ...
# Subtest: dimension scoring ignores inherited selections exactly like the producer oracle
ok 777 - dimension scoring ignores inherited selections exactly like the producer oracle
  ---
  duration_ms: 11.555333
  type: 'test'
  ...
# Subtest: dimension responses reject sparse arrays and alias-normalization collisions
ok 778 - dimension responses reject sparse arrays and alias-normalization collisions
  ---
  duration_ms: 4.05625
  type: 'test'
  ...
# Subtest: validator fails closed on exact keys, identities, membership and scoring consistency
ok 779 - validator fails closed on exact keys, identities, membership and scoring consistency
  ---
  duration_ms: 331.47625
  type: 'test'
  ...
# Subtest: catalog verifies bytes before exposing frozen lookups and exact artifact metadata
ok 780 - catalog verifies bytes before exposing frozen lookups and exact artifact metadata
  ---
  duration_ms: 907.435
  type: 'test'
  ...
# Subtest: optional GCP simulation profile is strict, complete, immutable and covered by its artifact hash
ok 781 - optional GCP simulation profile is strict, complete, immutable and covered by its artifact hash
  ---
  duration_ms: 3062.576042
  type: 'test'
  ...
# Subtest: Coding Mock profile validation requires its strict declared ordered 40-question pool
ok 782 - Coding Mock profile validation requires its strict declared ordered 40-question pool
  ---
  duration_ms: 1368.341666
  type: 'test'
  ...
# Subtest: canonical runtime catalog exposes all locked tracks, modes, pools, and exact artifact identities
ok 783 - canonical runtime catalog exposes all locked tracks, modes, pools, and exact artifact identities
  ---
  duration_ms: 1440.069833
  type: 'test'
  ...
# Subtest: injected loader failures are visible and do not poison the active cache
ok 784 - injected loader failures are visible and do not poison the active cache
  ---
  duration_ms: 125.210375
  type: 'test'
  ...
# Subtest: canonical runtime catalog hashes artifacts sequentially and preserves artifact order
ok 785 - canonical runtime catalog hashes artifacts sequentially and preserves artifact order
  ---
  duration_ms: 1453.817292
  type: 'test'
  ...
# Subtest: public owner retries after a failed cached load and then preserves cache identity
ok 786 - public owner retries after a failed cached load and then preserves cache identity
  ---
  duration_ms: 11946.40075
  type: 'test'
  ...
# Subtest: canonical runtime catalog caches only a validated active catalog
ok 787 - canonical runtime catalog caches only a validated active catalog
  ---
  duration_ms: 0.357625
  type: 'test'
  ...
# Subtest: historical content release lock remains covered by frozen release manifests
ok 788 - historical content release lock remains covered by frozen release manifests
  ---
  duration_ms: 7779.799209
  type: 'test'
  ...
# Subtest: bundled canonical release matches the current producer builder
ok 789 - bundled canonical release matches the current producer builder
  ---
  duration_ms: 6805.449375
  type: 'test'
  ...
# Subtest: current canonical builder preserves the ODK-096 inventory and approved AWS identity without repinning history
ok 790 - current canonical builder preserves the ODK-096 inventory and approved AWS identity without repinning history
  ---
  duration_ms: 5625.526958
  type: 'test'
  ...
# Subtest: node package verifier enforces exact transport headers, hashes, schema and app minimum
ok 791 - node package verifier enforces exact transport headers, hashes, schema and app minimum
  ---
  duration_ms: 99.745208
  type: 'test'
  ...
# Subtest: install keeps old exact package resolvable after new activation and rolls back on failed reread or activation
ok 792 - install keeps old exact package resolvable after new activation and rolls back on failed reread or activation
  ---
  duration_ms: 1396.749875
  type: 'test'
  ...
# Subtest: installed exact cache is isolated across profile changes and lazily rehydrates on return
ok 793 - installed exact cache is isolated across profile changes and lazily rehydrates on return
  ---
  duration_ms: 1338.062125
  type: 'test'
  ...
# Subtest: stale profile hydration cannot register records after an in-flight profile switch
ok 794 - stale profile hydration cannot register records after an in-flight profile switch
  ---
  duration_ms: 1123.798917
  type: 'test'
  ...
# Subtest: package hash and gzip output size reject corrupt, oversized, and truncated packages
ok 795 - package hash and gzip output size reject corrupt, oversized, and truncated packages
  ---
  duration_ms: 0.996917
  type: 'test'
  ...
# Subtest: 404 and interrupted downloads do not replace an active package
ok 796 - 404 and interrupted downloads do not replace an active package
  ---
  duration_ms: 2.013833
  type: 'test'
  ...
# Subtest: backend package admission failures keep their typed status and code
ok 797 - backend package admission failures keep their typed status and code
  ---
  duration_ms: 0.698458
  type: 'test'
  ...
# Subtest: filesystem adapter leaves the old MMKV pointer on move or pointer-write failure and keeps valid history
ok 798 - filesystem adapter leaves the old MMKV pointer on move or pointer-write failure and keeps valid history
  ---
  duration_ms: 3154.9225
  type: 'test'
  ...
# Subtest: pointer activation rolls back after a write-then-throw and a mismatching read-back
ok 799 - pointer activation rolls back after a write-then-throw and a mismatching read-back
  ---
  duration_ms: 10.800292
  type: 'test'
  ...
# Subtest: retry replaces only an inactive partial final left by an interrupted file move
ok 800 - retry replaces only an inactive partial final left by an interrupted file move
  ---
  duration_ms: 5.165167
  type: 'test'
  ...
# Subtest: canonical admission exposes nine launch tracks
ok 801 - canonical admission exposes nine launch tracks
  ---
  duration_ms: 1490.273708
  type: 'test'
  ...
# Subtest: Coding Mock stays outside ordinary modes and resolves its exact declared profile
ok 802 - Coding Mock stays outside ordinary modes and resolves its exact declared profile
  ---
  duration_ms: 1.719458
  type: 'test'
  ...
# Subtest: content report description is optional, trimmed and bounded
ok 803 - content report description is optional, trimmed and bounded
  ---
  duration_ms: 5.83525
  type: 'test'
  ...
# Subtest: content report description rejects obvious contact and secret data
ok 804 - content report description rejects obvious contact and secret data
  ---
  duration_ms: 1.1495
  type: 'test'
  ...
# Subtest: ordinary technical language is not mistaken for a secret
ok 805 - ordinary technical language is not mistaken for a secret
  ---
  duration_ms: 0.219458
  type: 'test'
  ...
# Subtest: a new family carries payload, response, result, and evidence without a global union
ok 806 - a new family carries payload, response, result, and evidence without a global union
  ---
  duration_ms: 9.1915
  type: 'test'
  ...
# Subtest: kernel accepts open track ids and enforces canonical session invariants
ok 807 - kernel accepts open track ids and enforces canonical session invariants
  ---
  duration_ms: 5.685959
  type: 'test'
  ...
# Subtest: attempt result constructor enforces kind, range, and component totals
ok 808 - attempt result constructor enforces kind, range, and component totals
  ---
  duration_ms: 0.972958
  type: 'test'
  ...
# Subtest: attempt, evidence, reasons, and learning evidence stay family neutral
ok 809 - attempt, evidence, reasons, and learning evidence stay family neutral
  ---
  duration_ms: 1.13075
  type: 'test'
  ...
# Subtest: lifecycle record guards and completed-result coverage are explicit
ok 810 - lifecycle record guards and completed-result coverage are explicit
  ---
  duration_ms: 1.008709
  type: 'test'
  ...
# Subtest: LearningPlan v1 guard requires the complete strict shape and canonical slot order
ok 811 - LearningPlan v1 guard requires the complete strict shape and canonical slot order
  ---
  duration_ms: 49.493083
  type: 'test'
  ...
# Subtest: accepted target snapshot follows T4 goal meaning and canonical null dates
ok 812 - accepted target snapshot follows T4 goal meaning and canonical null dates
  ---
  duration_ms: 2.725959
  type: 'test'
  ...
# Subtest: generates one stable 18:00 slot per normalized preferred day for every goal type
ok 813 - generates one stable 18:00 slot per normalized preferred day for every goal type
  ---
  duration_ms: 62.391833
  type: 'test'
  ...
# Subtest: uses due review priority, otherwise package scope, without item identifiers
ok 814 - uses due review priority, otherwise package scope, without item identifiers
  ---
  duration_ms: 0.908292
  type: 'test'
  ...
# Subtest: event boundaries are strict-before while deadline and checkpoint are inclusive
ok 815 - event boundaries are strict-before while deadline and checkpoint are inclusive
  ---
  duration_ms: 2.1345
  type: 'test'
  ...
# Subtest: missing target date is open-ended before an unknown completion rule
ok 816 - missing target date is open-ended before an unknown completion rule
  ---
  duration_ms: 1.3515
  type: 'test'
  ...
# Subtest: C3 unknown is explicit with a target; in-progress uses remaining attempts and completed has no remaining work
ok 817 - C3 unknown is explicit with a target; in-progress uses remaining attempts and completed has no remaining work
  ---
  duration_ms: 1.385042
  type: 'test'
  ...
# Subtest: S12 is the only capacity source and shortfall preserves all counts without slots or attainability
ok 818 - S12 is the only capacity source and shortfall preserves all counts without slots or attainability
  ---
  duration_ms: 1.371625
  type: 'test'
  ...
# Subtest: leap-day and DST-neutral occurrence counting use calendar dates, not elapsed local milliseconds
ok 819 - leap-day and DST-neutral occurrence counting use calendar dates, not elapsed local milliseconds
  ---
  duration_ms: 1.407666
  type: 'test'
  ...
# Subtest: does not mutate preferred day order or mutable input values and returns frozen output
ok 820 - does not mutate preferred day order or mutable input values and returns frozen output
  ---
  duration_ms: 1.661792
  type: 'test'
  ...
# Subtest: rejects malformed or inconsistent input with the one explicit error class
ok 821 - rejects malformed or inconsistent input with the one explicit error class
  ---
  duration_ms: 3.089417
  type: 'test'
  ...
# Subtest: uses the explicit formulas, includes today, and excludes an event target day
ok 822 - uses the explicit formulas, includes today, and excludes an event target day
  ---
  duration_ms: 81.417625
  type: 'test'
  ...
# Subtest: minimum observation age is inclusive: six days gives seven days, five gives six
ok 823 - minimum observation age is inclusive: six days gives seven days, five gives six
  ---
  duration_ms: 20.753875
  type: 'test'
  ...
# Subtest: trend starts at thirteen days and applies strict ten-percent boundaries
ok 824 - trend starts at thirteen days and applies strict ten-percent boundaries
  ---
  duration_ms: 88.866417
  type: 'test'
  ...
# Subtest: trend handles zero-to-zero, zero-to-positive, and positive-to-zero windows after age fourteen
ok 825 - trend handles zero-to-zero, zero-to-positive, and positive-to-zero windows after age fourteen
  ---
  duration_ms: 9.031166
  type: 'test'
  ...
# Subtest: completed work is zero work even without future occurrences or observations
ok 826 - completed work is zero work even without future occurrences or observations
  ---
  duration_ms: 1.194333
  type: 'test'
  ...
# Subtest: returns each honest unavailable business reason
ok 827 - returns each honest unavailable business reason
  ---
  duration_ms: 5.042
  type: 'test'
  ...
# Subtest: requires a concrete non-negative completion requirement
ok 828 - requires a concrete non-negative completion requirement
  ---
  duration_ms: 3.170083
  type: 'test'
  ...
# Subtest: returns calculation_error when the projected calendar date is not representable
ok 829 - returns calculation_error when the projected calendar date is not representable
  ---
  duration_ms: 1.229583
  type: 'test'
  ...
# Subtest: uses full immutable facts and does not double-count session questions
ok 830 - uses full immutable facts and does not double-count session questions
  ---
  duration_ms: 2.300042
  type: 'test'
  ...
# Subtest: handles DST, leap-day calendar arithmetic, and today occurrences without elapsed milliseconds
ok 831 - handles DST, leap-day calendar arithmetic, and today occurrences without elapsed milliseconds
  ---
  duration_ms: 4.74125
  type: 'test'
  ...
# Subtest: rejects malformed numbers, dates, timezones, future facts, and inconsistent sessions
ok 832 - rejects malformed numbers, dates, timezones, future facts, and inconsistent sessions
  ---
  duration_ms: 4.208959
  type: 'test'
  ...
# Subtest: completion rule validates explicit v1 bounds
ok 833 - completion rule validates explicit v1 bounds
  ---
  duration_ms: 1.802375
  type: 'test'
  ...
# Subtest: completion is unknown without a package rule and otherwise uses the exact rolling window
ok 834 - completion is unknown without a package rule and otherwise uses the exact rolling window
  ---
  duration_ms: 36.049666
  type: 'test'
  ...
# Subtest: completion filters full package identity, deduplicates exact retries, and rejects malformed or conflicting durable evidence
ok 835 - completion filters full package identity, deduplicates exact retries, and rejects malformed or conflicting durable evidence
  ---
  duration_ms: 2.429625
  type: 'test'
  ...
# Subtest: same instant ordering is stable by id
ok 836 - same instant ordering is stable by id
  ---
  duration_ms: 0.334167
  type: 'test'
  ...
# Subtest: ResolvedContentRef has exactly four canonical-safe fields and is frozen
ok 837 - ResolvedContentRef has exactly four canonical-safe fields and is frozen
  ---
  duration_ms: 5.038375
  type: 'test'
  ...
# Subtest: ResolvedContentRef rejects null, extra fields, unsafe identities, and SHA casing without normalization
ok 838 - ResolvedContentRef rejects null, extra fields, unsafe identities, and SHA casing without normalization
  ---
  duration_ms: 1.50725
  type: 'test'
  ...
# Subtest: ResolvedContentRef key is versioned, deterministic, and field-boundary safe
ok 839 - ResolvedContentRef key is versioned, deterministic, and field-boundary safe
  ---
  duration_ms: 0.881791
  type: 'test'
  ...
# Subtest: tombstones are immutable, tagged, minimal, and contain no recursive legacy fields
ok 840 - tombstones are immutable, tagged, minimal, and contain no recursive legacy fields
  ---
  duration_ms: 0.730375
  type: 'test'
  ...
# Subtest: resolution result is exact, frozen, and distinguishes resolved from tombstone
ok 841 - resolution result is exact, frozen, and distinguishes resolved from tombstone
  ---
  duration_ms: 0.889125
  type: 'test'
  ...
# Subtest: public domain barrel exposes strict contracts but not the legacy decoder/mapper
ok 842 - public domain barrel exposes strict contracts but not the legacy decoder/mapper
  ---
  duration_ms: 0.290125
  type: 'test'
  ...
# Subtest: registry resolves current tracks in canonical launch order without a default
ok 843 - registry resolves current tracks in canonical launch order without a default
  ---
  duration_ms: 4.090833
  type: 'test'
  ...
# Subtest: a new track and family register without modifying the learning kernel
ok 844 - a new track and family register without modifying the learning kernel
  ---
  duration_ms: 0.309917
  type: 'test'
  ...
# Subtest: incorrect and partial attempts create remediation entries with source and taxonomy evidence
ok 845 - incorrect and partial attempts create remediation entries with source and taxonomy evidence
  ---
  duration_ms: 6.476417
  type: 'test'
  ...
# Subtest: correct Algorithms attempt creates scheduled retrieval while correct Certification attempt creates none
ok 846 - correct Algorithms attempt creates scheduled retrieval while correct Certification attempt creates none
  ---
  duration_ms: 0.787959
  type: 'test'
  ...
# Subtest: review transition counts only after due, resets on incorrect and partial, and resolves after two eligible successes
ok 847 - review transition counts only after due, resets on incorrect and partial, and resolves after two eligible successes
  ---
  duration_ms: 0.87875
  type: 'test'
  ...
# Subtest: same-session correction does not resolve persistent review and only canonical reasons exist
ok 848 - same-session correction does not resolve persistent review and only canonical reasons exist
  ---
  duration_ms: 0.363875
  type: 'test'
  ...
# Subtest: ordinary Algorithms practice cannot resolve persistent review after due
ok 849 - ordinary Algorithms practice cannot resolve persistent review after due
  ---
  duration_ms: 0.246667
  type: 'test'
  ...
# Subtest: session creation preserves requested and actual lengths, immutable item order, option order, and no response
ok 850 - session creation preserves requested and actual lengths, immutable item order, option order, and no response
  ---
  duration_ms: 12.091958
  type: 'test'
  ...
# Subtest: active session advances and persisted current position resumes deterministically
ok 851 - active session advances and persisted current position resumes deterministically
  ---
  duration_ms: 1.5455
  type: 'test'
  ...
# Subtest: session supports valid direct navigation but rejects an invalid item index
ok 852 - session supports valid direct navigation but rejects an invalid item index
  ---
  duration_ms: 1.229958
  type: 'test'
  ...
# Subtest: completion fixes position at the final item and cannot advance
ok 853 - completion fixes position at the final item and cannot advance
  ---
  duration_ms: 1.173125
  type: 'test'
  ...
# Subtest: abandonment preserves committed position and cannot advance
ok 854 - abandonment preserves committed position and cannot advance
  ---
  duration_ms: 0.4425
  type: 'test'
  ...
# Subtest: session rejects mismatched track, content version, duplicate references, and invalid completion position
ok 855 - session rejects mismatched track, content version, duplicate references, and invalid completion position
  ---
  duration_ms: 0.55
  type: 'test'
  ...
# Subtest: runtime admission resolves the exact candidate lock for every canonical launch track
ok 856 - runtime admission resolves the exact candidate lock for every canonical launch track
  ---
  duration_ms: 1521.030708
  type: 'test'
  ...
# Subtest: pending status waits while the target is not reflected by both identity sources
ok 857 - pending status waits while the target is not reflected by both identity sources
  ---
  duration_ms: 1.809459
  type: 'test'
  ...
# Subtest: pending status confirms only matching verified Firebase and backend identities
ok 858 - pending status confirms only matching verified Firebase and backend identities
  ---
  duration_ms: 0.258917
  type: 'test'
  ...
# Subtest: one-sided email or verification agreement remains waiting
ok 859 - one-sided email or verification agreement remains waiting
  ---
  duration_ms: 0.228542
  type: 'test'
  ...
# Subtest: a different authenticated UID is unavailable and does not expose the old request as success
ok 860 - a different authenticated UID is unavailable and does not expose the old request as success
  ---
  duration_ms: 0.134209
  type: 'test'
  ...
# Subtest: refresh failure takes priority over matching cached identity data
ok 861 - refresh failure takes priority over matching cached identity data
  ---
  duration_ms: 0.208791
  type: 'test'
  ...
# Subtest: legacy recovery-code retry keeps an invalid credential on its password field
ok 862 - legacy recovery-code retry keeps an invalid credential on its password field
  ---
  duration_ms: 3.798041
  type: 'test'
  ...
# Subtest: delete account switches from identity confirmation to the hold action
ok 863 - delete account switches from identity confirmation to the hold action
  ---
  duration_ms: 10.488584
  type: 'test'
  ...
# Subtest: delete account password failures stay attached to Password
ok 864 - delete account password failures stay attached to Password
  ---
  duration_ms: 0.773583
  type: 'test'
  ...
# Subtest: email validation identifies the address field for all sign-in providers
ok 865 - email validation identifies the address field for all sign-in providers
  ---
  duration_ms: 1.674709
  type: 'test'
  ...
# Subtest: reauthentication errors identify a password only when that field exists
ok 866 - reauthentication errors identify a password only when that field exists
  ---
  duration_ms: 2.211208
  type: 'test'
  ...
# Subtest: password change validation identifies the edited password field
ok 867 - password change validation identifies the edited password field
  ---
  duration_ms: 0.269333
  type: 'test'
  ...
# Subtest: recovery-code wrong-password failures identify the current password
ok 868 - recovery-code wrong-password failures identify the current password
  ---
  duration_ms: 0.21925
  type: 'test'
  ...
# Subtest: general errors and non-field security failures retain their existing banner presentation
ok 869 - general errors and non-field security failures retain their existing banner presentation
  ---
  duration_ms: 0.276708
  type: 'test'
  ...
# Subtest: editing another field preserves its error; editing the affected field clears it
ok 870 - editing another field preserves its error; editing the affected field clears it
  ---
  duration_ms: 0.650959
  type: 'test'
  ...
# Subtest: password-change field errors use the localized field-specific copy
ok 871 - password-change field errors use the localized field-specific copy
  ---
  duration_ms: 8.130208
  type: 'test'
  ...
# Subtest: welcome screen keeps its mark, localized copy, and entry actions
ok 872 - welcome screen keeps its mark, localized copy, and entry actions
  ---
  duration_ms: 2.375541
  type: 'test'
  ...
# Subtest: a recovery-code operation for a different account keeps codes hidden and offers explicit sign-in resolution
ok 873 - a recovery-code operation for a different account keeps codes hidden and offers explicit sign-in resolution
  ---
  duration_ms: 14.866375
  type: 'test'
  ...
# Subtest: a confirmed account mismatch offers a separately explicit current-account transition
ok 874 - a confirmed account mismatch offers a separately explicit current-account transition
  ---
  duration_ms: 0.345667
  type: 'test'
  ...
# Subtest: missing generation does not offer a defer action and deferred codes remain hidden
ok 875 - missing generation does not offer a defer action and deferred codes remain hidden
  ---
  duration_ms: 0.448625
  type: 'test'
  ...
# Subtest: unconfirmed delivery keeps unsaved codes available and offers an explicit status retry
ok 876 - unconfirmed delivery keeps unsaved codes available and offers an explicit status retry
  ---
  duration_ms: 0.18975
  type: 'test'
  ...
# Subtest: available result with persisted saved intent hides codes and offers an explicit ACK retry
ok 877 - available result with persisted saved intent hides codes and offers an explicit ACK retry
  ---
  duration_ms: 0.193708
  type: 'test'
  ...
# Subtest: unconfirmed or blocked saved intent does not promise an available ACK
ok 878 - unconfirmed or blocked saved intent does not promise an available ACK
  ---
  duration_ms: 4.419
  type: 'test'
  ...
# Subtest: acknowledged issue is terminal and no longer blocks a replacement chosen by the user
ok 879 - acknowledged issue is terminal and no longer blocks a replacement chosen by the user
  ---
  duration_ms: 0.285166
  type: 'test'
  ...
# Subtest: server-confirmed non-acknowledged terminal status requires an explicit continue action
ok 880 - server-confirmed non-acknowledged terminal status requires an explicit continue action
  ---
  duration_ms: 5.40675
  type: 'test'
  ...
# Subtest: a consume operation for another account offers explicit resume without an automatic retry
ok 881 - a consume operation for another account offers explicit resume without an automatic retry
  ---
  duration_ms: 0.531084
  type: 'test'
  ...
# Subtest: loading or unavailable vault state blocks code issuance until recovery state is known
ok 882 - loading or unavailable vault state blocks code issuance until recovery state is known
  ---
  duration_ms: 0.925208
  type: 'test'
  ...
# Subtest: all account locales provide the recovery operation states and explicit mismatch actions
ok 883 - all account locales provide the recovery operation states and explicit mismatch actions
  ---
  duration_ms: 3.140958
  type: 'test'
  ...
# Subtest: analytics lookup uses canonical identity
ok 884 - analytics lookup uses canonical identity
  ---
  duration_ms: 1605.018458
  type: 'test'
  ...
# Subtest: Certification Exam runner uses exact resume, route-keyed reads and expired result navigation
ok 885 - Certification Exam runner uses exact resume, route-keyed reads and expired result navigation
  ---
  duration_ms: 2.153167
  type: 'test'
  ...
# Subtest: exam response changes persist the canonical choice response before publishing the refreshed selection
ok 886 - exam response changes persist the canonical choice response before publishing the refreshed selection
  ---
  duration_ms: 0.445792
  type: 'test'
  ...
# Subtest: all exam draft writes and navigation share one in-flight action lane
ok 887 - all exam draft writes and navigation share one in-flight action lane
  ---
  duration_ms: 3.097791
  type: 'test'
  ...
# Subtest: a durable navigator move closes the navigator while a failed projection read exposes retry
ok 888 - a durable navigator move closes the navigator while a failed projection read exposes retry
  ---
  duration_ms: 0.41275
  type: 'test'
  ...
# Subtest: exam actions describe navigation and finish confirmation, including unanswered questions
ok 889 - exam actions describe navigation and finish confirmation, including unanswered questions
  ---
  duration_ms: 0.336958
  type: 'test'
  ...
# Subtest: review fixture accepts only named development smoke cases and exact deep links
ok 890 - review fixture accepts only named development smoke cases and exact deep links
  ---
  duration_ms: 3.524708
  type: 'test'
  ...
# Subtest: reopening the same fixture case creates a fresh launch identity
ok 891 - reopening the same fixture case creates a fresh launch identity
  ---
  duration_ms: 0.293958
  type: 'test'
  ...
# Subtest: fixture readers are optional screen seams and production readers remain the default
ok 892 - fixture readers are optional screen seams and production readers remain the default
  ---
  duration_ms: 2.529125
  type: 'test'
  ...
# Subtest: fixture creates validator-approved fixed-50 canonical evidence without partial or persistence shortcuts
ok 893 - fixture creates validator-approved fixed-50 canonical evidence without partial or persistence shortcuts
  ---
  duration_ms: 1594.24825
  type: 'test'
  ...
# Subtest: memory readers require the fixture session identity and preserve read-only evidence
ok 894 - memory readers require the fixture session identity and preserve read-only evidence
  ---
  duration_ms: 16.12075
  type: 'test'
  ...
# Subtest: ready fixture calls the supplied opener with each exact projected source URL
ok 895 - ready fixture calls the supplied opener with each exact projected source URL
  ---
  duration_ms: 20.530541
  type: 'test'
  ...
# Subtest: source-failure fixture records exact opener attempt but never calls external URL opening
ok 896 - source-failure fixture records exact opener attempt but never calls external URL opening
  ---
  duration_ms: 58.143209
  type: 'test'
  ...
# Subtest: practice answer matrix exposes actual completed summary, five feedback previews, and full review
ok 897 - practice answer matrix exposes actual completed summary, five feedback previews, and full review
  ---
  duration_ms: 43.078291
  type: 'test'
  ...
# Subtest: Metro disabled runtime is explicitly unavailable outside smoke
ok 898 - Metro disabled runtime is explicitly unavailable outside smoke
  ---
  duration_ms: 1.079083
  type: 'test'
  ...
# Subtest: completed single-select review distinguishes the learner answer from the omitted correct answer
ok 899 - completed single-select review distinguishes the learner answer from the omitted correct answer
  ---
  duration_ms: 7.809333
  type: 'test'
  ...
# Subtest: completed multi-select review preserves every selected, correct and omitted state
ok 900 - completed multi-select review preserves every selected, correct and omitted state
  ---
  duration_ms: 0.869417
  type: 'test'
  ...
# Subtest: a request change makes an in-flight interval refresh stale before publication
ok 901 - a request change makes an in-flight interval refresh stale before publication
  ---
  duration_ms: 4.897709
  type: 'test'
  ...
# Subtest: a newer same-request refresh wins over an older success
ok 902 - a newer same-request refresh wins over an older success
  ---
  duration_ms: 0.4325
  type: 'test'
  ...
# Subtest: slow overlapping interval reads keep publishing when they complete in order
ok 903 - slow overlapping interval reads keep publishing when they complete in order
  ---
  duration_ms: 0.675
  type: 'test'
  ...
# Subtest: a newer successful refresh suppresses an older error
ok 904 - a newer successful refresh suppresses an older error
  ---
  duration_ms: 0.50625
  type: 'test'
  ...
# Subtest: a newer successful refresh suppresses an older expiry
ok 905 - a newer successful refresh suppresses an older expiry
  ---
  duration_ms: 0.204167
  type: 'test'
  ...
# Subtest: a newer same-request rejection wins over an older success
ok 906 - a newer same-request rejection wins over an older success
  ---
  duration_ms: 0.75875
  type: 'test'
  ...
# Subtest: a newer same-request expiry wins over an older success
ok 907 - a newer same-request expiry wins over an older success
  ---
  duration_ms: 0.649084
  type: 'test'
  ...
# Subtest: unmount cleanup invalidates an in-flight expiry read before publication
ok 908 - unmount cleanup invalidates an in-flight expiry read before publication
  ---
  duration_ms: 0.510625
  type: 'test'
  ...
# Subtest: request change during start-on-miss prevents starting or rereading a replacement exam
ok 909 - request change during start-on-miss prevents starting or rereading a replacement exam
  ---
  duration_ms: 0.956167
  type: 'test'
  ...
# Subtest: unmount cleanup during start-on-miss prevents the after-start interval read
ok 910 - unmount cleanup during start-on-miss prevents the after-start interval read
  ---
  duration_ms: 1.267917
  type: 'test'
  ...
# Subtest: current start-on-miss refreshes after the new exam is started
ok 911 - current start-on-miss refreshes after the new exam is started
  ---
  duration_ms: 0.372583
  type: 'test'
  ...
# Subtest: request change during expected resume prevents the old session from publishing
ok 912 - request change during expected resume prevents the old session from publishing
  ---
  duration_ms: 0.253208
  type: 'test'
  ...
# Subtest: expected resume failure never falls back to starting a new exam
ok 913 - expected resume failure never falls back to starting a new exam
  ---
  duration_ms: 0.310417
  type: 'test'
  ...
# Subtest: the current expiry outcome carries its session id for guarded navigation
ok 914 - the current expiry outcome carries its session id for guarded navigation
  ---
  duration_ms: 0.196375
  type: 'test'
  ...
# Subtest: Exam Review has one local header owner and returns to the exact result session
ok 915 - Exam Review has one local header owner and returns to the exact result session
  ---
  duration_ms: 1.70675
  type: 'test'
  ...
# Subtest: Previous and Next preserve their question navigation and boundary disabling
ok 916 - Previous and Next preserve their question navigation and boundary disabling
  ---
  duration_ms: 0.500208
  type: 'test'
  ...
# Subtest: Unanswered uses shared feedback with complete details expanded and reporting unchanged
ok 917 - Unanswered uses shared feedback with complete details expanded and reporting unchanged
  ---
  duration_ms: 0.300542
  type: 'test'
  ...
# Subtest: opaque result evidence preserves all answered outcomes including partial credit
ok 918 - opaque result evidence preserves all answered outcomes including partial credit
  ---
  duration_ms: 5.530416
  type: 'test'
  ...
# Subtest: missing, malformed and inconsistent evidence does not invent zero scores
ok 919 - missing, malformed and inconsistent evidence does not invent zero scores
  ---
  duration_ms: 3.436167
  type: 'test'
  ...
# Subtest: a real zero and an absent abandoned score remain distinct
ok 920 - a real zero and an absent abandoned score remain distinct
  ---
  duration_ms: 2.854625
  type: 'test'
  ...
# Subtest: invalid points stay unavailable without clamping
ok 921 - invalid points stay unavailable without clamping
  ---
  duration_ms: 1.845416
  type: 'test'
  ...
# Subtest: exact historical maximum corrects display without mutating durable evidence
ok 922 - exact historical maximum corrects display without mutating durable evidence
  ---
  duration_ms: 0.442292
  type: 'test'
  ...
# Subtest: backend diagnostics records prerequisite and sync preparation failures before final status
ok 923 - backend diagnostics records prerequisite and sync preparation failures before final status
  ---
  duration_ms: 2.522708
  type: 'test'
  ...
# Subtest: successful backend diagnostics still verify sync apply, deduplication, conflict, and read-after
ok 924 - successful backend diagnostics still verify sync apply, deduplication, conflict, and read-after
  ---
  duration_ms: 0.575791
  type: 'test'
  ...
# Subtest: GoalCadenceScreen passes its selected app locale into the calendar
ok 925 - GoalCadenceScreen passes its selected app locale into the calendar
  ---
  duration_ms: 1.563
  type: 'test'
  ...
# Subtest: the rendered month, weekday headings and accessible dates all use that locale
ok 926 - the rendered month, weekday headings and accessible dates all use that locale
  ---
  duration_ms: 81.6315
  type: 'test'
  ...
# Subtest: month boundaries, leap days and week starts build complete selectable grids
ok 927 - month boundaries, leap days and week starts build complete selectable grids
  ---
  duration_ms: 0.867416
  type: 'test'
  ...
# Subtest: the selected date is exposed through button state and its press updates the pending date
ok 928 - the selected date is exposed through button state and its press updates the pending date
  ---
  duration_ms: 0.64225
  type: 'test'
  ...
# Subtest: only English starts on Sunday and all other supported locales start on Monday
ok 929 - only English starts on Sunday and all other supported locales start on Monday
  ---
  duration_ms: 0.186042
  type: 'test'
  ...
# Subtest: Activity opens only resolver-owned result destinations
ok 930 - Activity opens only resolver-owned result destinations
  ---
  duration_ms: 4.322792
  type: 'test'
  ...
# Subtest: Activity result routing fails closed for inline-only records
ok 931 - Activity result routing fails closed for inline-only records
  ---
  duration_ms: 1.117916
  type: 'test'
  ...
# Subtest: Activity navigation preserves the original session identity
ok 932 - Activity navigation preserves the original session identity
  ---
  duration_ms: 0.693375
  type: 'test'
  ...
# Subtest: Activity renders unavailable history as an explicit detail surface without runtime navigation
ok 933 - Activity renders unavailable history as an explicit detail surface without runtime navigation
  ---
  duration_ms: 4.070375
  type: 'test'
  ...
# Subtest: Activity detail disclosures are mutually exclusive and expose expanded state
ok 934 - Activity detail disclosures are mutually exclusive and expose expanded state
  ---
  duration_ms: 0.581375
  type: 'test'
  ...
# Subtest: goal cadence is a reachable root route backed by the canonical repository
ok 935 - goal cadence is a reachable root route backed by the canonical repository
  ---
  duration_ms: 6.440042
  type: 'test'
  ...
# Subtest: Progress owns the goal entry point for the active track
ok 936 - Progress owns the goal entry point for the active track
  ---
  duration_ms: 0.2935
  type: 'test'
  ...
# Subtest: Settings opens the shared goal screen with its return context
ok 937 - Settings opens the shared goal screen with its return context
  ---
  duration_ms: 0.311125
  type: 'test'
  ...
# Subtest: active goal summary only exposes Save while editing
ok 938 - active goal summary only exposes Save while editing
  ---
  duration_ms: 0.26225
  type: 'test'
  ...
# Subtest: active goal summary keeps the reminder draft noninteractive
ok 939 - active goal summary keeps the reminder draft noninteractive
  ---
  duration_ms: 0.524
  type: 'test'
  ...
# Subtest: goal status and selected day labels use onPrimary on filled backgrounds
ok 940 - goal status and selected day labels use onPrimary on filled backgrounds
  ---
  duration_ms: 0.309708
  type: 'test'
  ...
# Subtest: preferred-day shortcuts preserve domain ids and translate every EN/PL label
ok 941 - preferred-day shortcuts preserve domain ids and translate every EN/PL label
  ---
  duration_ms: 0.87575
  type: 'test'
  ...
# Subtest: goal reminders are a read-only preferred-day draft in both create and active summary
ok 942 - goal reminders are a read-only preferred-day draft in both create and active summary
  ---
  duration_ms: 0.873459
  type: 'test'
  ...
# Subtest: target dates use the shared localized calendar with cancellable drafts and an explicit ISO commit
ok 943 - target dates use the shared localized calendar with cancellable drafts and an explicit ISO commit
  ---
  duration_ms: 2.970292
  type: 'test'
  ...
# Subtest: goal editing uses local keyboard avoidance while preserving the shared sticky footer
ok 944 - goal editing uses local keyboard avoidance while preserving the shared sticky footer
  ---
  duration_ms: 1.166583
  type: 'test'
  ...
# Subtest: goal loading keeps its back action separate from the busy content announcement
ok 945 - goal loading keeps its back action separate from the busy content announcement
  ---
  duration_ms: 0.479542
  type: 'test'
  ...
# Subtest: goal templates are sourced from every canonical track descriptor
ok 946 - goal templates are sourced from every canonical track descriptor
  ---
  duration_ms: 9.217917
  type: 'test'
  ...
# Subtest: default goal is valid and keeps optional date unset
ok 947 - default goal is valid and keeps optional date unset
  ---
  duration_ms: 0.746958
  type: 'test'
  ...
# Subtest: goal persistence guard rejects invalid cadence, date, track template, and extra fields
ok 948 - goal persistence guard rejects invalid cadence, date, track template, and extra fields
  ---
  duration_ms: 0.697209
  type: 'test'
  ...
# Subtest: goal normalizer derives ordered cadence from legacy targets and every day count
ok 949 - goal normalizer derives ordered cadence from legacy targets and every day count
  ---
  duration_ms: 0.793167
  type: 'test'
  ...
# Subtest: goal repository normalizes legacy records on read without repairing storage
ok 950 - goal repository normalizes legacy records on read without repairing storage
  ---
  duration_ms: 1.790292
  type: 'test'
  ...
# Subtest: empty legacy goals remain readable, but saving an empty selection is rejected without data loss
ok 951 - empty legacy goals remain readable, but saving an empty selection is rejected without data loss
  ---
  duration_ms: 1.234709
  type: 'test'
  ...
# Subtest: goal repository rejects a zero target with selected days without repairing the record
ok 952 - goal repository rejects a zero target with selected days without repairing the record
  ---
  duration_ms: 0.649125
  type: 'test'
  ...
# Subtest: saving a goal persists the normalized cadence while preserving other fields
ok 953 - saving a goal persists the normalized cadence while preserving other fields
  ---
  duration_ms: 0.58475
  type: 'test'
  ...
# Subtest: goal repository persists one canonical record per track
ok 954 - goal repository persists one canonical record per track
  ---
  duration_ms: 0.680709
  type: 'test'
  ...
# Subtest: target-date projection follows goal type and explicit own-pace saves remove only legacy dates
ok 955 - target-date projection follows goal type and explicit own-pace saves remove only legacy dates
  ---
  duration_ms: 0.847541
  type: 'test'
  ...
# Subtest: saved ISO dates initialize the native picker at local noon and preserve leap days
ok 956 - saved ISO dates initialize the native picker at local noon and preserve leap days
  ---
  duration_ms: 3.11525
  type: 'test'
  ...
# Subtest: empty dates initialize to device-local today at noon
ok 957 - empty dates initialize to device-local today at noon
  ---
  duration_ms: 0.27625
  type: 'test'
  ...
# Subtest: non-empty saved dates must satisfy the persisted ISO calendar-date contract
ok 958 - non-empty saved dates must satisfy the persisted ISO calendar-date contract
  ---
  duration_ms: 0.62925
  type: 'test'
  ...
# Subtest: local calendar dates round-trip across a daylight-saving transition
ok 959 - local calendar dates round-trip across a daylight-saving transition
  ---
  duration_ms: 1.492666
  type: 'test'
  ...
# Subtest: guest privacy request copy separates acceptance from unconfirmed email delivery
ok 960 - guest privacy request copy separates acceptance from unconfirmed email delivery
  ---
  duration_ms: 2.607041
  type: 'test'
  ...
# Subtest: guest privacy retry identity survives restart without persisting a session token
ok 961 - guest privacy retry identity survives restart without persisting a session token
  ---
  duration_ms: 3.922584
  type: 'test'
  ...
# Subtest: choosing the first track reloads Home data for that selected track
ok 962 - choosing the first track reloads Home data for that selected track
  ---
  duration_ms: 1.508291
  type: 'test'
  ...
# Subtest: a failed Home shell read keeps the learner in a retryable state on the canonical load path
ok 963 - a failed Home shell read keeps the learner in a retryable state on the canonical load path
  ---
  duration_ms: 0.332792
  type: 'test'
  ...
# Subtest: Home focus retries only eligible pending account data and clears route tab suppression on local navigation
ok 964 - Home focus retries only eligible pending account data and clears route tab suppression on local navigation
  ---
  duration_ms: 0.416375
  type: 'test'
  ...
# Subtest: Home keeps resume-required handling internal instead of showing sync implementation details
ok 965 - Home keeps resume-required handling internal instead of showing sync implementation details
  ---
  duration_ms: 0.247375
  type: 'test'
  ...
# Subtest: the first Home visit replaces repeated empty metrics with one honest next-step state
ok 966 - the first Home visit replaces repeated empty metrics with one honest next-step state
  ---
  duration_ms: 1.612167
  type: 'test'
  ...
# Subtest: goal invitation stays optional for guest and healthy account, reloads after Goal, and persists dismissal per track
ok 967 - goal invitation stays optional for guest and healthy account, reloads after Goal, and persists dismissal per track
  ---
  duration_ms: 1.00125
  type: 'test'
  ...
# Subtest: Home stacks quiet-layered context and decision metadata at large text sizes
ok 968 - Home stacks quiet-layered context and decision metadata at large text sizes
  ---
  duration_ms: 2.129083
  type: 'test'
  ...
# Subtest: editor route carries only editor identity and never silently loads a plan
ok 969 - editor route carries only editor identity and never silently loads a plan
  ---
  duration_ms: 2.137834
  type: 'test'
  ...
# Subtest: editor commits through the runtime wrapper and keeps reminder retry visible
ok 970 - editor commits through the runtime wrapper and keeps reminder retry visible
  ---
  duration_ms: 0.638833
  type: 'test'
  ...
# Subtest: learning plan fixture URL accepts only the explicit development smoke case enum
ok 971 - learning plan fixture URL accepts only the explicit development smoke case enum
  ---
  duration_ms: 3.453583
  type: 'test'
  ...
# Subtest: reopening the same fixture URL creates a fresh launch identity
ok 972 - reopening the same fixture URL creates a fresh launch identity
  ---
  duration_ms: 0.309917
  type: 'test'
  ...
# Subtest: named proposal fixture cases produce domain-generated screen states with the declared schedule shape
ok 973 - named proposal fixture cases produce domain-generated screen states with the declared schedule shape
  ---
  duration_ms: 3055.09175
  type: 'test'
  ...
# Subtest: fixture actions report one in-memory call and never report storage success
ok 974 - fixture actions report one in-memory call and never report storage success
  ---
  duration_ms: 6004.759
  type: 'test'
  ...
# Subtest: delayed loading remains pending before it resolves to the ready view
ok 975 - delayed loading remains pending before it resolves to the ready view
  ---
  duration_ms: 3005.03
  type: 'test'
  ...
# Subtest: disabled fixture peer is an explicit unavailable implementation
ok 976 - disabled fixture peer is an explicit unavailable implementation
  ---
  duration_ms: 0.872209
  type: 'test'
  ...
# Subtest: proposal route carries only identity and resolves the in-memory proposal
ok 977 - proposal route carries only identity and resolves the in-memory proposal
  ---
  duration_ms: 3.535625
  type: 'test'
  ...
# Subtest: proposal accepts through the plan/reminder runtime and preserves pending saves
ok 978 - proposal accepts through the plan/reminder runtime and preserves pending saves
  ---
  duration_ms: 0.543667
  type: 'test'
  ...
# Subtest: proposal keeps explicit states, edit actions and localized copy
ok 979 - proposal keeps explicit states, edit actions and localized copy
  ---
  duration_ms: 0.431875
  type: 'test'
  ...
# Subtest: every proposal screen branch leaves the top safe area to its stack header
ok 980 - every proposal screen branch leaves the top safe area to its stack header
  ---
  duration_ms: 0.351875
  type: 'test'
  ...
# Subtest: ready and shortened proposals use the review title and a two-action footer
ok 981 - ready and shortened proposals use the review title and a two-action footer
  ---
  duration_ms: 0.739083
  type: 'test'
  ...
# Subtest: goal type is the card heading while target and selected days remain visible
ok 982 - goal type is the card heading while target and selected days remain visible
  ---
  duration_ms: 0.335208
  type: 'test'
  ...
# Subtest: review title is localized in all seven locales and removed goal-context copy is dead
ok 983 - review title is localized in all seven locales and removed goal-context copy is dead
  ---
  duration_ms: 0.420583
  type: 'test'
  ...
# Subtest: shortfall and saved-plan actions retain their existing semantics
ok 984 - shortfall and saved-plan actions retain their existing semantics
  ---
  duration_ms: 0.378916
  type: 'test'
  ...
# Subtest: goal save still opens a proposal only after its existing reminder reconciliation
ok 985 - goal save still opens a proposal only after its existing reminder reconciliation
  ---
  duration_ms: 0.583083
  type: 'test'
  ...
# Subtest: target guidance retry performs a real canonical snapshot reload
ok 986 - target guidance retry performs a real canonical snapshot reload
  ---
  duration_ms: 0.852792
  type: 'test'
  ...
# Subtest: authenticated required narrative validation returns inline error before either create command
ok 987 - authenticated required narrative validation returns inline error before either create command
  ---
  duration_ms: 3.1195
  type: 'test'
  ...
# Subtest: guest invalid email validation returns field error before either create command
ok 988 - guest invalid email validation returns field error before either create command
  ---
  duration_ms: 0.439333
  type: 'test'
  ...
# Subtest: valid submissions route exactly once and trim optional values
ok 989 - valid submissions route exactly once and trim optional values
  ---
  duration_ms: 0.53975
  type: 'test'
  ...
# Subtest: Progress model presents canonical guidance and clamps C3 completion ratio
ok 990 - Progress model presents canonical guidance and clamps C3 completion ratio
  ---
  duration_ms: 44.80975
  type: 'test'
  ...
# Subtest: Progress model never creates a self-link for completed guidance
ok 991 - Progress model never creates a self-link for completed guidance
  ---
  duration_ms: 2.471583
  type: 'test'
  ...
# Subtest: Progress model does not offer a new plan session while one is active
ok 992 - Progress model does not offer a new plan session while one is active
  ---
  duration_ms: 17.957208
  type: 'test'
  ...
# Subtest: Progress model keeps none guidance explicit for no goal, paused goal and no plan
ok 993 - Progress model keeps none guidance explicit for no goal, paused goal and no plan
  ---
  duration_ms: 4.159666
  type: 'test'
  ...
# Subtest: Progress model fails closed for a foreign active track or unavailable snapshot
ok 994 - Progress model fails closed for a foreign active track or unavailable snapshot
  ---
  duration_ms: 8.091667
  type: 'test'
  ...
# Subtest: track selection turns an active-track read rejection into an explicit retryable unavailable state
ok 995 - track selection turns an active-track read rejection into an explicit retryable unavailable state
  ---
  duration_ms: 2.396334
  type: 'test'
  ...
# Subtest: track selection retains the local choice and offers the same command again after a save rejection
ok 996 - track selection retains the local choice and offers the same command again after a save rejection
  ---
  duration_ms: 0.68675
  type: 'test'
  ...
# Subtest: track selection waits for clean reminder reconciliation before completing
ok 997 - track selection waits for clean reminder reconciliation before completing
  ---
  duration_ms: 0.462541
  type: 'test'
  ...
# Subtest: track selection stacks dense rows and actions instead of clipping large text
ok 998 - track selection stacks dense rows and actions instead of clipping large text
  ---
  duration_ms: 1.84325
  type: 'test'
  ...
# Subtest: Algorithms bootstrap accepts a reachable large-text control without requiring full card visibility
ok 999 - Algorithms bootstrap accepts a reachable large-text control without requiring full card visibility
  ---
  duration_ms: 0.249334
  type: 'test'
  ...
# Subtest: track cards use the canonical Figma icon mapping for every active track
ok 1000 - track cards use the canonical Figma icon mapping for every active track
  ---
  duration_ms: 0.374416
  type: 'test'
  ...
# Subtest: track selection mirrors the Figma returning and switching footer states
ok 1001 - track selection mirrors the Figma returning and switching footer states
  ---
  duration_ms: 0.911917
  type: 'test'
  ...
# Subtest: Activity groups durable terminal sessions and keeps the row projection truthful
ok 1002 - Activity groups durable terminal sessions and keeps the row projection truthful
  ---
  duration_ms: 62.701708
  type: 'test'
  ...
# Subtest: Activity identifies an absolute-deadline completion without relabeling manual abandonment
ok 1003 - Activity identifies an absolute-deadline completion without relabeling manual abandonment
  ---
  duration_ms: 0.745791
  type: 'test'
  ...
# Subtest: Activity interaction matrix opens only summaries supported by durable family evidence
ok 1004 - Activity interaction matrix opens only summaries supported by durable family evidence
  ---
  duration_ms: 36.372833
  type: 'test'
  ...
# Subtest: Activity track filter returns only records for the selected canonical track
ok 1005 - Activity track filter returns only records for the selected canonical track
  ---
  duration_ms: 0.356958
  type: 'test'
  ...
# Subtest: Activity uses local calendar days and Monday-based calendar weeks
ok 1006 - Activity uses local calendar days and Monday-based calendar weeks
  ---
  duration_ms: 0.575417
  type: 'test'
  ...
# Subtest: Activity keeps local midnight and relative labels correct across a DST boundary
ok 1007 - Activity keeps local midnight and relative labels correct across a DST boundary
  ---
  duration_ms: 21.779
  type: 'test'
  ...
# Subtest: Activity date labels format relative words and month names from the selected locale
ok 1008 - Activity date labels format relative words and month names from the selected locale
  ---
  duration_ms: 161.992792
  type: 'test'
  ...
# Subtest: Activity keeps unavailable archival summaries separate from runtime navigation facts
ok 1009 - Activity keeps unavailable archival summaries separate from runtime navigation facts
  ---
  duration_ms: 2.155833
  type: 'test'
  ...
# Subtest: Activity never exposes an unknown archived track identity
ok 1010 - Activity never exposes an unknown archived track identity
  ---
  duration_ms: 1.662334
  type: 'test'
  ...
# Subtest: Claude Progress metadata exactly covers the seven blueprint-linked node IDs
ok 1011 - Claude Progress metadata exactly covers the seven blueprint-linked node IDs
  ---
  duration_ms: 5.356125
  type: 'test'
  ...
# Subtest: Google Cloud Progress metadata exactly covers the four scoring domains
ok 1012 - Google Cloud Progress metadata exactly covers the four scoring domains
  ---
  duration_ms: 0.711041
  type: 'test'
  ...
# Subtest: unknown, aliased, and cross-track IDs remain explicitly unavailable
ok 1013 - unknown, aliased, and cross-track IDs remain explicitly unavailable
  ---
  duration_ms: 0.681125
  type: 'test'
  ...
# Subtest: every authored title and description has exact EN and PL locale entries
ok 1014 - every authored title and description has exact EN and PL locale entries
  ---
  duration_ms: 3.695292
  type: 'test'
  ...
# Subtest: Progress renders authored meaning in Current focus and Performance evidence
ok 1015 - Progress renders authored meaning in Current focus and Performance evidence
  ---
  duration_ms: 0.848125
  type: 'test'
  ...
# Subtest: Claude Progress with zero attempts stays empty without inventing a score
ok 1016 - Claude Progress with zero attempts stays empty without inventing a score
  ---
  duration_ms: 1187.148167
  type: 'test'
  ...
# Subtest: home progress uses canonical tracks
ok 1017 - home progress uses canonical tracks
  ---
  duration_ms: 1586.844041
  type: 'test'
  ...
# Subtest: Coding Interview Home uses the canonical dashboard projection for guided practice
ok 1018 - Coding Interview Home uses the canonical dashboard projection for guided practice
  ---
  duration_ms: 824.1425
  type: 'test'
  ...
# Subtest: Coding Interview Home recommends due review from canonical counts
ok 1019 - Coding Interview Home recommends due review from canonical counts
  ---
  duration_ms: 0.330458
  type: 'test'
  ...
# Subtest: track evidence rows stay informational while local show-more behavior remains
ok 1020 - track evidence rows stay informational while local show-more behavior remains
  ---
  duration_ms: 2.046625
  type: 'test'
  ...
# Subtest: empty progress keeps practice as the primary action and exposes global activity
ok 1021 - empty progress keeps practice as the primary action and exposes global activity
  ---
  duration_ms: 0.562833
  type: 'test'
  ...
# Subtest: the shared Home shell opens the track-aware Practice Hub from empty Progress
ok 1022 - the shared Home shell opens the track-aware Practice Hub from empty Progress
  ---
  duration_ms: 0.516625
  type: 'test'
  ...
# Subtest: Home passes canonical sessions and exact row navigation into Progress
ok 1023 - Home passes canonical sessions and exact row navigation into Progress
  ---
  duration_ms: 0.454041
  type: 'test'
  ...
# Subtest: Progress receives the single canonical Home plan snapshot and guidance action owner
ok 1024 - Progress receives the single canonical Home plan snapshot and guidance action owner
  ---
  duration_ms: 0.7
  type: 'test'
  ...
# Subtest: Completed guidance does not render a Progress self-link
ok 1025 - Completed guidance does not render a Progress self-link
  ---
  duration_ms: 0.523584
  type: 'test'
  ...
# Subtest: Settings names guest and signed-out entry honestly and never offers guest sign-out
ok 1026 - Settings names guest and signed-out entry honestly and never offers guest sign-out
  ---
  duration_ms: 3.019042
  type: 'test'
  ...
# Subtest: Settings preserves authenticated identity and distinguishes synchronized from repair states
ok 1027 - Settings preserves authenticated identity and distinguishes synchronized from repair states
  ---
  duration_ms: 0.372666
  type: 'test'
  ...
# Subtest: Settings treats synced account data with durable warnings as needing attention
ok 1028 - Settings treats synced account data with durable warnings as needing attention
  ---
  duration_ms: 0.214459
  type: 'test'
  ...
# Subtest: Settings maps only the resume-required sign-out pair to canonical localized copy
ok 1029 - Settings maps only the resume-required sign-out pair to canonical localized copy
  ---
  duration_ms: 2.522833
  type: 'test'
  ...
# Subtest: Settings blocks invalid actions while account lifecycle work is busy and keeps recovery states available
ok 1030 - Settings blocks invalid actions while account lifecycle work is busy and keeps recovery states available
  ---
  duration_ms: 0.727375
  type: 'test'
  ...
# Subtest: Your data presents an explicit action/details/privacy matrix for every account state
ok 1031 - Your data presents an explicit action/details/privacy matrix for every account state
  ---
  duration_ms: 4.255708
  type: 'test'
  ...
# Subtest: Your data distinguishes the timeout recovery action from other unavailable reasons
ok 1032 - Your data distinguishes the timeout recovery action from other unavailable reasons
  ---
  duration_ms: 0.357125
  type: 'test'
  ...
# Subtest: Your data keeps details and privacy access exclusive to authenticated and exact guest states
ok 1033 - Your data keeps details and privacy access exclusive to authenticated and exact guest states
  ---
  duration_ms: 0.57975
  type: 'test'
  ...
# Subtest: Recovery-pending copy is translated in every supported data locale
ok 1034 - Recovery-pending copy is translated in every supported data locale
  ---
  duration_ms: 1.880292
  type: 'test'
  ...
# Subtest: Premium offer stacks copy and actions instead of squeezing copy beside the action
ok 1035 - Premium offer stacks copy and actions instead of squeezing copy beside the action
  ---
  duration_ms: 2.323583
  type: 'test'
  ...
# Subtest: certification exam premium admission maps each outcome explicitly
ok 1036 - certification exam premium admission maps each outcome explicitly
  ---
  duration_ms: 1.379791
  type: 'test'
  ...
# Subtest: Practice Hub keeps the exam offer visible and routes each admission outcome
ok 1037 - Practice Hub keeps the exam offer visible and routes each admission outcome
  ---
  duration_ms: 1.893041
  type: 'test'
  ...
# Subtest: answer cards show state through the card and letter without a redundant status row
ok 1038 - answer cards show state through the card and letter without a redundant status row
  ---
  duration_ms: 2.289459
  type: 'test'
  ...
# Subtest: practice and review keep correctness and selection in accessibility semantics
ok 1039 - practice and review keep correctness and selection in accessibility semantics
  ---
  duration_ms: 0.396584
  type: 'test'
  ...
# Subtest: practice completion handoff retains canonical question identity
ok 1040 - practice completion handoff retains canonical question identity
  ---
  duration_ms: 1299.742375
  type: 'test'
  ...
# Subtest: structured Claude feedback renders explanatory text without leaking block metadata
ok 1041 - structured Claude feedback renders explanatory text without leaking block metadata
  ---
  duration_ms: 4.409417
  type: 'test'
  ...
# Subtest: feedback detail projection keeps scalar and nested explanatory values
ok 1042 - feedback detail projection keeps scalar and nested explanatory values
  ---
  duration_ms: 0.261042
  type: 'test'
  ...
# Subtest: practice selects a canonical pool
ok 1043 - practice selects a canonical pool
  ---
  duration_ms: 1328.952375
  type: 'test'
  ...
# Subtest: GCP practice topic comes from its node mode after the diagnostic-first mode
ok 1044 - GCP practice topic comes from its node mode after the diagnostic-first mode
  ---
  duration_ms: 967.537916
  type: 'test'
  ...
# Subtest: Certification Exam Simulation is offered only for a validated prepared profile
ok 1045 - Certification Exam Simulation is offered only for a validated prepared profile
  ---
  duration_ms: 3.537
  type: 'test'
  ...
# Subtest: Coding Mock is offered only for the validated Coding simulation profile without changing practice modes
ok 1046 - Coding Mock is offered only for the validated Coding simulation profile without changing practice modes
  ---
  duration_ms: 1.094541
  type: 'test'
  ...
# Subtest: Design Weak Area Review stays unavailable without review evidence
ok 1047 - Design Weak Area Review stays unavailable without review evidence
  ---
  duration_ms: 0.474666
  type: 'test'
  ...
# Subtest: practice session exit resets navigation above the closed session
ok 1048 - practice session exit resets navigation above the closed session
  ---
  duration_ms: 3.303583
  type: 'test'
  ...
# Subtest: practice session exit can return to the hub without a topic override
ok 1049 - practice session exit can return to the hub without a topic override
  ---
  duration_ms: 0.314417
  type: 'test'
  ...
# Subtest: the canonical Custom Practice hero opens setup without a duplicate mode row
ok 1050 - the canonical Custom Practice hero opens setup without a duplicate mode row
  ---
  duration_ms: 1.264833
  type: 'test'
  ...
# Subtest: Design mode entries open setup so learners can select the configured session length
ok 1051 - Design mode entries open setup so learners can select the configured session length
  ---
  duration_ms: 0.542709
  type: 'test'
  ...
# Subtest: Claude structured question presentation is selected only from canonical track identity
ok 1052 - Claude structured question presentation is selected only from canonical track identity
  ---
  duration_ms: 1.911042
  type: 'test'
  ...
# Subtest: structured presentation preserves authored prompt and constraint strings
ok 1053 - structured presentation preserves authored prompt and constraint strings
  ---
  duration_ms: 0.340292
  type: 'test'
  ...
# Subtest: structured constraints have localized semantics and stable identity
ok 1054 - structured constraints have localized semantics and stable identity
  ---
  duration_ms: 0.223584
  type: 'test'
  ...
# Subtest: primary session CTA routes activations through the phase-identity carry-over guard
ok 1055 - primary session CTA routes activations through the phase-identity carry-over guard
  ---
  duration_ms: 0.565583
  type: 'test'
  ...
# Subtest: fixture chrome reuses the Practice shell slots without adding a nested scroll owner
ok 1056 - fixture chrome reuses the Practice shell slots without adding a nested scroll owner
  ---
  duration_ms: 0.5035
  type: 'test'
  ...
# Subtest: practice screens turn unsupported package, topic, and mode reads into exits
ok 1057 - practice screens turn unsupported package, topic, and mode reads into exits
  ---
  duration_ms: 3.925167
  type: 'test'
  ...
# Subtest: Design simulation uses its dedicated result and cannot enter objective setup
ok 1058 - Design simulation uses its dedicated result and cannot enter objective setup
  ---
  duration_ms: 0.852125
  type: 'test'
  ...
# Subtest: all selected Design modes require Premium admission before their canonical route
ok 1059 - all selected Design modes require Premium admission before their canonical route
  ---
  duration_ms: 1.037459
  type: 'test'
  ...
# Subtest: practice route changes cannot submit stale setup controls and preserve track identity
ok 1060 - practice route changes cannot submit stale setup controls and preserve track identity
  ---
  duration_ms: 1.213625
  type: 'test'
  ...
# Subtest: changing track returns through the Home root and drops practice route overrides
ok 1061 - changing track returns through the Home root and drops practice route overrides
  ---
  duration_ms: 0.400666
  type: 'test'
  ...
# Subtest: Hub uses its displayed primary mode and package length defaults
ok 1062 - Hub uses its displayed primary mode and package length defaults
  ---
  duration_ms: 2.721666
  type: 'test'
  ...
# Subtest: Home practice navigation preserves track identity and unavailable topics keep their context
ok 1063 - Home practice navigation preserves track identity and unavailable topics keep their context
  ---
  duration_ms: 0.900625
  type: 'test'
  ...
# Subtest: all practice runners prevent native removal and replay the exact action after leave confirmation
ok 1064 - all practice runners prevent native removal and replay the exact action after leave confirmation
  ---
  duration_ms: 3.269417
  type: 'test'
  ...
# Subtest: Certification and Design unlock actions only after the refreshed projection commits
ok 1065 - Certification and Design unlock actions only after the refreshed projection commits
  ---
  duration_ms: 2.758041
  type: 'test'
  ...
# Subtest: Custom Practice accepts its package-declared length and persists its selected feedback timing
ok 1066 - Custom Practice accepts its package-declared length and persists its selected feedback timing
  ---
  duration_ms: 952.735
  type: 'test'
  ...
# Subtest: Coding Interview simulation resume targets its durable profile route
ok 1067 - Coding Interview simulation resume targets its durable profile route
  ---
  duration_ms: 3.304125
  type: 'test'
  ...
# Subtest: Custom Practice setup rejects every unsupported session length
ok 1068 - Custom Practice setup rejects every unsupported session length
  ---
  duration_ms: 0.625917
  type: 'test'
  ...
# Subtest: Custom Practice requires a selected timing while predefined Algorithms modes retain fixed timings
ok 1069 - Custom Practice requires a selected timing while predefined Algorithms modes retain fixed timings
  ---
  duration_ms: 0.368333
  type: 'test'
  ...
# Subtest: rejects an Algorithms session length that the selected mode does not declare
ok 1070 - rejects an Algorithms session length that the selected mode does not declare
  ---
  duration_ms: 0.191542
  type: 'test'
  ...
# Subtest: Independent Practice direct entry fails because it is excluded from the bundled Free package
ok 1071 - Independent Practice direct entry fails because it is excluded from the bundled Free package
  ---
  duration_ms: 0.395625
  type: 'test'
  ...
# Subtest: Certification resume routes preserve exact immutable configuration for package modes
ok 1072 - Certification resume routes preserve exact immutable configuration for package modes
  ---
  duration_ms: 1.216
  type: 'test'
  ...
# Subtest: Certification resume rejects stale, cross-track, exam, and non-active sessions explicitly
ok 1073 - Certification resume rejects stale, cross-track, exam, and non-active sessions explicitly
  ---
  duration_ms: 1.230709
  type: 'test'
  ...
# Subtest: only Claude Focus exposes selectable feedback while other Certification setup stays fixed
ok 1074 - only Claude Focus exposes selectable feedback while other Certification setup stays fixed
  ---
  duration_ms: 1.182
  type: 'test'
  ...
# Subtest: Practice Setup uses the package default until the learner or route selects a supported length
ok 1075 - Practice Setup uses the package default until the learner or route selects a supported length
  ---
  duration_ms: 0.609792
  type: 'test'
  ...
# Subtest: every active track has the contract-defined Practice exit copy
ok 1076 - every active track has the contract-defined Practice exit copy
  ---
  duration_ms: 9.133584
  type: 'test'
  ...
# Subtest: Practice exit rejects missing and unknown track identities without a fallback
ok 1077 - Practice exit rejects missing and unknown track identities without a fallback
  ---
  duration_ms: 0.7005
  type: 'test'
  ...
# Subtest: Practice presentation never discloses feedback before the durable feedback boundary
ok 1078 - Practice presentation never discloses feedback before the durable feedback boundary
  ---
  duration_ms: 1.957167
  type: 'test'
  ...
# Subtest: Practice presentation permits response edits before a journal exists
ok 1079 - Practice presentation permits response edits before a journal exists
  ---
  duration_ms: 0.36325
  type: 'test'
  ...
# Subtest: Practice action model separates final feedback from the durable Finish command
ok 1080 - Practice action model separates final feedback from the durable Finish command
  ---
  duration_ms: 3.614667
  type: 'test'
  ...
# Subtest: Deferred feedback keeps the submit CTA and saving status aligned
ok 1081 - Deferred feedback keeps the submit CTA and saving status aligned
  ---
  duration_ms: 0.573583
  type: 'test'
  ...
# Subtest: Practice pending phases retain a stable unsafe-action lock
ok 1082 - Practice pending phases retain a stable unsafe-action lock
  ---
  duration_ms: 0.672667
  type: 'test'
  ...
# Subtest: primary action carry-over guard blocks only fast phase changes and permits same-phase retries
ok 1083 - primary action carry-over guard blocks only fast phase changes and permits same-phase retries
  ---
  duration_ms: 0.392417
  type: 'test'
  ...
# Subtest: Practice operation notice mapping remains one family-neutral interpretation
ok 1084 - Practice operation notice mapping remains one family-neutral interpretation
  ---
  duration_ms: 0.717208
  type: 'test'
  ...
# Subtest: Durable recovery notices stay learner-facing in English and Polish
ok 1085 - Durable recovery notices stay learner-facing in English and Polish
  ---
  duration_ms: 4.61
  type: 'test'
  ...
# Subtest: Premium session preparation failures map to localized next steps
ok 1086 - Premium session preparation failures map to localized next steps
  ---
  duration_ms: 3.841709
  type: 'test'
  ...
# Subtest: Practice local choice selection survives only the same editable occurrence
ok 1087 - Practice local choice selection survives only the same editable occurrence
  ---
  duration_ms: 1.3365
  type: 'test'
  ...
# Subtest: Scoped local response preserves all authored control types for the same editable occurrence
ok 1088 - Scoped local response preserves all authored control types for the same editable occurrence
  ---
  duration_ms: 0.373417
  type: 'test'
  ...
# Subtest: Scoped local response resets when the session or occurrence identity changes
ok 1089 - Scoped local response resets when the session or occurrence identity changes
  ---
  duration_ms: 0.185917
  type: 'test'
  ...
# Subtest: Scoped durable response is authoritative over an unsent local response
ok 1090 - Scoped durable response is authoritative over an unsent local response
  ---
  duration_ms: 0.178167
  type: 'test'
  ...
# Subtest: Practice durable choice response wins and response-less locked state clears
ok 1091 - Practice durable choice response wins and response-less locked state clears
  ---
  duration_ms: 0.170666
  type: 'test'
  ...
# Subtest: Practice response renderer consumes application feedback states without scoring in UI
ok 1092 - Practice response renderer consumes application feedback states without scoring in UI
  ---
  duration_ms: 0.465625
  type: 'test'
  ...
# Subtest: Single-select feedback projects selected-correct and every remaining disabled state
ok 1093 - Single-select feedback projects selected-correct and every remaining disabled state
  ---
  duration_ms: 0.184125
  type: 'test'
  ...
# Subtest: The visible ordering is a complete response before the learner moves an element
ok 1094 - The visible ordering is a complete response before the learner moves an element
  ---
  duration_ms: 0.586208
  type: 'test'
  ...
# Subtest: Practice feedback labels distinguish selection from correctness
ok 1095 - Practice feedback labels distinguish selection from correctness
  ---
  duration_ms: 0.180667
  type: 'test'
  ...
# Subtest: Practice checked semantics include only answers the learner selected
ok 1096 - Practice checked semantics include only answers the learner selected
  ---
  duration_ms: 36.227333
  type: 'test'
  ...
# Subtest: source links expose exact targets and unavailable has no press handler
ok 1097 - source links expose exact targets and unavailable has no press handler
  ---
  duration_ms: 1.568916
  type: 'test'
  ...
# Subtest: source open failure is explicit and never changes answer or report state
ok 1098 - source open failure is explicit and never changes answer or report state
  ---
  duration_ms: 0.445667
  type: 'test'
  ...
# Subtest: every canonical practice session preserves projected sources at the shared feedback boundary
ok 1099 - every canonical practice session preserves projected sources at the shared feedback boundary
  ---
  duration_ms: 0.17425
  type: 'test'
  ...
# Subtest: fresh response requires exactly one matching provider-backed item with strict UTC dates
ok 1100 - fresh response requires exactly one matching provider-backed item with strict UTC dates
  ---
  duration_ms: 4.547708
  type: 'test'
  ...
# Subtest: confirmed account change removes the previous account cache and fails closed if removal fails
ok 1101 - confirmed account change removes the previous account cache and fails closed if removal fails
  ---
  duration_ms: 1.189125
  type: 'test'
  ...
# Subtest: active and grace expire exactly at their provider dates; negative states deny
ok 1102 - active and grace expire exactly at their provider dates; negative states deny
  ---
  duration_ms: 0.92725
  type: 'test'
  ...
# Subtest: clock rollback and account switch deny, and a fresh response cannot reduce observed wall time
ok 1103 - clock rollback and account switch deny, and a fresh response cannot reduce observed wall time
  ---
  duration_ms: 0.317209
  type: 'test'
  ...
# Subtest: cache writes before offline authorization; failed writes, invalid refresh and account change fail closed
ok 1104 - cache writes before offline authorization; failed writes, invalid refresh and account change fail closed
  ---
  duration_ms: 3.020167
  type: 'test'
  ...
# Subtest: content reports are reachable from canonical practice details
ok 1105 - content reports are reachable from canonical practice details
  ---
  duration_ms: 2.332125
  type: 'test'
  ...
# Subtest: report affordance uses the canonical bounded button without changing its open-only action
ok 1106 - report affordance uses the canonical bounded button without changing its open-only action
  ---
  duration_ms: 1.528917
  type: 'test'
  ...
# Subtest: report input is intentionally content-free beyond bounded item context
ok 1107 - report input is intentionally content-free beyond bounded item context
  ---
  duration_ms: 0.48825
  type: 'test'
  ...
# Subtest: guest report disclosure is short by default and exposes accessible details
ok 1108 - guest report disclosure is short by default and exposes accessible details
  ---
  duration_ms: 0.380667
  type: 'test'
  ...
# Subtest: Review presents unavailable entries in a separate section with scoped removal confirmation
ok 1109 - Review presents unavailable entries in a separate section with scoped removal confirmation
  ---
  duration_ms: 1.872292
  type: 'test'
  ...
# Subtest: review screen keeps unavailable rows out of due and upcoming sections
ok 1110 - review screen keeps unavailable rows out of due and upcoming sections
  ---
  duration_ms: 4.203875
  type: 'test'
  ...
# Subtest: track presentation exposes only the concrete Google Cloud track
ok 1111 - track presentation exposes only the concrete Google Cloud track
  ---
  duration_ms: 3.935417
  type: 'test'
  ...
# Subtest: active track naming is complete in the Polish presentation dictionary
ok 1112 - active track naming is complete in the Polish presentation dictionary
  ---
  duration_ms: 4.214958
  type: 'test'
  ...
# Subtest: review presentation uses the concrete track title when taxonomy context is absent
ok 1113 - review presentation uses the concrete track title when taxonomy context is absent
  ---
  duration_ms: 3.296042
  type: 'test'
  ...
# Subtest: review translates known track and cloud taxonomy labels while preserving authored taxonomy
ok 1114 - review translates known track and cloud taxonomy labels while preserving authored taxonomy
  ---
  duration_ms: 0.897958
  type: 'test'
  ...
# Subtest: dynamic track titles cross the translation boundary and long header copy can shrink
ok 1115 - dynamic track titles cross the translation boundary and long header copy can shrink
  ---
  duration_ms: 2.963541
  type: 'test'
  ...
# Subtest: rapid typing coalesces to the latest value
ok 1116 - rapid typing coalesces to the latest value
  ---
  duration_ms: 187.211958
  type: 'test'
  ...
# Subtest: an edit arriving during a write is persisted after it
ok 1117 - an edit arriving during a write is persisted after it
  ---
  duration_ms: 0.652292
  type: 'test'
  ...
# Subtest: one drain preserves dirty values for multiple stages
ok 1118 - one drain preserves dirty values for multiple stages
  ---
  duration_ms: 181.357708
  type: 'test'
  ...
# Subtest: failure retains dirty data and a later flush retries it
ok 1119 - failure retains dirty data and a later flush retries it
  ---
  duration_ms: 182.59775
  type: 'test'
  ...
# Subtest: flush waits for the latest in-flight edit before resolving
ok 1120 - flush waits for the latest in-flight edit before resolving
  ---
  duration_ms: 0.964959
  type: 'test'
  ...
# Subtest: a local response draft is visible only for its own occurrence
ok 1121 - a local response draft is visible only for its own occurrence
  ---
  duration_ms: 2.276375
  type: 'test'
  ...
# Subtest: save transition clears before projection refresh and restores the keyed draft on failure
ok 1122 - save transition clears before projection refresh and restores the keyed draft on failure
  ---
  duration_ms: 3.198625
  type: 'test'
  ...
# Subtest: practice SessionShell uses natural action geometry while simulation keeps its fixed footer
ok 1123 - practice SessionShell uses natural action geometry while simulation keeps its fixed footer
  ---
  duration_ms: 3.300459
  type: 'test'
  ...
# Subtest: SessionShell keeps the Figma top bar in one row at large text
ok 1124 - SessionShell keeps the Figma top bar in one row at large text
  ---
  duration_ms: 3.57375
  type: 'test'
  ...
# Subtest: SessionShell keeps chrome readable without allowing it to crowd out authored content
ok 1125 - SessionShell keeps chrome readable without allowing it to crowd out authored content
  ---
  duration_ms: 0.197667
  type: 'test'
  ...
# Subtest: session timers keep the Figma value-only visual label while retaining spoken context
ok 1126 - session timers keep the Figma value-only visual label while retaining spoken context
  ---
  duration_ms: 0.850375
  type: 'test'
  ...
# Subtest: Practice sessions reset their scroll viewport when the canonical item changes
ok 1127 - Practice sessions reset their scroll viewport when the canonical item changes
  ---
  duration_ms: 0.442333
  type: 'test'
  ...
# Subtest: Button chrome remains usable while supporting up to 200 percent text
ok 1128 - Button chrome remains usable while supporting up to 200 percent text
  ---
  duration_ms: 0.120625
  type: 'test'
  ...
# Subtest: final simulation action saves an answered response before finish and lets an unanswered final occurrence finish
ok 1129 - final simulation action saves an answered response before finish and lets an unanswered final occurrence finish
  ---
  duration_ms: 3.938375
  type: 'test'
  ...
# Subtest: simulation question navigator has the approved states, accessible labels, and large-text grid adaptation
ok 1130 - simulation question navigator has the approved states, accessible labels, and large-text grid adaptation
  ---
  duration_ms: 3.280458
  type: 'test'
  ...
# Subtest: simulation operation surface renders only declared state actions and never a generic retry
ok 1131 - simulation operation surface renders only declared state actions and never a generic retry
  ---
  duration_ms: 3.681083
  type: 'test'
  ...
# Subtest: navigator jumps retain the current question in an explicit locked presentation
ok 1132 - navigator jumps retain the current question in an explicit locked presentation
  ---
  duration_ms: 0.369458
  type: 'test'
  ...
# Subtest: button loading decoration stays outside the accessible busy control
ok 1133 - button loading decoration stays outside the accessible busy control
  ---
  duration_ms: 0.327
  type: 'test'
  ...
# Subtest: simulation pause/end uses one Figma action sheet and keeps the destructive command reachable
ok 1134 - simulation pause/end uses one Figma action sheet and keeps the destructive command reachable
  ---
  duration_ms: 0.641542
  type: 'test'
  ...
# Subtest: simulation finish confirmation uses the Figma action-required copy and review dismissal
ok 1135 - simulation finish confirmation uses the Figma action-required copy and review dismissal
  ---
  duration_ms: 0.542917
  type: 'test'
  ...
# Subtest: simulation result presentation distinguishes pending, verified, scoreless, and rejected reads
ok 1136 - simulation result presentation distinguishes pending, verified, scoreless, and rejected reads
  ---
  duration_ms: 4.660958
  type: 'test'
  ...
# Subtest: keyed result reads discard a previous request after the session changes
ok 1137 - keyed result reads discard a previous request after the session changes
  ---
  duration_ms: 6.56
  type: 'test'
  ...
# Subtest: focus loss and unmount invalidation prevent late read errors from publishing
ok 1138 - focus loss and unmount invalidation prevent late read errors from publishing
  ---
  duration_ms: 1.465333
  type: 'test'
  ...
# Subtest: retry starts a new generation and publishes only its successful result
ok 1139 - retry starts a new generation and publishes only its successful result
  ---
  duration_ms: 1.05375
  type: 'test'
  ...
# Subtest: blur or unmount invalidates the latest retry token
ok 1140 - blur or unmount invalidates the latest retry token
  ---
  duration_ms: 0.668667
  type: 'test'
  ...
# Subtest: the current rejected result read stays an explicit error
ok 1141 - the current rejected result read stays an explicit error
  ---
  duration_ms: 1.804167
  type: 'test'
  ...
# Subtest: non-final simulation CTA labels, disables, and invokes only save-and-continue
ok 1142 - non-final simulation CTA labels, disables, and invokes only save-and-continue
  ---
  duration_ms: 4.255292
  type: 'test'
  ...
# Subtest: an unanswered non-final simulation occurrence keeps the Figma Save and continue CTA disabled
ok 1143 - an unanswered non-final simulation occurrence keeps the Figma Save and continue CTA disabled
  ---
  duration_ms: 0.28025
  type: 'test'
  ...
# Subtest: simulation result and review are exposed only through the verified result reader
ok 1144 - simulation result and review are exposed only through the verified result reader
  ---
  duration_ms: 3.954334
  type: 'test'
  ...
# Subtest: active simulation surface fills the viewport and keeps navigator presentation outside the approved active screen
ok 1145 - active simulation surface fills the viewport and keeps navigator presentation outside the approved active screen
  ---
  duration_ms: 0.885083
  type: 'test'
  ...
# Subtest: simulation confirmation reuses the session chrome owner with its Figma frozen-state geometry
ok 1146 - simulation confirmation reuses the session chrome owner with its Figma frozen-state geometry
  ---
  duration_ms: 1.040292
  type: 'test'
  ...
# Subtest: simulation preparation owns neutral question and response geometry
ok 1147 - simulation preparation owns neutral question and response geometry
  ---
  duration_ms: 0.642333
  type: 'test'
  ...
# Subtest: simulation statuses localize their projection copy and expose pending operation semantics
ok 1148 - simulation statuses localize their projection copy and expose pending operation semantics
  ---
  duration_ms: 0.42225
  type: 'test'
  ...
# Subtest: Simulation navigator accepts complete unique projections for each supported session length
ok 1149 - Simulation navigator accepts complete unique projections for each supported session length
  ---
  duration_ms: 1.929417
  type: 'test'
  ...
# Subtest: Simulation completion metrics are withheld before the verified completed projection
ok 1150 - Simulation completion metrics are withheld before the verified completed projection
  ---
  duration_ms: 0.349791
  type: 'test'
  ...
# Subtest: all seven locales preserve namespace, key, leaf, array and token contracts
ok 1151 - all seven locales preserve namespace, key, leaf, array and token contracts
  ---
  duration_ms: 173.95975
  type: 'test'
  ...
# Subtest: plural suffix groups match the English source
ok 1152 - plural suffix groups match the English source
  ---
  duration_ms: 37.895375
  type: 'test'
  ...
# Subtest: identical English values stay within the reviewed exception list
ok 1153 - identical English values stay within the reviewed exception list
  ---
  duration_ms: 40.139334
  type: 'test'
  ...
# Subtest: i18next has no language or namespace fallback
ok 1154 - i18next has no language or namespace fallback
  ---
  duration_ms: 6.575166
  type: 'test'
  ...
# Subtest: translation AST collection stays on literal first arguments
ok 1155 - translation AST collection stays on literal first arguments
  ---
  duration_ms: 815.542583
  type: 'test'
  ...
# Subtest: scoped Practice, result, review, and session-shell literals exist in both locales
ok 1156 - scoped Practice, result, review, and session-shell literals exist in both locales
  ---
  duration_ms: 269.767708
  type: 'test'
  ...
# Subtest: practice presentation output strings are keys in both locales
ok 1157 - practice presentation output strings are keys in both locales
  ---
  duration_ms: 1.573333
  type: 'test'
  ...
# Subtest: admitted practice mode titles, details, and unavailable reasons are locale keys
ok 1158 - admitted practice mode titles, details, and unavailable reasons are locale keys
  ---
  duration_ms: 2.353
  type: 'test'
  ...
# Subtest: local remote-client boundary is explicit and has no implicit endpoint
ok 1159 - local remote-client boundary is explicit and has no implicit endpoint
  ---
  duration_ms: 3.434625
  type: 'test'
  ...
# Subtest: public environment accepts the complete sandbox-only Firebase domain configuration
ok 1160 - public environment accepts the complete sandbox-only Firebase domain configuration
  ---
  duration_ms: 0.967583
  type: 'test'
  ...
# Subtest: public environment rejects extra keys, incomplete values, unsafe URLs, and production Firebase defaults
ok 1161 - public environment rejects extra keys, incomplete values, unsafe URLs, and production Firebase defaults
  ---
  duration_ms: 0.890542
  type: 'test'
  ...
# Subtest: runtime privacy keeps console and raw errors forbidden inside adapters and rejects sibling client paths
ok 1162 - runtime privacy keeps console and raw errors forbidden inside adapters and rejects sibling client paths
  ---
  duration_ms: 1200.138292
  type: 'test'
  ...
# Subtest: explicit local fixture works only inside the development smoke boundary
ok 1163 - explicit local fixture works only inside the development smoke boundary
  ---
  duration_ms: 2.145417
  type: 'test'
  ...
# Subtest: client rejects an unconfigured environment and missing authentication
ok 1164 - client rejects an unconfigured environment and missing authentication
  ---
  duration_ms: 4.166708
  type: 'test'
  ...
# Subtest: account session exchange sends an empty authenticated request and parses its custom token
ok 1165 - account session exchange sends an empty authenticated request and parses its custom token
  ---
  duration_ms: 70.941542
  type: 'test'
  ...
# Subtest: account session exchange rejects a missing custom token
ok 1166 - account session exchange rejects a missing custom token
  ---
  duration_ms: 0.888459
  type: 'test'
  ...
# Subtest: account registration validates and preserves distinct Terms and Privacy evidence
ok 1167 - account registration validates and preserves distinct Terms and Privacy evidence
  ---
  duration_ms: 7.197917
  type: 'test'
  ...
# Subtest: session revocation accepts only the exact operation and a nonempty replacement token
ok 1168 - session revocation accepts only the exact operation and a nonempty replacement token
  ---
  duration_ms: 4.665917
  type: 'test'
  ...
# Subtest: recovery operation methods use the canonical paths, proof body, and authentication modes
ok 1169 - recovery operation methods use the canonical paths, proof body, and authentication modes
  ---
  duration_ms: 5.334667
  type: 'test'
  ...
# Subtest: recovery operation parsers reject malformed, mismatched, and extended server results
ok 1170 - recovery operation parsers reject malformed, mismatched, and extended server results
  ---
  duration_ms: 6.63225
  type: 'test'
  ...
# Subtest: recovery calls reject invalid operation IDs and proofs before token acquisition or network use
ok 1171 - recovery calls reject invalid operation IDs and proofs before token acquisition or network use
  ---
  duration_ms: 0.676541
  type: 'test'
  ...
# Subtest: recovery calls preserve typed server failures and Retry-After
ok 1172 - recovery calls preserve typed server failures and Retry-After
  ---
  duration_ms: 1.449042
  type: 'test'
  ...
# Subtest: content package transport uses the authenticated App Check API and returns binary response headers
ok 1173 - content package transport uses the authenticated App Check API and returns binary response headers
  ---
  duration_ms: 24.046041
  type: 'test'
  ...
# Subtest: content package transport caps streamed response bodies at two MiB
ok 1174 - content package transport caps streamed response bodies at two MiB
  ---
  duration_ms: 2.556833
  type: 'test'
  ...
# Subtest: content package transport preserves typed backend admission codes
ok 1175 - content package transport preserves typed backend admission codes
  ---
  duration_ms: 1.843584
  type: 'test'
  ...
# Subtest: mobile requests fail before transport when App Check is unavailable
ok 1176 - mobile requests fail before transport when App Check is unavailable
  ---
  duration_ms: 0.372042
  type: 'test'
  ...
# Subtest: canonical progress transport has no protocol query or version labels
ok 1177 - canonical progress transport has no protocol query or version labels
  ---
  duration_ms: 2.5315
  type: 'test'
  ...
# Subtest: client rejects removed protocol fields before sending a sync request
ok 1178 - client rejects removed protocol fields before sending a sync request
  ---
  duration_ms: 0.331042
  type: 'test'
  ...
# Subtest: client accepts canonical identity lengths supported by content
ok 1179 - client accepts canonical identity lengths supported by content
  ---
  duration_ms: 1.321167
  type: 'test'
  ...
# Subtest: client turns removed identity metadata in a response into a schema conflict
ok 1180 - client turns removed identity metadata in a response into a schema conflict
  ---
  duration_ms: 2.587
  type: 'test'
  ...
# Subtest: Apple nonce boundary hashes the Expo request and preserves the Firebase raw nonce
ok 1181 - Apple nonce boundary hashes the Expo request and preserves the Firebase raw nonce
  ---
  duration_ms: 3.698416
  type: 'test'
  ...
# Subtest: authorization generation claim identifies exchanged sessions and rejects malformed values
ok 1182 - authorization generation claim identifies exchanged sessions and rejects malformed values
  ---
  duration_ms: 0.964916
  type: 'test'
  ...
# Subtest: authorization generation reads force-refresh claims for the same current Firebase identity
ok 1183 - authorization generation reads force-refresh claims for the same current Firebase identity
  ---
  duration_ms: 2.644
  type: 'test'
  ...
# Subtest: authorization generation refresh rejects a result after the Firebase identity changes
ok 1184 - authorization generation refresh rejects a result after the Firebase identity changes
  ---
  duration_ms: 0.375666
  type: 'test'
  ...
# Subtest: local Firebase sign-out retries and verifies persisted-user removal after SDK persistence rejection
ok 1185 - local Firebase sign-out retries and verifies persisted-user removal after SDK persistence rejection
  ---
  duration_ms: 0.735375
  type: 'test'
  ...
# Subtest: local Firebase sign-out stays failed if Auth still has a user or persistence cannot be verified
ok 1186 - local Firebase sign-out stays failed if Auth still has a user or persistence cannot be verified
  ---
  duration_ms: 0.597208
  type: 'test'
  ...
# Subtest: Firebase configuration exposes the deny-all rules and the one semantic account-record index
ok 1187 - Firebase configuration exposes the deny-all rules and the one semantic account-record index
  ---
  duration_ms: 5.599125
  type: 'test'
  ...
# Subtest: keeps pre-market Firebase Hosting unpublished and loopback-only
ok 1188 - keeps pre-market Firebase Hosting unpublished and loopback-only
  ---
  duration_ms: 166.614292
  type: 'test'
  ...
# Subtest: provider fixture URL accepts only the strict local emulator command and opaque identity
ok 1189 - provider fixture URL accepts only the strict local emulator command and opaque identity
  ---
  duration_ms: 4.096334
  type: 'test'
  ...
# Subtest: provider fixture URL rejects extra, duplicate, reordered, malformed, and credential-bearing parameters
ok 1190 - provider fixture URL rejects extra, duplicate, reordered, malformed, and credential-bearing parameters
  ---
  duration_ms: 1.0355
  type: 'test'
  ...
# Subtest: provider fixture guard requires explicit development smoke and loopback emulator/API project
ok 1191 - provider fixture guard requires explicit development smoke and loopback emulator/API project
  ---
  duration_ms: 0.406334
  type: 'test'
  ...
# Subtest: Google mock OIDC token uses a stable synthetic subject and no real account fields
ok 1192 - Google mock OIDC token uses a stable synthetic subject and no real account fields
  ---
  duration_ms: 3.771833
  type: 'test'
  ...
# Subtest: Apple fixture feeds a fresh raw nonce through the production OAuthCredential builder
ok 1193 - Apple fixture feeds a fresh raw nonce through the production OAuthCredential builder
  ---
  duration_ms: 1.650458
  type: 'test'
  ...
# Subtest: Firebase Auth Emulator is unavailable outside explicit development E2E
ok 1194 - Firebase Auth Emulator is unavailable outside explicit development E2E
  ---
  duration_ms: 2.10425
  type: 'test'
  ...
# Subtest: Firebase Auth Emulator requires the canonical local development origin
ok 1195 - Firebase Auth Emulator requires the canonical local development origin
  ---
  duration_ms: 1.121459
  type: 'test'
  ...
# Subtest: local builds keep public legal links explicitly unavailable without configuration
ok 1196 - local builds keep public legal links explicitly unavailable without configuration
  ---
  duration_ms: 2.56625
  type: 'test'
  ...
# Subtest: missing public URL fails closed instead of inferring a destination
ok 1197 - missing public URL fails closed instead of inferring a destination
  ---
  duration_ms: 2.672792
  type: 'test'
  ...
# Subtest: configured public legal links preserve the validated contract destinations
ok 1198 - configured public legal links preserve the validated contract destinations
  ---
  duration_ms: 1.409542
  type: 'test'
  ...
# Subtest: canonical serialization sorts object keys without changing array order
ok 1199 - canonical serialization sorts object keys without changing array order
  ---
  duration_ms: 1.753542
  type: 'test'
  ...
# Subtest: fingerprint payload carries the canonical serializer version
ok 1200 - fingerprint payload carries the canonical serializer version
  ---
  duration_ms: 0.348417
  type: 'test'
  ...
# Subtest: canonical-json-v1 is NFC-normalized, rejects duplicate keys, and counts UTF-8 bytes
ok 1201 - canonical-json-v1 is NFC-normalized, rejects duplicate keys, and counts UTF-8 bytes
  ---
  duration_ms: 1.302625
  type: 'test'
  ...
# Subtest: SHA-256 identities are stable, opaque, and response-sensitive
ok 1202 - SHA-256 identities are stable, opaque, and response-sensitive
  ---
  duration_ms: 0.88425
  type: 'test'
  ...
# Subtest: native byte hashing passes an owned TypedArray to expo-crypto
ok 1203 - native byte hashing passes an owned TypedArray to expo-crypto
  ---
  duration_ms: 1.34375
  type: 'test'
  ...
# Subtest: platform-neutral SHA-256 matches standard UTF-8 vectors
ok 1204 - platform-neutral SHA-256 matches standard UTF-8 vectors
  ---
  duration_ms: 2.944792
  type: 'test'
  ...
# Subtest: session identity is anchored to canonical track, version, and artifact SHA
ok 1205 - session identity is anchored to canonical track, version, and artifact SHA
  ---
  duration_ms: 1147.713792
  type: 'test'
  ...
# Subtest: goal days map to Expo weekly weekdays where Sunday is one
ok 1206 - goal days map to Expo weekly weekdays where Sunday is one
  ---
  duration_ms: 1.98625
  type: 'test'
  ...
# Subtest: config requires non-empty key and authenticated account
ok 1207 - config requires non-empty key and authenticated account
  ---
  duration_ms: 1.53875
  type: 'test'
  ...
# Subtest: adapter is iOS-only and validates monthly product terms
ok 1208 - adapter is iOS-only and validates monthly product terms
  ---
  duration_ms: 0.886833
  type: 'test'
  ...
# Subtest: purchase cancellation and failures are explicit
ok 1209 - purchase cancellation and failures are explicit
  ---
  duration_ms: 0.463709
  type: 'test'
  ...
# Subtest: configuration is single-flight across concurrent actions
ok 1210 - configuration is single-flight across concurrent actions
  ---
  duration_ms: 0.484084
  type: 'test'
  ...
# Subtest: copy stores only a digest and schedules cleanup for five minutes
ok 1211 - copy stores only a digest and schedules cleanup for five minutes
  ---
  duration_ms: 2.593084
  type: 'test'
  ...
# Subtest: expired unchanged recovery codes are cleared
ok 1212 - expired unchanged recovery codes are cleared
  ---
  duration_ms: 0.584083
  type: 'test'
  ...
# Subtest: scheduled timer callback performs the due cleanup
ok 1213 - scheduled timer callback performs the due cleanup
  ---
  duration_ms: 6.594416
  type: 'test'
  ...
# Subtest: later clipboard content is never removed
ok 1214 - later clipboard content is never removed
  ---
  duration_ms: 0.863542
  type: 'test'
  ...
# Subtest: restart reconciliation schedules a pending cleanup without reading the clipboard early
ok 1215 - restart reconciliation schedules a pending cleanup without reading the clipboard early
  ---
  duration_ms: 0.4935
  type: 'test'
  ...
# Subtest: copy failure rolls back unchanged clipboard content instead of leaving an unmanaged secret
ok 1216 - copy failure rolls back unchanged clipboard content instead of leaving an unmanaged secret
  ---
  duration_ms: 0.797875
  type: 'test'
  ...
# Subtest: durable marker is written before recovery codes reach the clipboard
ok 1217 - durable marker is written before recovery codes reach the clipboard
  ---
  duration_ms: 2.339916
  type: 'test'
  ...
# Subtest: failed system cleanup keeps the marker and schedules a retry
ok 1218 - failed system cleanup keeps the marker and schedules a retry
  ---
  duration_ms: 0.787125
  type: 'test'
  ...
# Subtest: an uncertain rejected clipboard write preserves recovery when the written value cannot be cleared
ok 1219 - an uncertain rejected clipboard write preserves recovery when the written value cannot be cleared
  ---
  duration_ms: 1.113667
  type: 'test'
  ...
# Subtest: vault round-trips only the versioned recovery record and clears it
ok 1220 - vault round-trips only the versioned recovery record and clears it
  ---
  duration_ms: 6.775
  type: 'test'
  ...
# Subtest: vault persists a strict current-account defer marker in the retained issue record
ok 1221 - vault persists a strict current-account defer marker in the retained issue record
  ---
  duration_ms: 1.570334
  type: 'test'
  ...
# Subtest: vault rejects malformed records without leaking parser errors or deleting evidence
ok 1222 - vault rejects malformed records without leaking parser errors or deleting evidence
  ---
  duration_ms: 0.477958
  type: 'test'
  ...
# Subtest: vault rejects duplicate or malformed recovery codes before storage
ok 1223 - vault rejects duplicate or malformed recovery codes before storage
  ---
  duration_ms: 0.330333
  type: 'test'
  ...
# Subtest: vault round-trips exactly one same-account replacement backup without recursive lineage
ok 1224 - vault round-trips exactly one same-account replacement backup without recursive lineage
  ---
  duration_ms: 0.472875
  type: 'test'
  ...
# Subtest: vault rejects replacement backups with mismatched identity, operation ID, or recursive/extended shape
ok 1225 - vault rejects replacement backups with mismatched identity, operation ID, or recursive/extended shape
  ---
  duration_ms: 1.951917
  type: 'test'
  ...
# Subtest: vault reports write and clear failures explicitly
ok 1226 - vault reports write and clear failures explicitly
  ---
  duration_ms: 0.520166
  type: 'test'
  ...
# Subtest: a fresh install creates only an encrypted canonical slot
ok 1227 - a fresh install creates only an encrypted canonical slot
  ---
  duration_ms: 9.169958
  type: 'test'
  ...
# Subtest: legacy data is copied, verified and encrypted before ready, then purged after a cold reopen
ok 1228 - legacy data is copied, verified and encrypted before ready, then purged after a cold reopen
  ---
  duration_ms: 7.649375
  type: 'test'
  ...
# Subtest: every interrupted manifest transition resumes without losing the legacy source
ok 1229 - every interrupted manifest transition resumes without losing the legacy source
  ---
  duration_ms: 37.616209
  type: 'test'
  ...
# Subtest: requested key rotation switches slots without losing data and removes the old key after a cold reopen
ok 1230 - requested key rotation switches slots without losing data and removes the old key after a cold reopen
  ---
  duration_ms: 2.254083
  type: 'test'
  ...
# Subtest: missing keys and corrupt manifests fail closed
ok 1231 - missing keys and corrupt manifests fail closed
  ---
  duration_ms: 1.208083
  type: 'test'
  ...
# Subtest: closed storage failure codes survive a native module realm boundary without message parsing
ok 1232 - closed storage failure codes survive a native module realm boundary without message parsing
  ---
  duration_ms: 0.239458
  type: 'test'
  ...
# Subtest: a completed store still requires its immutable transfer marker
ok 1233 - a completed store still requires its immutable transfer marker
  ---
  duration_ms: 1.91225
  type: 'test'
  ...
# Subtest: explicit unavailable-data reset removes slots, manifests and keys
ok 1234 - explicit unavailable-data reset removes slots, manifests and keys
  ---
  duration_ms: 8.111125
  type: 'test'
  ...
# Subtest: failed unavailable-data reset reports the error and a repeated reset completes partial removal
ok 1235 - failed unavailable-data reset reports the error and a repeated reset completes partial removal
  ---
  duration_ms: 3.375958
  type: 'test'
  ...
# Subtest: stores one strict, versioned record with only operation identity metadata
ok 1236 - stores one strict, versioned record with only operation identity metadata
  ---
  duration_ms: 5.706459
  type: 'test'
  ...
# Subtest: duplicate UID and operation ID remains one pending entry and verified state
ok 1237 - duplicate UID and operation ID remains one pending entry and verified state
  ---
  duration_ms: 0.645583
  type: 'test'
  ...
# Subtest: operation IDs must be UUIDv4 both on writes and when loading persisted records
ok 1238 - operation IDs must be UUIDv4 both on writes and when loading persisted records
  ---
  duration_ms: 0.849708
  type: 'test'
  ...
# Subtest: a version-one pending record is rejected instead of migrated
ok 1239 - a version-one pending record is rejected instead of migrated
  ---
  duration_ms: 0.431625
  type: 'test'
  ...
# Subtest: a stale UID or operation cannot clear a newer block
ok 1240 - a stale UID or operation cannot clear a newer block
  ---
  duration_ms: 25.631542
  type: 'test'
  ...
# Subtest: verified UID or null Auth can clear the matching block while retaining pending work
ok 1241 - verified UID or null Auth can clear the matching block while retaining pending work
  ---
  duration_ms: 1.199125
  type: 'test'
  ...
# Subtest: a queued null-Auth clear rechecks its guard inside the serialized mutation
ok 1242 - a queued null-Auth clear rechecks its guard inside the serialized mutation
  ---
  duration_ms: 2.478708
  type: 'test'
  ...
# Subtest: another UID cannot alter a different UID's pending operation
ok 1243 - another UID cannot alter a different UID's pending operation
  ---
  duration_ms: 0.478291
  type: 'test'
  ...
# Subtest: verified remote completion removes only the exact UID and operation pair
ok 1244 - verified remote completion removes only the exact UID and operation pair
  ---
  duration_ms: 1.696083
  type: 'test'
  ...
# Subtest: completion rechecks its guard after the async read and keeps the pending marker when stale
ok 1245 - completion rechecks its guard after the async read and keeps the pending marker when stale
  ---
  duration_ms: 1.182167
  type: 'test'
  ...
# Subtest: completion records a durable tombstone when read-back cannot verify pending removal
ok 1246 - completion records a durable tombstone when read-back cannot verify pending removal
  ---
  duration_ms: 0.542625
  type: 'test'
  ...
# Subtest: an unavailable confirmation read still leaves pending or an exact completed tombstone
ok 1247 - an unavailable confirmation read still leaves pending or an exact completed tombstone
  ---
  duration_ms: 0.487
  type: 'test'
  ...
# Subtest: corrupt or unknown-version records fail closed without being overwritten
ok 1248 - corrupt or unknown-version records fail closed without being overwritten
  ---
  duration_ms: 1.207542
  type: 'test'
  ...
# Subtest: read and write errors fail closed; an interrupted persisted write is safe to retry
ok 1249 - read and write errors fail closed; an interrupted persisted write is safe to retry
  ---
  duration_ms: 0.810875
  type: 'test'
  ...
# Subtest: a write is not accepted until read-back matches exactly
ok 1250 - a write is not accepted until read-back matches exactly
  ---
  duration_ms: 0.268292
  type: 'test'
  ...
# Subtest: snapshots are deeply immutable and independent of later mutations
ok 1251 - snapshots are deeply immutable and independent of later mutations
  ---
  duration_ms: 0.386459
  type: 'test'
  ...
# Subtest: transactions serialize across control instances in the JavaScript runtime
ok 1252 - transactions serialize across control instances in the JavaScript runtime
  ---
  duration_ms: 0.343292
  type: 'test'
  ...
# Subtest: prepare opens the router without publishing or reading a scoped key
ok 1253 - prepare opens the router without publishing or reading a scoped key
  ---
  duration_ms: 4.784917
  type: 'test'
  ...
# Subtest: prepared inspection exposes registry metadata and freshness without opening profile storage
ok 1254 - prepared inspection exposes registry metadata and freshness without opening profile storage
  ---
  duration_ms: 3.046583
  type: 'test'
  ...
# Subtest: prepared guest validation reads only access markers without publishing storage
ok 1255 - prepared guest validation reads only access markers without publishing storage
  ---
  duration_ms: 2.722709
  type: 'test'
  ...
# Subtest: prepared authenticated recovery promotes only a matching bound guest
ok 1256 - prepared authenticated recovery promotes only a matching bound guest
  ---
  duration_ms: 4.376875
  type: 'test'
  ...
# Subtest: closing an active profile revokes returned clients and preserves prepared metadata
ok 1257 - closing an active profile revokes returned clients and preserves prepared metadata
  ---
  duration_ms: 1.347791
  type: 'test'
  ...
# Subtest: deferred activation does not wake preferences until the caller approves the profile scope
ok 1258 - deferred activation does not wake preferences until the caller approves the profile scope
  ---
  duration_ms: 1.40825
  type: 'test'
  ...
# Subtest: prepared account selection commits and reloads while keeping scoped storage closed
ok 1259 - prepared account selection commits and reloads while keeping scoped storage closed
  ---
  duration_ms: 2.614541
  type: 'test'
  ...
# Subtest: changed prepared account selection can activate the refreshed profile without app reload
ok 1260 - changed prepared account selection can activate the refreshed profile without app reload
  ---
  duration_ms: 2.472958
  type: 'test'
  ...
# Subtest: prepared account selection refuses Auth that becomes stale before the registry commit
ok 1261 - prepared account selection refuses Auth that becomes stale before the registry commit
  ---
  duration_ms: 1.410666
  type: 'test'
  ...
# Subtest: prepared guest selection refreshes metadata and activates after commit without app reload
ok 1262 - prepared guest selection refreshes metadata and activates after commit without app reload
  ---
  duration_ms: 11.761125
  type: 'test'
  ...
# Subtest: implicit prepared guest selection fails closed when multiple preserved guests exist
ok 1263 - implicit prepared guest selection fails closed when multiple preserved guests exist
  ---
  duration_ms: 3.616458
  type: 'test'
  ...
# Subtest: prepare for an existing legacy owner reads only migration metadata
ok 1264 - prepare for an existing legacy owner reads only migration metadata
  ---
  duration_ms: 1.427375
  type: 'test'
  ...
# Subtest: prepare for an existing legacy guest reads only migration metadata
ok 1265 - prepare for an existing legacy guest reads only migration metadata
  ---
  duration_ms: 0.818125
  type: 'test'
  ...
# Subtest: activation is required and publishes only matching prepared profile metadata
ok 1266 - activation is required and publishes only matching prepared profile metadata
  ---
  duration_ms: 0.713625
  type: 'test'
  ...
# Subtest: mismatched activation fails closed
ok 1267 - mismatched activation fails closed
  ---
  duration_ms: 0.785417
  type: 'test'
  ...
# Subtest: prepare failure clears any previously published scoped client
ok 1268 - prepare failure clears any previously published scoped client
  ---
  duration_ms: 0.9415
  type: 'test'
  ...
# Subtest: prepare revokes previously returned scoped storage references
ok 1269 - prepare revokes previously returned scoped storage references
  ---
  duration_ms: 1.514709
  type: 'test'
  ...
# Subtest: legacy owner remains byte-for-byte visible only through its own logical scope
ok 1270 - legacy owner remains byte-for-byte visible only through its own logical scope
  ---
  duration_ms: 7.9115
  type: 'test'
  ...
# Subtest: an unchosen empty welcome profile stays fresh across restarts until guest markers are written
ok 1271 - an unchosen empty welcome profile stays fresh across restarts until guest markers are written
  ---
  duration_ms: 1.947292
  type: 'test'
  ...
# Subtest: an existing storage key prevents missing registry metadata from being classified as fresh
ok 1272 - an existing storage key prevents missing registry metadata from being classified as fresh
  ---
  duration_ms: 0.715583
  type: 'test'
  ...
# Subtest: explicit selection of the initial guest provisions its unbound access markers
ok 1273 - explicit selection of the initial guest provisions its unbound access markers
  ---
  duration_ms: 2.792
  type: 'test'
  ...
# Subtest: a selected modern guest keeps its earlier independent dataset identity and scoped data
ok 1274 - a selected modern guest keeps its earlier independent dataset identity and scoped data
  ---
  duration_ms: 1.92125
  type: 'test'
  ...
# Subtest: a completed modern guest adoption promotes only its matching account and permits a new guest
ok 1275 - a completed modern guest adoption promotes only its matching account and permits a new guest
  ---
  duration_ms: 6.142916
  type: 'test'
  ...
# Subtest: valid adoption-pending legacy guest marker remains readable during profile registry migration
ok 1276 - valid adoption-pending legacy guest marker remains readable during profile registry migration
  ---
  duration_ms: 1.073333
  type: 'test'
  ...
# Subtest: legacy guest migration keeps the verified marker dataset ID despite a different generated identity
ok 1277 - legacy guest migration keeps the verified marker dataset ID despite a different generated identity
  ---
  duration_ms: 1.674959
  type: 'test'
  ...
# Subtest: a persisted mismatched legacy guest ID still validates its raw unbound guest markers
ok 1278 - a persisted mismatched legacy guest ID still validates its raw unbound guest markers
  ---
  duration_ms: 4.670709
  type: 'test'
  ...
# Subtest: a selected guest receives an isolated, durable namespace without changing legacy bytes
ok 1279 - a selected guest receives an isolated, durable namespace without changing legacy bytes
  ---
  duration_ms: 7.493167
  type: 'test'
  ...
# Subtest: a later exact owner login selects the unchanged legacy scope before local reads
ok 1280 - a later exact owner login selects the unchanged legacy scope before local reads
  ---
  duration_ms: 4.222333
  type: 'test'
  ...
# Subtest: switching away from a modern account never reads its scoped payload
ok 1281 - switching away from a modern account never reads its scoped payload
  ---
  duration_ms: 9.046041
  type: 'test'
  ...
# Subtest: malformed profile registry blocks instead of choosing a storage namespace
ok 1282 - malformed profile registry blocks instead of choosing a storage namespace
  ---
  duration_ms: 5.1915
  type: 'test'
  ...
# Subtest: concurrent guest selections claim one transition and cannot commit competing profiles
ok 1283 - concurrent guest selections claim one transition and cannot commit competing profiles
  ---
  duration_ms: 3.264291
  type: 'test'
  ...
# Subtest: selectGuest reuses the selected guest with the same profile ID and stored data
ok 1284 - selectGuest reuses the selected guest with the same profile ID and stored data
  ---
  duration_ms: 2.793042
  type: 'test'
  ...
# Subtest: selectGuest fails closed when the selected guest marker cannot be verified
ok 1285 - selectGuest fails closed when the selected guest marker cannot be verified
  ---
  duration_ms: 0.953542
  type: 'test'
  ...
# Subtest: selectGuest returns a typed ambiguity error without writing when multiple guests are preserved
ok 1286 - selectGuest returns a typed ambiguity error without writing when multiple guests are preserved
  ---
  duration_ms: 4.570166
  type: 'test'
  ...
# Subtest: one canonical guest and two account scopes survive restart without cross-scope access
ok 1287 - one canonical guest and two account scopes survive restart without cross-scope access
  ---
  duration_ms: 4.661416
  type: 'test'
  ...
# Subtest: existing guest reselection rejects non-guest IDs without changing the registry
ok 1288 - existing guest reselection rejects non-guest IDs without changing the registry
  ---
  duration_ms: 0.442833
  type: 'test'
  ...
# Subtest: failed existing guest registry commit leaves the current scope closed
ok 1289 - failed existing guest registry commit leaves the current scope closed
  ---
  duration_ms: 1.964042
  type: 'test'
  ...
# Subtest: visible legal documents index all seven locales directly
ok 1290 - visible legal documents index all seven locales directly
  ---
  duration_ms: 3.5665
  type: 'test'
  ...
# Subtest: unapproved locale documents fail closed in release and never fall back to English
ok 1291 - unapproved locale documents fail closed in release and never fall back to English
  ---
  duration_ms: 0.507417
  type: 'test'
  ...
# Subtest: visible legal screens request the selected locale directly
ok 1292 - visible legal screens request the selected locale directly
  ---
  duration_ms: 1.16725
  type: 'test'
  ...
# Subtest: accepts the current legal variable shape in test mode and preserves checkout flag boolean
ok 1293 - accepts the current legal variable shape in test mode and preserves checkout flag boolean
  ---
  duration_ms: 6.2155
  type: 'test'
  ...
# Subtest: seven-locale legal drafts require all locales and explicit unapproved test-only markers
ok 1294 - seven-locale legal drafts require all locales and explicit unapproved test-only markers
  ---
  duration_ms: 3.621
  type: 'test'
  ...
# Subtest: legal variables select the local fixture for local mode and the checked-in JSON for release mode
ok 1295 - legal variables select the local fixture for local mode and the checked-in JSON for release mode
  ---
  duration_ms: 1550.541708
  type: 'test'
  ...
# Subtest: legal variable CLI resolver uses distinct sources and never falls back for missing or invalid release JSON
ok 1296 - legal variable CLI resolver uses distinct sources and never falls back for missing or invalid release JSON
  ---
  duration_ms: 5.967375
  type: 'test'
  ...
# Subtest: reports missing keys, locales and unexpected keys by field path
ok 1297 - reports missing keys, locales and unexpected keys by field path
  ---
  duration_ms: 1.557833
  type: 'test'
  ...
# Subtest: rejects empty, whitespace-only and padded localized values
ok 1298 - rejects empty, whitespace-only and padded localized values
  ---
  duration_ms: 1.279666
  type: 'test'
  ...
# Subtest: release mode rejects recognized placeholders and test mode allows them
ok 1299 - release mode rejects recognized placeholders and test mode allows them
  ---
  duration_ms: 1.669667
  type: 'test'
  ...
# Subtest: public privacy and terms links require canonical HTTPS paths without query or fragment
ok 1300 - public privacy and terms links require canonical HTTPS paths without query or fragment
  ---
  duration_ms: 4.380916
  type: 'test'
  ...
# Subtest: accepts complete production-like legal values in release mode
ok 1301 - accepts complete production-like legal values in release mode
  ---
  duration_ms: 1.41525
  type: 'test'
  ...
# Subtest: CLI passes test mode and release mode rejects placeholders with field paths
ok 1302 - CLI passes test mode and release mode rejects placeholders with field paths
  ---
  duration_ms: 1183.998291
  type: 'test'
  ...
# Subtest: provider registration binds the complete canonical English and Polish documents to their loaded versions
ok 1303 - provider registration binds the complete canonical English and Polish documents to their loaded versions
  ---
  duration_ms: 7.450125
  type: 'test'
  ...
# Subtest: provider registration fails closed for draft locales and incomplete release legal configuration
ok 1304 - provider registration fails closed for draft locales and incomplete release legal configuration
  ---
  duration_ms: 0.770958
  type: 'test'
  ...
# Subtest: language settings audit command is exact and development-smoke only
ok 1305 - language settings audit command is exact and development-smoke only
  ---
  duration_ms: 1.386583
  type: 'test'
  ...
# Subtest: language settings audit route renders the production screen without account or preference commands
ok 1306 - language settings audit route renders the production screen without account or preference commands
  ---
  duration_ms: 0.644708
  type: 'test'
  ...
# Subtest: the loading-state inventory stays complete as pending surfaces evolve
ok 1307 - the loading-state inventory stays complete as pending surfaces evolve
  ---
  duration_ms: 38.574125
  type: 'test'
  ...
# Subtest: LoadingState is the compact accessible generic pending status
ok 1308 - LoadingState is the compact accessible generic pending status
  ---
  duration_ms: 1.296291
  type: 'test'
  ...
# Subtest: EmptyState is the centered retained-content/unavailable status primitive
ok 1309 - EmptyState is the centered retained-content/unavailable status primitive
  ---
  duration_ms: 0.458791
  type: 'test'
  ...
# Subtest: exactly the one remaining generic pending branch uses LoadingState
ok 1310 - exactly the one remaining generic pending branch uses LoadingState
  ---
  duration_ms: 19.174291
  type: 'test'
  ...
# Subtest: C1 screens own local review and exam loading geometry
ok 1311 - C1 screens own local review and exam loading geometry
  ---
  duration_ms: 0.591042
  type: 'test'
  ...
# Subtest: bootstrap, roadmap, and setup own their phase or screen loading geometry
ok 1312 - bootstrap, roadmap, and setup own their phase or screen loading geometry
  ---
  duration_ms: 2.745042
  type: 'test'
  ...
# Subtest: Home shell owns tab-specific glass loading geometry and keeps navigation usable
ok 1313 - Home shell owns tab-specific glass loading geometry and keeps navigation usable
  ---
  duration_ms: 2.702041
  type: 'test'
  ...
# Subtest: Practice Hub keeps its local pending geometry while the scoped read model owns state
ok 1314 - Practice Hub keeps its local pending geometry while the scoped read model owns state
  ---
  duration_ms: 1.187166
  type: 'test'
  ...
# Subtest: specialized practice sessions share one neutral question and response loading skeleton
ok 1315 - specialized practice sessions share one neutral question and response loading skeleton
  ---
  duration_ms: 1.754917
  type: 'test'
  ...
# Subtest: Activity owns its glass loading skeleton
ok 1316 - Activity owns its glass loading skeleton
  ---
  duration_ms: 2.277667
  type: 'test'
  ...
# Subtest: Coding Interview scope owns its glass loading skeleton
ok 1317 - Coding Interview scope owns its glass loading skeleton
  ---
  duration_ms: 0.8235
  type: 'test'
  ...
# Subtest: exam review owns its glass loading skeleton
ok 1318 - exam review owns its glass loading skeleton
  ---
  duration_ms: 0.276834
  type: 'test'
  ...
# Subtest: exam result owns its glass loading skeleton
ok 1319 - exam result owns its glass loading skeleton
  ---
  duration_ms: 0.917042
  type: 'test'
  ...
# Subtest: coding practice result owns its glass loading skeleton
ok 1320 - coding practice result owns its glass loading skeleton
  ---
  duration_ms: 0.68625
  type: 'test'
  ...
# Subtest: mistakes review owns its glass loading skeleton
ok 1321 - mistakes review owns its glass loading skeleton
  ---
  duration_ms: 1.233958
  type: 'test'
  ...
# Subtest: SkeletonShape owns the shared clipped glass primitive
ok 1322 - SkeletonShape owns the shared clipped glass primitive
  ---
  duration_ms: 0.583708
  type: 'test'
  ...
# Subtest: Skeleton glass motion uses one native driver loop and resets on lifecycle changes
ok 1323 - Skeleton glass motion uses one native driver loop and resets on lifecycle changes
  ---
  duration_ms: 0.451667
  type: 'test'
  ...
# Subtest: Skeleton glass motion stays static while Reduce Motion is unresolved or fails
ok 1324 - Skeleton glass motion stays static while Reduce Motion is unresolved or fails
  ---
  duration_ms: 0.271458
  type: 'test'
  ...
# Subtest: pending data is distinct from true empty and onboarding outcomes
ok 1325 - pending data is distinct from true empty and onboarding outcomes
  ---
  duration_ms: 1.2265
  type: 'test'
  ...
# Subtest: the six read owners end rejected reads in explicit unavailable EmptyStates
ok 1326 - the six read owners end rejected reads in explicit unavailable EmptyStates
  ---
  duration_ms: 1.87175
  type: 'test'
  ...
# Subtest: scoped practice reads honor explicit route identity and only load reviews on Hub
ok 1327 - scoped practice reads honor explicit route identity and only load reviews on Hub
  ---
  duration_ms: 1.38525
  type: 'test'
  ...
# Subtest: route-keyed read states block A under B and publish only their captured request
ok 1328 - route-keyed read states block A under B and publish only their captured request
  ---
  duration_ms: 3.905209
  type: 'test'
  ...
# Subtest: queue reads clear stale resolved data before pending or unavailable
ok 1329 - queue reads clear stale resolved data before pending or unavailable
  ---
  duration_ms: 0.541208
  type: 'test'
  ...
# Subtest: specialized session preparation stays local while completion uses the generic status
ok 1330 - specialized session preparation stays local while completion uses the generic status
  ---
  duration_ms: 0.737209
  type: 'test'
  ...
# Subtest: Interview Simulation result reads stay pending until the verified 40-item projection
ok 1331 - Interview Simulation result reads stay pending until the verified 40-item projection
  ---
  duration_ms: 0.859541
  type: 'test'
  ...
# Subtest: navigation screens do not re-enter the public navigation barrel at runtime
ok 1332 - navigation screens do not re-enter the public navigation barrel at runtime
  ---
  duration_ms: 4.6085
  type: 'test'
  ...
# Subtest: bottom navigation labels stay canonical
ok 1333 - bottom navigation labels stay canonical
  ---
  duration_ms: 11.314833
  type: 'test'
  ...
# Subtest: primary Home and Practice CTAs route to Practice Hub
ok 1334 - primary Home and Practice CTAs route to Practice Hub
  ---
  duration_ms: 0.301125
  type: 'test'
  ...
# Subtest: Home change track CTA routes to track selection
ok 1335 - Home change track CTA routes to track selection
  ---
  duration_ms: 0.161375
  type: 'test'
  ...
# Subtest: shell safety model exposes no gamified status fields
ok 1336 - shell safety model exposes no gamified status fields
  ---
  duration_ms: 0.213584
  type: 'test'
  ...
# Subtest: Practice review weak items routes to canonical review queue
ok 1337 - Practice review weak items routes to canonical review queue
  ---
  duration_ms: 0.287708
  type: 'test'
  ...
# Subtest: bootstrap owns one branded phase-aware loading surface with no synthetic completion
ok 1338 - bootstrap owns one branded phase-aware loading surface with no synthetic completion
  ---
  duration_ms: 2.840583
  type: 'test'
  ...
# Subtest: generic LoadingState no longer carries the startup animation variant
ok 1339 - generic LoadingState no longer carries the startup animation variant
  ---
  duration_ms: 0.496375
  type: 'test'
  ...
# Subtest: app preferences default to English content locale and device appearance
ok 1340 - app preferences default to English content locale and device appearance
  ---
  duration_ms: 6.012958
  type: 'test'
  ...
# Subtest: app preferences retain an explicitly selected Polish locale
ok 1341 - app preferences retain an explicitly selected Polish locale
  ---
  duration_ms: 1.469708
  type: 'test'
  ...
# Subtest: settings storage retains every supported manual language
ok 1342 - settings storage retains every supported manual language
  ---
  duration_ms: 1.411375
  type: 'test'
  ...
# Subtest: translations resolve common UI copy through i18next
ok 1343 - translations resolve common UI copy through i18next
  ---
  duration_ms: 4.713625
  type: 'test'
  ...
# Subtest: all seven runtime locales expose translated settings, nested legal and data copy
ok 1344 - all seven runtime locales expose translated settings, nested legal and data copy
  ---
  duration_ms: 5.801
  type: 'test'
  ...
# Subtest: nested legal and data translations resolve and interpolate in English and Polish
ok 1345 - nested legal and data translations resolve and interpolate in English and Polish
  ---
  duration_ms: 1.500916
  type: 'test'
  ...
# Subtest: Legal information distinguishes device storage, account sync, local reset, account deletion, and retained deletion evidence
ok 1346 - Legal information distinguishes device storage, account sync, local reset, account deletion, and retained deletion evidence
  ---
  duration_ms: 1.546459
  type: 'test'
  ...
# Subtest: Legal hub keeps full rules in local documents and presents only proven request timeframes
ok 1347 - Legal hub keeps full rules in local documents and presents only proven request timeframes
  ---
  duration_ms: 1.440583
  type: 'test'
  ...
# Subtest: sentence keys containing dots remain literal in common
ok 1348 - sentence keys containing dots remain literal in common
  ---
  duration_ms: 0.643125
  type: 'test'
  ...
# Subtest: flat common labels containing colons remain literal keys
ok 1349 - flat common labels containing colons remain literal keys
  ---
  duration_ms: 0.698875
  type: 'test'
  ...
# Subtest: flat learningPlan plural resources remain addressable and mutable
ok 1350 - flat learningPlan plural resources remain addressable and mutable
  ---
  duration_ms: 1.599458
  type: 'test'
  ...
# Subtest: namespace normalization rejects dotted-key collisions atomically regardless of source order
ok 1351 - namespace normalization rejects dotted-key collisions atomically regardless of source order
  ---
  duration_ms: 0.7005
  type: 'test'
  ...
# Subtest: language changes persist all supported choices without changing appearance
ok 1352 - language changes persist all supported choices without changing appearance
  ---
  duration_ms: 0.690084
  type: 'test'
  ...
# Subtest: a failed language write rejects and preserves the previous saved choice for retry
ok 1353 - a failed language write rejects and preserves the previous saved choice for retry
  ---
  duration_ms: 0.795583
  type: 'test'
  ...
# Subtest: system locale resolver recognizes all supported targets and regional/case variants
ok 1354 - system locale resolver recognizes all supported targets and regional/case variants
  ---
  duration_ms: 3.534875
  type: 'test'
  ...
# Subtest: unknown and malformed system locale values resolve explicitly to temporary English
ok 1355 - unknown and malformed system locale values resolve explicitly to temporary English
  ---
  duration_ms: 0.478
  type: 'test'
  ...
# Subtest: all manual choices remain authoritative and settings offer seven languages
ok 1356 - all manual choices remain authoritative and settings offer seven languages
  ---
  duration_ms: 0.445875
  type: 'test'
  ...
# Subtest: i18next does not silently fill missing keys from another locale
ok 1357 - i18next does not silently fill missing keys from another locale
  ---
  duration_ms: 3.052208
  type: 'test'
  ...
# Subtest: notification settings renders only the accepted plan slots and follows the stored settings entry
ok 1358 - notification settings renders only the accepted plan slots and follows the stored settings entry
  ---
  duration_ms: 2.123209
  type: 'test'
  ...
# Subtest: hook proves readiness only from accepted plan and at least one slot
ok 1359 - hook proves readiness only from accepted plan and at least one slot
  ---
  duration_ms: 0.31875
  type: 'test'
  ...
# Subtest: structural failures and absent plans expose no permission or activation controls
ok 1360 - structural failures and absent plans expose no permission or activation controls
  ---
  duration_ms: 2.716375
  type: 'test'
  ...
# Subtest: accepted disabled plan may show permission and enable action
ok 1361 - accepted disabled plan may show permission and enable action
  ---
  duration_ms: 0.164375
  type: 'test'
  ...
# Subtest: only a synced result is presented as active with a turn-off action
ok 1362 - only a synced result is presented as active with a turn-off action
  ---
  duration_ms: 0.147084
  type: 'test'
  ...
# Subtest: durable pending failures expose retry and neutral cancel, never active wording
ok 1363 - durable pending failures expose retry and neutral cancel, never active wording
  ---
  duration_ms: 0.186708
  type: 'test'
  ...
# Subtest: pending retry and cancel actions call the existing retry and disable paths
ok 1364 - pending retry and cancel actions call the existing retry and disable paths
  ---
  duration_ms: 0.284042
  type: 'test'
  ...
# Subtest: seven locales have distinct reminder-draft and cancellation copy with no goal return copy
ok 1365 - seven locales have distinct reminder-draft and cancellation copy with no goal return copy
  ---
  duration_ms: 0.741459
  type: 'test'
  ...
# Subtest: notification settings keeps lifecycle-safe request coordination
ok 1366 - notification settings keeps lifecycle-safe request coordination
  ---
  duration_ms: 0.593167
  type: 'test'
  ...
# Subtest: notification settings mutations are single-flight before asynchronous work starts
ok 1367 - notification settings mutations are single-flight before asynchronous work starts
  ---
  duration_ms: 1.495875
  type: 'test'
  ...
# Subtest: a read that started before a mutation cannot overwrite the completed mutation
ok 1368 - a read that started before a mutation cannot overwrite the completed mutation
  ---
  duration_ms: 0.25925
  type: 'test'
  ...
# Subtest: a read started during a mutation stays stale while a later idle read can commit
ok 1369 - a read started during a mutation stays stale while a later idle read can commit
  ---
  duration_ms: 0.160834
  type: 'test'
  ...
# Subtest: a foreground read during a mutation is skipped before it can leave loading asserted
ok 1370 - a foreground read during a mutation is skipped before it can leave loading asserted
  ---
  duration_ms: 0.142292
  type: 'test'
  ...
# Subtest: Settings exposes account and participant navigation actions plus conditional developer verification actions
ok 1371 - Settings exposes account and participant navigation actions plus conditional developer verification actions
  ---
  duration_ms: 10.85125
  type: 'test'
  ...
# Subtest: Legal information exposes distinct personal-rights and non-personal-recovery entries
ok 1372 - Legal information exposes distinct personal-rights and non-personal-recovery entries
  ---
  duration_ms: 0.496917
  type: 'test'
  ...
# Subtest: Legal information scopes missing public configuration to external support and keeps local documents available
ok 1373 - Legal information scopes missing public configuration to external support and keeps local documents available
  ---
  duration_ms: 0.884167
  type: 'test'
  ...
# Subtest: Legal request form keeps validation inline, field-specific, and API-free
ok 1374 - Legal request form keeps validation inline, field-specific, and API-free
  ---
  duration_ms: 0.70525
  type: 'test'
  ...
# Subtest: Settings account presentation names guest, authenticated, and unavailable states and keeps sign-out provider-owned
ok 1375 - Settings account presentation names guest, authenticated, and unavailable states and keeps sign-out provider-owned
  ---
  duration_ms: 2.01575
  type: 'test'
  ...
# Subtest: Settings keeps the backend verification group explicitly development-only
ok 1376 - Settings keeps the backend verification group explicitly development-only
  ---
  duration_ms: 1.1395
  type: 'test'
  ...
# Subtest: grouped settings rows follow the Figma 200% text geometry
ok 1377 - grouped settings rows follow the Figma 200% text geometry
  ---
  duration_ms: 0.567041
  type: 'test'
  ...
# Subtest: InfoBlock and ListRow remount native text when live Dynamic Type scale changes
ok 1378 - InfoBlock and ListRow remount native text when live Dynamic Type scale changes
  ---
  duration_ms: 0.429208
  type: 'test'
  ...
# Subtest: Settings heading has no redundant description and locale keeps goal copy
ok 1379 - Settings heading has no redundant description and locale keeps goal copy
  ---
  duration_ms: 0.907042
  type: 'test'
  ...
# Subtest: Premium keeps a localized Settings context while retaining the back action
ok 1380 - Premium keeps a localized Settings context while retaining the back action
  ---
  duration_ms: 1.228041
  type: 'test'
  ...
# Subtest: Your data keeps the Settings entry label and names its local header consistently
ok 1381 - Your data keeps the Settings entry label and names its local header consistently
  ---
  duration_ms: 1.097583
  type: 'test'
  ...
# Subtest: Your data owns an exhaustive account-state action matrix and wires the mapped controls
ok 1382 - Your data owns an exhaustive account-state action matrix and wires the mapped controls
  ---
  duration_ms: 2.689833
  type: 'test'
  ...
# Subtest: Your data export copy matches the complete JSON scope and the system share or save action
ok 1383 - Your data export copy matches the complete JSON scope and the system share or save action
  ---
  duration_ms: 0.780292
  type: 'test'
  ...
# Subtest: Settings app identity follows the Figma footer geometry
ok 1384 - Settings app identity follows the Figma footer geometry
  ---
  duration_ms: 0.688167
  type: 'test'
  ...
# Subtest: Settings keeps appearance values readable at large text
ok 1385 - Settings keeps appearance values readable at large text
  ---
  duration_ms: 0.1865
  type: 'test'
  ...
# Subtest: shared supporting list-row text uses the Figma fractional line height
ok 1386 - shared supporting list-row text uses the Figma fractional line height
  ---
  duration_ms: 0.797459
  type: 'test'
  ...
# Subtest: appearance selection owns the typed accessible radio choice flow
ok 1387 - appearance selection owns the typed accessible radio choice flow
  ---
  duration_ms: 0.842208
  type: 'test'
  ...
# Subtest: language selection owns the typed accessible radio choice flow
ok 1388 - language selection owns the typed accessible radio choice flow
  ---
  duration_ms: 0.727458
  type: 'test'
  ...
# Subtest: System language detail follows the device locale independently from the selected app locale
ok 1389 - System language detail follows the device locale independently from the selected app locale
  ---
  duration_ms: 0.816
  type: 'test'
  ...
# Subtest: InfoBlock exposes opt-in alert semantics for dynamic settings errors
ok 1390 - InfoBlock exposes opt-in alert semantics for dynamic settings errors
  ---
  duration_ms: 0.348291
  type: 'test'
  ...
# Subtest: appearance choices use the Figma preview variants without changing language choices
ok 1391 - appearance choices use the Figma preview variants without changing language choices
  ---
  duration_ms: 0.287833
  type: 'test'
  ...
# Subtest: settings bottom sheets use the Figma elevated shell and modal accessibility boundary
ok 1392 - settings bottom sheets use the Figma elevated shell and modal accessibility boundary
  ---
  duration_ms: 0.819333
  type: 'test'
  ...
# Subtest: information topics keep a stable locale-independent selection and explicit next-page affordance
ok 1393 - information topics keep a stable locale-independent selection and explicit next-page affordance
  ---
  duration_ms: 0.934834
  type: 'test'
  ...
# Subtest: active sessions stay local and block account snapshot export
ok 1394 - active sessions stay local and block account snapshot export
  ---
  duration_ms: 17.567792
  type: 'test'
  ...
# Subtest: canonical account records round trip through remote materialization
ok 1395 - canonical account records round trip through remote materialization
  ---
  duration_ms: 4.285125
  type: 'test'
  ...
# Subtest: remote materialization keeps the newest active track independent of input order and acknowledges both records
ok 1396 - remote materialization keeps the newest active track independent of input order and acknowledges both records
  ---
  duration_ms: 11.650958
  type: 'test'
  ...
# Subtest: remote materialization rejects missing or invalid updatedAt
ok 1397 - remote materialization rejects missing or invalid updatedAt
  ---
  duration_ms: 4.57075
  type: 'test'
  ...
# Subtest: equal updatedAt selects the same active track using canonical identity
ok 1398 - equal updatedAt selects the same active track using canonical identity
  ---
  duration_ms: 6.124625
  type: 'test'
  ...
# Subtest: snapshot and materialization preserve one exact goal-plan bundle
ok 1399 - snapshot and materialization preserve one exact goal-plan bundle
  ---
  duration_ms: 65.026375
  type: 'test'
  ...
# Subtest: bound account sync validates a goal and learning plan as one sync-plan bundle
ok 1400 - bound account sync validates a goal and learning plan as one sync-plan bundle
  ---
  duration_ms: 36.813875
  type: 'test'
  ...
# Subtest: bound account sync builds one retryable canonical outbox and acknowledges it
ok 1401 - bound account sync builds one retryable canonical outbox and acknowledges it
  ---
  duration_ms: 4.484959
  type: 'test'
  ...
# Subtest: bound account outbox creates an explicit tombstone for a deleted acknowledged record
ok 1402 - bound account outbox creates an explicit tombstone for a deleted acknowledged record
  ---
  duration_ms: 4.249917
  type: 'test'
  ...
# Subtest: reselecting an acknowledged active track tombstones the previously acknowledged track
ok 1403 - reselecting an acknowledged active track tombstones the previously acknowledged track
  ---
  duration_ms: 3.114333
  type: 'test'
  ...
# Subtest: pending mutation IDs stay stable across an uncertain retry
ok 1404 - pending mutation IDs stay stable across an uncertain retry
  ---
  duration_ms: 14.642583
  type: 'test'
  ...
# Subtest: removed identity metadata is rejected before persistence
ok 1405 - removed identity metadata is rejected before persistence
  ---
  duration_ms: 0.861
  type: 'test'
  ...
# Subtest: deleted records keep their exact durable identity and tombstone state
ok 1406 - deleted records keep their exact durable identity and tombstone state
  ---
  duration_ms: 0.751791
  type: 'test'
  ...
# Subtest: canonical repository bootstrap requires an already active storage scope
ok 1407 - canonical repository bootstrap requires an already active storage scope
  ---
  duration_ms: 5.747458
  type: 'test'
  ...
# Subtest: canonical repositories use individual immutable records and one active session
ok 1408 - canonical repositories use individual immutable records and one active session
  ---
  duration_ms: 6.658917
  type: 'test'
  ...
# Subtest: training sessions permit free navigation while rejecting regressing foreground time and missing active records
ok 1409 - training sessions permit free navigation while rejecting regressing foreground time and missing active records
  ---
  duration_ms: 3.567625
  type: 'test'
  ...
# Subtest: active sessions persist only preallocated conditional reinsert resolutions
ok 1410 - active sessions persist only preallocated conditional reinsert resolutions
  ---
  duration_ms: 9.660334
  type: 'test'
  ...
# Subtest: terminal sessions are immutable except for identical recovery replay
ok 1411 - terminal sessions are immutable except for identical recovery replay
  ---
  duration_ms: 1.735417
  type: 'test'
  ...
# Subtest: strict guards accept resolved identities and reject mismatches, tombstones, and legacy identity fields
ok 1412 - strict guards accept resolved identities and reject mismatches, tombstones, and legacy identity fields
  ---
  duration_ms: 1.082625
  type: 'test'
  ...
# Subtest: strict session reads reject a legacy-shaped stored record without inference
ok 1413 - strict session reads reject a legacy-shaped stored record without inference
  ---
  duration_ms: 0.665792
  type: 'test'
  ...
# Subtest: canonical repository bootstrap reports the exact six steps in order
ok 1414 - canonical repository bootstrap reports the exact six steps in order
  ---
  duration_ms: 1.518416
  type: 'test'
  ...
# Subtest: canonical repository bootstrap isolates a throwing step observer without wrapping failures
ok 1415 - canonical repository bootstrap isolates a throwing step observer without wrapping failures
  ---
  duration_ms: 3.344292
  type: 'test'
  ...
# Subtest: typed stores keep unavailable records outside strict runtime keys and reject legacy identity fields
ok 1416 - typed stores keep unavailable records outside strict runtime keys and reject legacy identity fields
  ---
  duration_ms: 14.837708
  type: 'test'
  ...
# Subtest: abandon unavailable active writes terminal archival history before removing the tombstone
ok 1417 - abandon unavailable active writes terminal archival history before removing the tombstone
  ---
  duration_ms: 7.063333
  type: 'test'
  ...
# Subtest: removing an unavailable review removes only that entry
ok 1418 - removing an unavailable review removes only that entry
  ---
  duration_ms: 3.017291
  type: 'test'
  ...
# Subtest: stored unavailable indexes fail closed when a record is malformed
ok 1419 - stored unavailable indexes fail closed when a record is malformed
  ---
  duration_ms: 0.778166
  type: 'test'
  ...
# Subtest: committed unavailable-active repair preserves active order and removes only archive IDs from the index
ok 1420 - committed unavailable-active repair preserves active order and removes only archive IDs from the index
  ---
  duration_ms: 4.203333
  type: 'test'
  ...
# Subtest: committed unavailable-active repair is an idempotent no-op for an already exact active index
ok 1421 - committed unavailable-active repair is an idempotent no-op for an already exact active index
  ---
  duration_ms: 0.884875
  type: 'test'
  ...
# Subtest: committed unavailable-active repair treats an expected-revision race as a typed conflict without retry or partial write
ok 1422 - committed unavailable-active repair treats an expected-revision race as a typed conflict without retry or partial write
  ---
  duration_ms: 1.485416
  type: 'test'
  ...
# Subtest: committed unavailable-active repair reports a verification mismatch after one index write without retry
ok 1423 - committed unavailable-active repair reports a verification mismatch after one index write without retry
  ---
  duration_ms: 1.349584
  type: 'test'
  ...
# Subtest: committed unavailable-active repair fails typed and makes no partial write for invalid index or record state
ok 1424 - committed unavailable-active repair fails typed and makes no partial write for invalid index or record state
  ---
  duration_ms: 3.988042
  type: 'test'
  ...
# Subtest: committed unavailable-active repair removes archive-only IDs while preserving their records
ok 1425 - committed unavailable-active repair removes archive-only IDs while preserving their records
  ---
  duration_ms: 1.182042
  type: 'test'
  ...
# Subtest: learning-state reset clears all three private content-identity stores
ok 1426 - learning-state reset clears all three private content-identity stores
  ---
  duration_ms: 1.672542
  type: 'test'
  ...
# Subtest: report form submission persists a queued local outbox entry when backend is unavailable
ok 1427 - report form submission persists a queued local outbox entry when backend is unavailable
  ---
  duration_ms: 14.5235
  type: 'test'
  ...
# Subtest: report outbox normalizes an omitted note and rejects obvious private data before persistence
ok 1428 - report outbox normalizes an omitted note and rejects obvious private data before persistence
  ---
  duration_ms: 1.076875
  type: 'test'
  ...
# Subtest: report outbox requires App Check, then accepts with the same idempotency key
ok 1429 - report outbox requires App Check, then accepts with the same idempotency key
  ---
  duration_ms: 3.051292
  type: 'test'
  ...
# Subtest: throwing native App Check provider leaves a report failed and retryable
ok 1430 - throwing native App Check provider leaves a report failed and retryable
  ---
  duration_ms: 1.662459
  type: 'test'
  ...
# Subtest: failed transport is retryable without creating a new report identity
ok 1431 - failed transport is retryable without creating a new report identity
  ---
  duration_ms: 3.427458
  type: 'test'
  ...
# Subtest: a lost response keeps the original report identity and accepts duplicate confirmation
ok 1432 - a lost response keeps the original report identity and accepts duplicate confirmation
  ---
  duration_ms: 1.106166
  type: 'test'
  ...
# Subtest: cleanup failure never claims accepted and preserves the retrying record
ok 1433 - cleanup failure never claims accepted and preserves the retrying record
  ---
  duration_ms: 1.017959
  type: 'test'
  ...
# Subtest: canonical bootstrap purges legacy accepted entries but preserves uncertain reports
ok 1434 - canonical bootstrap purges legacy accepted entries but preserves uncertain reports
  ---
  duration_ms: 204.514375
  type: 'test'
  ...
# Subtest: local outbox removes unconfirmed reports after 30 days and preserves newer retries
ok 1435 - local outbox removes unconfirmed reports after 30 days and preserves newer retries
  ---
  duration_ms: 1.164708
  type: 'test'
  ...
# Subtest: canonical runtime transport flushes once after readiness and is torn down without fallback
ok 1436 - canonical runtime transport flushes once after readiness and is torn down without fallback
  ---
  duration_ms: 1.311333
  type: 'test'
  ...
# Subtest: restart readiness replays queued, retrying, and failed records with their original identities
ok 1437 - restart readiness replays queued, retrying, and failed records with their original identities
  ---
  duration_ms: 2.483166
  type: 'test'
  ...
# Subtest: readiness flush and a concurrent submit share one in-flight send and one cleanup
ok 1438 - readiness flush and a concurrent submit share one in-flight send and one cleanup
  ---
  duration_ms: 5.390375
  type: 'test'
  ...
# Subtest: teardown during an in-flight response leaves the entry retryable for duplicate reconciliation
ok 1439 - teardown during an in-flight response leaves the entry retryable for duplicate reconciliation
  ---
  duration_ms: 1.34775
  type: 'test'
  ...
# Subtest: goal onboarding dismissal is durable, idempotent, and scoped per track
ok 1440 - goal onboarding dismissal is durable, idempotent, and scoped per track
  ---
  duration_ms: 4.053
  type: 'test'
  ...
# Subtest: goal onboarding dismissal rejects unsupported stored records
ok 1441 - goal onboarding dismissal rejects unsupported stored records
  ---
  duration_ms: 1.351917
  type: 'test'
  ...
# Subtest: goal snapshots expose canonical revisions and CAS advances them
ok 1442 - goal snapshots expose canonical revisions and CAS advances them
  ---
  duration_ms: 5.611125
  type: 'test'
  ...
# Subtest: goal snapshot CAS rejects stale create and update without changing durable data
ok 1443 - goal snapshot CAS rejects stale create and update without changing durable data
  ---
  duration_ms: 1.738292
  type: 'test'
  ...
# Subtest: legacy goal access stays compatible and snapshot writes keep goal validation
ok 1444 - legacy goal access stays compatible and snapshot writes keep goal validation
  ---
  duration_ms: 1.877
  type: 'test'
  ...
# Subtest: goal snapshot CAS rejects a reentrant create for the same canonical key
ok 1445 - goal snapshot CAS rejects a reentrant create for the same canonical key
  ---
  duration_ms: 1.215958
  type: 'test'
  ...
# Subtest: guest access is an explicit durable decision and can be cleared for account entry
ok 1446 - guest access is an explicit durable decision and can be cleared for account entry
  ---
  duration_ms: 2.661958
  type: 'test'
  ...
# Subtest: provisions one validated guest installation and preserves it across repeated bootstrap
ok 1447 - provisions one validated guest installation and preserves it across repeated bootstrap
  ---
  duration_ms: 126.322458
  type: 'test'
  ...
# Subtest: guest access requires an existing unbound installation and rejects retained account data
ok 1448 - guest access requires an existing unbound installation and rejects retained account data
  ---
  duration_ms: 1.242875
  type: 'test'
  ...
# Subtest: corrupt or unsupported guest installation records block without replacement
ok 1449 - corrupt or unsupported guest installation records block without replacement
  ---
  duration_ms: 1.983
  type: 'test'
  ...
# Subtest: guest installation blocks coercible identifiers and non-v4 UUID records
ok 1450 - guest installation blocks coercible identifiers and non-v4 UUID records
  ---
  duration_ms: 1.119334
  type: 'test'
  ...
# Subtest: valid later binding states are preserved without adopting or regenerating an installation
ok 1451 - valid later binding states are preserved without adopting or regenerating an installation
  ---
  duration_ms: 15.80175
  type: 'test'
  ...
# Subtest: identity or write failure blocks before recovery/content and leaves no partial guest record
ok 1452 - identity or write failure blocks before recovery/content and leaves no partial guest record
  ---
  duration_ms: 1.578625
  type: 'test'
  ...
# Subtest: guest installation rejects malformed generated identities without writing
ok 1453 - guest installation rejects malformed generated identities without writing
  ---
  duration_ms: 0.352917
  type: 'test'
  ...
# Subtest: bootstrap blocks corrupt guest access before content without replacing it
ok 1454 - bootstrap blocks corrupt guest access before content without replacing it
  ---
  duration_ms: 0.473167
  type: 'test'
  ...
# Subtest: inconsistent installation bindings block bootstrap and guest access without replacement
ok 1455 - inconsistent installation bindings block bootstrap and guest access without replacement
  ---
  duration_ms: 1.048625
  type: 'test'
  ...
# Subtest: persistent plan read returns its canonical envelope revision
ok 1456 - persistent plan read returns its canonical envelope revision
  ---
  duration_ms: 67.053417
  type: 'test'
  ...
# Subtest: dual-key CAS rejects stale goal and plan revisions and accepts one idempotent command retry
ok 1457 - dual-key CAS rejects stale goal and plan revisions and accepts one idempotent command retry
  ---
  duration_ms: 10.312417
  type: 'test'
  ...
# Subtest: compound lock sorts and deduplicates keys and rejects reentrant acquisition
ok 1458 - compound lock sorts and deduplicates keys and rejects reentrant acquisition
  ---
  duration_ms: 1.330875
  type: 'test'
  ...
# Subtest: write uncertainty can be retried by command id, while a failure before persistence is not a false success
ok 1459 - write uncertainty can be retried by command id, while a failure before persistence is not a false success
  ---
  duration_ms: 2.631875
  type: 'test'
  ...
# Subtest: accepts a journal whose scope and writes use one exact resolved artifact
ok 1460 - accepts a journal whose scope and writes use one exact resolved artifact
  ---
  duration_ms: 17.5165
  type: 'test'
  ...
# Subtest: uses the complete resolved reference when validating attempt and session relationships
ok 1461 - uses the complete resolved reference when validating attempt and session relationships
  ---
  duration_ms: 8.629833
  type: 'test'
  ...
# Subtest: requires an exact lowercase artifact SHA and rejects legacy top-level identity fields
ok 1462 - requires an exact lowercase artifact SHA and rejects legacy top-level identity fields
  ---
  duration_ms: 2.587625
  type: 'test'
  ...
# Subtest: permits a reset journal only with a null artifact scope
ok 1463 - permits a reset journal only with a null artifact scope
  ---
  duration_ms: 1.717709
  type: 'test'
  ...
# Subtest: stores and reads the complete plan identity, slot identity, and envelope revision
ok 1464 - stores and reads the complete plan identity, slot identity, and envelope revision
  ---
  duration_ms: 43.549833
  type: 'test'
  ...
# Subtest: legacy settings migrate to enabled-only state while retaining every native notification id
ok 1465 - legacy settings migrate to enabled-only state while retaining every native notification id
  ---
  duration_ms: 1.246583
  type: 'test'
  ...
# Subtest: legacy daily settings retain the one native id during migration
ok 1466 - legacy daily settings retain the one native id during migration
  ---
  duration_ms: 0.430709
  type: 'test'
  ...
# Subtest: legacy journals become cancellation-only journals and cannot restore their old desired slots
ok 1467 - legacy journals become cancellation-only journals and cannot restore their old desired slots
  ---
  duration_ms: 1.367042
  type: 'test'
  ...
# Subtest: rejects duplicate days or slot IDs in a canonical settings record
ok 1468 - rejects duplicate days or slot IDs in a canonical settings record
  ---
  duration_ms: 4.227167
  type: 'test'
  ...
# Subtest: rejects identity without commandId, contentVersion, or a valid artifact SHA
ok 1469 - rejects identity without commandId, contentVersion, or a valid artifact SHA
  ---
  duration_ms: 1.395917
  type: 'test'
  ...
# Subtest: Premium testing override is unavailable outside sandbox and local development runtimes
ok 1470 - Premium testing override is unavailable outside sandbox and local development runtimes
  ---
  duration_ms: 2.1835
  type: 'test'
  ...
# Subtest: Premium testing override persists only for a sandbox or local development runtime
ok 1471 - Premium testing override persists only for a sandbox or local development runtime
  ---
  duration_ms: 0.566125
  type: 'test'
  ...
# Subtest: keeps the same question distinct across immutable artifact SHA-256 values
ok 1472 - keeps the same question distinct across immutable artifact SHA-256 values
  ---
  duration_ms: 6.547959
  type: 'test'
  ...
# Subtest: preserves durable identity conflicts for one resolved content reference
ok 1473 - preserves durable identity conflicts for one resolved content reference
  ---
  duration_ms: 1.9805
  type: 'test'
  ...
# Subtest: rejects a durable ID rewrite across artifact identities before writing either entry
ok 1474 - rejects a durable ID rewrite across artifact identities before writing either entry
  ---
  duration_ms: 0.720917
  type: 'test'
  ...
# Subtest: preserves index order while updating and removing canonical entries
ok 1475 - preserves index order while updating and removing canonical entries
  ---
  duration_ms: 44.502625
  type: 'test'
  ...
# Subtest: rejects legacy identity fields, mixed records, tombstones, and non-lowercase artifact hashes
ok 1476 - rejects legacy identity fields, mixed records, tombstones, and non-lowercase artifact hashes
  ---
  duration_ms: 5.239292
  type: 'test'
  ...
# Subtest: reads only strict canonical entries from durable storage
ok 1477 - reads only strict canonical entries from durable storage
  ---
  duration_ms: 1.183041
  type: 'test'
  ...
# Subtest: clears all canonical review records and the index
ok 1478 - clears all canonical review records and the index
  ---
  duration_ms: 0.600916
  type: 'test'
  ...
# Subtest: repository codec distinguishes absence and corrupt JSON
ok 1479 - repository codec distinguishes absence and corrupt JSON
  ---
  duration_ms: 5.237208
  type: 'test'
  ...
# Subtest: canonical storage uses envelopes and rejects an unsupported schema identity
ok 1480 - canonical storage uses envelopes and rejects an unsupported schema identity
  ---
  duration_ms: 3.900459
  type: 'test'
  ...
# Subtest: the atomic track cutover rejects every persisted former track identity without translating it
ok 1481 - the atomic track cutover rejects every persisted former track identity without translating it
  ---
  duration_ms: 10.678333
  type: 'test'
  ...
# Subtest: draft replacement verifies its expected revision
ok 1482 - draft replacement verifies its expected revision
  ---
  duration_ms: 5.588
  type: 'test'
  ...
# Subtest: bootstrap blocks an inconsistent active-session reference and a missing required draft
ok 1483 - bootstrap blocks an inconsistent active-session reference and a missing required draft
  ---
  duration_ms: 116.24675
  type: 'test'
  ...
# Subtest: bootstrap runs resolution only after recovery/content validation and exposes profile/content mismatch as blocking
ok 1484 - bootstrap runs resolution only after recovery/content validation and exposes profile/content mismatch as blocking
  ---
  duration_ms: 25.92175
  type: 'test'
  ...
# Subtest: one MMKV native adapter is infrastructure-owned and runtime access stays bounded
ok 1485 - one MMKV native adapter is infrastructure-owned and runtime access stays bounded
  ---
  duration_ms: 111.866708
  type: 'test'
  ...
# Subtest: cutover removes old storage and remote content paths
ok 1486 - cutover removes old storage and remote content paths
  ---
  duration_ms: 1086.193917
  type: 'test'
  ...
# Subtest: canonical keys use the one Patternly namespace
ok 1487 - canonical keys use the one Patternly namespace
  ---
  duration_ms: 3.843583
  type: 'test'
  ...
# Subtest: initializes and reuses the exact canonical metadata payload
ok 1488 - initializes and reuses the exact canonical metadata payload
  ---
  duration_ms: 4.815417
  type: 'test'
  ...
# Subtest: fails closed when stored metadata has an unknown shape or newer schema
ok 1489 - fails closed when stored metadata has an unknown shape or newer schema
  ---
  duration_ms: 1.593042
  type: 'test'
  ...
# Subtest: practice answer fixture completes ten canonical submissions with the exact mixed interaction outcomes
ok 1490 - practice answer fixture completes ten canonical submissions with the exact mixed interaction outcomes
  ---
  duration_ms: 1679.808459
  type: 'test'
  ...
# Subtest: fixture construction uses canonical runtime methods and has no persistence path
ok 1491 - fixture construction uses canonical runtime methods and has no persistence path
  ---
  duration_ms: 0.778166
  type: 'test'
  ...
# Subtest: runtime selectors are deterministic and use the canonical grammar
ok 1492 - runtime selectors are deterministic and use the canonical grammar
  ---
  duration_ms: 1.998791
  type: 'test'
  ...
# Subtest: Premium offer setup selectors are deterministic and valid
ok 1493 - Premium offer setup selectors are deterministic and valid
  ---
  duration_ms: 0.384042
  type: 'test'
  ...
# Subtest: Design Interview save selectors distinguish persistence status and retry
ok 1494 - Design Interview save selectors distinguish persistence status and retry
  ---
  duration_ms: 0.245292
  type: 'test'
  ...
# Subtest: runtime selectors preserve canonical identities without learner-visible copy
ok 1495 - runtime selectors preserve canonical identities without learner-visible copy
  ---
  duration_ms: 0.510708
  type: 'test'
  ...
# Subtest: runtime selectors preserve case-sensitive authored item identities
ok 1496 - runtime selectors preserve case-sensitive authored item identities
  ---
  duration_ms: 0.500083
  type: 'test'
  ...
# Subtest: session metadata selectors expose validated lifecycle values without learner copy
ok 1497 - session metadata selectors expose validated lifecycle values without learner copy
  ---
  duration_ms: 0.440375
  type: 'test'
  ...
# Subtest: complexity selectors encode authored notation without weakening the selector grammar
ok 1498 - complexity selectors encode authored notation without weakening the selector grammar
  ---
  duration_ms: 2.020209
  type: 'test'
  ...
# Subtest: runtime selectors keep distinct runtime entities distinct
ok 1499 - runtime selectors keep distinct runtime entities distinct
  ---
  duration_ms: 0.893666
  type: 'test'
  ...
# Subtest: unavailable recovery and review selectors remain stable and distinct
ok 1500 - unavailable recovery and review selectors remain stable and distinct
  ---
  duration_ms: 0.820958
  type: 'test'
  ...
# Subtest: runtime selector factories reject values that cannot be represented in the contract
ok 1501 - runtime selector factories reject values that cannot be represented in the contract
  ---
  duration_ms: 1.064459
  type: 'test'
  ...
# Subtest: goal selectors expose stable target-date input and field-error identities
ok 1502 - goal selectors expose stable target-date input and field-error identities
  ---
  duration_ms: 0.181584
  type: 'test'
  ...
# Subtest: learning plan selectors use the closed primary states and stable slot identities
ok 1503 - learning plan selectors use the closed primary states and stable slot identities
  ---
  duration_ms: 0.596917
  type: 'test'
  ...
# Subtest: learning plan editor retry selectors distinguish save from start-existing
ok 1504 - learning plan editor retry selectors distinguish save from start-existing
  ---
  duration_ms: 0.169791
  type: 'test'
  ...
# Subtest: notification selectors keep plan slots and closed error states typed
ok 1505 - notification selectors keep plan slots and closed error states typed
  ---
  duration_ms: 0.387083
  type: 'test'
  ...
# Subtest: target date guidance selectors expose every closed state and reason
ok 1506 - target date guidance selectors expose every closed state and reason
  ---
  duration_ms: 1.034667
  type: 'test'
  ...
# Subtest: Home plan selectors expose every closed unavailable reason
ok 1507 - Home plan selectors expose every closed unavailable reason
  ---
  duration_ms: 0.224208
  type: 'test'
  ...
# Subtest: Progress plan selectors expose typed completion, day and unavailable identities
ok 1508 - Progress plan selectors expose typed completion, day and unavailable identities
  ---
  duration_ms: 0.313417
  type: 'test'
  ...
# Subtest: journey resolves canonical track mode and pool
ok 1509 - journey resolves canonical track mode and pool
  ---
  duration_ms: 1477.454916
  type: 'test'
  ...
# Subtest: onDanger keeps destructive button text above normal-text contrast in both themes
ok 1510 - onDanger keeps destructive button text above normal-text contrast in both themes
  ---
  duration_ms: 1.782125
  type: 'test'
  ...
# Subtest: onPrimary keeps goal status and selected day labels above normal-text contrast in both themes
ok 1511 - onPrimary keeps goal status and selected day labels above normal-text contrast in both themes
  ---
  duration_ms: 0.266625
  type: 'test'
  ...
# Subtest: RC Certification Maestro flows change, restore, persist, resume, finish, and review the 50-item exam
ok 1512 - RC Certification Maestro flows change, restore, persist, resume, finish, and review the 50-item exam
  ---
  duration_ms: 4.079458
  type: 'test'
  ...
# Subtest: RC Android runner requires the explicit current dev-client and evidence destination
ok 1513 - RC Android runner requires the explicit current dev-client and evidence destination
  ---
  duration_ms: 0.342084
  type: 'test'
  ...
# Subtest: RC iOS runner requires one booted simulator and the same explicit evidence contract
ok 1514 - RC iOS runner requires one booted simulator and the same explicit evidence contract
  ---
  duration_ms: 0.308709
  type: 'test'
  ...
# Subtest: RC iOS certification smoke requires local credentials and authenticates only when Settings offers account entry
ok 1515 - RC iOS certification smoke requires local credentials and authenticates only when Settings offers account entry
  ---
  duration_ms: 1.222959
  type: 'test'
  ...
# Subtest: Free Certification Exam flow resets once, reaches the Premium paywall, and retries after a cold restart without reset
ok 1516 - Free Certification Exam flow resets once, reaches the Premium paywall, and retries after a cold restart without reset
  ---
  duration_ms: 1.520541
  type: 'test'
  ...
# Subtest: RC iOS timeout runner prepares one local exam, advances the audit clock, and captures timeout review evidence
ok 1517 - RC iOS timeout runner prepares one local exam, advances the audit clock, and captures timeout review evidence
  ---
  duration_ms: 0.947084
  type: 'test'
  ...
# Subtest: Certification progress derives practice, exam, outcome, taxonomy, review, and repeated-mistake signals
ok 1518 - Certification progress derives practice, exam, outcome, taxonomy, review, and repeated-mistake signals
  ---
  duration_ms: 45.952583
  type: 'test'
  ...
# Subtest: Certification progress has explicit empty state and no synthetic learning metrics
ok 1519 - Certification progress has explicit empty state and no synthetic learning metrics
  ---
  duration_ms: 5.749084
  type: 'test'
  ...
# Subtest: Certification progress ignores same-version evidence from another exact content package
ok 1520 - Certification progress ignores same-version evidence from another exact content package
  ---
  duration_ms: 0.549833
  type: 'test'
  ...
# Subtest: Certification result keeps truthful session metrics and routes Focus domains through the canonical formatter
ok 1521 - Certification result keeps truthful session metrics and routes Focus domains through the canonical formatter
  ---
  duration_ms: 2.142792
  type: 'test'
  ...
# Subtest: Certification Focus domain formatter resolves only a canonical roadmap node
ok 1522 - Certification Focus domain formatter resolves only a canonical roadmap node
  ---
  duration_ms: 2.711542
  type: 'test'
  ...
# Subtest: direct entry to excluded Algorithms declared-scope modes fails without substitution
ok 1523 - direct entry to excluded Algorithms declared-scope modes fails without substitution
  ---
  duration_ms: 1591.418833
  type: 'test'
  ...
# Subtest: completed Algorithms practice replaces its runner with the session-keyed summary route
ok 1524 - completed Algorithms practice replaces its runner with the session-keyed summary route
  ---
  duration_ms: 2.073166
  type: 'test'
  ...
# Subtest: practice summary reloads the immutable result and runner navigation requires verified completion
ok 1525 - practice summary reloads the immutable result and runner navigation requires verified completion
  ---
  duration_ms: 1.494792
  type: 'test'
  ...
# Subtest: practice question review is a readonly session surface with bounded navigation and a return to its result
ok 1526 - practice question review is a readonly session surface with bounded navigation and a return to its result
  ---
  duration_ms: 4.221708
  type: 'test'
  ...
# Subtest: session control labels identify the dimension, ordering position, and command
ok 1527 - session control labels identify the dimension, ordering position, and command
  ---
  duration_ms: 5.20425
  type: 'test'
  ...
# Subtest: coding review pending keeps SessionShell navigation while using neutral response anatomy
ok 1528 - coding review pending keeps SessionShell navigation while using neutral response anatomy
  ---
  duration_ms: 0.695667
  type: 'test'
  ...
# Subtest: interactive Algorithms session controls use real 48-point minimum geometry without hit-area substitutes
ok 1529 - interactive Algorithms session controls use real 48-point minimum geometry without hit-area substitutes
  ---
  duration_ms: 2.821875
  type: 'test'
  ...
# Subtest: simulation accessibility respects motion, focus, and touch-target constraints
ok 1530 - simulation accessibility respects motion, focus, and touch-target constraints
  ---
  duration_ms: 0.503167
  type: 'test'
  ...
# Subtest: canonical session surfaces expose deterministic state and do not group interactive descendants
ok 1531 - canonical session surfaces expose deterministic state and do not group interactive descendants
  ---
  duration_ms: 3.092625
  type: 'test'
  ...
# Subtest: practice exit makes abandonment a single explicit decision in a modal
ok 1532 - practice exit makes abandonment a single explicit decision in a modal
  ---
  duration_ms: 1.769708
  type: 'test'
  ...
# Subtest: standalone practice conflict and unavailable states respect both safe-area edges
ok 1533 - standalone practice conflict and unavailable states respect both safe-area edges
  ---
  duration_ms: 0.708042
  type: 'test'
  ...
# Subtest: large text can grow session chrome and controls without fixed interactive heights
ok 1534 - large text can grow session chrome and controls without fixed interactive heights
  ---
  duration_ms: 0.947333
  type: 'test'
  ...
# Subtest: bottom navigation preserves one-line visual labels while keeping every tab semantically named
ok 1535 - bottom navigation preserves one-line visual labels while keeping every tab semantically named
  ---
  duration_ms: 1.151792
  type: 'test'
  ...
# Subtest: bottom navigation uses theme-appropriate separators without altering the light overlay
ok 1536 - bottom navigation uses theme-appropriate separators without altering the light overlay
  ---
  duration_ms: 1.471875
  type: 'test'
  ...
# Subtest: Practice Hub keeps the quiet-layered recommendation readable at large text and removes the competing stats card
ok 1537 - Practice Hub keeps the quiet-layered recommendation readable at large text and removes the competing stats card
  ---
  duration_ms: 0.654583
  type: 'test'
  ...
# Subtest: Practice Hub retains its mode layout and canonical ownership
ok 1538 - Practice Hub retains its mode layout and canonical ownership
  ---
  duration_ms: 2.361375
  type: 'test'
  ...
# Subtest: Practice Question Shell keeps the Figma prompt-to-answer rhythm
ok 1539 - Practice Question Shell keeps the Figma prompt-to-answer rhythm
  ---
  duration_ms: 0.492541
  type: 'test'
  ...
# Subtest: certification exam stacks descriptive actions so large text cannot clip flagging or navigation
ok 1540 - certification exam stacks descriptive actions so large text cannot clip flagging or navigation
  ---
  duration_ms: 0.614459
  type: 'test'
  ...
# Subtest: practice runtime selectors are derived from the canonical session projection without entering speech labels
ok 1541 - practice runtime selectors are derived from the canonical session projection without entering speech labels
  ---
  duration_ms: 1.214
  type: 'test'
  ...
# Subtest: dry-run regression starts the recommended session directly and proves its live timer
ok 1542 - dry-run regression starts the recommended session directly and proves its live timer
  ---
  duration_ms: 1.893416
  type: 'test'
  ...
# Subtest: dry-run regression ends early into a truthful partial summary
ok 1543 - dry-run regression ends early into a truthful partial summary
  ---
  duration_ms: 0.517459
  type: 'test'
  ...
# Subtest: Algorithms presentation metadata covers exactly the generated structural roadmap
ok 1544 - Algorithms presentation metadata covers exactly the generated structural roadmap
  ---
  duration_ms: 4.956083
  type: 'test'
  ...
# Subtest: Algorithms runtime derives roadmap parent relationships and mental units from the generated SOT
ok 1545 - Algorithms runtime derives roadmap parent relationships and mental units from the generated SOT
  ---
  duration_ms: 0.791333
  type: 'test'
  ...
# Subtest: AUD-02B runner fails closed outside the existing booted iPhone 17 app and local evidence setup
ok 1546 - AUD-02B runner fails closed outside the existing booted iPhone 17 app and local evidence setup
  ---
  duration_ms: 2.345208
  type: 'test'
  ...
# Subtest: AUD-02B executes authenticated Free, Premium, and expiry phases in order with the exact audit URL
ok 1547 - AUD-02B executes authenticated Free, Premium, and expiry phases in order with the exact audit URL
  ---
  duration_ms: 0.543125
  type: 'test'
  ...
# Subtest: AUD-02B owns only its local backend process and gates both entitlement phases on readiness
ok 1548 - AUD-02B owns only its local backend process and gates both entitlement phases on readiness
  ---
  duration_ms: 1.017292
  type: 'test'
  ...
# Subtest: AUD-02B Free evidence selects Coding Mock and repeats the paywall after clearState:false relaunch
ok 1549 - AUD-02B Free evidence selects Coding Mock and repeats the paywall after clearState:false relaunch
  ---
  duration_ms: 1.560542
  type: 'test'
  ...
# Subtest: AUD-02B Premium evidence restores the same 40-question draft before manual finalization and endpoint review
ok 1550 - AUD-02B Premium evidence restores the same 40-question draft before manual finalization and endpoint review
  ---
  duration_ms: 1.674125
  type: 'test'
  ...
# Subtest: AUD-02B expiry invokes only the exact Coding Mock command and captures finalized unanswered review
ok 1551 - AUD-02B expiry invokes only the exact Coding Mock command and captures finalized unanswered review
  ---
  duration_ms: 0.455334
  type: 'test'
  ...
# Subtest: Custom Practice resume preserves the selected durable at-session-end timing
ok 1552 - Custom Practice resume preserves the selected durable at-session-end timing
  ---
  duration_ms: 454.9995
  type: 'test'
  ...
# Subtest: resume rejects an active session that lacks a canonical feedback timing
ok 1553 - resume rejects an active session that lacks a canonical feedback timing
  ---
  duration_ms: 0.346333
  type: 'test'
  ...
# Subtest: M3 keeps the same Custom Practice session and withholds feedback across leave, kill, and resume
ok 1554 - M3 keeps the same Custom Practice session and withholds feedback across leave, kill, and resume
  ---
  duration_ms: 2.700208
  type: 'test'
  ...
# Subtest: M4 restores the exact Custom Practice durable feedback after leave, kill, and resume
ok 1555 - M4 restores the exact Custom Practice durable feedback after leave, kill, and resume
  ---
  duration_ms: 0.842333
  type: 'test'
  ...
# Subtest: M5 reuses the complete M1 flow and proves a terminal session has no active resume path after relaunch
ok 1556 - M5 reuses the complete M1 flow and proves a terminal session has no active resume path after relaunch
  ---
  duration_ms: 0.263458
  type: 'test'
  ...
# Subtest: RC Algorithms bootstrap resets learning data and explicitly selects the Algorithms track
ok 1557 - RC Algorithms bootstrap resets learning data and explicitly selects the Algorithms track
  ---
  duration_ms: 2.653
  type: 'test'
  ...
# Subtest: RC Algorithms iOS runner validates and passes explicit capture inputs only to the final Maestro flow
ok 1558 - RC Algorithms iOS runner validates and passes explicit capture inputs only to the final Maestro flow
  ---
  duration_ms: 0.605542
  type: 'test'
  ...
# Subtest: AUD-02C runner is pinned to one existing iPhone 17 and ordered local entitlement phases
ok 1559 - AUD-02C runner is pinned to one existing iPhone 17 and ordered local entitlement phases
  ---
  duration_ms: 1.983459
  type: 'test'
  ...
# Subtest: AUD-02C flows prove Free denial, durable resume, manual result, timeout result, and rubric review
ok 1560 - AUD-02C flows prove Free denial, durable resume, manual result, timeout result, and rubric review
  ---
  duration_ms: 1.183417
  type: 'test'
  ...
# Subtest: AUD-02C premium and timeout flows preserve each response before saved status without keyboard commands
ok 1561 - AUD-02C premium and timeout flows preserve each response before saved status without keyboard commands
  ---
  duration_ms: 0.628
  type: 'test'
  ...
# Subtest: Design session mode titles match the learner-facing journey
ok 1562 - Design session mode titles match the learner-facing journey
  ---
  duration_ms: 1.993625
  type: 'test'
  ...
# Subtest: Design result names its exact package topic and exposes missing mapping
ok 1563 - Design result names its exact package topic and exposes missing mapping
  ---
  duration_ms: 1.198334
  type: 'test'
  ...
1..1563
# tests 1577
# suites 0
# pass 1573
# fail 0
# cancelled 0
# skipped 4
# todo 0
# duration_ms 81398.181125

> patternly@0.1.0 validate:content-boundary
> node scripts/validateContentBoundary.mjs

CONTENT_BOUNDARY_CHECK=passed

> patternly@0.1.0 validate:runtime-privacy-boundary
> node scripts/validateRuntimePrivacyBoundary.mjs

RUNTIME_PRIVACY_BOUNDARY_CHECK=passed
