
> patternly@0.1.0 qa:static
> npm run recovery:check && npm run typecheck && npm test && npm run validate:content-boundary && npm run validate:runtime-privacy-boundary


> patternly@0.1.0 recovery:check
> node scripts/checkRecoveryBaseline.mjs

RECOVERY_INVENTORY_CHECK=passed
RECOVERY_ACTIVE_SOURCE_FILES=442
RECOVERY_ACTIVE_TESTS=279
RECOVERY_TEST_CASES=1541
RECOVERY_STAGE_1_BOUNDARIES=passed

> patternly@0.1.0 typecheck
> tsc --noEmit


> patternly@0.1.0 test
> node --import tsx --test 'src/**/*.test.ts' 'src/**/*.test.mjs' 'scripts/**/*.test.ts' 'scripts/**/*.test.mjs'

TAP version 13
# Subtest: learning kernel and registry boundaries exclude family content and platform owners
ok 1 - learning kernel and registry boundaries exclude family content and platform owners
  ---
  duration_ms: 7.214084
  type: 'test'
  ...
# Subtest: families do not import one another and source contains no replacement bridge
ok 2 - families do not import one another and source contains no replacement bridge
  ---
  duration_ms: 95.312958
  type: 'test'
  ...
# Subtest: application mutations depend on repositories rather than raw storage internals
ok 3 - application mutations depend on repositories rather than raw storage internals
  ---
  duration_ms: 0.645709
  type: 'test'
  ...
# Subtest: canonical lifecycle use cases have no React, storage implementation, or family-scoring dependency
ok 4 - canonical lifecycle use cases have no React, storage implementation, or family-scoring dependency
  ---
  duration_ms: 1.599875
  type: 'test'
  ...
# Subtest: the public storage barrel does not expose raw keys or codec
ok 5 - the public storage barrel does not expose raw keys or codec
  ---
  duration_ms: 0.564167
  type: 'test'
  ...
# Subtest: AUD-02D starts child before auth and records expired baseline before observation
ok 6 - AUD-02D starts child before auth and records expired baseline before observation
  ---
  duration_ms: 8.79025
  type: 'test'
  ...
# Subtest: child readiness waits for readiness and races early completion
ok 7 - child readiness waits for readiness and races early completion
  ---
  duration_ms: 2.450375
  type: 'test'
  ...
# Subtest: nonzero child completion remains a hard failure
ok 8 - nonzero child completion remains a hard failure
  ---
  duration_ms: 0.202709
  type: 'test'
  ...
# Subtest: bounded cleanup leaves a naturally completed child alone
ok 9 - bounded cleanup leaves a naturally completed child alone
  ---
  duration_ms: 0.880375
  type: 'test'
  ...
# Subtest: timeout stops the child, its owned backend, then confirms port release
ok 10 - timeout stops the child, its owned backend, then confirms port release
  ---
  duration_ms: 3.147958
  type: 'test'
  ...
# Subtest: cleanup is bounded and retains each cleanup failure
ok 11 - cleanup is bounded and retains each cleanup failure
  ---
  duration_ms: 6.376125
  type: 'test'
  ...
# Subtest: cleanup context keeps the original failure first
ok 12 - cleanup context keeps the original failure first
  ---
  duration_ms: 0.434375
  type: 'test'
  ...
# Subtest: listener ownership requires a complete ancestry chain to the exact runner
ok 13 - listener ownership requires a complete ancestry chain to the exact runner
  ---
  duration_ms: 0.559333
  type: 'test'
  ...
# Subtest: backend signal uses only the group captured by successful ownership proof
ok 14 - backend signal uses only the group captured by successful ownership proof
  ---
  duration_ms: 3.679875
  type: 'test'
  ...
# Subtest: failed backend ownership proof skips backend signal and reports secondary failure
ok 15 - failed backend ownership proof skips backend signal and reports secondary failure
  ---
  duration_ms: 2.521917
  type: 'test'
  ...
# Subtest: AUD-02D evidence manifest snapshots redact credentials without mutating live case records
ok 16 - AUD-02D evidence manifest snapshots redact credentials without mutating live case records
  ---
  duration_ms: 18.629833
  type: 'test'
  ...
# Subtest: AUD-02D evidence redaction scrubs text artifacts atomically and scans every regular file
ok 17 - AUD-02D evidence redaction scrubs text artifacts atomically and scans every regular file
  ---
  duration_ms: 47.094708
  type: 'test'
  ...
# Subtest: AUD-02D evidence redaction rejects symbolic links under the output root
ok 18 - AUD-02D evidence redaction rejects symbolic links under the output root
  ---
  duration_ms: 6.098417
  type: 'test'
  ...
# Subtest: AUD-02D evidence scan removes later unsafe credential files after an earlier directory symlink
ok 19 - AUD-02D evidence scan removes later unsafe credential files after an earlier directory symlink
  ---
  duration_ms: 8.729
  type: 'test'
  ...
# Subtest: AUD-02D matrix is exactly bound to the nine-track candidate lock
ok 20 - AUD-02D matrix is exactly bound to the nine-track candidate lock
  ---
  duration_ms: 6.60125
  type: 'test'
  ...
# Subtest: Custom Practice matrix includes every 10/20/40 by timing combination
ok 21 - Custom Practice matrix includes every 10/20/40 by timing combination
  ---
  duration_ms: 0.613
  type: 'test'
  ...
# Subtest: coordinating runner binds every case to clean sources, one install, native identity and stable bundle bytes
ok 22 - coordinating runner binds every case to clean sources, one install, native identity and stable bundle bytes
  ---
  duration_ms: 1.838708
  type: 'test'
  ...
# Subtest: AUD-02D validates smoke profile for Metro and owns active backend through pre-premium runtime cases
ok 23 - AUD-02D validates smoke profile for Metro and owns active backend through pre-premium runtime cases
  ---
  duration_ms: 2.849458
  type: 'test'
  ...
# Subtest: AUD-02D non-exam premium runners receive their declared premium flows
ok 24 - AUD-02D non-exam premium runners receive their declared premium flows
  ---
  duration_ms: 1.847042
  type: 'test'
  ...
# Subtest: AUD-02D resolves and validates the exact local Expo iOS AppEntry launch asset
ok 25 - AUD-02D resolves and validates the exact local Expo iOS AppEntry launch asset
  ---
  duration_ms: 1.680458
  type: 'test'
  ...
# Subtest: smoke entitlement probe exchanges ordinary auth for a generation-pinned token without persisting secrets
ok 26 - smoke entitlement probe exchanges ordinary auth for a generation-pinned token without persisting secrets
  ---
  duration_ms: 2.312083
  type: 'test'
  ...
# Subtest: smoke auth errors persist only HTTP status and safe error.code
ok 27 - smoke auth errors persist only HTTP status and safe error.code
  ---
  duration_ms: 4.273042
  type: 'test'
  ...
# Subtest: AUD-02D Maestro flows cover track readiness and all setup selectors before session start
ok 28 - AUD-02D Maestro flows cover track readiness and all setup selectors before session start
  ---
  duration_ms: 34.647833
  type: 'test'
  ...
# Subtest: auth preflight extended waits are recorded and flows without assertions remain rejected
ok 29 - auth preflight extended waits are recorded and flows without assertions remain rejected
  ---
  duration_ms: 48.984125
  type: 'test'
  ...
# Subtest: feedback lifecycle flows resume, complete ten answers and open the result review
ok 30 - feedback lifecycle flows resume, complete ten answers and open the result review
  ---
  duration_ms: 30.475209
  type: 'test'
  ...
# Subtest: result review selects the caller-provided question while retaining its occurrence root
ok 31 - result review selects the caller-provided question while retaining its occurrence root
  ---
  duration_ms: 20.819917
  type: 'test'
  ...
# Subtest: all new AUD-02D Maestro YAML documents parse and contain executable assertion commands
ok 32 - all new AUD-02D Maestro YAML documents parse and contain executable assertion commands
  ---
  duration_ms: 21.904583
  type: 'test'
  ...
# Subtest: Expo and npm expose one canonical Patternly identity
ok 33 - Expo and npm expose one canonical Patternly identity
  ---
  duration_ms: 4.47025
  type: 'test'
  ...
# Subtest: RC runners, runtime-audit URLs, and every Maestro flow share the Patternly identity
ok 34 - RC runners, runtime-audit URLs, and every Maestro flow share the Patternly identity
  ---
  duration_ms: 14.043625
  type: 'test'
  ...
# Subtest: build identity cutover leaves canonical learning-data keys unchanged
ok 35 - build identity cutover leaves canonical learning-data keys unchanged
  ---
  duration_ms: 1.215625
  type: 'test'
  ...
# Subtest: sandbox builds validate the same closed public environment schema as the installed app
ok 36 - sandbox builds validate the same closed public environment schema as the installed app
  ---
  duration_ms: 3.434209
  type: 'test'
  ...
# Subtest: runtime mode is explicit and persists in public Expo config
ok 37 - runtime mode is explicit and persists in public Expo config
  ---
  duration_ms: 0.447166
  type: 'test'
  ...
# Subtest: sandbox and release reject mode/configuration mismatches
ok 38 - sandbox and release reject mode/configuration mismatches
  ---
  duration_ms: 0.306917
  type: 'test'
  ...
# Subtest: release app config always rejects the checked-in public legal payload
ok 39 - release app config always rejects the checked-in public legal payload
  ---
  duration_ms: 13.000292
  type: 'test'
  ...
# Subtest: release public legal links use the configured public environment parser and match the legal record
ok 40 - release public legal links use the configured public environment parser and match the legal record
  ---
  duration_ms: 0.81825
  type: 'test'
  ...
# Subtest: smoke is explicit, locally bound, and permits debug App Check
ok 41 - smoke is explicit, locally bound, and permits debug App Check
  ---
  duration_ms: 0.601083
  type: 'test'
  ...
# Subtest: remote artifacts require their public Firebase configuration before prebuild
ok 42 - remote artifacts require their public Firebase configuration before prebuild
  ---
  duration_ms: 2.09175
  type: 'test'
  ...
# Subtest: only iOS remote artifacts require the public RevenueCat Apple SDK key before prebuild
ok 43 - only iOS remote artifacts require the public RevenueCat Apple SDK key before prebuild
  ---
  duration_ms: 0.576583
  type: 'test'
  ...
# Subtest: remote artifacts require production App Check providers before prebuild
ok 44 - remote artifacts require production App Check providers before prebuild
  ---
  duration_ms: 0.313459
  type: 'test'
  ...
# Subtest: sandbox and release accept only production App Check provider pairs
ok 45 - sandbox and release accept only production App Check provider pairs
  ---
  duration_ms: 2.289958
  type: 'test'
  ...
# Subtest: sandbox uses the one tracked native Firebase registration while release requires production file variables
ok 46 - sandbox uses the one tracked native Firebase registration while release requires production file variables
  ---
  duration_ms: 0.261041
  type: 'test'
  ...
# Subtest: explicit iOS sandbox and release require iOS configuration and ignore Android-only configuration
ok 47 - explicit iOS sandbox and release require iOS configuration and ignore Android-only configuration
  ---
  duration_ms: 0.974167
  type: 'test'
  ...
# Subtest: explicit Android sandbox and release require Android configuration and ignore iOS-only configuration
ok 48 - explicit Android sandbox and release require Android configuration and ignore iOS-only configuration
  ---
  duration_ms: 0.856375
  type: 'test'
  ...
# Subtest: without an explicit native target, sandbox and release require both platform configurations
ok 49 - without an explicit native target, sandbox and release require both platform configurations
  ---
  duration_ms: 11.950583
  type: 'test'
  ...
# Subtest: explicit iOS and Android builds always require shared Firebase public configuration
ok 50 - explicit iOS and Android builds always require shared Firebase public configuration
  ---
  duration_ms: 1.601
  type: 'test'
  ...
# Subtest: candidate lock binds the exact nine bundled artifacts
ok 51 - candidate lock binds the exact nine bundled artifacts
  ---
  duration_ms: 8.653375
  type: 'test'
  ...
# Subtest: candidate lock rejects bundled bytes outside the candidate
ok 52 - candidate lock rejects bundled bytes outside the candidate
  ---
  duration_ms: 11.544834
  type: 'test'
  ...
# Subtest: Metro selects Certification Exam review fixtures only in smoke and keeps disabled peer inert
ok 53 - Metro selects Certification Exam review fixtures only in smoke and keeps disabled peer inert
  ---
  duration_ms: 959.465708
  type: 'test'
  ...
# Subtest: QA installs the frontend lock before native and root verification
ok 54 - QA installs the frontend lock before native and root verification
  ---
  duration_ms: 0.657
  type: 'test'
  ...
# Subtest: EAS release configuration has explicit version, runtime, and channel policy
ok 55 - EAS release configuration has explicit version, runtime, and channel policy
  ---
  duration_ms: 1.319208
  type: 'test'
  ...
# Subtest: EAS source archives exclude generated native output, artifacts, and credentials
ok 56 - EAS source archives exclude generated native output, artifacts, and credentials
  ---
  duration_ms: 0.36825
  type: 'test'
  ...
# Subtest: production exporter rejects the current incomplete canonical source before creating output
ok 57 - production exporter rejects the current incomplete canonical source before creating output
  ---
  duration_ms: 568.00325
  type: 'test'
  ...
# Subtest: synthetic seven-locale artifacts are marked unapproved and contain complete, interpolated drafts
ok 58 - synthetic seven-locale artifacts are marked unapproved and contain complete, interpolated drafts
  ---
  duration_ms: 23.373375
  type: 'test'
  ...
# Subtest: app legal exports retain the same output as parameterized template rendering
ok 59 - app legal exports retain the same output as parameterized template rendering
  ---
  duration_ms: 0.139708
  type: 'test'
  ...
# Subtest: release gate and exporter use the same canonical source fingerprint
ok 60 - release gate and exporter use the same canonical source fingerprint
  ---
  duration_ms: 715.900375
  type: 'test'
  ...
# Subtest: launch readiness CI is the complete exact-four-SHA owning gate
ok 61 - launch readiness CI is the complete exact-four-SHA owning gate
  ---
  duration_ms: 4.367542
  type: 'test'
  ...
# Subtest: mutations of any required SHA input fail closed
ok 62 - mutations of any required SHA input fail closed
  ---
  duration_ms: 4.660583
  type: 'test'
  ...
# Subtest: mutations of each fixed repository slug, ref, path and fetch depth fail closed
ok 63 - mutations of each fixed repository slug, ref, path and fetch depth fail closed
  ---
  duration_ms: 8.117209
  type: 'test'
  ...
# Subtest: mutations of historical lock resolution or app content roots fail closed
ok 64 - mutations of historical lock resolution or app content roots fail closed
  ---
  duration_ms: 4.08575
  type: 'test'
  ...
# Subtest: mutations of every exact-head or clean-worktree assertion fail closed
ok 65 - mutations of every exact-head or clean-worktree assertion fail closed
  ---
  duration_ms: 4.129666
  type: 'test'
  ...
# Subtest: mutations of toolchain and every npm ci owning gate fail closed
ok 66 - mutations of toolchain and every npm ci owning gate fail closed
  ---
  duration_ms: 17.664125
  type: 'test'
  ...
# Subtest: mutations of the web server wait, base URL and cleanup fail closed
ok 67 - mutations of the web server wait, base URL and cleanup fail closed
  ---
  duration_ms: 3.860125
  type: 'test'
  ...
# Subtest: mutations of backend sibling roots and content/web gate commands fail closed
ok 68 - mutations of backend sibling roots and content/web gate commands fail closed
  ---
  duration_ms: 5.172291
  type: 'test'
  ...
# Subtest: mutations of manifest creation, verification and enforced release fail closed
ok 69 - mutations of manifest creation, verification and enforced release fail closed
  ---
  duration_ms: 6.0515
  type: 'test'
  ...
# Subtest: mutations of JSON validation, unconditional uploads and final outcome enforcement fail closed
ok 70 - mutations of JSON validation, unconditional uploads and final outcome enforcement fail closed
  ---
  duration_ms: 5.708209
  type: 'test'
  ...
# Subtest: moving candidate refs, write permissions or secrets fail closed
ok 71 - moving candidate refs, write permissions or secrets fail closed
  ---
  duration_ms: 1.400292
  type: 'test'
  ...
# Subtest: Metro selects proposal fixtures only in the smoke runtime
ok 72 - Metro selects proposal fixtures only in the smoke runtime
  ---
  duration_ms: 964.020375
  type: 'test'
  ...
# Subtest: one journal contract, materializer, verifier, and coordinator remain
ok 73 - one journal contract, materializer, verifier, and coordinator remain
  ---
  duration_ms: 2.513791
  type: 'test'
  ...
# Subtest: mutation failure has one boundary owner and presentation cannot recreate durable state
ok 74 - mutation failure has one boundary owner and presentation cannot recreate durable state
  ---
  duration_ms: 215.315958
  type: 'test'
  ...
# Subtest: features and track semantics cannot import storage or repository implementations
ok 75 - features and track semantics cannot import storage or repository implementations
  ---
  duration_ms: 10.187459
  type: 'test'
  ...
# Subtest: Algorithms runtime composition has no persistence binding
ok 76 - Algorithms runtime composition has no persistence binding
  ---
  duration_ms: 2.022
  type: 'test'
  ...
# Subtest: Coding Interview read projections do not create a barrel cycle through the session facade
ok 77 - Coding Interview read projections do not create a barrel cycle through the session facade
  ---
  duration_ms: 4.551208
  type: 'test'
  ...
# Subtest: one family-neutral foreground timer is bound only in application composition, never in presentation
ok 78 - one family-neutral foreground timer is bound only in application composition, never in presentation
  ---
  duration_ms: 24.211208
  type: 'test'
  ...
# Subtest: training-session identity has one lifecycle authority and no obsolete runtime port
ok 79 - training-session identity has one lifecycle authority and no obsolete runtime port
  ---
  duration_ms: 7.517042
  type: 'test'
  ...
# Subtest: old active exam persistence owner and feature services are deleted
ok 80 - old active exam persistence owner and feature services are deleted
  ---
  duration_ms: 46.977208
  type: 'test'
  ...
# Subtest: Certification answers cannot recreate the deleted selector or competing writer
ok 81 - Certification answers cannot recreate the deleted selector or competing writer
  ---
  duration_ms: 37.180042
  type: 'test'
  ...
# Subtest: Certification presentation reads materialized feedback without owning family scoring
ok 82 - Certification presentation reads materialized feedback without owning family scoring
  ---
  duration_ms: 25.888292
  type: 'test'
  ...
# Subtest: Certification durable Practice state has one exact projection, recovery command, and shared notice mapper
ok 83 - Certification durable Practice state has one exact projection, recovery command, and shared notice mapper
  ---
  duration_ms: 4.312708
  type: 'test'
  ...
# Subtest: Certification route handoffs use exact resume intent and cannot hide failures behind start fallbacks
ok 84 - Certification route handoffs use exact resume intent and cannot hide failures behind start fallbacks
  ---
  duration_ms: 1.51725
  type: 'test'
  ...
# Subtest: presentation routes use application ports without persistence internals
ok 85 - presentation routes use application ports without persistence internals
  ---
  duration_ms: 8.988708
  type: 'test'
  ...
# Subtest: startup recovery uses canonical bootstrap recovery
ok 86 - startup recovery uses canonical bootstrap recovery
  ---
  duration_ms: 0.124125
  type: 'test'
  ...
# Subtest: release-native configuration excludes canonical learning storage from backup and unneeded ingress
ok 87 - release-native configuration excludes canonical learning storage from backup and unneeded ingress
  ---
  duration_ms: 0.823833
  type: 'test'
  ...
# Subtest: Android privacy transforms are reproducible without generated native projects
ok 88 - Android privacy transforms are reproducible without generated native projects
  ---
  duration_ms: 0.890917
  type: 'test'
  ...
# Subtest: iOS backup transform is reproducible without a generated AppDelegate
ok 89 - iOS backup transform is reproducible without a generated AppDelegate
  ---
  duration_ms: 0.106166
  type: 'test'
  ...
# Subtest: clean iOS output declares current data collection without tracking or remote notifications
ok 90 - clean iOS output declares current data collection without tracking or remote notifications
  ---
  duration_ms: 12.211209
  type: 'test'
  ...
# Subtest: Expo platform configuration declares the supported phone-only native matrix
ok 91 - Expo platform configuration declares the supported phone-only native matrix
  ---
  duration_ms: 1.358416
  type: 'test'
  ...
# Subtest: Premium node offers and their local fixture transport share one smoke-only Metro module
ok 92 - Premium node offers and their local fixture transport share one smoke-only Metro module
  ---
  duration_ms: 569.518583
  type: 'test'
  ...
# Subtest: release Metro source selections cannot expose the local Premium offer or payload
ok 93 - release Metro source selections cannot expose the local Premium offer or payload
  ---
  duration_ms: 22.110333
  type: 'test'
  ...
# Subtest: provider auth fixture runtime resolves to smoke implementation only for smoke
ok 94 - provider auth fixture runtime resolves to smoke implementation only for smoke
  ---
  duration_ms: 528.783042
  type: 'test'
  ...
# Subtest: non-smoke provider fixture peer contains no token-generation or provider-auth SDK calls
ok 95 - non-smoke provider fixture peer contains no token-generation or provider-auth SDK calls
  ---
  duration_ms: 8.205125
  type: 'test'
  ...
# Subtest: mobile recovery coordinator, secure-store fixture and adapter complete real HTTP recovery operations
ok 96 - mobile recovery coordinator, secure-store fixture and adapter complete real HTTP recovery operations # SKIP
  ---
  duration_ms: 0.470125
  type: 'test'
  ...
# Subtest: launch readiness report is deterministic and exposes the unresolved release blockers
ok 97 - launch readiness report is deterministic and exposes the unresolved release blockers
  ---
  duration_ms: 1037.118708
  type: 'test'
  ...
# Subtest: release readiness reports missing, malformed, and complete public legal configuration safely
ok 98 - release readiness reports missing, malformed, and complete public legal configuration safely
  ---
  duration_ms: 3358.614375
  type: 'test'
  ...
# Subtest: launch readiness rejects a forged runtime admission
ok 99 - launch readiness rejects a forged runtime admission
  ---
  duration_ms: 1070.326125
  type: 'test'
  ...
# Subtest: release gate fails while the readiness report contains blockers
ok 100 - release gate fails while the readiness report contains blockers
  ---
  duration_ms: 758.486042
  type: 'test'
  ...
# Subtest: enforced release gate requires a verified four-repository manifest
ok 101 - enforced release gate requires a verified four-repository manifest
  ---
  duration_ms: 724.758167
  type: 'test'
  ...
# Subtest: launch readiness fails closed when the content evidence checkout is dirty
ok 102 - launch readiness fails closed when the content evidence checkout is dirty
  ---
  duration_ms: 310.50975
  type: 'test'
  ...
# Subtest: explicit report output is written after inspection and does not dirty either worktree
ok 103 - explicit report output is written after inspection and does not dirty either worktree
  ---
  duration_ms: 997.0815
  type: 'test'
  ...
# Subtest: owning validator rejects stale identity and malformed readiness semantics
ok 104 - owning validator rejects stale identity and malformed readiness semantics
  ---
  duration_ms: 5264.158542
  type: 'test'
  ...
# Subtest: enforced mode still writes a valid report before returning exit 1
ok 105 - enforced mode still writes a valid report before returning exit 1
  ---
  duration_ms: 934.576208
  type: 'test'
  ...
# Subtest: CLI rejects malformed arguments and physical output paths inside either worktree
ok 106 - CLI rejects malformed arguments and physical output paths inside either worktree
  ---
  duration_ms: 1461.299833
  type: 'test'
  ...
# Subtest: launch readiness fails closed when the application release lock provenance is invalid
ok 107 - launch readiness fails closed when the application release lock provenance is invalid
  ---
  duration_ms: 724.071083
  type: 'test'
  ...
# Subtest: launch readiness fails closed when the application evidence checkout is dirty
ok 108 - launch readiness fails closed when the application evidence checkout is dirty
  ---
  duration_ms: 810.021958
  type: 'test'
  ...
# Subtest: launch readiness admits external evidence only when its envelope is bound and self-integral
ok 109 - launch readiness admits external evidence only when its envelope is bound and self-integral
  ---
  duration_ms: 2196.219625
  type: 'test'
  ...
# Subtest: physical-device evidence is optional through freeze and mandatory at go
ok 110 - physical-device evidence is optional through freeze and mandatory at go
  ---
  duration_ms: 2359.020875
  type: 'test'
  ...
# Subtest: stage contract keeps PO, provider, store, and device evidence out of local and freeze
ok 111 - stage contract keeps PO, provider, store, and device evidence out of local and freeze
  ---
  duration_ms: 1889.373208
  type: 'test'
  ...
# Subtest: creates deterministic portable identity with repositories, locks, build, configuration, and evidence
ok 112 - creates deterministic portable identity with repositories, locks, build, configuration, and evidence
  ---
  duration_ms: 4059.0545
  type: 'test'
  ...
# Subtest: verifies exact HEADs, clean worktrees, hashes and current content/OpenAPI owning checks
ok 113 - verifies exact HEADs, clean worktrees, hashes and current content/OpenAPI owning checks
  ---
  duration_ms: 1950.530166
  type: 'test'
  ...
# Subtest: CLI create output can be copied to another external directory and verified
ok 114 - CLI create output can be copied to another external directory and verified
  ---
  duration_ms: 4428.643917
  type: 'test'
  ...
# Subtest: enforced releaseGate reports a verified manifest identity without absolute paths
ok 115 - enforced releaseGate reports a verified manifest identity without absolute paths
  ---
  duration_ms: 2836.539541
  type: 'test'
  ...
# Subtest: releaseGate accepts only a physical receipt for the exact embedded manifest and build
ok 116 - releaseGate accepts only a physical receipt for the exact embedded manifest and build
  ---
  duration_ms: 5555.903958
  type: 'test'
  ...
# Subtest: runtime receipt rejects every mismatch with the verified embedded artifact
ok 117 - runtime receipt rejects every mismatch with the verified embedded artifact
  ---
  duration_ms: 1.405334
  type: 'test'
  ...
# Subtest: enforced releaseGate writes portable reports for invalid and missing manifests
ok 118 - enforced releaseGate writes portable reports for invalid and missing manifests
  ---
  duration_ms: 1256.105708
  type: 'test'
  ...
# Subtest: rejects missing, extra and duplicate repository roles plus the legacy two-SHA shape
ok 119 - rejects missing, extra and duplicate repository roles plus the legacy two-SHA shape
  ---
  duration_ms: 7.352041
  type: 'test'
  ...
# Subtest: rejects wrong manifest identity, stale candidate/track scope and wrong repository SHA
ok 120 - rejects wrong manifest identity, stale candidate/track scope and wrong repository SHA
  ---
  duration_ms: 939.947208
  type: 'test'
  ...
# Subtest: rejects modified evidence before accepting a portable reference
ok 121 - rejects modified evidence before accepting a portable reference
  ---
  duration_ms: 238.693542
  type: 'test'
  ...
# Subtest: rejects changed iOS build, public configuration, and signing evidence bytes
ok 122 - rejects changed iOS build, public configuration, and signing evidence bytes
  ---
  duration_ms: 1018.151834
  type: 'test'
  ...
# Subtest: rejects absolute, traversal and symlink references
ok 123 - rejects absolute, traversal and symlink references
  ---
  duration_ms: 1.323208
  type: 'test'
  ...
# Subtest: rejects dirty repositories and output paths inside or through symlinked parents
ok 124 - rejects dirty repositories and output paths inside or through symlinked parents
  ---
  duration_ms: 20.4315
  type: 'test'
  ...
# Subtest: local profile dotenv parser has no process side effect
ok 125 - local profile dotenv parser has no process side effect
  ---
  duration_ms: 2.757083
  type: 'test'
  ...
# Subtest: the default iOS command uses the local profile and sandbox remains explicit
ok 126 - the default iOS command uses the local profile and sandbox remains explicit
  ---
  duration_ms: 0.617958
  type: 'test'
  ...
# Subtest: smoke profile requires explicit matching local E2E endpoints
ok 127 - smoke profile requires explicit matching local E2E endpoints
  ---
  duration_ms: 1.105583
  type: 'test'
  ...
# Subtest: sandbox profile rejects every local auth override
ok 128 - sandbox profile rejects every local auth override
  ---
  duration_ms: 0.188708
  type: 'test'
  ...
# Subtest: smoke emulator probe reports profile, origin, and action on failure
ok 129 - smoke emulator probe reports profile, origin, and action on failure
  ---
  duration_ms: 0.4255
  type: 'test'
  ...
# Subtest: Auth probe requires the documented emulator configuration response
ok 130 - Auth probe requires the documented emulator configuration response
  ---
  duration_ms: 0.21
  type: 'test'
  ...
# Subtest: API readiness waits for dependencies and rejects false checks
ok 131 - API readiness waits for dependencies and rejects false checks
  ---
  duration_ms: 7.619209
  type: 'test'
  ...
# Subtest: failed smoke preflight cannot spawn Expo
ok 132 - failed smoke preflight cannot spawn Expo
  ---
  duration_ms: 5010.502208
  type: 'test'
  ...
# Subtest: sync replaces the whole generated directory with an exact validated set
ok 133 - sync replaces the whole generated directory with an exact validated set
  ---
  duration_ms: 120.797
  type: 'test'
  ...
# Subtest: sync accepts a complete GCP Exam envelope inside the artifact lock boundary
ok 134 - sync accepts a complete GCP Exam envelope inside the artifact lock boundary
  ---
  duration_ms: 59.493125
  type: 'test'
  ...
# Subtest: sync accepts the exact Coding Mock profile with its ordered 40-question pool
ok 135 - sync accepts the exact Coding Mock profile with its ordered 40-question pool
  ---
  duration_ms: 49.853708
  type: 'test'
  ...
# Subtest: sync accepts and preserves each exact per-track Design Interview simulation profile
ok 136 - sync accepts and preserves each exact per-track Design Interview simulation profile
  ---
  duration_ms: 105.590916
  type: 'test'
  ...
# Subtest: sync rejects Design profile identity, deadline, stage, response, criterion, rubric, and scoring drift
ok 137 - sync rejects Design profile identity, deadline, stage, response, criterion, rubric, and scoring drift
  ---
  duration_ms: 208.734208
  type: 'test'
  ...
# Subtest: sync rejects Coding Mock profiles that drift from the declared strict contract
ok 138 - sync rejects Coding Mock profiles that drift from the declared strict contract
  ---
  duration_ms: 231.324292
  type: 'test'
  ...
# Subtest: sync continues to accept a legacy GCP artifact without simulation metadata
ok 139 - sync continues to accept a legacy GCP artifact without simulation metadata
  ---
  duration_ms: 44.918375
  type: 'test'
  ...
# Subtest: sync rejects malformed GCP profiles before replacing the target even when lock SHA is recomputed
ok 140 - sync rejects malformed GCP profiles before replacing the target even when lock SHA is recomputed
  ---
  duration_ms: 298.845542
  type: 'test'
  ...
# Subtest: check mode proves byte parity and never writes inside the application root
ok 141 - check mode proves byte parity and never writes inside the application root
  ---
  duration_ms: 104.991291
  type: 'test'
  ...
# Subtest: check fails on byte drift without repairing it
ok 142 - check fails on byte drift without repairing it
  ---
  duration_ms: 123.148542
  type: 'test'
  ...
# Subtest: producer failure preserves the existing complete target and cleans staging
ok 143 - producer failure preserves the existing complete target and cleans staging
  ---
  duration_ms: 72.986
  type: 'test'
  ...
# Subtest: failed second rename rolls back the previous directory
ok 144 - failed second rename rolls back the previous directory
  ---
  duration_ms: 66.493833
  type: 'test'
  ...
# Subtest: an interrupted target-to-backup move is recovered before replacement
ok 145 - an interrupted target-to-backup move is recovered before replacement
  ---
  duration_ms: 114.33425
  type: 'test'
  ...
# Subtest: validation rejects extra files, duplicate IDs, tampering, and symlink entries
ok 146 - validation rejects extra files, duplicate IDs, tampering, and symlink entries
  ---
  duration_ms: 34.36125
  type: 'test'
  ...
# Subtest: validation rejects a missing or misnamed artifact and an unsorted lock
ok 147 - validation rejects a missing or misnamed artifact and an unsorted lock
  ---
  duration_ms: 19.053791
  type: 'test'
  ...
# Subtest: failed first rename preserves the target byte-for-byte and leaves no transaction debris
ok 148 - failed first rename preserves the target byte-for-byte and leaves no transaction debris
  ---
  duration_ms: 70.8985
  type: 'test'
  ...
# Subtest: a symlinked target parent fails before staging and cannot write outside appRoot
ok 149 - a symlinked target parent fails before staging and cannot write outside appRoot
  ---
  duration_ms: 15.34225
  type: 'test'
  ...
# Subtest: dirty producer state fails before build or application write
ok 150 - dirty producer state fails before build or application write
  ---
  duration_ms: 15.035083
  type: 'test'
  ...
# Subtest: check rejects a temporary root inside appRoot before any app-tree write
ok 151 - check rejects a temporary root inside appRoot before any app-tree write
  ---
  duration_ms: 64.304625
  type: 'test'
  ...
# CONTENT_BOUNDARY_CHECK=passed
# Subtest: content boundary rejects global fetch ingress but ignores property fetch methods
ok 152 - content boundary rejects global fetch ingress but ignores property fetch methods
  ---
  duration_ms: 0.560167
  type: 'test'
  ...
# Subtest: content boundary rejects legacy identity types and fields in active runtime code
ok 153 - content boundary rejects legacy identity types and fields in active runtime code
  ---
  duration_ms: 0.184875
  type: 'test'
  ...
# Subtest: content boundary rejects legacy published-bank contracts and family catalogs
ok 154 - content boundary rejects legacy published-bank contracts and family catalogs
  ---
  duration_ms: 0.10525
  type: 'test'
  ...
# Subtest: content boundary permits legacy shape only at fail-closed boundaries
ok 155 - content boundary permits legacy shape only at fail-closed boundaries
  ---
  duration_ms: 0.755791
  type: 'test'
  ...
# Subtest: content boundary never permits removed family architecture through explicit allowlists
ok 156 - content boundary never permits removed family architecture through explicit allowlists
  ---
  duration_ms: 0.077334
  type: 'test'
  ...
# Subtest: content boundary permits quoted legacy keys used only by fail-closed rejection guards
ok 157 - content boundary permits quoted legacy keys used only by fail-closed rejection guards
  ---
  duration_ms: 0.058916
  type: 'test'
  ...
# Subtest: recognizes only an enumerated ContentPreparationGate state
ok 158 - recognizes only an enumerated ContentPreparationGate state
  ---
  duration_ms: 0.668291
  type: 'test'
  ...
# Subtest: waits through transient hierarchy failures and returns once a gate state is visible
ok 159 - waits through transient hierarchy failures and returns once a gate state is visible
  ---
  duration_ms: 0.146833
  type: 'test'
  ...
# Subtest: fails closed at the bounded deadline when no gate state is visible
ok 160 - fails closed at the bounded deadline when no gate state is visible
  ---
  duration_ms: 0.249125
  type: 'test'
  ...
# Subtest: deletion authorization expires, binds both UID and generation, and cannot be replayed
ok 161 - deletion authorization expires, binds both UID and generation, and cannot be replayed
  ---
  duration_ms: 0.746208
  type: 'test'
  ...
# Subtest: deletion authorization reports a live grant without consuming it
ok 162 - deletion authorization reports a live grant without consuming it
  ---
  duration_ms: 0.140208
  type: 'test'
  ...
# Subtest: foreground refresh guard skips only a current live deletion grant
ok 163 - foreground refresh guard skips only a current live deletion grant
  ---
  duration_ms: 0.116416
  type: 'test'
  ...
# Subtest: a foreground refresh queued behind prepareDeletion skips the issued grant without consuming it
ok 164 - a foreground refresh queued behind prepareDeletion skips the issued grant without consuming it
  ---
  duration_ms: 0.997375
  type: 'test'
  ...
# Subtest: wrong reauthentication never issues a deletion grant or reaches deletion
ok 165 - wrong reauthentication never issues a deletion grant or reaches deletion
  ---
  duration_ms: 0.11775
  type: 'test'
  ...
# Subtest: a session change after reauthentication prevents grant issuance
ok 166 - a session change after reauthentication prevents grant issuance
  ---
  duration_ms: 0.083042
  type: 'test'
  ...
# Subtest: deletion authorization prepares the backend session after reauthentication and before issuing the grant
ok 167 - deletion authorization prepares the backend session after reauthentication and before issuing the grant
  ---
  duration_ms: 0.097458
  type: 'test'
  ...
# Subtest: deletion authorization fails closed when backend session preparation fails
ok 168 - deletion authorization fails closed when backend session preparation fails
  ---
  duration_ms: 0.122084
  type: 'test'
  ...
# Subtest: deletion authorization fails closed when the session changes during backend session preparation
ok 169 - deletion authorization fails closed when the session changes during backend session preparation
  ---
  duration_ms: 0.251833
  type: 'test'
  ...
# Subtest: verify-before email mutation reports pending work while the current email stays unchanged
ok 170 - verify-before email mutation reports pending work while the current email stays unchanged
  ---
  duration_ms: 0.363375
  type: 'test'
  ...
# Subtest: password mutation failures remain failures after successful reauthentication
ok 171 - password mutation failures remain failures after successful reauthentication
  ---
  duration_ms: 0.091208
  type: 'test'
  ...
# Subtest: sensitive command lane rejects a concurrent different command
ok 172 - sensitive command lane rejects a concurrent different command
  ---
  duration_ms: 0.277833
  type: 'test'
  ...
# Subtest: a second login waits until the first account's Firebase sign-out settles
ok 173 - a second login waits until the first account's Firebase sign-out settles
  ---
  duration_ms: 0.155708
  type: 'test'
  ...
# Subtest: sensitive command lane waits for an active command only through the refresh path
ok 174 - sensitive command lane waits for an active command only through the refresh path
  ---
  duration_ms: 0.088333
  type: 'test'
  ...
# Subtest: waiting refresh drains a command that starts at the idle microtask boundary
ok 175 - waiting refresh drains a command that starts at the idle microtask boundary
  ---
  duration_ms: 0.119083
  type: 'test'
  ...
# Subtest: an active refresh settles before a command claims the lane, even when refresh fails
ok 176 - an active refresh settles before a command claims the lane, even when refresh fails
  ---
  duration_ms: 0.108459
  type: 'test'
  ...
# Subtest: two commands waiting for one refresh leave only the first command admitted
ok 177 - two commands waiting for one refresh leave only the first command admitted
  ---
  duration_ms: 0.883042
  type: 'test'
  ...
# Subtest: refresh holds are refcounted and idempotent while explicit commands remain available
ok 178 - refresh holds are refcounted and idempotent while explicit commands remain available
  ---
  duration_ms: 0.166417
  type: 'test'
  ...
# Subtest: prompt hold lifecycle releases exactly once across success, cancel, error, and unmount paths
ok 179 - prompt hold lifecycle releases exactly once across success, cancel, error, and unmount paths
  ---
  duration_ms: 0.111958
  type: 'test'
  ...
# Subtest: a prompt callback can submit during a refresh hold before its queued foreground refresh
ok 180 - a prompt callback can submit during a refresh hold before its queued foreground refresh
  ---
  duration_ms: 0.315958
  type: 'test'
  ...
# Subtest: a prompt callback during an active refresh keeps queued refresh and submit serialized
ok 181 - a prompt callback during an active refresh keeps queued refresh and submit serialized
  ---
  duration_ms: 0.1705
  type: 'test'
  ...
# Subtest: auth command composition keeps provider credentials and hold-only deletion wiring
ok 182 - auth command composition keeps provider credentials and hold-only deletion wiring
  ---
  duration_ms: 1.121417
  type: 'test'
  ...
# Subtest: account snapshot and outbox use one exact canonical identity contract
ok 183 - account snapshot and outbox use one exact canonical identity contract
  ---
  duration_ms: 12.007167
  type: 'test'
  ...
# Subtest: stored account state rejects removed protocol and content schema fields
ok 184 - stored account state rejects removed protocol and content schema fields
  ---
  duration_ms: 0.941458
  type: 'test'
  ...
# Subtest: guest adoption choice is canonical and survives a durable reread
ok 185 - guest adoption choice is canonical and survives a durable reread
  ---
  duration_ms: 0.393708
  type: 'test'
  ...
# Subtest: stored account state fails closed instead of assigning missing outbox sequence
ok 186 - stored account state fails closed instead of assigning missing outbox sequence
  ---
  duration_ms: 2.626333
  type: 'test'
  ...
# Subtest: account export distinguishes recent authentication, revoked sessions, transport, limits, and 5xx
ok 187 - account export distinguishes recent authentication, revoked sessions, transport, limits, and 5xx
  ---
  duration_ms: 1.777167
  type: 'test'
  ...
# Subtest: validates the account export envelope before any file is created
ok 188 - validates the account export envelope before any file is created
  ---
  duration_ms: 2.388708
  type: 'test'
  ...
# Subtest: rejects partial profiles and malformed section entries
ok 189 - rejects partial profiles and malformed section entries
  ---
  duration_ms: 0.416709
  type: 'test'
  ...
# Subtest: writes to the cache-prefixed filename and deletes after sharing
ok 190 - writes to the cache-prefixed filename and deletes after sharing
  ---
  duration_ms: 0.179542
  type: 'test'
  ...
# Subtest: deletes the temporary file when the share sheet rejects
ok 191 - deletes the temporary file when the share sheet rejects
  ---
  duration_ms: 0.098041
  type: 'test'
  ...
# Subtest: does not create a file when system sharing is unavailable
ok 192 - does not create a file when system sharing is unavailable
  ---
  duration_ms: 0.130708
  type: 'test'
  ...
# Subtest: classifies cache file construction failures without rejecting
ok 193 - classifies cache file construction failures without rejecting
  ---
  duration_ms: 0.072833
  type: 'test'
  ...
# Subtest: a changed account session is rejected before sharing and the file is deleted
ok 194 - a changed account session is rejected before sharing and the file is deleted
  ---
  duration_ms: 0.181667
  type: 'test'
  ...
# Subtest: reports a failed final cleanup and leaves bootstrap responsible for retry
ok 195 - reports a failed final cleanup and leaves bootstrap responsible for retry
  ---
  duration_ms: 0.093125
  type: 'test'
  ...
# Subtest: bootstrap cleanup without an active storage profile preserves all export files
ok 196 - bootstrap cleanup without an active storage profile preserves all export files
  ---
  duration_ms: 0.254542
  type: 'test'
  ...
# Subtest: account export cache cleanup is limited to the selected local profile
ok 197 - account export cache cleanup is limited to the selected local profile
  ---
  duration_ms: 0.451791
  type: 'test'
  ...
# Subtest: profile cleanup leaves legacy unscoped exports because their owner cannot be proven
ok 198 - profile cleanup leaves legacy unscoped exports because their owner cannot be proven
  ---
  duration_ms: 0.09875
  type: 'test'
  ...
# Subtest: guest-merge materialization accepts its timestamp-free contract only when active track is unambiguous
ok 199 - guest-merge materialization accepts its timestamp-free contract only when active track is unambiguous
  ---
  duration_ms: 2.183833
  type: 'test'
  ...
# Subtest: requestEmailChange preserves the global classifier and exposes only the email conflict locally
ok 200 - requestEmailChange preserves the global classifier and exposes only the email conflict locally
  ---
  duration_ms: 0.653917
  type: 'test'
  ...
# Subtest: requestEmailChange keeps operational failures in their existing categories
ok 201 - requestEmailChange keeps operational failures in their existing categories
  ---
  duration_ms: 0.127792
  type: 'test'
  ...
# Subtest: requestEmailChange owns the contextual mapper without changing the Firebase client contract
ok 202 - requestEmailChange owns the contextual mapper without changing the Firebase client contract
  ---
  duration_ms: 0.329375
  type: 'test'
  ...
# Subtest: foreground scheduler coalesces duplicate active events and runs a newer return after the current refresh
ok 203 - foreground scheduler coalesces duplicate active events and runs a newer return after the current refresh
  ---
  duration_ms: 2.76925
  type: 'test'
  ...
# Subtest: foreground scheduler cleanup cancels queued work and drops stale intents
ok 204 - foreground scheduler cleanup cancels queued work and drops stale intents
  ---
  duration_ms: 0.256625
  type: 'test'
  ...
# Subtest: ODK-E2E-041 keeps a runnable guest goal to account restart journey
ok 205 - ODK-E2E-041 keeps a runnable guest goal to account restart journey
  ---
  duration_ms: 0.779917
  type: 'test'
  ...
# Subtest: ODK-E2E-041 preserves the per-track dismissal and restart proof
ok 206 - ODK-E2E-041 preserves the per-track dismissal and restart proof
  ---
  duration_ms: 0.372
  type: 'test'
  ...
# Subtest: ODK-E2E-041 covers an existing goal on a clean device and an account without a goal
ok 207 - ODK-E2E-041 covers an existing goal on a clean device and an account without a goal
  ---
  duration_ms: 0.263792
  type: 'test'
  ...
# Subtest: ODK-E2E-041 data evidence covers identity, atomic goal-plan validation, recovery, and explicit UI states
ok 208 - ODK-E2E-041 data evidence covers identity, atomic goal-plan validation, recovery, and explicit UI states
  ---
  duration_ms: 1.761625
  type: 'test'
  ...
# Subtest: ODK-E2E-041 visual matrix maps every required journey to executable evidence
ok 209 - ODK-E2E-041 visual matrix maps every required journey to executable evidence
  ---
  duration_ms: 1.498
  type: 'test'
  ...
# Subtest: public environment and Firebase client configuration fail closed
ok 210 - public environment and Firebase client configuration fail closed
  ---
  duration_ms: 2.301458
  type: 'test'
  ...
# Subtest: Firebase account configuration requires core fields and accepts only valid optional Google IDs
ok 211 - Firebase account configuration requires core fields and accepts only valid optional Google IDs
  ---
  duration_ms: 0.37525
  type: 'test'
  ...
# Subtest: native App Check composes either provider, both providers, or an explicit unavailable state
ok 212 - native App Check composes either provider, both providers, or an explicit unavailable state
  ---
  duration_ms: 0.497125
  type: 'test'
  ...
# Subtest: only the explicit local smoke runtime finalizes every password-identity command without verification side effects
ok 213 - only the explicit local smoke runtime finalizes every password-identity command without verification side effects
  ---
  duration_ms: 0.587208
  type: 'test'
  ...
# Subtest: account entry copy makes the destructive choice and code acknowledgement explicit
ok 214 - account entry copy makes the destructive choice and code acknowledgement explicit
  ---
  duration_ms: 3.278541
  type: 'test'
  ...
# Subtest: account entry owns one terminal choice and keeps synced account controls separate
ok 215 - account entry owns one terminal choice and keeps synced account controls separate
  ---
  duration_ms: 3.080084
  type: 'test'
  ...
# Subtest: account recovery owns one status message, a truthful retry, and a sign-out exit
ok 216 - account recovery owns one status message, a truthful retry, and a sign-out exit
  ---
  duration_ms: 8.778166
  type: 'test'
  ...
# Subtest: account recovery back action follows live navigator history
ok 217 - account recovery back action follows live navigator history
  ---
  duration_ms: 0.501
  type: 'test'
  ...
# Subtest: signed-out sign-in presentation is independent of pending remote revocation
ok 218 - signed-out sign-in presentation is independent of pending remote revocation
  ---
  duration_ms: 3.06575
  type: 'test'
  ...
# Subtest: local sign-out persists its block before closing scope and never invokes remote preparation
ok 219 - local sign-out persists its block before closing scope and never invokes remote preparation
  ---
  duration_ms: 1.724875
  type: 'test'
  ...
# Subtest: completed sign-out cannot publish signed-out state over a newly authenticated UID
ok 220 - completed sign-out cannot publish signed-out state over a newly authenticated UID
  ---
  duration_ms: 0.706458
  type: 'test'
  ...
# Subtest: explicit login and registration Auth mutations serialize with local sign-out
ok 221 - explicit login and registration Auth mutations serialize with local sign-out
  ---
  duration_ms: 1.522375
  type: 'test'
  ...
# Subtest: restored matching logout block closes scope and remains pending until manual retry
ok 222 - restored matching logout block closes scope and remains pending until manual retry
  ---
  duration_ms: 1.35475
  type: 'test'
  ...
# Subtest: foreground identity publication keeps the latest account data and rejects stale generations
ok 223 - foreground identity publication keeps the latest account data and rejects stale generations
  ---
  duration_ms: 0.481708
  type: 'test'
  ...
# Subtest: queued identity refresh is rejected by the production guard after sign-out or UID switch
ok 224 - queued identity refresh is rejected by the production guard after sign-out or UID switch
  ---
  duration_ms: 0.385542
  type: 'test'
  ...
# Subtest: email security composition delegates refresh to the global foreground owner
ok 225 - email security composition delegates refresh to the global foreground owner
  ---
  duration_ms: 1.4885
  type: 'test'
  ...
# Subtest: the foreground owner retries plan recovery at bootstrap, reconnect, foreground, and its durable timer
ok 226 - the foreground owner retries plan recovery at bootstrap, reconnect, foreground, and its durable timer
  ---
  duration_ms: 0.51725
  type: 'test'
  ...
# Subtest: sign-in keeps guest access visible and uses the approved Google logo asset
ok 227 - sign-in keeps guest access visible and uses the approved Google logo asset
  ---
  duration_ms: 2.960667
  type: 'test'
  ...
# Subtest: registration keeps consent presentation separate from the boolean domain contract
ok 228 - registration keeps consent presentation separate from the boolean domain contract
  ---
  duration_ms: 4.345958
  type: 'test'
  ...
# Subtest: both recovery-code surfaces warn before copying through the guarded clipboard
ok 229 - both recovery-code surfaces warn before copying through the guarded clipboard
  ---
  duration_ms: 1.452292
  type: 'test'
  ...
# Subtest: unconfigured account entry never composes Google OAuth without typed provider configuration
ok 230 - unconfigured account entry never composes Google OAuth without typed provider configuration
  ---
  duration_ms: 0.71175
  type: 'test'
  ...
# Subtest: a guest transition resets navigation into the application session
ok 231 - a guest transition resets navigation into the application session
  ---
  duration_ms: 0.111375
  type: 'test'
  ...
# Subtest: secure auth persistence stores only a Firebase refresh-token-shaped record
ok 232 - secure auth persistence stores only a Firebase refresh-token-shaped record
  ---
  duration_ms: 0.476916
  type: 'test'
  ...
# Subtest: secure auth persistence isolates Firebase metadata from the saved auth user
ok 233 - secure auth persistence isolates Firebase metadata from the saved auth user
  ---
  duration_ms: 1.648625
  type: 'test'
  ...
# Subtest: startup waits for persisted auth resolution before choosing the entry screen or Home
ok 234 - startup waits for persisted auth resolution before choosing the entry screen or Home
  ---
  duration_ms: 1.619709
  type: 'test'
  ...
# Subtest: account finalization coordinator shares one in-flight and completed result per generation
ok 235 - account finalization coordinator shares one in-flight and completed result per generation
  ---
  duration_ms: 0.580458
  type: 'test'
  ...
# Subtest: account finalization coordinator drops late results after invalidation and disposal
ok 236 - account finalization coordinator drops late results after invalidation and disposal
  ---
  duration_ms: 0.396375
  type: 'test'
  ...
# Subtest: read-only generation capture cannot reactivate a session during sign-out
ok 237 - read-only generation capture cannot reactivate a session during sign-out
  ---
  duration_ms: 0.097209
  type: 'test'
  ...
# Subtest: account restore has a bounded initialization recovery path
ok 238 - account restore has a bounded initialization recovery path
  ---
  duration_ms: 0.677458
  type: 'test'
  ...
# Subtest: App Check has an explicit unavailable state and never fabricates a token
ok 239 - App Check has an explicit unavailable state and never fabricates a token
  ---
  duration_ms: 0.099542
  type: 'test'
  ...
# Subtest: account failures expose explicit provider, network, expiry, and revoked-session states
ok 240 - account failures expose explicit provider, network, expiry, and revoked-session states
  ---
  duration_ms: 0.480875
  type: 'test'
  ...
# Subtest: cold account_not_found clears persisted Firebase auth or exposes a truthful sign-out retry
ok 241 - cold account_not_found clears persisted Firebase auth or exposes a truthful sign-out retry
  ---
  duration_ms: 0.277541
  type: 'test'
  ...
# Subtest: privacy requests expose App Check failures as unavailable
ok 242 - privacy requests expose App Check failures as unavailable
  ---
  duration_ms: 0.131125
  type: 'test'
  ...
# Subtest: account sync preserves known validation failures without persisting arbitrary error messages
ok 243 - account sync preserves known validation failures without persisting arbitrary error messages
  ---
  duration_ms: 21.167917
  type: 'test'
  ...
# Subtest: deletion retries after a revoked or stale session and leaves a verified local tombstone
ok 244 - deletion retries after a revoked or stale session and leaves a verified local tombstone
  ---
  duration_ms: 5.33925
  type: 'test'
  ...
# Subtest: deletion cleanup removes the complete canonical learning namespace while preserving device records and recovery markers
ok 245 - deletion cleanup removes the complete canonical learning namespace while preserving device records and recovery markers
  ---
  duration_ms: 0.464583
  type: 'test'
  ...
# Subtest: a completed marker from an earlier account does not block a later bound account
ok 246 - a completed marker from an earlier account does not block a later bound account
  ---
  duration_ms: 0.781042
  type: 'test'
  ...
# Subtest: a preflight journal failure does not create a deletion operation and pending retry cannot start one
ok 247 - a preflight journal failure does not create a deletion operation and pending retry cannot start one
  ---
  duration_ms: 13.063958
  type: 'test'
  ...
# Subtest: response loss resolves a matching remote operation and rejects mismatched status without local cleanup
ok 248 - response loss resolves a matching remote operation and rejects mismatched status without local cleanup
  ---
  duration_ms: 2.774375
  type: 'test'
  ...
# Subtest: local deletion cleanup resumes after a failed key removal without issuing another remote delete
ok 249 - local deletion cleanup resumes after a failed key removal without issuing another remote delete
  ---
  duration_ms: 6.551875
  type: 'test'
  ...
# Subtest: account deletion remains pending until reminders are disabled and retry does not repeat remote deletion
ok 250 - account deletion remains pending until reminders are disabled and retry does not repeat remote deletion
  ---
  duration_ms: 3.014084
  type: 'test'
  ...
# Subtest: server reauthentication failures remain reauthentication failures with the pending marker intact
ok 251 - server reauthentication failures remain reauthentication failures with the pending marker intact
  ---
  duration_ms: 1.954
  type: 'test'
  ...
# Subtest: an uncertain server deletion failure resolves through the bound operation status
ok 252 - an uncertain server deletion failure resolves through the bound operation status
  ---
  duration_ms: 4.197834
  type: 'test'
  ...
# Subtest: a durable terminal learning commit uploads once when Home retries pending data
ok 253 - a durable terminal learning commit uploads once when Home retries pending data
  ---
  duration_ms: 101.836916
  type: 'test'
  ...
# Subtest: concurrent Home retries share one offline attempt and preserve durable pending state
ok 254 - concurrent Home retries share one offline attempt and preserve durable pending state
  ---
  duration_ms: 35.985208
  type: 'test'
  ...
# Subtest: a concurrent local session start during upload keeps the interrupted Home sync retryable
ok 255 - a concurrent local session start during upload keeps the interrupted Home sync retryable
  ---
  duration_ms: 135.672416
  type: 'test'
  ...
# Subtest: a concurrent local session start during download keeps the interrupted Home sync retryable
ok 256 - a concurrent local session start during download keeps the interrupted Home sync retryable
  ---
  duration_ms: 138.818125
  type: 'test'
  ...
# Subtest: Home pending retry honors binding, state, and durable recovery guards without remote calls
ok 257 - Home pending retry honors binding, state, and durable recovery guards without remote calls
  ---
  duration_ms: 1.6175
  type: 'test'
  ...
# Subtest: bound restart exposes a projection for a locally saved session without remote reads or writes
ok 258 - bound restart exposes a projection for a locally saved session without remote reads or writes
  ---
  duration_ms: 1.052833
  type: 'test'
  ...
# Subtest: resume requires matching installation and account-state bindings
ok 259 - resume requires matching installation and account-state bindings
  ---
  duration_ms: 0.344166
  type: 'test'
  ...
# Subtest: a pending learning journal blocks bound account sync without clearing the journal
ok 260 - a pending learning journal blocks bound account sync without clearing the journal
  ---
  duration_ms: 0.841417
  type: 'test'
  ...
# Subtest: a deferred upload state resumes locally and syncs idempotently after finalization
ok 261 - a deferred upload state resumes locally and syncs idempotently after finalization
  ---
  duration_ms: 49.104042
  type: 'test'
  ...
# Subtest: discard deletes guest records and goals but preserves device preferences and performs no remote writes
ok 262 - discard deletes guest records and goals but preserves device preferences and performs no remote writes
  ---
  duration_ms: 10.008
  type: 'test'
  ...
# Subtest: discard restores existing account records unchanged without uploading guest data
ok 263 - discard restores existing account records unchanged without uploading guest data
  ---
  duration_ms: 4.741
  type: 'test'
  ...
# Subtest: failed account fetch keeps guest data and the approved discard plan for retry
ok 264 - failed account fetch keeps guest data and the approved discard plan for retry
  ---
  duration_ms: 2.242792
  type: 'test'
  ...
# Subtest: existing-account login restores remote data without offering or uploading guest adoption
ok 265 - existing-account login restores remote data without offering or uploading guest adoption
  ---
  duration_ms: 0.978042
  type: 'test'
  ...
# Subtest: one separable invalid remote plan restores Home data, quarantines its version, and resolves after replacement sync
ok 266 - one separable invalid remote plan restores Home data, quarantines its version, and resolves after replacement sync
  ---
  duration_ms: 278.978542
  type: 'test'
  ...
# Subtest: normal no-plan remote state creates no recovery incident
ok 267 - normal no-plan remote state creates no recovery incident
  ---
  duration_ms: 11.453209
  type: 'test'
  ...
# Subtest: learning plan recovery reserves before a read and commits the replacement with its ACK
ok 268 - learning plan recovery reserves before a read and commits the replacement with its ACK
  ---
  duration_ms: 12.387
  type: 'test'
  ...
# Subtest: learning plan recovery persists failed attempts and respects the durable due time
ok 269 - learning plan recovery persists failed attempts and respects the durable due time
  ---
  duration_ms: 10.591083
  type: 'test'
  ...
# Subtest: learning plan recovery drops stale responses after a generation, incident, or account ownership change
ok 270 - learning plan recovery drops stale responses after a generation, incident, or account ownership change
  ---
  duration_ms: 59.2335
  type: 'test'
  ...
# Subtest: invalid plan recovery fails closed on bad envelope, duplicate identity, uncertain goal, or ownership
ok 271 - invalid plan recovery fails closed on bad envelope, duplicate identity, uncertain goal, or ownership
  ---
  duration_ms: 90.198584
  type: 'test'
  ...
# Subtest: transfer applies an explicit guest conflict resolution once and completes durably
ok 272 - transfer applies an explicit guest conflict resolution once and completes durably
  ---
  duration_ms: 2.255834
  type: 'test'
  ...
# Subtest: guest adoption quarantines one invalid plan while materializing its goal and unambiguous active track
ok 273 - guest adoption quarantines one invalid plan while materializing its goal and unambiguous active track
  ---
  duration_ms: 2.073625
  type: 'test'
  ...
# Subtest: offline transfer retry reuses the durable confirmation and never uploads a duplicate guest snapshot
ok 274 - offline transfer retry reuses the durable confirmation and never uploads a duplicate guest snapshot
  ---
  duration_ms: 1.32725
  type: 'test'
  ...
# Subtest: discard resumes after partial-index failure without reconstructing a guest upload
ok 275 - discard resumes after partial-index failure without reconstructing a guest upload
  ---
  duration_ms: 1.93225
  type: 'test'
  ...
# Subtest: discard resumes after binding failure without reconstructing a guest upload
ok 276 - discard resumes after binding failure without reconstructing a guest upload
  ---
  duration_ms: 1.657791
  type: 'test'
  ...
# Subtest: discard resumes after finish failure without reconstructing a guest upload
ok 277 - discard resumes after finish failure without reconstructing a guest upload
  ---
  duration_ms: 2.488958
  type: 'test'
  ...
# Subtest: discard rejects another account and pending adoption without changing guest data
ok 278 - discard rejects another account and pending adoption without changing guest data
  ---
  duration_ms: 0.341833
  type: 'test'
  ...
# Subtest: a stale adoption confirmation is cleared so retry can request a fresh preview
ok 279 - a stale adoption confirmation is cleared so retry can request a fresh preview
  ---
  duration_ms: 0.318541
  type: 'test'
  ...
# Subtest: discard blocks an active guest session before fetching or deleting data
ok 280 - discard blocks an active guest session before fetching or deleting data
  ---
  duration_ms: 0.395542
  type: 'test'
  ...
# Subtest: concurrent discard calls make one transition and keep the guest outbox empty before fetching
ok 281 - concurrent discard calls make one transition and keep the guest outbox empty before fetching
  ---
  duration_ms: 0.523208
  type: 'test'
  ...
# Subtest: a session start requested while discard fetches waits and is preserved after materialization
ok 282 - a session start requested while discard fetches waits and is preserved after materialization
  ---
  duration_ms: 1.392334
  type: 'test'
  ...
# Subtest: malformed remote records keep the guest dataset and durable approved discard plan
ok 283 - malformed remote records keep the guest dataset and durable approved discard plan
  ---
  duration_ms: 0.364791
  type: 'test'
  ...
# Subtest: pending materialization blocks lifecycle account deletion without losing the marker
ok 284 - pending materialization blocks lifecycle account deletion without losing the marker
  ---
  duration_ms: 0.159292
  type: 'test'
  ...
# Subtest: a durable adoption confirmation blocks a new learning commit
ok 285 - a durable adoption confirmation blocks a new learning commit
  ---
  duration_ms: 0.440959
  type: 'test'
  ...
# Subtest: unreadable mutation journal blocks discard before deleting guest data
ok 286 - unreadable mutation journal blocks discard before deleting guest data
  ---
  duration_ms: 0.189542
  type: 'test'
  ...
# Subtest: authenticated reset restores history without uploading tombstones and preserves local context
ok 287 - authenticated reset restores history without uploading tombstones and preserves local context
  ---
  duration_ms: 45.154833
  type: 'test'
  ...
# Subtest: authenticated reset rejects pending account context without changing state or calling the API
ok 288 - authenticated reset rejects pending account context without changing state or calling the API
  ---
  duration_ms: 4.675583
  type: 'test'
  ...
# Subtest: canonical clean synced state remains eligible for the guarded reset
ok 289 - canonical clean synced state remains eligible for the guarded reset
  ---
  duration_ms: 1.857875
  type: 'test'
  ...
# Subtest: authenticated reset exposes the remote-restore guard and keeps it after a fetch failure
ok 290 - authenticated reset exposes the remote-restore guard and keeps it after a fetch failure
  ---
  duration_ms: 2.052166
  type: 'test'
  ...
# Subtest: a failed remote restore retains the reset guard and account binding
ok 291 - a failed remote restore retains the reset guard and account binding
  ---
  duration_ms: 2.373166
  type: 'test'
  ...
# Subtest: a failed local reset keeps the pre-reset marker and retries the same journal safely
ok 292 - a failed local reset keeps the pre-reset marker and retries the same journal safely
  ---
  duration_ms: 11.258708
  type: 'test'
  ...
# Subtest: concurrent authenticated reset requests share one guarded operation
ok 293 - concurrent authenticated reset requests share one guarded operation
  ---
  duration_ms: 11.5235
  type: 'test'
  ...
# Subtest: reset guard blocks outbox synthesis for a canonical acknowledged record
ok 294 - reset guard blocks outbox synthesis for a canonical acknowledged record
  ---
  duration_ms: 0.667791
  type: 'test'
  ...
# Subtest: only confirmed offline to confirmed online is a reconnect
ok 295 - only confirmed offline to confirmed online is a reconnect
  ---
  duration_ms: 1.379292
  type: 'test'
  ...
# Subtest: recovery-code issuance preserves invalid credentials from reauthentication
ok 296 - recovery-code issuance preserves invalid credentials from reauthentication
  ---
  duration_ms: 1.7905
  type: 'test'
  ...
# Subtest: ordinary Firebase identity exchanges before /me and blocks its custom-token observer event
ok 297 - ordinary Firebase identity exchanges before /me and blocks its custom-token observer event
  ---
  duration_ms: 1.483083
  type: 'test'
  ...
# Subtest: a custom-token recovery session with an authorization generation bypasses exchange
ok 298 - a custom-token recovery session with an authorization generation bypasses exchange
  ---
  duration_ms: 0.617083
  type: 'test'
  ...
# Subtest: recovery requires its exact generation and never exchanges a missing or mismatched claim
    # Subtest: rejects generation null
    ok 1 - rejects generation null
      ---
      duration_ms: 0.841875
      type: 'test'
      ...
    # Subtest: rejects generation 1
    ok 2 - rejects generation 1
      ---
      duration_ms: 0.203167
      type: 'test'
      ...
    # Subtest: rejects generation 3
    ok 3 - rejects generation 3
      ---
      duration_ms: 0.199667
      type: 'test'
      ...
    1..3
ok 299 - recovery requires its exact generation and never exchanges a missing or mismatched claim
  ---
  duration_ms: 2.592666
  type: 'test'
  ...
# Subtest: a generation change after exchange prevents token sign-in and /me
ok 300 - a generation change after exchange prevents token sign-in and /me
  ---
  duration_ms: 0.993416
  type: 'test'
  ...
# Subtest: custom-token exchange requires a valid authorization generation before /me
    # Subtest: rejects claim undefined
    ok 1 - rejects claim undefined
      ---
      duration_ms: 3.7465
      type: 'test'
      ...
    # Subtest: rejects claim 0
    ok 2 - rejects claim 0
      ---
      duration_ms: 0.225959
      type: 'test'
      ...
    # Subtest: rejects claim 1
    ok 3 - rejects claim 1
      ---
      duration_ms: 0.646875
      type: 'test'
      ...
    1..3
ok 301 - custom-token exchange requires a valid authorization generation before /me
  ---
  duration_ms: 6.529333
  type: 'test'
  ...
# Subtest: recovery issue session restore requires a current explicit sign-in intent and matching UID
    # Subtest: before the user chooses sign-in
    ok 1 - before the user chooses sign-in
      ---
      duration_ms: 0.424667
      type: 'test'
      ...
    # Subtest: after the pending intent expires
    ok 2 - after the pending intent expires
      ---
      duration_ms: 0.225875
      type: 'test'
      ...
    # Subtest: after restart has lost the pending intent
    ok 3 - after restart has lost the pending intent
      ---
      duration_ms: 0.308291
      type: 'test'
      ...
    # Subtest: when Firebase is bound to another UID
    ok 4 - when Firebase is bound to another UID
      ---
      duration_ms: 0.09825
      type: 'test'
      ...
    1..4
ok 302 - recovery issue session restore requires a current explicit sign-in intent and matching UID
  ---
  duration_ms: 1.543916
  type: 'test'
  ...
# Subtest: recovery issue session restore rejects a present mismatched or malformed generation before exchange
    # Subtest: present wrong generation
    ok 1 - present wrong generation
      ---
      duration_ms: 0.163459
      type: 'test'
      ...
    # Subtest: malformed Firebase claim
    ok 2 - malformed Firebase claim
      ---
      duration_ms: 0.116291
      type: 'test'
      ...
    1..2
ok 303 - recovery issue session restore rejects a present mismatched or malformed generation before exchange
  ---
  duration_ms: 0.415208
  type: 'test'
  ...
# Subtest: a missing recovery generation restores only for current explicit intent, then checks the exact generation
ok 304 - a missing recovery generation restores only for current explicit intent, then checks the exact generation
  ---
  duration_ms: 0.22675
  type: 'test'
  ...
# Subtest: recovery intent expiring during exchange prevents observer release and Firebase sign-in
ok 305 - recovery intent expiring during exchange prevents observer release and Firebase sign-in
  ---
  duration_ms: 0.105209
  type: 'test'
  ...
# Subtest: a recovery sign-in returning another generation fails before ACK or /me
ok 306 - a recovery sign-in returning another generation fails before ACK or /me
  ---
  duration_ms: 0.653667
  type: 'test'
  ...
# Subtest: guest transition lock admits one command and denies a concurrent command before side effects
ok 307 - guest transition lock admits one command and denies a concurrent command before side effects
  ---
  duration_ms: 2.118167
  type: 'test'
  ...
# Subtest: guest transition lock releases after both success and failure
ok 308 - guest transition lock releases after both success and failure
  ---
  duration_ms: 0.349584
  type: 'test'
  ...
# Subtest: Home presents a non-blocking recover-plan notice with durable dismissal
ok 309 - Home presents a non-blocking recover-plan notice with durable dismissal
  ---
  duration_ms: 0.861417
  type: 'test'
  ...
# Subtest: learning plan recovery uses capped exponential retry delays and an inclusive due boundary
ok 310 - learning plan recovery uses capped exponential retry delays and an inclusive due boundary
  ---
  duration_ms: 2.942083
  type: 'test'
  ...
# Subtest: resumes a pending revoke, validates the replacement session, then clears the exact durable marker
ok 311 - resumes a pending revoke, validates the replacement session, then clears the exact durable marker
  ---
  duration_ms: 1.520916
  type: 'test'
  ...
# Subtest: keeps the durable marker when the replacement token changes authorization generation
ok 312 - keeps the durable marker when the replacement token changes authorization generation
  ---
  duration_ms: 0.345
  type: 'test'
  ...
# Subtest: never clears the durable marker after the session command becomes stale
ok 313 - never clears the durable marker after the session command becomes stale
  ---
  duration_ms: 0.384625
  type: 'test'
  ...
# Subtest: rejects a command that becomes stale while local completion is persisted
ok 314 - rejects a command that becomes stale while local completion is persisted
  ---
  duration_ms: 0.144833
  type: 'test'
  ...
# Subtest: same UID and generation join one pending-revocation batch
ok 315 - same UID and generation join one pending-revocation batch
  ---
  duration_ms: 0.370083
  type: 'test'
  ...
# Subtest: a new generation waits, re-reads the marker, and retries only after the stale owner settles
ok 316 - a new generation waits, re-reads the marker, and retries only after the stale owner settles
  ---
  duration_ms: 4.249417
  type: 'test'
  ...
# Subtest: a different UID never consumes or completes the stale owner's marker
ok 317 - a different UID never consumes or completes the stale owner's marker
  ---
  duration_ms: 0.46125
  type: 'test'
  ...
# Subtest: a failed exact-operation replay retains its pending marker
ok 318 - a failed exact-operation replay retains its pending marker
  ---
  duration_ms: 0.2195
  type: 'test'
  ...
# Subtest: automatic session revocation keeps sign-in on loading and exposes pending recovery only on failure
ok 319 - automatic session revocation keeps sign-in on loading and exposes pending recovery only on failure
  ---
  duration_ms: 0.873542
  type: 'test'
  ...
# Subtest: Premium refreshes run in request order and continue after a failed provider read
ok 320 - Premium refreshes run in request order and continue after a failed provider read
  ---
  duration_ms: 1.426666
  type: 'test'
  ...
# Subtest: confirmed offline admission consults only the account-bound cache
ok 321 - confirmed offline admission consults only the account-bound cache
  ---
  duration_ms: 0.597917
  type: 'test'
  ...
# Subtest: online and unknown reachability require a fresh result and never fall back to cache
ok 322 - online and unknown reachability require a fresh result and never fall back to cache
  ---
  duration_ms: 0.209542
  type: 'test'
  ...
# Subtest: restored Auth resolves /me before selecting and activating its exact account scope
ok 323 - restored Auth resolves /me before selecting and activating its exact account scope
  ---
  duration_ms: 2.970667
  type: 'test'
  ...
# Subtest: UID change while /me is pending prevents account selection and activation
ok 324 - UID change while /me is pending prevents account selection and activation
  ---
  duration_ms: 0.305
  type: 'test'
  ...
# Subtest: /me failure leaves prepared storage closed without selecting a profile
ok 325 - /me failure leaves prepared storage closed without selecting a profile
  ---
  duration_ms: 0.168208
  type: 'test'
  ...
# Subtest: only a current restored account_not_found signs out persisted Auth
ok 326 - only a current restored account_not_found signs out persisted Auth
  ---
  duration_ms: 0.063333
  type: 'test'
  ...
# Subtest: provisional provider cancellation returns to sign-in only when its blocked UID owns the null Auth event
ok 327 - provisional provider cancellation returns to sign-in only when its blocked UID owns the null Auth event
  ---
  duration_ms: 0.136291
  type: 'test'
  ...
# Subtest: delayed null after sign-out promise resolution consumes the still-owned provider cancellation
ok 328 - delayed null after sign-out promise resolution consumes the still-owned provider cancellation
  ---
  duration_ms: 0.077417
  type: 'test'
  ...
# Subtest: replacement sign-in invalidates cancellation intent before a delayed stale null callback
ok 329 - replacement sign-in invalidates cancellation intent before a delayed stale null callback
  ---
  duration_ms: 0.128625
  type: 'test'
  ...
# Subtest: Auth loss locks the rendered account state before closing its profile scope
ok 330 - Auth loss locks the rendered account state before closing its profile scope
  ---
  duration_ms: 0.069334
  type: 'test'
  ...
# Subtest: local account sign-out verifies the durable block before locking, closing, and calling Firebase
ok 331 - local account sign-out verifies the durable block before locking, closing, and calling Firebase
  ---
  duration_ms: 0.280958
  type: 'test'
  ...
# Subtest: failed local control write closes access and attempts Firebase sign-out but stays a failure
ok 332 - failed local control write closes access and attempts Firebase sign-out but stays a failure
  ---
  duration_ms: 0.348375
  type: 'test'
  ...
# Subtest: unverified local control read-back attempts Firebase sign-out only when no scoped marker is recoverable
ok 333 - unverified local control read-back attempts Firebase sign-out only when no scoped marker is recoverable
  ---
  duration_ms: 0.089625
  type: 'test'
  ...
# Subtest: when a scoped operation is durable, control-write failure retains Auth for a recoverable retry
ok 334 - when a scoped operation is durable, control-write failure retains Auth for a recoverable retry
  ---
  duration_ms: 0.086666
  type: 'test'
  ...
# Subtest: restore locks only for a matching scoped logout marker missing from the control journal
ok 335 - restore locks only for a matching scoped logout marker missing from the control journal
  ---
  duration_ms: 0.081083
  type: 'test'
  ...
# Subtest: pending remote revoke blocks profile preparation only for its matching Auth UID
ok 336 - pending remote revoke blocks profile preparation only for its matching Auth UID
  ---
  duration_ms: 0.051083
  type: 'test'
  ...
# Subtest: authenticated scope checks and repairs incomplete logout before publishing profile preparation
ok 337 - authenticated scope checks and repairs incomplete logout before publishing profile preparation
  ---
  duration_ms: 0.127333
  type: 'test'
  ...
# Subtest: scope guard rechecks Auth generation after reading an absent marker
ok 338 - scope guard rechecks Auth generation after reading an absent marker
  ---
  duration_ms: 0.05825
  type: 'test'
  ...
# Subtest: a completed revoke receipt clears the scoped marker before profile startup continues
ok 339 - a completed revoke receipt clears the scoped marker before profile startup continues
  ---
  duration_ms: 0.068208
  type: 'test'
  ...
# Subtest: failed completed-marker cleanup keeps the authenticated profile closed
ok 340 - failed completed-marker cleanup keeps the authenticated profile closed
  ---
  duration_ms: 0.074833
  type: 'test'
  ...
# Subtest: a UID switch while fallback control persistence is pending closes only the captured scope
ok 341 - a UID switch while fallback control persistence is pending closes only the captured scope
  ---
  duration_ms: 0.091667
  type: 'test'
  ...
# Subtest: stale sign-out completion closes its scope without publishing over the newer identity
ok 342 - stale sign-out completion closes its scope without publishing over the newer identity
  ---
  duration_ms: 0.110709
  type: 'test'
  ...
# Subtest: Firebase sign-out failure retains the matching block for manual retry
ok 343 - Firebase sign-out failure retains the matching block for manual retry
  ---
  duration_ms: 0.095792
  type: 'test'
  ...
# Subtest: Auth rejection remains pending until durable local sign-out reports success
ok 344 - Auth rejection remains pending until durable local sign-out reports success
  ---
  duration_ms: 0.0765
  type: 'test'
  ...
# Subtest: ambiguous saved Guest profiles are reported as a choice requirement
ok 345 - ambiguous saved Guest profiles are reported as a choice requirement
  ---
  duration_ms: 0.077042
  type: 'test'
  ...
# Subtest: guest preparation failure closes the scope and returns to signed-out login
ok 346 - guest preparation failure closes the scope and returns to signed-out login
  ---
  duration_ms: 0.053458
  type: 'test'
  ...
# Subtest: Guest selection keeps the signed-out account entry mounted when no scope is active
ok 347 - Guest selection keeps the signed-out account entry mounted when no scope is active
  ---
  duration_ms: 0.034917
  type: 'test'
  ...
# Subtest: restored Guest validates persisted access before selecting or activating its scope
ok 348 - restored Guest validates persisted access before selecting or activating its scope
  ---
  duration_ms: 0.091208
  type: 'test'
  ...
# Subtest: invalid restored Guest access stays closed
ok 349 - invalid restored Guest access stays closed
  ---
  duration_ms: 0.051625
  type: 'test'
  ...
# Subtest: fresh installation opens Guest only after explicit choice
ok 350 - fresh installation opens Guest only after explicit choice
  ---
  duration_ms: 0.060666
  type: 'test'
  ...
# Subtest: preparation gate opens registry metadata without activating or reading a profile
ok 351 - preparation gate opens registry metadata without activating or reading a profile
  ---
  duration_ms: 0.671375
  type: 'test'
  ...
# Subtest: logout-control corruption or storage failure fails closed with an explicit retry surface
ok 352 - logout-control corruption or storage failure fails closed with an explicit retry surface
  ---
  duration_ms: 0.085042
  type: 'test'
  ...
# Subtest: preferences remain on defaults until storage activation emits the ready event
ok 353 - preferences remain on defaults until storage activation emits the ready event
  ---
  duration_ms: 0.090459
  type: 'test'
  ...
# Subtest: preparation failure is explicit, retryable, and counts only reserved lost-key retries
ok 354 - preparation failure is explicit, retryable, and counts only reserved lost-key retries
  ---
  duration_ms: 0.085084
  type: 'test'
  ...
# Subtest: key-loss recovery preserves delayed confirmed removal and requires preparation again afterward
ok 355 - key-loss recovery preserves delayed confirmed removal and requires preparation again afterward
  ---
  duration_ms: 0.070042
  type: 'test'
  ...
# Subtest: mapped provider identity exchanges, signs in with the returned session token, then finalizes
ok 356 - mapped provider identity exchanges, signs in with the returned session token, then finalizes
  ---
  duration_ms: 2.990042
  type: 'test'
  ...
# Subtest: unmapped provider identity remains provisional on the same UID without registration or finalization
ok 357 - unmapped provider identity remains provisional on the same UID without registration or finalization
  ---
  duration_ms: 0.185333
  type: 'test'
  ...
# Subtest: stale UID or generation rejects before exchange and after an async boundary
    # Subtest: UID changed before run
    ok 1 - UID changed before run
      ---
      duration_ms: 0.324875
      type: 'test'
      ...
    # Subtest: generation changed while exchange is pending
    ok 2 - generation changed while exchange is pending
      ---
      duration_ms: 0.167417
      type: 'test'
      ...
    1..2
ok 358 - stale UID or generation rejects before exchange and after an async boundary
  ---
  duration_ms: 0.774792
  type: 'test'
  ...
# Subtest: duplicate concurrent classification shares one in-flight result
ok 359 - duplicate concurrent classification shares one in-flight result
  ---
  duration_ms: 0.186417
  type: 'test'
  ...
# Subtest: issue result stays private through a deferred final identity read: exact
ok 360 - issue result stays private through a deferred final identity read: exact
  ---
  duration_ms: 2.698792
  type: 'test'
  ...
# Subtest: issue result stays private through a deferred final identity read: different_uid
ok 361 - issue result stays private through a deferred final identity read: different_uid
  ---
  duration_ms: 0.103791
  type: 'test'
  ...
# Subtest: issue result stays private through a deferred final identity read: different_generation
ok 362 - issue result stays private through a deferred final identity read: different_generation
  ---
  duration_ms: 0.057667
  type: 'test'
  ...
# Subtest: issue result stays private through a deferred final identity read: signed_out
ok 363 - issue result stays private through a deferred final identity read: signed_out
  ---
  duration_ms: 0.047834
  type: 'test'
  ...
# Subtest: issue result stays private through a deferred final identity read: read_failure
ok 364 - issue result stays private through a deferred final identity read: read_failure
  ---
  duration_ms: 0.111875
  type: 'test'
  ...
# Subtest: issue result stays private through a deferred final identity read: stale_revision
ok 365 - issue result stays private through a deferred final identity read: stale_revision
  ---
  duration_ms: 0.05075
  type: 'test'
  ...
# Subtest: missing or unreadable initial identity cannot read a generation for a different account
ok 366 - missing or unreadable initial identity cannot read a generation for a different account
  ---
  duration_ms: 0.07075
  type: 'test'
  ...
# Subtest: provider gates subscription and closes scoped access before releasing rejected issue results
ok 367 - provider gates subscription and closes scoped access before releasing rejected issue results
  ---
  duration_ms: 0.370125
  type: 'test'
  ...
# Subtest: issue persists operation identity before POST and blocks profile preparation until saved ACK
ok 368 - issue persists operation identity before POST and blocks profile preparation until saved ACK
  ---
  duration_ms: 19.213084
  type: 'test'
  ...
# Subtest: vault persistence failure prevents both issue and consume requests
ok 369 - vault persistence failure prevents both issue and consume requests
  ---
  duration_ms: 0.929166
  type: 'test'
  ...
# Subtest: restored issue with an authenticated UID but missing generation remains blocked and hides codes
ok 370 - restored issue with an authenticated UID but missing generation remains blocked and hides codes
  ---
  duration_ms: 0.657625
  type: 'test'
  ...
# Subtest: synchronous identity suspension redacts an in-flight status result and preserves durable codes
ok 371 - synchronous identity suspension redacts an in-flight status result and preserves durable codes
  ---
  duration_ms: 0.95575
  type: 'test'
  ...
# Subtest: identity swap during initial issue POST persists codes but never exposes or ACKs them
ok 372 - identity swap during initial issue POST persists codes but never exposes or ACKs them
  ---
  duration_ms: 1.243375
  type: 'test'
  ...
# Subtest: consume persists code before POST, keeps custom token out of durable and visible state, then ACKs the matching SDK identity
ok 373 - consume persists code before POST, keeps custom token out of durable and visible state, then ACKs the matching SDK identity
  ---
  duration_ms: 3.582041
  type: 'test'
  ...
# Subtest: signed-in UID with a malformed generation is not treated as signed out for pending consume
ok 374 - signed-in UID with a malformed generation is not treated as signed out for pending consume
  ---
  duration_ms: 0.222791
  type: 'test'
  ...
# Subtest: cold matching consume identity ACKs without another SDK sign-in
ok 375 - cold matching consume identity ACKs without another SDK sign-in
  ---
  duration_ms: 0.281
  type: 'test'
  ...
# Subtest: signed-out restart first records server result, then explicit resume signs in and ACKs
ok 376 - signed-out restart first records server result, then explicit resume signs in and ACKs
  ---
  duration_ms: 0.51325
  type: 'test'
  ...
# Subtest: an issue provider retry reuses its saved operation ID rather than allocating a new one
ok 377 - an issue provider retry reuses its saved operation ID rather than allocating a new one
  ---
  duration_ms: 0.444917
  type: 'test'
  ...
# Subtest: explicit replacement confirms delivery_unconfirmed, saves one backup before POST, and exposes only the durable new result
ok 378 - explicit replacement confirms delivery_unconfirmed, saves one backup before POST, and exposes only the durable new result
  ---
  duration_ms: 0.460667
  type: 'test'
  ...
# Subtest: replacement vault write failure prevents POST and retains the old operation and codes
ok 379 - replacement vault write failure prevents POST and retains the old operation and codes
  ---
  duration_ms: 0.216292
  type: 'test'
  ...
# Subtest: lost replacement POST and exact missing-status response preserve both records and the same new ID
ok 380 - lost replacement POST and exact missing-status response preserve both records and the same new ID
  ---
  duration_ms: 2.878125
  type: 'test'
  ...
# Subtest: explicit retry of a persisted replacement GETs first and reuses its saved ID
ok 381 - explicit retry of a persisted replacement GETs first and reuses its saved ID
  ---
  duration_ms: 2.67925
  type: 'test'
  ...
# Subtest: generic retry, restart reconciliation, and unconfirmed start are status-only for pending replacements
ok 382 - generic retry, restart reconciliation, and unconfirmed start are status-only for pending replacements
  ---
  duration_ms: 2.935167
  type: 'test'
  ...
# Subtest: replacement refuses a malformed or cross-generation result and keeps the old backup durable
ok 383 - replacement refuses a malformed or cross-generation result and keeps the old backup durable
  ---
  duration_ms: 0.410125
  type: 'test'
  ...
# Subtest: authoritative delivery_unconfirmed ends the current replacement backup without allocating another ID
ok 384 - authoritative delivery_unconfirmed ends the current replacement backup without allocating another ID
  ---
  duration_ms: 0.292958
  type: 'test'
  ...
# Subtest: a separate explicit confirmation after confirmed replacement expiry starts a new backed-up ID
ok 385 - a separate explicit confirmation after confirmed replacement expiry starts a new backed-up ID
  ---
  duration_ms: 1.426583
  type: 'test'
  ...
# Subtest: replacement status auth and service errors retain the old backup without POST
ok 386 - replacement status auth and service errors retain the old backup without POST
  ---
  duration_ms: 0.840875
  type: 'test'
  ...
# Subtest: confirmed ACK and superseded replacement statuses resolve the backup as terminal
ok 387 - confirmed ACK and superseded replacement statuses resolve the backup as terminal
  ---
  duration_ms: 4.645875
  type: 'test'
  ...
# Subtest: confirmed replacement expiry stays explicit and retains prior codes until separate confirmation
ok 388 - confirmed replacement expiry stays explicit and retains prior codes until separate confirmation
  ---
  duration_ms: 0.27575
  type: 'test'
  ...
# Subtest: storage recovery audit command exposes only the documented presentation fixtures in development smoke
ok 389 - storage recovery audit command exposes only the documented presentation fixtures in development smoke
  ---
  duration_ms: 2.291875
  type: 'test'
  ...
# Subtest: storage recovery audit command is unavailable outside development smoke
ok 390 - storage recovery audit command is unavailable outside development smoke
  ---
  duration_ms: 0.371833
  type: 'test'
  ...
# Subtest: storage recovery audit command rejects unrelated or expanded commands
ok 391 - storage recovery audit command rejects unrelated or expanded commands
  ---
  duration_ms: 1.886166
  type: 'test'
  ...
# Subtest: Activity read model keeps terminal history semantics and includes completed sessions without answers
ok 392 - Activity read model keeps terminal history semantics and includes completed sessions without answers
  ---
  duration_ms: 22.70225
  type: 'test'
  ...
# Subtest: Activity read model surfaces a corrupt canonical result instead of presenting an empty history
ok 393 - Activity read model surfaces a corrupt canonical result instead of presenting an empty history
  ---
  duration_ms: 0.841541
  type: 'test'
  ...
# Subtest: Activity read model treats repository issues as an explicit storage failure
ok 394 - Activity read model treats repository issues as an explicit storage failure
  ---
  duration_ms: 0.188625
  type: 'test'
  ...
# Subtest: Activity read model reuses the caller's attempts read when supplied
ok 395 - Activity read model reuses the caller's attempts read when supplied
  ---
  duration_ms: 0.249541
  type: 'test'
  ...
# Subtest: Activity full history keeps unavailable sessions as immutable summaries
ok 396 - Activity full history keeps unavailable sessions as immutable summaries
  ---
  duration_ms: 1.4005
  type: 'test'
  ...
# Subtest: Activity read owner invalidates late focus reads and lets the newest retry win
ok 397 - Activity read owner invalidates late focus reads and lets the newest retry win
  ---
  duration_ms: 0.260875
  type: 'test'
  ...
# Subtest: Activity read owner keeps current read failures explicit
ok 398 - Activity read owner keeps current read failures explicit
  ---
  duration_ms: 0.204667
  type: 'test'
  ...
# Subtest: bootstrap surfaces unavailable active sessions before content preparation or resume
ok 399 - bootstrap surfaces unavailable active sessions before content preparation or resume
  ---
  duration_ms: 101.445042
  type: 'test'
  ...
# Subtest: bootstrap emits a bounded diagnostic for a content-stage failure
ok 400 - bootstrap emits a bounded diagnostic for a content-stage failure
  ---
  duration_ms: 4.2795
  type: 'test'
  ...
# Subtest: bootstrap reports the last canonical repository step for a repository failure
ok 401 - bootstrap reports the last canonical repository step for a repository failure
  ---
  duration_ms: 1.150125
  type: 'test'
  ...
# Subtest: AUD-02D feedback flows match canonical selected answers and conditional reinsert plan
ok 402 - AUD-02D feedback flows match canonical selected answers and conditional reinsert plan
  ---
  duration_ms: 727.494333
  type: 'test'
  ...
# Subtest: real loader prepares all 29 modes across nine tracks
ok 403 - real loader prepares all 29 modes across nine tracks
  ---
  duration_ms: 361.412334
  type: 'test'
  ...
# Subtest: real canonical questions submit and score all five interaction types
ok 404 - real canonical questions submit and score all five interaction types
  ---
  duration_ms: 52.682541
  type: 'test'
  ...
# Subtest: evidence permits one item and coding includes committed misses
ok 405 - evidence permits one item and coding includes committed misses
  ---
  duration_ms: 0.551292
  type: 'test'
  ...
# Subtest: coding review preserves identity and resolves after two due successes
ok 406 - coding review preserves identity and resolves after two due successes
  ---
  duration_ms: 2.9895
  type: 'test'
  ...
# Subtest: resume and query boundaries reject tampering, foreign attempts and old pins
ok 407 - resume and query boundaries reject tampering, foreign attempts and old pins
  ---
  duration_ms: 3.08775
  type: 'test'
  ...
# Subtest: Claude Focus persists selectable feedback, scores single and multi-select, and finalizes complete evidence
ok 408 - Claude Focus persists selectable feedback, scores single and multi-select, and finalizes complete evidence
  ---
  duration_ms: 116.113167
  type: 'test'
  ...
# Subtest: reinsert resolves exact branch after three durable intervening submissions and preserves ordinary branch on correct
ok 409 - reinsert resolves exact branch after three durable intervening submissions and preserves ordinary branch on correct
  ---
  duration_ms: 8.891042
  type: 'test'
  ...
# Subtest: GCP simulation prepares the profile-weighted immutable 50-item plan and exact snapshot
ok 410 - GCP simulation prepares the profile-weighted immutable 50-item plan and exact snapshot
  ---
  duration_ms: 10.412792
  type: 'test'
  ...
# Subtest: GCP simulation validates draft occurrence keys, completeness, flags, revision, and deadline
ok 411 - GCP simulation validates draft occurrence keys, completeness, flags, revision, and deadline
  ---
  duration_ms: 21.786583
  type: 'test'
  ...
# Subtest: GCP simulation finalization scores only complete responses and partitions all 50 occurrences
ok 412 - GCP simulation finalization scores only complete responses and partitions all 50 occurrences
  ---
  duration_ms: 13.612292
  type: 'test'
  ...
# Subtest: Coding Mock consumes its exact ordered 40-question profile with foreground timer and shared draft runtime
ok 413 - Coding Mock consumes its exact ordered 40-question profile with foreground timer and shared draft runtime
  ---
  duration_ms: 1.099417
  type: 'test'
  ...
# Subtest: Design Interview Simulation uses each exact track profile, resumes durable stage text, and finalizes completeness only
ok 414 - Design Interview Simulation uses each exact track profile, resumes durable stage text, and finalizes completeness only
  ---
  duration_ms: 1.041042
  type: 'test'
  ...
# Subtest: Design Interview Simulation timeout can finalize a partial draft without assigning semantic correctness
ok 415 - Design Interview Simulation timeout can finalize a partial draft without assigning semantic correctness
  ---
  duration_ms: 0.207041
  type: 'test'
  ...
# Subtest: ordinary sessions expand practiced coverage across coding, design and certification pools
ok 416 - ordinary sessions expand practiced coverage across coding, design and certification pools
  ---
  duration_ms: 328.491584
  type: 'test'
  ...
# Subtest: selection ignores attempts outside its pool or exact content pin and handles exhaustion
ok 417 - selection ignores attempts outside its pool or exact content pin and handles exhaustion
  ---
  duration_ms: 0.368792
  type: 'test'
  ...
# Subtest: a never-attempted question stays uncovered even when its unit has attempt history
ok 418 - a never-attempted question stays uncovered even when its unit has attempt history
  ---
  duration_ms: 3.35175
  type: 'test'
  ...
# Subtest: single choice feedback exposes selected incorrect, omitted correct and remaining neutral
ok 419 - single choice feedback exposes selected incorrect, omitted correct and remaining neutral
  ---
  duration_ms: 1.424
  type: 'test'
  ...
# Subtest: multi choice feedback preserves every selected and correct combination
ok 420 - multi choice feedback preserves every selected and correct combination
  ---
  duration_ms: 0.211375
  type: 'test'
  ...
# Subtest: choice feedback rejects a mismatched response contract
ok 421 - choice feedback rejects a mismatched response contract
  ---
  duration_ms: 0.743917
  type: 'test'
  ...
# Subtest: projects exact HTTPS sources in authored order without normalizing query or hash
ok 422 - projects exact HTTPS sources in authored order without normalizing query or hash
  ---
  duration_ms: 1.394541
  type: 'test'
  ...
# Subtest: rejects non-HTTPS, malformed and missing sources without inventing a fallback
ok 423 - rejects non-HTTPS, malformed and missing sources without inventing a fallback
  ---
  duration_ms: 0.121125
  type: 'test'
  ...
# Subtest: opens the exact projected URL and reports success or failure explicitly
ok 424 - opens the exact projected URL and reports success or failure explicitly
  ---
  duration_ms: 0.141792
  type: 'test'
  ...
# Subtest: rejects unsafe or malformed source URLs without calling the opener
ok 425 - rejects unsafe or malformed source URLs without calling the opener
  ---
  duration_ms: 0.083458
  type: 'test'
  ...
# Subtest: projects the exact URL from an accepted certification artifact without changing the artifact
ok 426 - projects the exact URL from an accepted certification artifact without changing the artifact
  ---
  duration_ms: 7.923458
  type: 'test'
  ...
# Subtest: ODK-096 AWS Free focus selects unique 10/20/40 question plans from the current canonical node
ok 427 - ODK-096 AWS Free focus selects unique 10/20/40 question plans from the current canonical node
  ---
  duration_ms: 1826.74025
  type: 'test'
  ...
# Subtest: ODK-096 AWS evidence-conditioned review truthfully shortens to due evidence and fails closed without it
ok 428 - ODK-096 AWS evidence-conditioned review truthfully shortens to due evidence and fails closed without it
  ---
  duration_ms: 1370.995792
  type: 'test'
  ...
# Subtest: ODK-097 Design Tradeoff sessions use the exact free node and unique 10/20/40 items
ok 429 - ODK-097 Design Tradeoff sessions use the exact free node and unique 10/20/40 items
  ---
  duration_ms: 400.189167
  type: 'test'
  ...
# Subtest: ODK-097 Design Review is due-only, truthfully shortens, and fails closed without eligible evidence
ok 430 - ODK-097 Design Review is due-only, truthfully shortens, and fails closed without eligible evidence
  ---
  duration_ms: 5.254125
  type: 'test'
  ...
# Subtest: ODK-097 Review evidence rejects stale, wrong-artifact, and cross-track entries
ok 431 - ODK-097 Review evidence rejects stale, wrong-artifact, and cross-track entries
  ---
  duration_ms: 0.988875
  type: 'test'
  ...
# Subtest: ODK-097 committed misses remain identity-scoped for modes that explicitly consume them
ok 432 - ODK-097 committed misses remain identity-scoped for modes that explicitly consume them
  ---
  duration_ms: 0.750875
  type: 'test'
  ...
# Subtest: Certification Exam Simulation authorizes before preparation resolution and starts durably only when allowed
ok 433 - Certification Exam Simulation authorizes before preparation resolution and starts durably only when allowed
  ---
  duration_ms: 646.863667
  type: 'test'
  ...
# Subtest: completed exam review projects answered and unanswered items across the complete fixed plan
ok 434 - completed exam review projects answered and unanswered items across the complete fixed plan
  ---
  duration_ms: 587.393417
  type: 'test'
  ...
# Subtest: fully unanswered completed exam projects all 50 items without creating attempts
ok 435 - fully unanswered completed exam projects all 50 items without creating attempts
  ---
  duration_ms: 4.866041
  type: 'test'
  ...
# Subtest: exam result rejects tampered partition, attempt scores, and profile evidence
ok 436 - exam result rejects tampered partition, attempt scores, and profile evidence
  ---
  duration_ms: 11.6945
  type: 'test'
  ...
# Subtest: active Certification projection strips answers, explanations and feedback structurally
ok 437 - active Certification projection strips answers, explanations and feedback structurally
  ---
  duration_ms: 1.363166
  type: 'test'
  ...
# Subtest: deferred feedback remains absent after durable submit while immediate feedback is unchanged
ok 438 - deferred feedback remains absent after durable submit while immediate feedback is unchanged
  ---
  duration_ms: 0.253042
  type: 'test'
  ...
# Subtest: completed review evidence fails closed when durable outcome aggregates are missing or inconsistent
ok 439 - completed review evidence fails closed when durable outcome aggregates are missing or inconsistent
  ---
  duration_ms: 0.152709
  type: 'test'
  ...
# Subtest: completed practice projector preserves the canonical five-state answer matrix
ok 440 - completed practice projector preserves the canonical five-state answer matrix
  ---
  duration_ms: 339.108
  type: 'test'
  ...
# Subtest: practice review rejects altered identity, coverage, attempts, score, and resolution
ok 441 - practice review rejects altered identity, coverage, attempts, score, and resolution
  ---
  duration_ms: 4.015042
  type: 'test'
  ...
# Subtest: Certification route preserves domains and sends an exact Premium node through facade to Gate A before mutation
ok 442 - Certification route preserves domains and sends an exact Premium node through facade to Gate A before mutation
  ---
  duration_ms: 622.802
  type: 'test'
  ...
# Subtest: coding facade converts every supported UI response into the canonical response union
ok 443 - coding facade converts every supported UI response into the canonical response union
  ---
  duration_ms: 1.561333
  type: 'test'
  ...
# Subtest: startAlgorithmsSession adapts feedback timing on the actual lifecycle request
ok 444 - startAlgorithmsSession adapts feedback timing on the actual lifecycle request
  ---
  duration_ms: 1.431916
  type: 'test'
  ...
# Subtest: Coding Mock flags persist in the active draft and reappear after lifecycle resume
ok 445 - Coding Mock flags persist in the active draft and reappear after lifecycle resume
  ---
  duration_ms: 853.5625
  type: 'test'
  ...
# Subtest: Coding Mock persists a response, finalizes, and reads all 40 completed review rows
ok 446 - Coding Mock persists a response, finalizes, and reads all 40 completed review rows
  ---
  duration_ms: 139.127208
  type: 'test'
  ...
# Subtest: resolves an exact canonical artifact by track, content version, and SHA
ok 447 - resolves an exact canonical artifact by track, content version, and SHA
  ---
  duration_ms: 440.055167
  type: 'test'
  ...
# Subtest: resolves only the question identified by a canonical ResolvedContentRef
ok 448 - resolves only the question identified by a canonical ResolvedContentRef
  ---
  duration_ms: 2.486
  type: 'test'
  ...
# Subtest: prepares Certification Exam Simulation from the exact canonical artifact profile
ok 449 - prepares Certification Exam Simulation from the exact canonical artifact profile
  ---
  duration_ms: 12.466333
  type: 'test'
  ...
# Subtest: prepares Coding Mock from the exact canonical artifact profile and ordered 40-question pool
ok 450 - prepares Coding Mock from the exact canonical artifact profile and ordered 40-question pool
  ---
  duration_ms: 1.616625
  type: 'test'
  ...
# Subtest: manual Design Simulation completion requires every non-empty stage
ok 451 - manual Design Simulation completion requires every non-empty stage
  ---
  duration_ms: 0.594125
  type: 'test'
  ...
# Subtest: home snapshot resolves canonical track metadata
ok 452 - home snapshot resolves canonical track metadata
  ---
  duration_ms: 595.775208
  type: 'test'
  ...
# Subtest: removed simulation response path is unavailable
ok 453 - removed simulation response path is unavailable
  ---
  duration_ms: 605.947458
  type: 'test'
  ...
# Subtest: A before journal persistence leaves no durable outcome
ok 454 - A before journal persistence leaves no durable outcome
  ---
  duration_ms: 16.7195
  type: 'test'
  ...
# Subtest: B after journal persistence recovers complete
ok 455 - B after journal persistence recovers complete
  ---
  duration_ms: 12.243125
  type: 'test'
  ...
# Subtest: C after attempt write does not duplicate
ok 456 - C after attempt write does not duplicate
  ---
  duration_ms: 10.653584
  type: 'test'
  ...
# Subtest: D after review writes no duplicate evidence
ok 457 - D after review writes no duplicate evidence
  ---
  duration_ms: 5.135667
  type: 'test'
  ...
# Subtest: E after session no twice advance
ok 458 - E after session no twice advance
  ---
  duration_ms: 6.582667
  type: 'test'
  ...
# Subtest: F all writes before verification
ok 459 - F all writes before verification
  ---
  duration_ms: 6.889334
  type: 'test'
  ...
# Subtest: G verification before clear safely replays
ok 460 - G verification before clear safely replays
  ---
  duration_ms: 2.906833
  type: 'test'
  ...
# Subtest: resolved review deletion is physical and safely replays after force-close
ok 461 - resolved review deletion is physical and safely replays after force-close
  ---
  duration_ms: 3.502292
  type: 'test'
  ...
# Subtest: resolved review deletion recovers when its index update fails
ok 462 - resolved review deletion recovers when its index update fails
  ---
  duration_ms: 2.742916
  type: 'test'
  ...
# Subtest: manual review removal recovers after index switch but before physical deletion
ok 463 - manual review removal recovers after index switch but before physical deletion
  ---
  duration_ms: 2.187375
  type: 'test'
  ...
# Subtest: session abandonment persists abandoned session before clearing active pointer
ok 464 - session abandonment persists abandoned session before clearing active pointer
  ---
  duration_ms: 24.743917
  type: 'test'
  ...
# Subtest: session abandonment replay is idempotent
ok 465 - session abandonment replay is idempotent
  ---
  duration_ms: 18.569083
  type: 'test'
  ...
# Subtest: abandonment recovers identically after every durable write boundary
ok 466 - abandonment recovers identically after every durable write boundary
  ---
  duration_ms: 14.856541
  type: 'test'
  ...
# Subtest: abandonment does not navigate before durability
ok 467 - abandonment does not navigate before durability
  ---
  duration_ms: 0.596542
  type: 'test'
  ...
# Subtest: local answer commit defers snapshot and outbox construction until account synchronization
ok 468 - local answer commit defers snapshot and outbox construction until account synchronization
  ---
  duration_ms: 60.076125
  type: 'test'
  ...
# Subtest: failed pending-sync write retains the verified journal and recovers without duplicating the answer
ok 469 - failed pending-sync write retains the verified journal and recovers without duplicating the answer
  ---
  duration_ms: 24.184
  type: 'test'
  ...
# Subtest: clear local history is one journaled learning-state mutation
ok 470 - clear local history is one journaled learning-state mutation
  ---
  duration_ms: 17.5485
  type: 'test'
  ...
# Subtest: clear local history copy covers progress and review data
ok 471 - clear local history copy covers progress and review data
  ---
  duration_ms: 0.153
  type: 'test'
  ...
# Subtest: clear local history preserves the one guest installation and local dataset identity
ok 472 - clear local history preserves the one guest installation and local dataset identity
  ---
  duration_ms: 10.640666
  type: 'test'
  ...
# Subtest: reset recovers a pending command before deleting its fully materialized learning state
ok 473 - reset recovers a pending command before deleting its fully materialized learning state
  ---
  duration_ms: 31.951459
  type: 'test'
  ...
# Subtest: reset failure remains explicit and recovery is identical after every deletion boundary
ok 474 - reset failure remains explicit and recovery is identical after every deletion boundary
  ---
  duration_ms: 20.28175
  type: 'test'
  ...
# Subtest: journal durability precedes idempotent materialization and recovery
ok 475 - journal durability precedes idempotent materialization and recovery
  ---
  duration_ms: 13.300583
  type: 'test'
  ...
# Subtest: journal phase advances only one immutable step at a time
ok 476 - journal phase advances only one immutable step at a time
  ---
  duration_ms: 29.036458
  type: 'test'
  ...
# Subtest: journaled command rejects a conflicting pending command
ok 477 - journaled command rejects a conflicting pending command
  ---
  duration_ms: 3.872625
  type: 'test'
  ...
# Subtest: journal has a versioned SHA-256 command identity and rejects stale expected revisions
ok 478 - journal has a versioned SHA-256 command identity and rejects stale expected revisions
  ---
  duration_ms: 5.833292
  type: 'test'
  ...
# Subtest: journal construction rejects writes that cross exact resolved artifact identities
ok 479 - journal construction rejects writes that cross exact resolved artifact identities
  ---
  duration_ms: 0.521958
  type: 'test'
  ...
# Subtest: practice submission recovers identically after every durable write boundary
ok 480 - practice submission recovers identically after every durable write boundary
  ---
  duration_ms: 50.125375
  type: 'test'
  ...
# Subtest: concurrent conflicting journal persists use one CAS winner and ownership-checked clear
ok 481 - concurrent conflicting journal persists use one CAS winner and ownership-checked clear
  ---
  duration_ms: 1.521417
  type: 'test'
  ...
# Subtest: materializes one attempt
ok 482 - materializes one attempt
  ---
  duration_ms: 4.786666
  type: 'test'
  ...
# Subtest: materializes one review entry
ok 483 - materializes one review entry
  ---
  duration_ms: 7.275708
  type: 'test'
  ...
# Subtest: rejects an unsupported write kind instead of silently materializing it
ok 484 - rejects an unsupported write kind instead of silently materializing it
  ---
  duration_ms: 0.537875
  type: 'test'
  ...
# Subtest: materializes one session
ok 485 - materializes one session
  ---
  duration_ms: 7.290375
  type: 'test'
  ...
# Subtest: clears active session pointer
ok 486 - clears active session pointer
  ---
  duration_ms: 0.9525
  type: 'test'
  ...
# Subtest: materializes a complete training outcome in canonical order
ok 487 - materializes a complete training outcome in canonical order
  ---
  duration_ms: 3.747625
  type: 'test'
  ...
# Subtest: replays a fully materialized journal without duplicate effects
ok 488 - replays a fully materialized journal without duplicate effects
  ---
  duration_ms: 5.986833
  type: 'test'
  ...
# Subtest: resumes after only attempt write completed
ok 489 - resumes after only attempt write completed
  ---
  duration_ms: 9.4265
  type: 'test'
  ...
# Subtest: resumes after attempt and review writes completed
ok 490 - resumes after attempt and review writes completed
  ---
  duration_ms: 3.522834
  type: 'test'
  ...
# Subtest: resumes after session write completed
ok 491 - resumes after session write completed
  ---
  duration_ms: 11.826959
  type: 'test'
  ...
# Subtest: rejects conflicting immutable attempt
ok 492 - rejects conflicting immutable attempt
  ---
  duration_ms: 1.556667
  type: 'test'
  ...
# Subtest: rejects conflicting session record
ok 493 - rejects conflicting session record
  ---
  duration_ms: 0.677125
  type: 'test'
  ...
# Subtest: rejects conflicting review record
ok 494 - rejects conflicting review record
  ---
  duration_ms: 0.407375
  type: 'test'
  ...
# Subtest: preserves active journal after write failure
ok 495 - preserves active journal after write failure
  ---
  duration_ms: 10.649083
  type: 'test'
  ...
# Subtest: does nothing when no journal exists
ok 496 - does nothing when no journal exists
  ---
  duration_ms: 1.007584
  type: 'test'
  ...
# Subtest: recovers a journal before any writes
ok 497 - recovers a journal before any writes
  ---
  duration_ms: 14.768875
  type: 'test'
  ...
# Subtest: recovers partially materialized
ok 498 - recovers partially materialized
  ---
  duration_ms: 15.163792
  type: 'test'
  ...
# Subtest: fully materialized unverified
ok 499 - fully materialized unverified
  ---
  duration_ms: 6.61575
  type: 'test'
  ...
# Subtest: verified journal whose clear failed
ok 500 - verified journal whose clear failed
  ---
  duration_ms: 3.143708
  type: 'test'
  ...
# Subtest: accepts ident immutable attempt
ok 501 - accepts ident immutable attempt
  ---
  duration_ms: 4.881792
  type: 'test'
  ...
# Subtest: rejects conflicting immutable attempt
ok 502 - rejects conflicting immutable attempt
  ---
  duration_ms: 5.025916
  type: 'test'
  ...
# Subtest: rejects conflicting active journal
ok 503 - rejects conflicting active journal
  ---
  duration_ms: 20.082166
  type: 'test'
  ...
# Subtest: blocks corrupt journal
ok 504 - blocks corrupt journal
  ---
  duration_ms: 0.99375
  type: 'test'
  ...
# Subtest: blocks journal read failure
ok 505 - blocks journal read failure
  ---
  duration_ms: 1.221625
  type: 'test'
  ...
# Subtest: preserves journal after materialization failure
ok 506 - preserves journal after materialization failure
  ---
  duration_ms: 4.154
  type: 'test'
  ...
# Subtest: preserves journal after verification failure
ok 507 - preserves journal after verification failure
  ---
  duration_ms: 3.056917
  type: 'test'
  ...
# Subtest: preserves journal after journal clear failure
ok 508 - preserves journal after journal clear failure
  ---
  duration_ms: 2.237792
  type: 'test'
  ...
# Subtest: rejects a semantically malformed persisted journal and retains it
ok 509 - rejects a semantically malformed persisted journal and retains it
  ---
  duration_ms: 0.427417
  type: 'test'
  ...
# Subtest: rejects an unknown persisted write and retains its journal
ok 510 - rejects an unknown persisted write and retains its journal
  ---
  duration_ms: 0.300125
  type: 'test'
  ...
# Subtest: rejects an old persisted journal without an exact artifact SHA-256
ok 511 - rejects an old persisted journal without an exact artifact SHA-256
  ---
  duration_ms: 0.34875
  type: 'test'
  ...
# Subtest: rejects incomplete operation plans before persistence
ok 512 - rejects incomplete operation plans before persistence
  ---
  duration_ms: 0.301167
  type: 'test'
  ...
# Subtest: rejects duplicate write targets before persistence
ok 513 - rejects duplicate write targets before persistence
  ---
  duration_ms: 0.47375
  type: 'test'
  ...
# Subtest: rejects destructive writes that do not belong to the operation
ok 514 - rejects destructive writes that do not belong to the operation
  ---
  duration_ms: 0.37725
  type: 'test'
  ...
# Subtest: rejects attempts and reviews that conflict with the durable session plan
ok 515 - rejects attempts and reviews that conflict with the durable session plan
  ---
  duration_ms: 1.262
  type: 'test'
  ...
# Subtest: rejects an immediate submit for a planned but non-current occurrence
ok 516 - rejects an immediate submit for a planned but non-current occurrence
  ---
  duration_ms: 0.810291
  type: 'test'
  ...
# Subtest: rejects contradictory review actions and duplicate terminal item outcomes
ok 517 - rejects contradictory review actions and duplicate terminal item outcomes
  ---
  duration_ms: 0.753167
  type: 'test'
  ...
# Subtest: accepts a review update that retains its original durable source identity
ok 518 - accepts a review update that retains its original durable source identity
  ---
  duration_ms: 0.785666
  type: 'test'
  ...
# Subtest: rejects a fabricated historical source on a nonexistent review identity
ok 519 - rejects a fabricated historical source on a nonexistent review identity
  ---
  duration_ms: 0.331958
  type: 'test'
  ...
# Subtest: rejects an explicit review update when its durable identity does not exist
ok 520 - rejects an explicit review update when its durable identity does not exist
  ---
  duration_ms: 2.558958
  type: 'test'
  ...
# Subtest: rejects a persisted plan with a corrupt fingerprint and retains it
ok 521 - rejects a persisted plan with a corrupt fingerprint and retains it
  ---
  duration_ms: 0.377084
  type: 'test'
  ...
# Subtest: idempotent repeated recovery
ok 522 - idempotent repeated recovery
  ---
  duration_ms: 1.647834
  type: 'test'
  ...
# Subtest: does not require remote content
ok 523 - does not require remote content
  ---
  duration_ms: 3.249792
  type: 'test'
  ...
# Subtest: does not recalc scoring
ok 524 - does not recalc scoring
  ---
  duration_ms: 2.436458
  type: 'test'
  ...
# Subtest: does not generate IDs
ok 525 - does not generate IDs
  ---
  duration_ms: 1.597958
  type: 'test'
  ...
# Subtest: verifies a complete materialized mutation
ok 526 - verifies a complete materialized mutation
  ---
  duration_ms: 11.277792
  type: 'test'
  ...
# Subtest: rejects missing attempt
ok 527 - rejects missing attempt
  ---
  duration_ms: 1.187666
  type: 'test'
  ...
# Subtest: rejects conflicting attempt
ok 528 - rejects conflicting attempt
  ---
  duration_ms: 13.305
  type: 'test'
  ...
# Subtest: rejects missing review entry
ok 529 - rejects missing review entry
  ---
  duration_ms: 0.808
  type: 'test'
  ...
# Subtest: rejects conflicting review entry
ok 530 - rejects conflicting review entry
  ---
  duration_ms: 0.871125
  type: 'test'
  ...
# Subtest: rejects missing session
ok 531 - rejects missing session
  ---
  duration_ms: 0.922667
  type: 'test'
  ...
# Subtest: rejects conflicting session
ok 532 - rejects conflicting session
  ---
  duration_ms: 22.020791
  type: 'test'
  ...
# Subtest: rejects active session pointer that should be cleared
ok 533 - rejects active session pointer that should be cleared
  ---
  duration_ms: 6.436083
  type: 'test'
  ...
# Subtest: propagates storage read failure
ok 534 - propagates storage read failure
  ---
  duration_ms: 1.784542
  type: 'test'
  ...
# Subtest: preserves active journal after verification failure
ok 535 - preserves active journal after verification failure
  ---
  duration_ms: 4.203541
  type: 'test'
  ...
# Subtest: an occurrence-keyed draft persists, edits, and resumes without learning side effects
ok 536 - an occurrence-keyed draft persists, edits, and resumes without learning side effects
  ---
  duration_ms: 12.754417
  type: 'test'
  ...
# Subtest: draft persistence rejects unknown occurrences and mismatched session scope
ok 537 - draft persistence rejects unknown occurrences and mismatched session scope
  ---
  duration_ms: 2.080583
  type: 'test'
  ...
# Subtest: immediate-feedback sessions cannot persist draft responses
ok 538 - immediate-feedback sessions cannot persist draft responses
  ---
  duration_ms: 1.027458
  type: 'test'
  ...
# Subtest: clear local history removes the resumable draft
ok 539 - clear local history removes the resumable draft
  ---
  duration_ms: 27.949292
  type: 'test'
  ...
# Subtest: Algorithms finalization commits exactly answered occurrences and deletes the matching draft
ok 540 - Algorithms finalization commits exactly answered occurrences and deletes the matching draft
  ---
  duration_ms: 19.925083
  type: 'test'
  ...
# Subtest: Algorithms finalization rejects attempts that do not correspond exactly to answered draft occurrences
ok 541 - Algorithms finalization rejects attempts that do not correspond exactly to answered draft occurrences
  ---
  duration_ms: 2.128791
  type: 'test'
  ...
# Subtest: Algorithms finalization rejects a stale cleanup draft before journal persistence or outcome writes
ok 542 - Algorithms finalization rejects a stale cleanup draft before journal persistence or outcome writes
  ---
  duration_ms: 0.617291
  type: 'test'
  ...
# Subtest: force-close replay completes an Algorithms finalization idempotently at the draft-delete boundary
ok 543 - force-close replay completes an Algorithms finalization idempotently at the draft-delete boundary
  ---
  duration_ms: 17.941875
  type: 'test'
  ...
# Subtest: duplicate content occurrences keep distinct attempts and consolidate review to the latest planned transition
ok 544 - duplicate content occurrences keep distinct attempts and consolidate review to the latest planned transition
  ---
  duration_ms: 13.959834
  type: 'test'
  ...
# Subtest: finalization can resolve a review through an exact transition attempt
ok 545 - finalization can resolve a review through an exact transition attempt
  ---
  duration_ms: 2.984125
  type: 'test'
  ...
# Subtest: journaled transition delete rejects a same-id review conflict before outcome writes and replays exact or absent identity
ok 546 - journaled transition delete rejects a same-id review conflict before outcome writes and replays exact or absent identity
  ---
  duration_ms: 27.163291
  type: 'test'
  ...
# Subtest: Algorithms finalization recovers idempotently across every canonical write boundary
ok 547 - Algorithms finalization recovers idempotently across every canonical write boundary
  ---
  duration_ms: 26.735708
  type: 'test'
  ...
# Subtest: persisted finalization journal preflights a stale durable draft before replaying any outcome write
ok 548 - persisted finalization journal preflights a stale durable draft before replaying any outcome write
  ---
  duration_ms: 1.802875
  type: 'test'
  ...
# Subtest: draft saves are locked as soon as a finalization journal is pending
ok 549 - draft saves are locked as soon as a finalization journal is pending
  ---
  duration_ms: 2.364958
  type: 'test'
  ...
# Subtest: a draft save started before journal persistence rechecks immediately before writing
ok 550 - a draft save started before journal persistence rechecks immediately before writing
  ---
  duration_ms: 1.063292
  type: 'test'
  ...
# Subtest: proposal editor preserves retained slot IDs, drops removed IDs, sorts days, and saves revision one
ok 551 - proposal editor preserves retained slot IDs, drops removed IDs, sorts days, and saves revision one
  ---
  duration_ms: 49.088875
  type: 'test'
  ...
# Subtest: accepted plan edit explicitly reads a snapshot, increments plan revision, and stale sessions do not commit
ok 552 - accepted plan edit explicitly reads a snapshot, increments plan revision, and stale sessions do not commit
  ---
  duration_ms: 1.260875
  type: 'test'
  ...
# Subtest: direct accept and proposal editor share plan CAS and retry after idempotent success
ok 553 - direct accept and proposal editor share plan CAS and retry after idempotent success
  ---
  duration_ms: 0.516375
  type: 'test'
  ...
# Subtest: parallel proposal acceptance shares one promise and one durable save
ok 554 - parallel proposal acceptance shares one promise and one durable save
  ---
  duration_ms: 0.379958
  type: 'test'
  ...
# Subtest: parallel acceptance for one proposal across tracks never shares the in-flight success
ok 555 - parallel acceptance for one proposal across tracks never shares the in-flight success
  ---
  duration_ms: 0.36475
  type: 'test'
  ...
# Subtest: accepted result cache is scoped by proposal and track identity
ok 556 - accepted result cache is scoped by proposal and track identity
  ---
  duration_ms: 0.259375
  type: 'test'
  ...
# Subtest: pending acceptance retry is scoped by proposal and track identity
ok 557 - pending acceptance retry is scoped by proposal and track identity
  ---
  duration_ms: 0.440875
  type: 'test'
  ...
# Subtest: storage uncertainty keeps the editor session and retries through durable command reconciliation
ok 558 - storage uncertainty keeps the editor session and retries through durable command reconciliation
  ---
  duration_ms: 0.78575
  type: 'test'
  ...
# Subtest: accepted-plan retry reconciles its durable command before checking refreshed content context
ok 559 - accepted-plan retry reconciles its durable command before checking refreshed content context
  ---
  duration_ms: 1.819791
  type: 'test'
  ...
# Subtest: a replacement proposal keeps plan identity and increments plan revision
ok 560 - a replacement proposal keeps plan identity and increments plan revision
  ---
  duration_ms: 0.930042
  type: 'test'
  ...
# Subtest: a target-date replacement remains explicit and atomically updates the accepted plan identity
ok 561 - a target-date replacement remains explicit and atomically updates the accepted plan identity
  ---
  duration_ms: 0.749666
  type: 'test'
  ...
# Subtest: accepted plan freshness checks content version, artifact SHA, and timezone
ok 562 - accepted plan freshness checks content version, artifact SHA, and timezone
  ---
  duration_ms: 0.240667
  type: 'test'
  ...
# Subtest: learning plan proposal exposes the canonical track artifact
ok 563 - learning plan proposal exposes the canonical track artifact
  ---
  duration_ms: 675.265584
  type: 'test'
  ...
# Subtest: plan accept saves first and returns the synced reminder outcome
ok 564 - plan accept saves first and returns the synced reminder outcome
  ---
  duration_ms: 1.517417
  type: 'test'
  ...
# Subtest: a saved plan remains successful with a durable pending reminder result
ok 565 - a saved plan remains successful with a durable pending reminder result
  ---
  duration_ms: 0.270542
  type: 'test'
  ...
# Subtest: a terminal cleared reminder outcome is not relabeled as pending
ok 566 - a terminal cleared reminder outcome is not relabeled as pending
  ---
  duration_ms: 0.113958
  type: 'test'
  ...
# Subtest: applies no-goal, paused-goal, no-plan and freshness precedence
ok 567 - applies no-goal, paused-goal, no-plan and freshness precedence
  ---
  duration_ms: 19.654375
  type: 'test'
  ...
# Subtest: maps plan paused, completed, overdue boundaries and open-ended targets
ok 568 - maps plan paused, completed, overdue boundaries and open-ended targets
  ---
  duration_ms: 2.159542
  type: 'test'
  ...
# Subtest: maps capacity, typed forecast status and all unavailable reasons without recomputing
ok 569 - maps capacity, typed forecast status and all unavailable reasons without recomputing
  ---
  duration_ms: 1.673209
  type: 'test'
  ...
# Subtest: requires full forecast identity and maps malformed foreign forecasts to calculation_error
ok 570 - requires full forecast identity and maps malformed foreign forecasts to calculation_error
  ---
  duration_ms: 0.482375
  type: 'test'
  ...
# Subtest: returns frozen, typed presentation values and ignores immutable fact arrays
ok 571 - returns frozen, typed presentation values and ignores immutable fact arrays
  ---
  duration_ms: 0.379292
  type: 'test'
  ...
# Subtest: maps every guidance state, reason, message key, action and fact variant
ok 572 - maps every guidance state, reason, message key, action and fact variant
  ---
  duration_ms: 24.277708
  type: 'test'
  ...
# Subtest: accepts canonical overdue guidance with an unavailable forecast
ok 573 - accepts canonical overdue guidance with an unavailable forecast
  ---
  duration_ms: 2.126125
  type: 'test'
  ...
# Subtest: covers no-target text facts for paused and completed states
ok 574 - covers no-target text facts for paused and completed states
  ---
  duration_ms: 0.506416
  type: 'test'
  ...
# Subtest: uses native English and Polish plural categories for pace facts
ok 575 - uses native English and Polish plural categories for pace facts
  ---
  duration_ms: 2.193834
  type: 'test'
  ...
# Subtest: formats civil dates in the supplied timezone without UTC day drift
ok 576 - formats civil dates in the supplied timezone without UTC day drift
  ---
  duration_ms: 4.881083
  type: 'test'
  ...
# Subtest: rejects invalid locale, timezone, date and unknown runtime variants explicitly
ok 577 - rejects invalid locale, timezone, date and unknown runtime variants explicitly
  ---
  duration_ms: 1.054541
  type: 'test'
  ...
# Subtest: rejects a secondary action outside its two allowed states and inconsistent missing secondary
ok 578 - rejects a secondary action outside its two allowed states and inconsistent missing secondary
  ---
  duration_ms: 0.25425
  type: 'test'
  ...
# Subtest: fails closed for missing translations and unresolved placeholders
ok 579 - fails closed for missing translations and unresolved placeholders
  ---
  duration_ms: 0.69075
  type: 'test'
  ...
# Subtest: fails closed when the selected English or Polish plural suffix is missing
ok 580 - fails closed when the selected English or Polish plural suffix is missing
  ---
  duration_ms: 0.554541
  type: 'test'
  ...
# Subtest: does not mutate guidance input and keeps the presentation deeply immutable
ok 581 - does not mutate guidance input and keeps the presentation deeply immutable
  ---
  duration_ms: 1.145792
  type: 'test'
  ...
# Subtest: keeps locale resource keys flat and exactly in parity
ok 582 - keeps locale resource keys flat and exactly in parity
  ---
  duration_ms: 0.628458
  type: 'test'
  ...
# Subtest: explicit enable materializes only the exact accepted plan slots and full identity
ok 583 - explicit enable materializes only the exact accepted plan slots and full identity
  ---
  duration_ms: 19.658542
  type: 'test'
  ...
# Subtest: reconcile never requests permission and returns permission_denied as pending
ok 584 - reconcile never requests permission and returns permission_denied as pending
  ---
  duration_ms: 0.675083
  type: 'test'
  ...
# Subtest: explicit enable is the only path that requests permission and persists a denied retry
ok 585 - explicit enable is the only path that requests permission and persists a denied retry
  ---
  duration_ms: 0.745625
  type: 'test'
  ...
# Subtest: disable cancels every native reminder before persisting disabled state and fails closed on cancellation errors
ok 586 - disable cancels every native reminder before persisting disabled state and fails closed on cancellation errors
  ---
  duration_ms: 2.146833
  type: 'test'
  ...
# Subtest: permission pending retains existing native IDs for a later retry
ok 587 - permission pending retains existing native IDs for a later retry
  ---
  duration_ms: 2.072208
  type: 'test'
  ...
# Subtest: timezone mismatch clears durable and native schedules without publishing
ok 588 - timezone mismatch clears durable and native schedules without publishing
  ---
  duration_ms: 0.312
  type: 'test'
  ...
# Subtest: source absence and terminal plan states are separate closed outcomes
ok 589 - source absence and terminal plan states are separate closed outcomes
  ---
  duration_ms: 0.709625
  type: 'test'
  ...
# Subtest: a paused goal is a separate closed outcome and clears native schedules
ok 590 - a paused goal is a separate closed outcome and clears native schedules
  ---
  duration_ms: 0.159458
  type: 'test'
  ...
# Subtest: an expected identity from another active track stays pending and is persisted for retry
ok 591 - an expected identity from another active track stays pending and is persisted for retry
  ---
  duration_ms: 3.920417
  type: 'test'
  ...
# Subtest: full source identity mismatch is fail-closed before scheduling
ok 592 - full source identity mismatch is fail-closed before scheduling
  ---
  duration_ms: 0.419959
  type: 'test'
  ...
# Subtest: legacy cancellation-only journal is cancelled before the current plan is scheduled
ok 593 - legacy cancellation-only journal is cancelled before the current plan is scheduled
  ---
  duration_ms: 2.438208
  type: 'test'
  ...
# Subtest: journal-created slots are trusted only when the discovered native identity and day match
ok 594 - journal-created slots are trusted only when the discovered native identity and day match
  ---
  duration_ms: 1.092542
  type: 'test'
  ...
# Subtest: post-read plan change is concurrent_change and leaves a retryable journal
ok 595 - post-read plan change is concurrent_change and leaves a retryable journal
  ---
  duration_ms: 0.910791
  type: 'test'
  ...
# Subtest: post-read device timezone change is concurrent_change and does not publish
ok 596 - post-read device timezone change is concurrent_change and does not publish
  ---
  duration_ms: 0.963
  type: 'test'
  ...
# Subtest: scheduler failure is pending and never reports synced
ok 597 - scheduler failure is pending and never reports synced
  ---
  duration_ms: 0.652709
  type: 'test'
  ...
# Subtest: serialized duplicate enables schedule each accepted slot only once
ok 598 - serialized duplicate enables schedule each accepted slot only once
  ---
  duration_ms: 0.733083
  type: 'test'
  ...
# Subtest: retry resumes a durable journal after scheduler failure
ok 599 - retry resumes a durable journal after scheduler failure
  ---
  duration_ms: 4.12575
  type: 'test'
  ...
# Subtest: retry reuses a native schedule when journal persistence failed after scheduling
ok 600 - retry reuses a native schedule when journal persistence failed after scheduling
  ---
  duration_ms: 4.373291
  type: 'test'
  ...
# Subtest: a newer accepted plan replaces schedules and cancels the previous native IDs
ok 601 - a newer accepted plan replaces schedules and cancels the previous native IDs
  ---
  duration_ms: 2.060583
  type: 'test'
  ...
# Subtest: corrupt durable journal becomes scheduler_failure instead of publishing
ok 602 - corrupt durable journal becomes scheduler_failure instead of publishing
  ---
  duration_ms: 0.962958
  type: 'test'
  ...
# Subtest: selecting a track persists locally and marks a synced account pending
ok 603 - selecting a track persists locally and marks a synced account pending
  ---
  duration_ms: 2.066083
  type: 'test'
  ...
# Subtest: selecting a track on a guest installation persists locally without account sync
ok 604 - selecting a track on a guest installation persists locally without account sync
  ---
  duration_ms: 0.281084
  type: 'test'
  ...
# Subtest: track selection waits for earlier account materialization and remains the final local choice
ok 605 - track selection waits for earlier account materialization and remains the final local choice
  ---
  duration_ms: 6.677
  type: 'test'
  ...
# Subtest: active track read waits for materialization and returns its settled state without side effects
ok 606 - active track read waits for materialization and returns its settled state without side effects
  ---
  duration_ms: 1.989375
  type: 'test'
  ...
# Subtest: operational diagnostics classify failures without exposing raw details
ok 607 - operational diagnostics classify failures without exposing raw details
  ---
  duration_ms: 0.590084
  type: 'test'
  ...
# Subtest: bootstrap observers receive only the canonical bounded event
ok 608 - bootstrap observers receive only the canonical bounded event
  ---
  duration_ms: 3.060292
  type: 'test'
  ...
# Subtest: a throwing diagnostic observer cannot alter the operation
ok 609 - a throwing diagnostic observer cannot alter the operation
  ---
  duration_ms: 0.124584
  type: 'test'
  ...
# Subtest: explicit practice routes skip the stored-track read and do not load reviews for roadmap/setup
ok 610 - explicit practice routes skip the stored-track read and do not load reviews for roadmap/setup
  ---
  duration_ms: 498.806541
  type: 'test'
  ...
# Subtest: Hub review evidence is limited to due entries for the active track and exact artifact
ok 611 - Hub review evidence is limited to due entries for the active track and exact artifact
  ---
  duration_ms: 0.278375
  type: 'test'
  ...
# Subtest: a missing stored track stays an explicit empty selection
ok 612 - a missing stored track stays an explicit empty selection
  ---
  duration_ms: 0.158666
  type: 'test'
  ...
# Subtest: practice read surfaces storage issues instead of treating a partial read as empty
ok 613 - practice read surfaces storage issues instead of treating a partial read as empty
  ---
  duration_ms: 0.33275
  type: 'test'
  ...
# Subtest: release offer map is empty and the local smoke offer is explicit and isolated
ok 614 - release offer map is empty and the local smoke offer is explicit and isolated
  ---
  duration_ms: 3.055833
  type: 'test'
  ...
# Subtest: exact installed offer composes app-owned mode in the shared runtime without entering Free discovery
ok 615 - exact installed offer composes app-owned mode in the shared runtime without entering Free discovery
  ---
  duration_ms: 778.203584
  type: 'test'
  ...
# Subtest: review view keeps unavailable entries separate and never makes them due
ok 616 - review view keeps unavailable entries separate and never makes them due
  ---
  duration_ms: 1.847375
  type: 'test'
  ...
# Subtest: stored unavailable reviews are readable without resolving content metadata
ok 617 - stored unavailable reviews are readable without resolving content metadata
  ---
  duration_ms: 2.307792
  type: 'test'
  ...
# Subtest: foreground timer checkpoints monotonic segments with an explicit drift bound and never counts closed-app wall time
ok 618 - foreground timer checkpoints monotonic segments with an explicit drift bound and never counts closed-app wall time
  ---
  duration_ms: 3.081583
  type: 'test'
  ...
# Subtest: foreground timer rejects stale checkpoints and retains the previous durable checkpoint
ok 619 - foreground timer rejects stale checkpoints and retains the previous durable checkpoint
  ---
  duration_ms: 4.135
  type: 'test'
  ...
# Subtest: foreground enter and leave checkpoint authoritative time outside the UI
ok 620 - foreground enter and leave checkpoint authoritative time outside the UI
  ---
  duration_ms: 10.767625
  type: 'test'
  ...
# Subtest: Coding Mock audit advancement checkpoints the monotonic foreground countdown before canonical expiry finalization
ok 621 - Coding Mock audit advancement checkpoints the monotonic foreground countdown before canonical expiry finalization
  ---
  duration_ms: 1.548417
  type: 'test'
  ...
# Subtest: Coding Mock audit advancement requires its exact foreground session owner
ok 622 - Coding Mock audit advancement requires its exact foreground session owner
  ---
  duration_ms: 0.955583
  type: 'test'
  ...
# Subtest: ordinary practice publishes a live elapsed timer without a countdown
ok 623 - ordinary practice publishes a live elapsed timer without a countdown
  ---
  duration_ms: 0.539625
  type: 'test'
  ...
# Subtest: one family-neutral timer initializes and restores ordinary Certification foreground time
ok 624 - one family-neutral timer initializes and restores ordinary Certification foreground time
  ---
  duration_ms: 0.361
  type: 'test'
  ...
# Subtest: absolute-deadline Certification Exam remains outside the foreground timer owner
ok 625 - absolute-deadline Certification Exam remains outside the foreground timer owner
  ---
  duration_ms: 0.150709
  type: 'test'
  ...
# Subtest: absolute-deadline draft save commits before expiry without creating a foreground timer
ok 626 - absolute-deadline draft save commits before expiry without creating a foreground timer
  ---
  duration_ms: 2.343333
  type: 'test'
  ...
# Subtest: absolute-deadline draft save finalizes and blocks the commit at and after expiry
ok 627 - absolute-deadline draft save finalizes and blocks the commit at and after expiry
  ---
  duration_ms: 0.607833
  type: 'test'
  ...
# Subtest: a durable foreground timer from another family is rejected instead of reused
ok 628 - a durable foreground timer from another family is rejected instead of reused
  ---
  duration_ms: 0.589875
  type: 'test'
  ...
# Subtest: AppState foreground transitions and force-close recovery never count background or closed-app time
ok 629 - AppState foreground transitions and force-close recovery never count background or closed-app time
  ---
  duration_ms: 0.84325
  type: 'test'
  ...
# Subtest: periodic checkpoint publishes a live projection refresh
ok 630 - periodic checkpoint publishes a live projection refresh
  ---
  duration_ms: 0.751625
  type: 'test'
  ...
# Subtest: local reset barrier waits for an in-flight checkpoint before durable clear and blocks late callbacks
ok 631 - local reset barrier waits for an in-flight checkpoint before durable clear and blocks late callbacks
  ---
  duration_ms: 0.63525
  type: 'test'
  ...
# Subtest: local reset barrier is single-flight and rejects timer commands until durable reset settles
ok 632 - local reset barrier is single-flight and rejects timer commands until durable reset settles
  ---
  duration_ms: 0.295417
  type: 'test'
  ...
# Subtest: failed durable reset releases only cleared runtime state and permits exact durable restore
ok 633 - failed durable reset releases only cleared runtime state and permits exact durable restore
  ---
  duration_ms: 0.338333
  type: 'test'
  ...
# Subtest: reset followed by a new session cannot observe or recreate the prior persisted timer
ok 634 - reset followed by a new session cannot observe or recreate the prior persisted timer
  ---
  duration_ms: 0.575292
  type: 'test'
  ...
# Subtest: controlled timer refreshes consecutive visible labels without a durable write each second
ok 635 - controlled timer refreshes consecutive visible labels without a durable write each second
  ---
  duration_ms: 0.388458
  type: 'test'
  ...
# Subtest: periodic checkpoint uses the declared durable interval with an exact write count
ok 636 - periodic checkpoint uses the declared durable interval with an exact write count
  ---
  duration_ms: 0.421459
  type: 'test'
  ...
# Subtest: force-close immediately before and after the checkpoint boundary resumes within the declared drift
ok 637 - force-close immediately before and after the checkpoint boundary resumes within the declared drift
  ---
  duration_ms: 0.491292
  type: 'test'
  ...
# Subtest: expiry clamps to zero, checkpoints first, and finalizes exactly once
ok 638 - expiry clamps to zero, checkpoints first, and finalizes exactly once
  ---
  duration_ms: 0.401042
  type: 'test'
  ...
# Subtest: a response-save checkpoint that crosses countdown expiry finalizes before any draft save can follow
ok 639 - a response-save checkpoint that crosses countdown expiry finalizes before any draft save can follow
  ---
  duration_ms: 0.380333
  type: 'test'
  ...
# Subtest: manual and expiry use the same injected finalization operation
ok 640 - manual and expiry use the same injected finalization operation
  ---
  duration_ms: 0.487792
  type: 'test'
  ...
# Subtest: manual finalization checkpoints the active foreground segment before it freezes the result
ok 641 - manual finalization checkpoints the active foreground segment before it freezes the result
  ---
  duration_ms: 0.278291
  type: 'test'
  ...
# Subtest: practice completion checkpoint freezes the captured tick until verified release
ok 642 - practice completion checkpoint freezes the captured tick until verified release
  ---
  duration_ms: 0.524917
  type: 'test'
  ...
# Subtest: a completed timer checkpoint is not released before completion is verified
ok 643 - a completed timer checkpoint is not released before completion is verified
  ---
  duration_ms: 0.472417
  type: 'test'
  ...
# Subtest: concurrent Finish handoffs share one timer checkpoint and one completion result
ok 644 - concurrent Finish handoffs share one timer checkpoint and one completion result
  ---
  duration_ms: 0.42575
  type: 'test'
  ...
# Subtest: missing persisted timer on resume is a typed application recovery failure
ok 645 - missing persisted timer on resume is a typed application recovery failure
  ---
  duration_ms: 0.152334
  type: 'test'
  ...
# Subtest: resume repairs a durable timer checkpoint that precedes the session aggregate
ok 646 - resume repairs a durable timer checkpoint that precedes the session aggregate
  ---
  duration_ms: 0.253375
  type: 'test'
  ...
# Subtest: repeated resume of a repaired timer does not write another session checkpoint
ok 647 - repeated resume of a repaired timer does not write another session checkpoint
  ---
  duration_ms: 10.00125
  type: 'test'
  ...
# Subtest: resume rejects a durable timer checkpoint that is behind the session aggregate
ok 648 - resume rejects a durable timer checkpoint that is behind the session aggregate
  ---
  duration_ms: 0.302125
  type: 'test'
  ...
# Subtest: a failed durable timer repair remains a blocking recovery error
ok 649 - a failed durable timer repair remains a blocking recovery error
  ---
  duration_ms: 0.337958
  type: 'test'
  ...
# Subtest: Coding Mock countdown audit command is exact and requires a development smoke runtime
ok 650 - Coding Mock countdown audit command is exact and requires a development smoke runtime
  ---
  duration_ms: 0.823583
  type: 'test'
  ...
# Subtest: production and malformed countdown commands never reach the timer owner
ok 651 - production and malformed countdown commands never reach the timer owner
  ---
  duration_ms: 0.131334
  type: 'test'
  ...
# Subtest: an exact development smoke command delegates countdown advancement to the foreground timer owner
ok 652 - an exact development smoke command delegates countdown advancement to the foreground timer owner
  ---
  duration_ms: 0.086167
  type: 'test'
  ...
# Subtest: injected audit clock drives normal scheduling and both due retention outcomes without storage mutation
ok 653 - injected audit clock drives normal scheduling and both due retention outcomes without storage mutation
  ---
  duration_ms: 5.817042
  type: 'test'
  ...
# Subtest: injected audit clock rejects an advance outside the ISO date range without changing its offset
ok 654 - injected audit clock rejects an advance outside the ISO date range without changing its offset
  ---
  duration_ms: 0.339042
  type: 'test'
  ...
# Subtest: passive runtime selectors are attached to visible content rather than containers with interactive descendants
ok 655 - passive runtime selectors are attached to visible content rather than containers with interactive descendants
  ---
  duration_ms: 0.925834
  type: 'test'
  ...
# Subtest: active-session resume uses the single recommendation card and a separate continue control
ok 656 - active-session resume uses the single recommendation card and a separate continue control
  ---
  duration_ms: 0.333042
  type: 'test'
  ...
# Subtest: Home uses the approved compact presentation without changing recommendation ownership
ok 657 - Home uses the approved compact presentation without changing recommendation ownership
  ---
  duration_ms: 0.485125
  type: 'test'
  ...
# Subtest: progress, simulation, and simulation summary selectors use canonical identities
ok 658 - progress, simulation, and simulation summary selectors use canonical identities
  ---
  duration_ms: 1.755042
  type: 'test'
  ...
# Subtest: configuration snapshot is validated, frozen, and preserved for deterministic resume
ok 659 - configuration snapshot is validated, frozen, and preserved for deterministic resume
  ---
  duration_ms: 2.353458
  type: 'test'
  ...
# Subtest: resume rejects a different mode or durable item and option plan
ok 660 - resume rejects a different mode or durable item and option plan
  ---
  duration_ms: 0.588417
  type: 'test'
  ...
# Subtest: content validation rejects missing, duplicate, and unknown durable option IDs
ok 661 - content validation rejects missing, duplicate, and unknown durable option IDs
  ---
  duration_ms: 0.449583
  type: 'test'
  ...
# Subtest: durable progress hydrates prior attempts and the answered current item in plan order
ok 662 - durable progress hydrates prior attempts and the answered current item in plan order
  ---
  duration_ms: 0.605709
  type: 'test'
  ...
# Subtest: duplicate exact content items are distinct through immutable occurrence identities
ok 663 - duplicate exact content items are distinct through immutable occurrence identities
  ---
  duration_ms: 0.250167
  type: 'test'
  ...
# Subtest: foreground accumulation persists only the supplied active interval
ok 664 - foreground accumulation persists only the supplied active interval
  ---
  duration_ms: 0.151167
  type: 'test'
  ...
# Subtest: start failure rejects without exposing a session
ok 665 - start failure rejects without exposing a session
  ---
  duration_ms: 0.102792
  type: 'test'
  ...
# Subtest: a new session is not returned before its durable write resolves
ok 666 - a new session is not returned before its durable write resolves
  ---
  duration_ms: 0.099083
  type: 'test'
  ...
# Subtest: advance failure rejects and cannot expose the next position
ok 667 - advance failure rejects and cannot expose the next position
  ---
  duration_ms: 0.337125
  type: 'test'
  ...
# Subtest: runtime-audit parser recognizes only documented reset and clock-advance commands
ok 668 - runtime-audit parser recognizes only documented reset and clock-advance commands
  ---
  duration_ms: 2.383084
  type: 'test'
  ...
# Subtest: unsupported and malformed runtime-audit URLs do not invoke reset
ok 669 - unsupported and malformed runtime-audit URLs do not invoke reset
  ---
  duration_ms: 0.264917
  type: 'test'
  ...
# Subtest: runtime-audit reset is unavailable in production and reaches only the lifecycle facade in development
ok 670 - runtime-audit reset is unavailable in production and reaches only the lifecycle facade in development
  ---
  duration_ms: 0.195459
  type: 'test'
  ...
# Subtest: development reset still restores a clean baseline when an interrupted journal cannot recover
ok 671 - development reset still restores a clean baseline when an interrupted journal cannot recover
  ---
  duration_ms: 0.635
  type: 'test'
  ...
# Subtest: new training sessions have one application entry and no prepare-only bypass
ok 672 - new training sessions have one application entry and no prepare-only bypass
  ---
  duration_ms: 58.984125
  type: 'test'
  ...
# Subtest: Premium package download has one account-owned application entry
ok 673 - Premium package download has one account-owned application entry
  ---
  duration_ms: 47.827417
  type: 'test'
  ...
# Subtest: Free and unavailable Coding Mock access fail before package resolution, preparation, or mutation
ok 674 - Free and unavailable Coding Mock access fail before package resolution, preparation, or mutation
  ---
  duration_ms: 779.217417
  type: 'test'
  ...
# Subtest: Premium Coding Mock starts the exact 40-item product mode and immutable profile identity
ok 675 - Premium Coding Mock starts the exact 40-item product mode and immutable profile identity
  ---
  duration_ms: 1.364209
  type: 'test'
  ...
# Subtest: Coding Mock resume, draft save, and finalization each authorize once before one exact resolution
ok 676 - Coding Mock resume, draft save, and finalization each authorize once before one exact resolution
  ---
  duration_ms: 1.323708
  type: 'test'
  ...
# Subtest: expired Coding Mock draft-save boundary aborts before package resolution or draft persistence
ok 677 - expired Coding Mock draft-save boundary aborts before package resolution or draft persistence
  ---
  duration_ms: 0.386875
  type: 'test'
  ...
# Subtest: active Coding Mock reauthorizes before exact resolution and resume validation
ok 678 - active Coding Mock reauthorizes before exact resolution and resume validation
  ---
  duration_ms: 0.337792
  type: 'test'
  ...
# Subtest: all three Design simulations require Premium before create and resume, then prepare exact profile identity
ok 679 - all three Design simulations require Premium before create and resume, then prepare exact profile identity
  ---
  duration_ms: 2.096375
  type: 'test'
  ...
# Subtest: every Design mode denies before package resolution, preparation, and session mutation
ok 680 - every Design mode denies before package resolution, preparation, and session mutation
  ---
  duration_ms: 0.434667
  type: 'test'
  ...
# Subtest: only declared Premium simulation product modes bypass node-based admission
ok 681 - only declared Premium simulation product modes bypass node-based admission
  ---
  duration_ms: 0.640209
  type: 'test'
  ...
# Subtest: Free node starts without consulting Premium admission
ok 682 - Free node starts without consulting Premium admission
  ---
  duration_ms: 677.577333
  type: 'test'
  ...
# Subtest: Premium plans require admission before durable session start
ok 683 - Premium plans require admission before durable session start
  ---
  duration_ms: 0.730292
  type: 'test'
  ...
# Subtest: a Free-first mixed plan checks every item before durable start
ok 684 - a Free-first mixed plan checks every item before durable start
  ---
  duration_ms: 1.098625
  type: 'test'
  ...
# Subtest: training lifecycle resolves canonical runtime
ok 685 - training lifecycle resolves canonical runtime
  ---
  duration_ms: 619.637792
  type: 'test'
  ...
# Subtest: Metro transforms SVG sources into React Native components
ok 686 - Metro transforms SVG sources into React Native components
  ---
  duration_ms: 0.5985
  type: 'test'
  ...
# Subtest: Metro keeps defaults and blocks only absolute local profile dotenv files
ok 687 - Metro keeps defaults and blocks only absolute local profile dotenv files
  ---
  duration_ms: 6.250333
  type: 'test'
  ...
# Subtest: Patternly mark SVG family stays deterministic and raster-free
ok 688 - Patternly mark SVG family stays deterministic and raster-free
  ---
  duration_ms: 3.258
  type: 'test'
  ...
# Subtest: launcher source and generated assets are present
ok 689 - launcher source and generated assets are present
  ---
  duration_ms: 0.892667
  type: 'test'
  ...
# Subtest: Expo points to the canonical Patternly launcher assets
ok 690 - Expo points to the canonical Patternly launcher assets
  ---
  duration_ms: 0.372958
  type: 'test'
  ...
# Subtest: route ambient layer is the default shared background for every Screen
ok 691 - route ambient layer is the default shared background for every Screen
  ---
  duration_ms: 1.002666
  type: 'test'
  ...
# Subtest: ambient keeps randomized routes and signals without rectangular glow layers
ok 692 - ambient keeps randomized routes and signals without rectangular glow layers
  ---
  duration_ms: 0.458167
  type: 'test'
  ...
# Subtest: a release at 2999ms cancels and never confirms
ok 693 - a release at 2999ms cancels and never confirms
  ---
  duration_ms: 8.789875
  type: 'test'
  ...
# Subtest: a release at exactly 3000ms confirms once
ok 694 - a release at exactly 3000ms confirms once
  ---
  duration_ms: 0.132083
  type: 'test'
  ...
# Subtest: one controller instance survives setup cleanup setup and can confirm after reactivation
ok 695 - one controller instance survives setup cleanup setup and can confirm after reactivation
  ---
  duration_ms: 0.1495
  type: 'test'
  ...
# Subtest: a stale RAF from a deactivated setup cannot update the reactivated gesture
ok 696 - a stale RAF from a deactivated setup cannot update the reactivated gesture
  ---
  duration_ms: 0.166125
  type: 'test'
  ...
# Subtest: the controller cannot be configured with a threshold below 3000ms
ok 697 - the controller cannot be configured with a threshold below 3000ms
  ---
  duration_ms: 0.095458
  type: 'test'
  ...
# Subtest: time passing and RAF readiness never confirm before release
ok 698 - time passing and RAF readiness never confirm before release
  ---
  duration_ms: 0.080958
  type: 'test'
  ...
# Subtest: a backward clock reading cancels the gesture fail-closed
ok 699 - a backward clock reading cancels the gesture fail-closed
  ---
  duration_ms: 0.121875
  type: 'test'
  ...
# Subtest: a non-finite clock reading cancels the gesture fail-closed
ok 700 - a non-finite clock reading cancels the gesture fail-closed
  ---
  duration_ms: 0.180708
  type: 'test'
  ...
# Subtest: repeated releases cannot duplicate a completed gesture
ok 701 - repeated releases cannot duplicate a completed gesture
  ---
  duration_ms: 0.222833
  type: 'test'
  ...
# Subtest: moving outside the measured bounds cancels the gesture
ok 702 - moving outside the measured bounds cancels the gesture
  ---
  duration_ms: 0.340167
  type: 'test'
  ...
# Subtest: background termination and disabled changes cancel without confirming
ok 703 - background termination and disabled changes cancel without confirming
  ---
  duration_ms: 0.094791
  type: 'test'
  ...
# Subtest: disabling immediately before release rejects the current gesture
ok 704 - disabling immediately before release rejects the current gesture
  ---
  duration_ms: 0.051
  type: 'test'
  ...
# Subtest: release is rejected while the controller is inactive
ok 705 - release is rejected while the controller is inactive
  ---
  duration_ms: 0.045625
  type: 'test'
  ...
# Subtest: destroying the controller cancels a held gesture and ignores later input
ok 706 - destroying the controller cancels a held gesture and ignores later input
  ---
  duration_ms: 0.050417
  type: 'test'
  ...
# Subtest: a new gesture starts from zero after an early release and progress is clamped
ok 707 - a new gesture starts from zero after an early release and progress is clamped
  ---
  duration_ms: 0.072666
  type: 'test'
  ...
# Subtest: reset cancels a scheduled RAF and does not invoke the completion callback
ok 708 - reset cancels a scheduled RAF and does not invoke the completion callback
  ---
  duration_ms: 3.077584
  type: 'test'
  ...
# Subtest: the component wires native responder cancellation and a simple full-surface progress fill
ok 709 - the component wires native responder cancellation and a simple full-surface progress fill
  ---
  duration_ms: 0.445084
  type: 'test'
  ...
# Subtest: destructive text layers meet their contrast thresholds
ok 710 - destructive text layers meet their contrast thresholds
  ---
  duration_ms: 0.308375
  type: 'test'
  ...
# Subtest: navigation context owns the approved 16/22/600 semantic token
ok 711 - navigation context owns the approved 16/22/600 semantic token
  ---
  duration_ms: 0.7155
  type: 'test'
  ...
# Subtest: shared and goal headers preserve long context at 200 percent text
ok 712 - shared and goal headers preserve long context at 200 percent text
  ---
  duration_ms: 0.551292
  type: 'test'
  ...
# Subtest: back controls keep a 44 point target while context can reflow
ok 713 - back controls keep a 44 point target while context can reflow
  ---
  duration_ms: 0.155625
  type: 'test'
  ...
# Subtest: approved exceptions remain local and tab typography stays out of scope
ok 714 - approved exceptions remain local and tab typography stays out of scope
  ---
  duration_ms: 0.494875
  type: 'test'
  ...
# Subtest: goal error keeps the same accessible navigation context as loading and ready states
ok 715 - goal error keeps the same accessible navigation context as loading and ready states
  ---
  duration_ms: 0.134583
  type: 'test'
  ...
# Subtest: shared visual effects have one theme-token owner
ok 716 - shared visual effects have one theme-token owner
  ---
  duration_ms: 68.630417
  type: 'test'
  ...
# Subtest: screens and components resolve colors exclusively through the active theme
ok 717 - screens and components resolve colors exclusively through the active theme
  ---
  duration_ms: 31.656875
  type: 'test'
  ...
# Subtest: all branded navigation headers use the one AppShellHeader path
ok 718 - all branded navigation headers use the one AppShellHeader path
  ---
  duration_ms: 43.976542
  type: 'test'
  ...
# Subtest: answer review pending uses the shared review shell anatomy without fabricated values
ok 719 - answer review pending uses the shared review shell anatomy without fabricated values
  ---
  duration_ms: 0.262209
  type: 'test'
  ...
# Subtest: route coverage has one native or inline shell owner and preserves active-session specialization
ok 720 - route coverage has one native or inline shell owner and preserves active-session specialization
  ---
  duration_ms: 1.990042
  type: 'test'
  ...
# Subtest: the headerless practice route owns every Algorithms and Certification render branch
ok 721 - the headerless practice route owns every Algorithms and Certification render branch
  ---
  duration_ms: 0.438459
  type: 'test'
  ...
# Subtest: the shared header owns accessible back geometry and long-copy reflow without navigation fallback
ok 722 - the shared header owns accessible back geometry and long-copy reflow without navigation fallback
  ---
  duration_ms: 1.177375
  type: 'test'
  ...
# Subtest: Screen and SessionShell remain the only general and active-session page owners
ok 723 - Screen and SessionShell remain the only general and active-session page owners
  ---
  duration_ms: 20.009375
  type: 'test'
  ...
# Subtest: representative Home, Settings, setup, session, and result routes keep canonical ownership
ok 724 - representative Home, Settings, setup, session, and result routes keep canonical ownership
  ---
  duration_ms: 2.299166
  type: 'test'
  ...
# Subtest: Progress follows the current Figma section copy and 200% text contract
ok 725 - Progress follows the current Figma section copy and 200% text contract
  ---
  duration_ms: 0.654792
  type: 'test'
  ...
# Subtest: Activity rows preserve the variable-height Figma copy at large text
ok 726 - Activity rows preserve the variable-height Figma copy at large text
  ---
  duration_ms: 0.152333
  type: 'test'
  ...
# Subtest: simulation review remains explicitly unavailable
ok 727 - simulation review remains explicitly unavailable
  ---
  duration_ms: 0.092875
  type: 'test'
  ...
# Subtest: answer review keeps its explicit unavailable state
ok 728 - answer review keeps its explicit unavailable state
  ---
  duration_ms: 0.0925
  type: 'test'
  ...
# Subtest: simulation active shell uses the Figma question and action-footer variant
ok 729 - simulation active shell uses the Figma question and action-footer variant
  ---
  duration_ms: 0.395833
  type: 'test'
  ...
# Subtest: Practice setup keeps one canonical back action and recovery copy names learner-visible consequences
ok 730 - Practice setup keeps one canonical back action and recovery copy names learner-visible consequences
  ---
  duration_ms: 0.878041
  type: 'test'
  ...
# Subtest: lost-key recovery uses the typed failure code and the canonical hold-to-remove operation
ok 731 - lost-key recovery uses the typed failure code and the canonical hold-to-remove operation
  ---
  duration_ms: 0.856792
  type: 'test'
  ...
# Subtest: lost-key recovery keeps removal, success, error, and bootstrap transitions explicit
ok 732 - lost-key recovery keeps removal, success, error, and bootstrap transitions explicit
  ---
  duration_ms: 0.273667
  type: 'test'
  ...
# Subtest: manual lost-key retries are process-local and automatic bootstrap does not spend the limit
ok 733 - manual lost-key retries are process-local and automatic bootstrap does not spend the limit
  ---
  duration_ms: 0.15075
  type: 'test'
  ...
# Subtest: recovery surface centers recovery states and gives success its own concise layout
ok 734 - recovery surface centers recovery states and gives success its own concise layout
  ---
  duration_ms: 0.402
  type: 'test'
  ...
# Subtest: unavailable active content is a typed gate with explicit abandon and retry paths
ok 735 - unavailable active content is a typed gate with explicit abandon and retry paths
  ---
  duration_ms: 0.093458
  type: 'test'
  ...
# Subtest: bootstrap diagnostics are wired only through the development branch as one structural observer
ok 736 - bootstrap diagnostics are wired only through the development branch as one structural observer
  ---
  duration_ms: 0.245791
  type: 'test'
  ...
# Subtest: the recovery presentation fixture is development-smoke only and never calls storage operations
ok 737 - the recovery presentation fixture is development-smoke only and never calls storage operations
  ---
  duration_ms: 0.189291
  type: 'test'
  ...
# Subtest: session fingerprint uses canonical artifact and occurrence identity
ok 738 - session fingerprint uses canonical artifact and occurrence identity
  ---
  duration_ms: 1.075042
  type: 'test'
  ...
# Subtest: counts only settled failed manual attempts and hides retry after five failures
ok 739 - counts only settled failed manual attempts and hides retry after five failures
  ---
  duration_ms: 0.686125
  type: 'test'
  ...
# Subtest: success closes the recovery episode and re-enables retries
ok 740 - success closes the recovery episode and re-enables retries
  ---
  duration_ms: 0.091458
  type: 'test'
  ...
# Subtest: background and rerender do not reset the process-local episode state
ok 741 - background and rerender do not reset the process-local episode state
  ---
  duration_ms: 0.057417
  type: 'test'
  ...
# Subtest: node package scope is null during transition without reading the stale selected profile
ok 742 - node package scope is null during transition without reading the stale selected profile
  ---
  duration_ms: 0.649375
  type: 'test'
  ...
# Subtest: Premium package errors have distinct localized-copy keys and actionable recovery policy
ok 743 - Premium package errors have distinct localized-copy keys and actionable recovery policy
  ---
  duration_ms: 1.684709
  type: 'test'
  ...
# Subtest: profile completion settles before lifecycle composition and resume authorization
ok 744 - profile completion settles before lifecycle composition and resume authorization
  ---
  duration_ms: 1.479791
  type: 'test'
  ...
# Subtest: application bootstrap wires account completion ahead of lifecycle composition
ok 745 - application bootstrap wires account completion ahead of lifecycle composition
  ---
  duration_ms: 0.510958
  type: 'test'
  ...
# Subtest: recovery locale uses the first device language and supports Polish regional tags
ok 746 - recovery locale uses the first device language and supports Polish regional tags
  ---
  duration_ms: 0.632709
  type: 'test'
  ...
# Subtest: recovery locale fails to English for unsupported or malformed native values
ok 747 - recovery locale fails to English for unsupported or malformed native values
  ---
  duration_ms: 0.084417
  type: 'test'
  ...
# Subtest: Design simulation profiles preserve exact per-track identity and reference-only evaluation
ok 748 - Design simulation profiles preserve exact per-track identity and reference-only evaluation
  ---
  duration_ms: 271.834583
  type: 'test'
  ...
# Subtest: Design simulation schema rejects identity, stage, response, criteria, rubric, and semantic-scoring drift
ok 749 - Design simulation schema rejects identity, stage, response, criteria, rubric, and semantic-scoring drift
  ---
  duration_ms: 502.34475
  type: 'test'
  ...
# Subtest: ProductModeConfig preserves the complete available 9-track mode matrix
ok 750 - ProductModeConfig preserves the complete available 9-track mode matrix
  ---
  duration_ms: 4.872083
  type: 'test'
  ...
# Subtest: ODK-097 app Design modes stay in parity with the current producer profiles
ok 751 - ODK-097 app Design modes stay in parity with the current producer profiles
  ---
  duration_ms: 2.038542
  type: 'test'
  ...
# Subtest: mode policies preserve feedback, elapsed timer, reinsert and evidence behavior
ok 752 - mode policies preserve feedback, elapsed timer, reinsert and evidence behavior
  ---
  duration_ms: 0.177084
  type: 'test'
  ...
# Subtest: selection pools are non-empty, local, and large enough for every requested length
ok 753 - selection pools are non-empty, local, and large enough for every requested length
  ---
  duration_ms: 67.840625
  type: 'test'
  ...
# Subtest: simulation mode is bound to the exact GCP profile, family, and mode
ok 754 - simulation mode is bound to the exact GCP profile, family, and mode
  ---
  duration_ms: 1.520833
  type: 'test'
  ...
# Subtest: Coding Mock product mode binds only its declared Coding Interview profile
ok 755 - Coding Mock product mode binds only its declared Coding Interview profile
  ---
  duration_ms: 0.388
  type: 'test'
  ...
# Subtest: GCP Diagnostic preserves the verified exact ordered 40-question plan
ok 756 - GCP Diagnostic preserves the verified exact ordered 40-question plan
  ---
  duration_ms: 0.417292
  type: 'test'
  ...
# Subtest: declared but uninstalled modes fail closed with a stable unavailable error
ok 757 - declared but uninstalled modes fail closed with a stable unavailable error
  ---
  duration_ms: 0.887334
  type: 'test'
  ...
# Subtest: validated production configuration is recursively immutable
ok 758 - validated production configuration is recursively immutable
  ---
  duration_ms: 0.611625
  type: 'test'
  ...
# Subtest: validator rejects duplicate, missing, additional, and non-canonical config shapes
ok 759 - validator rejects duplicate, missing, additional, and non-canonical config shapes
  ---
  duration_ms: 3.00225
  type: 'test'
  ...
# Subtest: validator rejects foreign identities, empty pools, bad lengths, and policy mismatches
ok 760 - validator rejects foreign identities, empty pools, bad lengths, and policy mismatches
  ---
  duration_ms: 1.38525
  type: 'test'
  ...
# Subtest: validator rejects foreign questions, Diagnostic reordering, bad evidence and unsupported interactions
ok 761 - validator rejects foreign questions, Diagnostic reordering, bad evidence and unsupported interactions
  ---
  duration_ms: 750.276666
  type: 'test'
  ...
# Subtest: validator rejects missing, duplicate, empty and foreign canonical artifacts
ok 762 - validator rejects missing, duplicate, empty and foreign canonical artifacts
  ---
  duration_ms: 10677.447541
  type: 'test'
  ...
# Subtest: all nine canonical artifacts validate with exact inventory and stable learner whitespace
ok 763 - all nine canonical artifacts validate with exact inventory and stable learner whitespace
  ---
  duration_ms: 324.064583
  type: 'test'
  ...
# Subtest: canonical scoring matches the producer oracle exhaustively
ok 764 - canonical scoring matches the producer oracle exhaustively
  ---
  duration_ms: 904.85825
  type: 'test'
  ...
# Subtest: all interactions expose completeness and immutable AttemptResult semantics
ok 765 - all interactions expose completeness and immutable AttemptResult semantics
  ---
  duration_ms: 18.805291
  type: 'test'
  ...
# Subtest: dimension scoring ignores inherited selections exactly like the producer oracle
ok 766 - dimension scoring ignores inherited selections exactly like the producer oracle
  ---
  duration_ms: 33.629
  type: 'test'
  ...
# Subtest: dimension responses reject sparse arrays and alias-normalization collisions
ok 767 - dimension responses reject sparse arrays and alias-normalization collisions
  ---
  duration_ms: 5.600209
  type: 'test'
  ...
# Subtest: validator fails closed on exact keys, identities, membership and scoring consistency
ok 768 - validator fails closed on exact keys, identities, membership and scoring consistency
  ---
  duration_ms: 375.152083
  type: 'test'
  ...
# Subtest: catalog verifies bytes before exposing frozen lookups and exact artifact metadata
ok 769 - catalog verifies bytes before exposing frozen lookups and exact artifact metadata
  ---
  duration_ms: 373.996375
  type: 'test'
  ...
# Subtest: optional GCP simulation profile is strict, complete, immutable and covered by its artifact hash
ok 770 - optional GCP simulation profile is strict, complete, immutable and covered by its artifact hash
  ---
  duration_ms: 1204.5245
  type: 'test'
  ...
# Subtest: Coding Mock profile validation requires its strict declared ordered 40-question pool
ok 771 - Coding Mock profile validation requires its strict declared ordered 40-question pool
  ---
  duration_ms: 500.210666
  type: 'test'
  ...
# Subtest: canonical runtime catalog exposes all locked tracks, modes, pools, and exact artifact identities
ok 772 - canonical runtime catalog exposes all locked tracks, modes, pools, and exact artifact identities
  ---
  duration_ms: 746.715791
  type: 'test'
  ...
# Subtest: injected loader failures are visible and do not poison the active cache
ok 773 - injected loader failures are visible and do not poison the active cache
  ---
  duration_ms: 77.408083
  type: 'test'
  ...
# Subtest: canonical runtime catalog hashes artifacts sequentially and preserves artifact order
ok 774 - canonical runtime catalog hashes artifacts sequentially and preserves artifact order
  ---
  duration_ms: 1047.672292
  type: 'test'
  ...
# Subtest: public owner retries after a failed cached load and then preserves cache identity
ok 775 - public owner retries after a failed cached load and then preserves cache identity
  ---
  duration_ms: 4984.994
  type: 'test'
  ...
# Subtest: canonical runtime catalog caches only a validated active catalog
ok 776 - canonical runtime catalog caches only a validated active catalog
  ---
  duration_ms: 0.178667
  type: 'test'
  ...
# Subtest: historical content release lock remains covered by frozen release manifests
ok 777 - historical content release lock remains covered by frozen release manifests
  ---
  duration_ms: 3667.150084
  type: 'test'
  ...
# Subtest: bundled canonical release matches the current producer builder
ok 778 - bundled canonical release matches the current producer builder
  ---
  duration_ms: 4806.398625
  type: 'test'
  ...
# Subtest: current canonical builder preserves the ODK-096 inventory and approved AWS identity without repinning history
ok 779 - current canonical builder preserves the ODK-096 inventory and approved AWS identity without repinning history
  ---
  duration_ms: 4216.428209
  type: 'test'
  ...
# Subtest: node package verifier enforces exact transport headers, hashes, schema and app minimum
ok 780 - node package verifier enforces exact transport headers, hashes, schema and app minimum
  ---
  duration_ms: 53.750708
  type: 'test'
  ...
# Subtest: install keeps old exact package resolvable after new activation and rolls back on failed reread or activation
ok 781 - install keeps old exact package resolvable after new activation and rolls back on failed reread or activation
  ---
  duration_ms: 938.276416
  type: 'test'
  ...
# Subtest: installed exact cache is isolated across profile changes and lazily rehydrates on return
ok 782 - installed exact cache is isolated across profile changes and lazily rehydrates on return
  ---
  duration_ms: 746.032958
  type: 'test'
  ...
# Subtest: stale profile hydration cannot register records after an in-flight profile switch
ok 783 - stale profile hydration cannot register records after an in-flight profile switch
  ---
  duration_ms: 462.815542
  type: 'test'
  ...
# Subtest: package hash and gzip output size reject corrupt, oversized, and truncated packages
ok 784 - package hash and gzip output size reject corrupt, oversized, and truncated packages
  ---
  duration_ms: 0.521291
  type: 'test'
  ...
# Subtest: 404 and interrupted downloads do not replace an active package
ok 785 - 404 and interrupted downloads do not replace an active package
  ---
  duration_ms: 0.896
  type: 'test'
  ...
# Subtest: backend package admission failures keep their typed status and code
ok 786 - backend package admission failures keep their typed status and code
  ---
  duration_ms: 0.266791
  type: 'test'
  ...
# Subtest: filesystem adapter leaves the old MMKV pointer on move or pointer-write failure and keeps valid history
ok 787 - filesystem adapter leaves the old MMKV pointer on move or pointer-write failure and keeps valid history
  ---
  duration_ms: 1208.296333
  type: 'test'
  ...
# Subtest: pointer activation rolls back after a write-then-throw and a mismatching read-back
ok 788 - pointer activation rolls back after a write-then-throw and a mismatching read-back
  ---
  duration_ms: 3.436666
  type: 'test'
  ...
# Subtest: retry replaces only an inactive partial final left by an interrupted file move
ok 789 - retry replaces only an inactive partial final left by an interrupted file move
  ---
  duration_ms: 1.851417
  type: 'test'
  ...
# Subtest: canonical admission exposes nine launch tracks
ok 790 - canonical admission exposes nine launch tracks
  ---
  duration_ms: 612.388042
  type: 'test'
  ...
# Subtest: Coding Mock stays outside ordinary modes and resolves its exact declared profile
ok 791 - Coding Mock stays outside ordinary modes and resolves its exact declared profile
  ---
  duration_ms: 0.430917
  type: 'test'
  ...
# Subtest: content report description is optional, trimmed and bounded
ok 792 - content report description is optional, trimmed and bounded
  ---
  duration_ms: 2.041625
  type: 'test'
  ...
# Subtest: content report description rejects obvious contact and secret data
ok 793 - content report description rejects obvious contact and secret data
  ---
  duration_ms: 0.77825
  type: 'test'
  ...
# Subtest: ordinary technical language is not mistaken for a secret
ok 794 - ordinary technical language is not mistaken for a secret
  ---
  duration_ms: 0.072875
  type: 'test'
  ...
# Subtest: a new family carries payload, response, result, and evidence without a global union
ok 795 - a new family carries payload, response, result, and evidence without a global union
  ---
  duration_ms: 1.181541
  type: 'test'
  ...
# Subtest: kernel accepts open track ids and enforces canonical session invariants
ok 796 - kernel accepts open track ids and enforces canonical session invariants
  ---
  duration_ms: 2.197833
  type: 'test'
  ...
# Subtest: attempt result constructor enforces kind, range, and component totals
ok 797 - attempt result constructor enforces kind, range, and component totals
  ---
  duration_ms: 0.363167
  type: 'test'
  ...
# Subtest: attempt, evidence, reasons, and learning evidence stay family neutral
ok 798 - attempt, evidence, reasons, and learning evidence stay family neutral
  ---
  duration_ms: 0.446292
  type: 'test'
  ...
# Subtest: lifecycle record guards and completed-result coverage are explicit
ok 799 - lifecycle record guards and completed-result coverage are explicit
  ---
  duration_ms: 0.2665
  type: 'test'
  ...
# Subtest: LearningPlan v1 guard requires the complete strict shape and canonical slot order
ok 800 - LearningPlan v1 guard requires the complete strict shape and canonical slot order
  ---
  duration_ms: 23.889833
  type: 'test'
  ...
# Subtest: accepted target snapshot follows T4 goal meaning and canonical null dates
ok 801 - accepted target snapshot follows T4 goal meaning and canonical null dates
  ---
  duration_ms: 1.196042
  type: 'test'
  ...
# Subtest: generates one stable 18:00 slot per normalized preferred day for every goal type
ok 802 - generates one stable 18:00 slot per normalized preferred day for every goal type
  ---
  duration_ms: 24.305625
  type: 'test'
  ...
# Subtest: uses due review priority, otherwise package scope, without item identifiers
ok 803 - uses due review priority, otherwise package scope, without item identifiers
  ---
  duration_ms: 0.317708
  type: 'test'
  ...
# Subtest: event boundaries are strict-before while deadline and checkpoint are inclusive
ok 804 - event boundaries are strict-before while deadline and checkpoint are inclusive
  ---
  duration_ms: 0.805083
  type: 'test'
  ...
# Subtest: missing target date is open-ended before an unknown completion rule
ok 805 - missing target date is open-ended before an unknown completion rule
  ---
  duration_ms: 0.364583
  type: 'test'
  ...
# Subtest: C3 unknown is explicit with a target; in-progress uses remaining attempts and completed has no remaining work
ok 806 - C3 unknown is explicit with a target; in-progress uses remaining attempts and completed has no remaining work
  ---
  duration_ms: 0.384833
  type: 'test'
  ...
# Subtest: S12 is the only capacity source and shortfall preserves all counts without slots or attainability
ok 807 - S12 is the only capacity source and shortfall preserves all counts without slots or attainability
  ---
  duration_ms: 0.2245
  type: 'test'
  ...
# Subtest: leap-day and DST-neutral occurrence counting use calendar dates, not elapsed local milliseconds
ok 808 - leap-day and DST-neutral occurrence counting use calendar dates, not elapsed local milliseconds
  ---
  duration_ms: 0.312291
  type: 'test'
  ...
# Subtest: does not mutate preferred day order or mutable input values and returns frozen output
ok 809 - does not mutate preferred day order or mutable input values and returns frozen output
  ---
  duration_ms: 0.422875
  type: 'test'
  ...
# Subtest: rejects malformed or inconsistent input with the one explicit error class
ok 810 - rejects malformed or inconsistent input with the one explicit error class
  ---
  duration_ms: 0.957333
  type: 'test'
  ...
# Subtest: uses the explicit formulas, includes today, and excludes an event target day
ok 811 - uses the explicit formulas, includes today, and excludes an event target day
  ---
  duration_ms: 32.436833
  type: 'test'
  ...
# Subtest: minimum observation age is inclusive: six days gives seven days, five gives six
ok 812 - minimum observation age is inclusive: six days gives seven days, five gives six
  ---
  duration_ms: 2.990209
  type: 'test'
  ...
# Subtest: trend starts at thirteen days and applies strict ten-percent boundaries
ok 813 - trend starts at thirteen days and applies strict ten-percent boundaries
  ---
  duration_ms: 41.543208
  type: 'test'
  ...
# Subtest: trend handles zero-to-zero, zero-to-positive, and positive-to-zero windows after age fourteen
ok 814 - trend handles zero-to-zero, zero-to-positive, and positive-to-zero windows after age fourteen
  ---
  duration_ms: 1.723709
  type: 'test'
  ...
# Subtest: completed work is zero work even without future occurrences or observations
ok 815 - completed work is zero work even without future occurrences or observations
  ---
  duration_ms: 1.368
  type: 'test'
  ...
# Subtest: returns each honest unavailable business reason
ok 816 - returns each honest unavailable business reason
  ---
  duration_ms: 3.028208
  type: 'test'
  ...
# Subtest: requires a concrete non-negative completion requirement
ok 817 - requires a concrete non-negative completion requirement
  ---
  duration_ms: 1.452417
  type: 'test'
  ...
# Subtest: returns calculation_error when the projected calendar date is not representable
ok 818 - returns calculation_error when the projected calendar date is not representable
  ---
  duration_ms: 0.53875
  type: 'test'
  ...
# Subtest: uses full immutable facts and does not double-count session questions
ok 819 - uses full immutable facts and does not double-count session questions
  ---
  duration_ms: 0.957209
  type: 'test'
  ...
# Subtest: handles DST, leap-day calendar arithmetic, and today occurrences without elapsed milliseconds
ok 820 - handles DST, leap-day calendar arithmetic, and today occurrences without elapsed milliseconds
  ---
  duration_ms: 1.405167
  type: 'test'
  ...
# Subtest: rejects malformed numbers, dates, timezones, future facts, and inconsistent sessions
ok 821 - rejects malformed numbers, dates, timezones, future facts, and inconsistent sessions
  ---
  duration_ms: 1.358917
  type: 'test'
  ...
# Subtest: completion rule validates explicit v1 bounds
ok 822 - completion rule validates explicit v1 bounds
  ---
  duration_ms: 0.6745
  type: 'test'
  ...
# Subtest: completion is unknown without a package rule and otherwise uses the exact rolling window
ok 823 - completion is unknown without a package rule and otherwise uses the exact rolling window
  ---
  duration_ms: 20.920375
  type: 'test'
  ...
# Subtest: completion filters full package identity, deduplicates exact retries, and rejects malformed or conflicting durable evidence
ok 824 - completion filters full package identity, deduplicates exact retries, and rejects malformed or conflicting durable evidence
  ---
  duration_ms: 2.2325
  type: 'test'
  ...
# Subtest: same instant ordering is stable by id
ok 825 - same instant ordering is stable by id
  ---
  duration_ms: 0.360083
  type: 'test'
  ...
# Subtest: ResolvedContentRef has exactly four canonical-safe fields and is frozen
ok 826 - ResolvedContentRef has exactly four canonical-safe fields and is frozen
  ---
  duration_ms: 1.986875
  type: 'test'
  ...
# Subtest: ResolvedContentRef rejects null, extra fields, unsafe identities, and SHA casing without normalization
ok 827 - ResolvedContentRef rejects null, extra fields, unsafe identities, and SHA casing without normalization
  ---
  duration_ms: 0.475625
  type: 'test'
  ...
# Subtest: ResolvedContentRef key is versioned, deterministic, and field-boundary safe
ok 828 - ResolvedContentRef key is versioned, deterministic, and field-boundary safe
  ---
  duration_ms: 0.293708
  type: 'test'
  ...
# Subtest: tombstones are immutable, tagged, minimal, and contain no recursive legacy fields
ok 829 - tombstones are immutable, tagged, minimal, and contain no recursive legacy fields
  ---
  duration_ms: 0.406834
  type: 'test'
  ...
# Subtest: resolution result is exact, frozen, and distinguishes resolved from tombstone
ok 830 - resolution result is exact, frozen, and distinguishes resolved from tombstone
  ---
  duration_ms: 0.318708
  type: 'test'
  ...
# Subtest: public domain barrel exposes strict contracts but not the legacy decoder/mapper
ok 831 - public domain barrel exposes strict contracts but not the legacy decoder/mapper
  ---
  duration_ms: 0.133334
  type: 'test'
  ...
# Subtest: registry resolves current tracks in canonical launch order without a default
ok 832 - registry resolves current tracks in canonical launch order without a default
  ---
  duration_ms: 1.665292
  type: 'test'
  ...
# Subtest: a new track and family register without modifying the learning kernel
ok 833 - a new track and family register without modifying the learning kernel
  ---
  duration_ms: 0.132791
  type: 'test'
  ...
# Subtest: incorrect and partial attempts create remediation entries with source and taxonomy evidence
ok 834 - incorrect and partial attempts create remediation entries with source and taxonomy evidence
  ---
  duration_ms: 3.786542
  type: 'test'
  ...
# Subtest: correct Algorithms attempt creates scheduled retrieval while correct Certification attempt creates none
ok 835 - correct Algorithms attempt creates scheduled retrieval while correct Certification attempt creates none
  ---
  duration_ms: 0.246792
  type: 'test'
  ...
# Subtest: review transition counts only after due, resets on incorrect and partial, and resolves after two eligible successes
ok 836 - review transition counts only after due, resets on incorrect and partial, and resolves after two eligible successes
  ---
  duration_ms: 0.281041
  type: 'test'
  ...
# Subtest: same-session correction does not resolve persistent review and only canonical reasons exist
ok 837 - same-session correction does not resolve persistent review and only canonical reasons exist
  ---
  duration_ms: 0.112875
  type: 'test'
  ...
# Subtest: ordinary Algorithms practice cannot resolve persistent review after due
ok 838 - ordinary Algorithms practice cannot resolve persistent review after due
  ---
  duration_ms: 0.0745
  type: 'test'
  ...
# Subtest: session creation preserves requested and actual lengths, immutable item order, option order, and no response
ok 839 - session creation preserves requested and actual lengths, immutable item order, option order, and no response
  ---
  duration_ms: 1.966042
  type: 'test'
  ...
# Subtest: active session advances and persisted current position resumes deterministically
ok 840 - active session advances and persisted current position resumes deterministically
  ---
  duration_ms: 0.306666
  type: 'test'
  ...
# Subtest: session supports valid direct navigation but rejects an invalid item index
ok 841 - session supports valid direct navigation but rejects an invalid item index
  ---
  duration_ms: 0.42575
  type: 'test'
  ...
# Subtest: completion fixes position at the final item and cannot advance
ok 842 - completion fixes position at the final item and cannot advance
  ---
  duration_ms: 0.376542
  type: 'test'
  ...
# Subtest: abandonment preserves committed position and cannot advance
ok 843 - abandonment preserves committed position and cannot advance
  ---
  duration_ms: 0.132125
  type: 'test'
  ...
# Subtest: session rejects mismatched track, content version, duplicate references, and invalid completion position
ok 844 - session rejects mismatched track, content version, duplicate references, and invalid completion position
  ---
  duration_ms: 0.168541
  type: 'test'
  ...
# Subtest: runtime admission resolves the exact candidate lock for every canonical launch track
ok 845 - runtime admission resolves the exact candidate lock for every canonical launch track
  ---
  duration_ms: 837.381375
  type: 'test'
  ...
# Subtest: pending status waits while the target is not reflected by both identity sources
ok 846 - pending status waits while the target is not reflected by both identity sources
  ---
  duration_ms: 0.616583
  type: 'test'
  ...
# Subtest: pending status confirms only matching verified Firebase and backend identities
ok 847 - pending status confirms only matching verified Firebase and backend identities
  ---
  duration_ms: 0.882166
  type: 'test'
  ...
# Subtest: one-sided email or verification agreement remains waiting
ok 848 - one-sided email or verification agreement remains waiting
  ---
  duration_ms: 0.189458
  type: 'test'
  ...
# Subtest: a different authenticated UID is unavailable and does not expose the old request as success
ok 849 - a different authenticated UID is unavailable and does not expose the old request as success
  ---
  duration_ms: 0.074084
  type: 'test'
  ...
# Subtest: refresh failure takes priority over matching cached identity data
ok 850 - refresh failure takes priority over matching cached identity data
  ---
  duration_ms: 0.063792
  type: 'test'
  ...
# Subtest: legacy recovery-code retry keeps an invalid credential on its password field
ok 851 - legacy recovery-code retry keeps an invalid credential on its password field
  ---
  duration_ms: 0.970458
  type: 'test'
  ...
# Subtest: delete account switches from identity confirmation to the hold action
ok 852 - delete account switches from identity confirmation to the hold action
  ---
  duration_ms: 4.912
  type: 'test'
  ...
# Subtest: delete account password failures stay attached to Password
ok 853 - delete account password failures stay attached to Password
  ---
  duration_ms: 0.167125
  type: 'test'
  ...
# Subtest: email validation identifies the address field for all sign-in providers
ok 854 - email validation identifies the address field for all sign-in providers
  ---
  duration_ms: 0.734542
  type: 'test'
  ...
# Subtest: reauthentication errors identify a password only when that field exists
ok 855 - reauthentication errors identify a password only when that field exists
  ---
  duration_ms: 0.166666
  type: 'test'
  ...
# Subtest: password change validation identifies the edited password field
ok 856 - password change validation identifies the edited password field
  ---
  duration_ms: 0.061292
  type: 'test'
  ...
# Subtest: recovery-code wrong-password failures identify the current password
ok 857 - recovery-code wrong-password failures identify the current password
  ---
  duration_ms: 0.050042
  type: 'test'
  ...
# Subtest: general errors and non-field security failures retain their existing banner presentation
ok 858 - general errors and non-field security failures retain their existing banner presentation
  ---
  duration_ms: 0.078666
  type: 'test'
  ...
# Subtest: editing another field preserves its error; editing the affected field clears it
ok 859 - editing another field preserves its error; editing the affected field clears it
  ---
  duration_ms: 0.184125
  type: 'test'
  ...
# Subtest: password-change field errors use the localized field-specific copy
ok 860 - password-change field errors use the localized field-specific copy
  ---
  duration_ms: 2.959209
  type: 'test'
  ...
# Subtest: welcome screen keeps its mark, localized copy, and entry actions
ok 861 - welcome screen keeps its mark, localized copy, and entry actions
  ---
  duration_ms: 0.946125
  type: 'test'
  ...
# Subtest: a recovery-code operation for a different account keeps codes hidden and offers explicit sign-in resolution
ok 862 - a recovery-code operation for a different account keeps codes hidden and offers explicit sign-in resolution
  ---
  duration_ms: 0.743875
  type: 'test'
  ...
# Subtest: unconfirmed delivery keeps unsaved codes available and offers an explicit status retry
ok 863 - unconfirmed delivery keeps unsaved codes available and offers an explicit status retry
  ---
  duration_ms: 0.091667
  type: 'test'
  ...
# Subtest: persisted saved intent hides codes and offers an explicit ACK retry
ok 864 - persisted saved intent hides codes and offers an explicit ACK retry
  ---
  duration_ms: 0.064417
  type: 'test'
  ...
# Subtest: acknowledged issue is terminal and no longer blocks a replacement chosen by the user
ok 865 - acknowledged issue is terminal and no longer blocks a replacement chosen by the user
  ---
  duration_ms: 0.060834
  type: 'test'
  ...
# Subtest: server-confirmed non-acknowledged terminal status requires an explicit continue action
ok 866 - server-confirmed non-acknowledged terminal status requires an explicit continue action
  ---
  duration_ms: 0.058375
  type: 'test'
  ...
# Subtest: a consume operation for another account offers explicit resume without an automatic retry
ok 867 - a consume operation for another account offers explicit resume without an automatic retry
  ---
  duration_ms: 0.05875
  type: 'test'
  ...
# Subtest: loading or unavailable vault state blocks code issuance until recovery state is known
ok 868 - loading or unavailable vault state blocks code issuance until recovery state is known
  ---
  duration_ms: 0.058625
  type: 'test'
  ...
# Subtest: all account locales provide the recovery operation states and explicit mismatch actions
ok 869 - all account locales provide the recovery operation states and explicit mismatch actions
  ---
  duration_ms: 1.136625
  type: 'test'
  ...
# Subtest: analytics lookup uses canonical identity
ok 870 - analytics lookup uses canonical identity
  ---
  duration_ms: 839.009834
  type: 'test'
  ...
# Subtest: Certification Exam runner uses exact resume, route-keyed reads and expired result navigation
ok 871 - Certification Exam runner uses exact resume, route-keyed reads and expired result navigation
  ---
  duration_ms: 0.607459
  type: 'test'
  ...
# Subtest: exam response changes persist the canonical choice response before publishing the refreshed selection
ok 872 - exam response changes persist the canonical choice response before publishing the refreshed selection
  ---
  duration_ms: 0.127583
  type: 'test'
  ...
# Subtest: all exam draft writes and navigation share one in-flight action lane
ok 873 - all exam draft writes and navigation share one in-flight action lane
  ---
  duration_ms: 0.98125
  type: 'test'
  ...
# Subtest: a durable navigator move closes the navigator while a failed projection read exposes retry
ok 874 - a durable navigator move closes the navigator while a failed projection read exposes retry
  ---
  duration_ms: 0.114875
  type: 'test'
  ...
# Subtest: exam actions describe navigation and finish confirmation, including unanswered questions
ok 875 - exam actions describe navigation and finish confirmation, including unanswered questions
  ---
  duration_ms: 0.108209
  type: 'test'
  ...
# Subtest: review fixture accepts only named development smoke cases and exact deep links
ok 876 - review fixture accepts only named development smoke cases and exact deep links
  ---
  duration_ms: 1.349083
  type: 'test'
  ...
# Subtest: reopening the same fixture case creates a fresh launch identity
ok 877 - reopening the same fixture case creates a fresh launch identity
  ---
  duration_ms: 0.105375
  type: 'test'
  ...
# Subtest: fixture readers are optional screen seams and production readers remain the default
ok 878 - fixture readers are optional screen seams and production readers remain the default
  ---
  duration_ms: 0.92825
  type: 'test'
  ...
# Subtest: fixture creates validator-approved fixed-50 canonical evidence without partial or persistence shortcuts
ok 879 - fixture creates validator-approved fixed-50 canonical evidence without partial or persistence shortcuts
  ---
  duration_ms: 702.884459
  type: 'test'
  ...
# Subtest: memory readers require the fixture session identity and preserve read-only evidence
ok 880 - memory readers require the fixture session identity and preserve read-only evidence
  ---
  duration_ms: 28.895292
  type: 'test'
  ...
# Subtest: ready fixture calls the supplied opener with each exact projected source URL
ok 881 - ready fixture calls the supplied opener with each exact projected source URL
  ---
  duration_ms: 10.563042
  type: 'test'
  ...
# Subtest: source-failure fixture records exact opener attempt but never calls external URL opening
ok 882 - source-failure fixture records exact opener attempt but never calls external URL opening
  ---
  duration_ms: 4.665125
  type: 'test'
  ...
# Subtest: practice answer matrix exposes actual completed summary, five feedback previews, and full review
ok 883 - practice answer matrix exposes actual completed summary, five feedback previews, and full review
  ---
  duration_ms: 14.656125
  type: 'test'
  ...
# Subtest: Metro disabled runtime is explicitly unavailable outside smoke
ok 884 - Metro disabled runtime is explicitly unavailable outside smoke
  ---
  duration_ms: 0.148167
  type: 'test'
  ...
# Subtest: completed single-select review distinguishes the learner answer from the omitted correct answer
ok 885 - completed single-select review distinguishes the learner answer from the omitted correct answer
  ---
  duration_ms: 2.472625
  type: 'test'
  ...
# Subtest: completed multi-select review preserves every selected, correct and omitted state
ok 886 - completed multi-select review preserves every selected, correct and omitted state
  ---
  duration_ms: 0.223458
  type: 'test'
  ...
# Subtest: a request change makes an in-flight interval refresh stale before publication
ok 887 - a request change makes an in-flight interval refresh stale before publication
  ---
  duration_ms: 1.662416
  type: 'test'
  ...
# Subtest: a newer same-request refresh wins over an older success
ok 888 - a newer same-request refresh wins over an older success
  ---
  duration_ms: 0.143833
  type: 'test'
  ...
# Subtest: slow overlapping interval reads keep publishing when they complete in order
ok 889 - slow overlapping interval reads keep publishing when they complete in order
  ---
  duration_ms: 0.212541
  type: 'test'
  ...
# Subtest: a newer successful refresh suppresses an older error
ok 890 - a newer successful refresh suppresses an older error
  ---
  duration_ms: 0.166041
  type: 'test'
  ...
# Subtest: a newer successful refresh suppresses an older expiry
ok 891 - a newer successful refresh suppresses an older expiry
  ---
  duration_ms: 0.06775
  type: 'test'
  ...
# Subtest: a newer same-request rejection wins over an older success
ok 892 - a newer same-request rejection wins over an older success
  ---
  duration_ms: 0.104792
  type: 'test'
  ...
# Subtest: a newer same-request expiry wins over an older success
ok 893 - a newer same-request expiry wins over an older success
  ---
  duration_ms: 0.154542
  type: 'test'
  ...
# Subtest: unmount cleanup invalidates an in-flight expiry read before publication
ok 894 - unmount cleanup invalidates an in-flight expiry read before publication
  ---
  duration_ms: 0.176584
  type: 'test'
  ...
# Subtest: request change during start-on-miss prevents starting or rereading a replacement exam
ok 895 - request change during start-on-miss prevents starting or rereading a replacement exam
  ---
  duration_ms: 0.3155
  type: 'test'
  ...
# Subtest: unmount cleanup during start-on-miss prevents the after-start interval read
ok 896 - unmount cleanup during start-on-miss prevents the after-start interval read
  ---
  duration_ms: 0.411
  type: 'test'
  ...
# Subtest: current start-on-miss refreshes after the new exam is started
ok 897 - current start-on-miss refreshes after the new exam is started
  ---
  duration_ms: 0.118834
  type: 'test'
  ...
# Subtest: request change during expected resume prevents the old session from publishing
ok 898 - request change during expected resume prevents the old session from publishing
  ---
  duration_ms: 0.079833
  type: 'test'
  ...
# Subtest: expected resume failure never falls back to starting a new exam
ok 899 - expected resume failure never falls back to starting a new exam
  ---
  duration_ms: 0.09975
  type: 'test'
  ...
# Subtest: the current expiry outcome carries its session id for guarded navigation
ok 900 - the current expiry outcome carries its session id for guarded navigation
  ---
  duration_ms: 0.060958
  type: 'test'
  ...
# Subtest: Exam Review has one local header owner and returns to the exact result session
ok 901 - Exam Review has one local header owner and returns to the exact result session
  ---
  duration_ms: 2.379417
  type: 'test'
  ...
# Subtest: Previous and Next preserve their question navigation and boundary disabling
ok 902 - Previous and Next preserve their question navigation and boundary disabling
  ---
  duration_ms: 0.245125
  type: 'test'
  ...
# Subtest: Unanswered uses shared feedback with complete details expanded and reporting unchanged
ok 903 - Unanswered uses shared feedback with complete details expanded and reporting unchanged
  ---
  duration_ms: 0.124875
  type: 'test'
  ...
# Subtest: opaque result evidence preserves all answered outcomes including partial credit
ok 904 - opaque result evidence preserves all answered outcomes including partial credit
  ---
  duration_ms: 1.480375
  type: 'test'
  ...
# Subtest: missing, malformed and inconsistent evidence does not invent zero scores
ok 905 - missing, malformed and inconsistent evidence does not invent zero scores
  ---
  duration_ms: 0.131167
  type: 'test'
  ...
# Subtest: a real zero and an absent abandoned score remain distinct
ok 906 - a real zero and an absent abandoned score remain distinct
  ---
  duration_ms: 0.160625
  type: 'test'
  ...
# Subtest: invalid points stay unavailable without clamping
ok 907 - invalid points stay unavailable without clamping
  ---
  duration_ms: 0.08725
  type: 'test'
  ...
# Subtest: exact historical maximum corrects display without mutating durable evidence
ok 908 - exact historical maximum corrects display without mutating durable evidence
  ---
  duration_ms: 0.126125
  type: 'test'
  ...
# Subtest: backend diagnostics records prerequisite and sync preparation failures before final status
ok 909 - backend diagnostics records prerequisite and sync preparation failures before final status
  ---
  duration_ms: 0.886584
  type: 'test'
  ...
# Subtest: successful backend diagnostics still verify sync apply, deduplication, conflict, and read-after
ok 910 - successful backend diagnostics still verify sync apply, deduplication, conflict, and read-after
  ---
  duration_ms: 0.188625
  type: 'test'
  ...
# Subtest: GoalCadenceScreen passes its selected app locale into the calendar
ok 911 - GoalCadenceScreen passes its selected app locale into the calendar
  ---
  duration_ms: 0.647875
  type: 'test'
  ...
# Subtest: the rendered month, weekday headings and accessible dates all use that locale
ok 912 - the rendered month, weekday headings and accessible dates all use that locale
  ---
  duration_ms: 37.25425
  type: 'test'
  ...
# Subtest: month boundaries, leap days and week starts build complete selectable grids
ok 913 - month boundaries, leap days and week starts build complete selectable grids
  ---
  duration_ms: 0.381709
  type: 'test'
  ...
# Subtest: the selected date is exposed through button state and its press updates the pending date
ok 914 - the selected date is exposed through button state and its press updates the pending date
  ---
  duration_ms: 0.250042
  type: 'test'
  ...
# Subtest: only English starts on Sunday and all other supported locales start on Monday
ok 915 - only English starts on Sunday and all other supported locales start on Monday
  ---
  duration_ms: 0.071834
  type: 'test'
  ...
# Subtest: Activity opens only resolver-owned result destinations
ok 916 - Activity opens only resolver-owned result destinations
  ---
  duration_ms: 2.075875
  type: 'test'
  ...
# Subtest: Activity result routing fails closed for inline-only records
ok 917 - Activity result routing fails closed for inline-only records
  ---
  duration_ms: 0.852
  type: 'test'
  ...
# Subtest: Activity navigation preserves the original session identity
ok 918 - Activity navigation preserves the original session identity
  ---
  duration_ms: 0.568959
  type: 'test'
  ...
# Subtest: Activity renders unavailable history as an explicit detail surface without runtime navigation
ok 919 - Activity renders unavailable history as an explicit detail surface without runtime navigation
  ---
  duration_ms: 0.654625
  type: 'test'
  ...
# Subtest: Activity detail disclosures are mutually exclusive and expose expanded state
ok 920 - Activity detail disclosures are mutually exclusive and expose expanded state
  ---
  duration_ms: 0.289625
  type: 'test'
  ...
# Subtest: goal cadence is a reachable root route backed by the canonical repository
ok 921 - goal cadence is a reachable root route backed by the canonical repository
  ---
  duration_ms: 1.753041
  type: 'test'
  ...
# Subtest: Progress owns the goal entry point for the active track
ok 922 - Progress owns the goal entry point for the active track
  ---
  duration_ms: 0.118042
  type: 'test'
  ...
# Subtest: Settings opens the shared goal screen with its return context
ok 923 - Settings opens the shared goal screen with its return context
  ---
  duration_ms: 0.171083
  type: 'test'
  ...
# Subtest: active goal summary only exposes Save while editing
ok 924 - active goal summary only exposes Save while editing
  ---
  duration_ms: 0.107875
  type: 'test'
  ...
# Subtest: active goal summary keeps the reminder draft noninteractive
ok 925 - active goal summary keeps the reminder draft noninteractive
  ---
  duration_ms: 0.198375
  type: 'test'
  ...
# Subtest: goal status and selected day labels use onPrimary on filled backgrounds
ok 926 - goal status and selected day labels use onPrimary on filled backgrounds
  ---
  duration_ms: 0.104041
  type: 'test'
  ...
# Subtest: preferred-day shortcuts preserve domain ids and translate every EN/PL label
ok 927 - preferred-day shortcuts preserve domain ids and translate every EN/PL label
  ---
  duration_ms: 0.32475
  type: 'test'
  ...
# Subtest: goal reminders are a read-only preferred-day draft in both create and active summary
ok 928 - goal reminders are a read-only preferred-day draft in both create and active summary
  ---
  duration_ms: 0.284417
  type: 'test'
  ...
# Subtest: target dates use the shared localized calendar with cancellable drafts and an explicit ISO commit
ok 929 - target dates use the shared localized calendar with cancellable drafts and an explicit ISO commit
  ---
  duration_ms: 0.799875
  type: 'test'
  ...
# Subtest: goal editing uses local keyboard avoidance while preserving the shared sticky footer
ok 930 - goal editing uses local keyboard avoidance while preserving the shared sticky footer
  ---
  duration_ms: 0.4495
  type: 'test'
  ...
# Subtest: goal loading keeps its back action separate from the busy content announcement
ok 931 - goal loading keeps its back action separate from the busy content announcement
  ---
  duration_ms: 0.202834
  type: 'test'
  ...
# Subtest: goal templates are sourced from every canonical track descriptor
ok 932 - goal templates are sourced from every canonical track descriptor
  ---
  duration_ms: 2.06275
  type: 'test'
  ...
# Subtest: default goal is valid and keeps optional date unset
ok 933 - default goal is valid and keeps optional date unset
  ---
  duration_ms: 0.580708
  type: 'test'
  ...
# Subtest: goal persistence guard rejects invalid cadence, date, track template, and extra fields
ok 934 - goal persistence guard rejects invalid cadence, date, track template, and extra fields
  ---
  duration_ms: 0.312041
  type: 'test'
  ...
# Subtest: goal normalizer derives ordered cadence from legacy targets and every day count
ok 935 - goal normalizer derives ordered cadence from legacy targets and every day count
  ---
  duration_ms: 0.331291
  type: 'test'
  ...
# Subtest: goal repository normalizes legacy records on read without repairing storage
ok 936 - goal repository normalizes legacy records on read without repairing storage
  ---
  duration_ms: 0.693375
  type: 'test'
  ...
# Subtest: empty legacy goals remain readable, but saving an empty selection is rejected without data loss
ok 937 - empty legacy goals remain readable, but saving an empty selection is rejected without data loss
  ---
  duration_ms: 0.4525
  type: 'test'
  ...
# Subtest: goal repository rejects a zero target with selected days without repairing the record
ok 938 - goal repository rejects a zero target with selected days without repairing the record
  ---
  duration_ms: 0.223041
  type: 'test'
  ...
# Subtest: saving a goal persists the normalized cadence while preserving other fields
ok 939 - saving a goal persists the normalized cadence while preserving other fields
  ---
  duration_ms: 0.20375
  type: 'test'
  ...
# Subtest: goal repository persists one canonical record per track
ok 940 - goal repository persists one canonical record per track
  ---
  duration_ms: 0.24775
  type: 'test'
  ...
# Subtest: target-date projection follows goal type and explicit own-pace saves remove only legacy dates
ok 941 - target-date projection follows goal type and explicit own-pace saves remove only legacy dates
  ---
  duration_ms: 0.311708
  type: 'test'
  ...
# Subtest: saved ISO dates initialize the native picker at local noon and preserve leap days
ok 942 - saved ISO dates initialize the native picker at local noon and preserve leap days
  ---
  duration_ms: 2.389667
  type: 'test'
  ...
# Subtest: empty dates initialize to device-local today at noon
ok 943 - empty dates initialize to device-local today at noon
  ---
  duration_ms: 0.159541
  type: 'test'
  ...
# Subtest: non-empty saved dates must satisfy the persisted ISO calendar-date contract
ok 944 - non-empty saved dates must satisfy the persisted ISO calendar-date contract
  ---
  duration_ms: 0.560125
  type: 'test'
  ...
# Subtest: local calendar dates round-trip across a daylight-saving transition
ok 945 - local calendar dates round-trip across a daylight-saving transition
  ---
  duration_ms: 0.652917
  type: 'test'
  ...
# Subtest: guest privacy request copy separates acceptance from unconfirmed email delivery
ok 946 - guest privacy request copy separates acceptance from unconfirmed email delivery
  ---
  duration_ms: 1.60125
  type: 'test'
  ...
# Subtest: guest privacy retry identity survives restart without persisting a session token
ok 947 - guest privacy retry identity survives restart without persisting a session token
  ---
  duration_ms: 1.59325
  type: 'test'
  ...
# Subtest: choosing the first track reloads Home data for that selected track
ok 948 - choosing the first track reloads Home data for that selected track
  ---
  duration_ms: 1.724417
  type: 'test'
  ...
# Subtest: a failed Home shell read keeps the learner in a retryable state on the canonical load path
ok 949 - a failed Home shell read keeps the learner in a retryable state on the canonical load path
  ---
  duration_ms: 0.164917
  type: 'test'
  ...
# Subtest: Home focus retries only eligible pending account data and clears route tab suppression on local navigation
ok 950 - Home focus retries only eligible pending account data and clears route tab suppression on local navigation
  ---
  duration_ms: 0.615458
  type: 'test'
  ...
# Subtest: Home keeps resume-required handling internal instead of showing sync implementation details
ok 951 - Home keeps resume-required handling internal instead of showing sync implementation details
  ---
  duration_ms: 0.13675
  type: 'test'
  ...
# Subtest: the first Home visit replaces repeated empty metrics with one honest next-step state
ok 952 - the first Home visit replaces repeated empty metrics with one honest next-step state
  ---
  duration_ms: 0.267375
  type: 'test'
  ...
# Subtest: goal invitation stays optional for guest and healthy account, reloads after Goal, and persists dismissal per track
ok 953 - goal invitation stays optional for guest and healthy account, reloads after Goal, and persists dismissal per track
  ---
  duration_ms: 0.278625
  type: 'test'
  ...
# Subtest: Home stacks quiet-layered context and decision metadata at large text sizes
ok 954 - Home stacks quiet-layered context and decision metadata at large text sizes
  ---
  duration_ms: 1.00275
  type: 'test'
  ...
# Subtest: editor route carries only editor identity and never silently loads a plan
ok 955 - editor route carries only editor identity and never silently loads a plan
  ---
  duration_ms: 0.658334
  type: 'test'
  ...
# Subtest: editor commits through the runtime wrapper and keeps reminder retry visible
ok 956 - editor commits through the runtime wrapper and keeps reminder retry visible
  ---
  duration_ms: 0.232834
  type: 'test'
  ...
# Subtest: learning plan fixture URL accepts only the explicit development smoke case enum
ok 957 - learning plan fixture URL accepts only the explicit development smoke case enum
  ---
  duration_ms: 1.556291
  type: 'test'
  ...
# Subtest: reopening the same fixture URL creates a fresh launch identity
ok 958 - reopening the same fixture URL creates a fresh launch identity
  ---
  duration_ms: 0.118333
  type: 'test'
  ...
# Subtest: named proposal fixture cases produce domain-generated screen states with the declared schedule shape
ok 959 - named proposal fixture cases produce domain-generated screen states with the declared schedule shape
  ---
  duration_ms: 3054.2035
  type: 'test'
  ...
# Subtest: fixture actions report one in-memory call and never report storage success
ok 960 - fixture actions report one in-memory call and never report storage success
  ---
  duration_ms: 6006.999625
  type: 'test'
  ...
# Subtest: delayed loading remains pending before it resolves to the ready view
ok 961 - delayed loading remains pending before it resolves to the ready view
  ---
  duration_ms: 3002.9115
  type: 'test'
  ...
# Subtest: disabled fixture peer is an explicit unavailable implementation
ok 962 - disabled fixture peer is an explicit unavailable implementation
  ---
  duration_ms: 1.151417
  type: 'test'
  ...
# Subtest: proposal route carries only identity and resolves the in-memory proposal
ok 963 - proposal route carries only identity and resolves the in-memory proposal
  ---
  duration_ms: 0.82825
  type: 'test'
  ...
# Subtest: proposal accepts through the plan/reminder runtime and preserves pending saves
ok 964 - proposal accepts through the plan/reminder runtime and preserves pending saves
  ---
  duration_ms: 0.183542
  type: 'test'
  ...
# Subtest: proposal keeps explicit states, edit actions and localized copy
ok 965 - proposal keeps explicit states, edit actions and localized copy
  ---
  duration_ms: 0.157
  type: 'test'
  ...
# Subtest: every proposal screen branch leaves the top safe area to its stack header
ok 966 - every proposal screen branch leaves the top safe area to its stack header
  ---
  duration_ms: 0.125875
  type: 'test'
  ...
# Subtest: ready and shortened proposals use the review title and a two-action footer
ok 967 - ready and shortened proposals use the review title and a two-action footer
  ---
  duration_ms: 0.195166
  type: 'test'
  ...
# Subtest: goal type is the card heading while target and selected days remain visible
ok 968 - goal type is the card heading while target and selected days remain visible
  ---
  duration_ms: 0.125542
  type: 'test'
  ...
# Subtest: review title is localized in all seven locales and removed goal-context copy is dead
ok 969 - review title is localized in all seven locales and removed goal-context copy is dead
  ---
  duration_ms: 0.160292
  type: 'test'
  ...
# Subtest: shortfall and saved-plan actions retain their existing semantics
ok 970 - shortfall and saved-plan actions retain their existing semantics
  ---
  duration_ms: 0.157958
  type: 'test'
  ...
# Subtest: goal save still opens a proposal only after its existing reminder reconciliation
ok 971 - goal save still opens a proposal only after its existing reminder reconciliation
  ---
  duration_ms: 0.244417
  type: 'test'
  ...
# Subtest: target guidance retry performs a real canonical snapshot reload
ok 972 - target guidance retry performs a real canonical snapshot reload
  ---
  duration_ms: 0.421541
  type: 'test'
  ...
# Subtest: authenticated required narrative validation returns inline error before either create command
ok 973 - authenticated required narrative validation returns inline error before either create command
  ---
  duration_ms: 1.470917
  type: 'test'
  ...
# Subtest: guest invalid email validation returns field error before either create command
ok 974 - guest invalid email validation returns field error before either create command
  ---
  duration_ms: 0.20575
  type: 'test'
  ...
# Subtest: valid submissions route exactly once and trim optional values
ok 975 - valid submissions route exactly once and trim optional values
  ---
  duration_ms: 0.250792
  type: 'test'
  ...
# Subtest: Progress model presents canonical guidance and clamps C3 completion ratio
ok 976 - Progress model presents canonical guidance and clamps C3 completion ratio
  ---
  duration_ms: 17.980875
  type: 'test'
  ...
# Subtest: Progress model never creates a self-link for completed guidance
ok 977 - Progress model never creates a self-link for completed guidance
  ---
  duration_ms: 1.062083
  type: 'test'
  ...
# Subtest: Progress model does not offer a new plan session while one is active
ok 978 - Progress model does not offer a new plan session while one is active
  ---
  duration_ms: 3.113292
  type: 'test'
  ...
# Subtest: Progress model keeps none guidance explicit for no goal, paused goal and no plan
ok 979 - Progress model keeps none guidance explicit for no goal, paused goal and no plan
  ---
  duration_ms: 0.876292
  type: 'test'
  ...
# Subtest: Progress model fails closed for a foreign active track or unavailable snapshot
ok 980 - Progress model fails closed for a foreign active track or unavailable snapshot
  ---
  duration_ms: 5.791042
  type: 'test'
  ...
# Subtest: track selection turns an active-track read rejection into an explicit retryable unavailable state
ok 981 - track selection turns an active-track read rejection into an explicit retryable unavailable state
  ---
  duration_ms: 0.7365
  type: 'test'
  ...
# Subtest: track selection retains the local choice and offers the same command again after a save rejection
ok 982 - track selection retains the local choice and offers the same command again after a save rejection
  ---
  duration_ms: 0.278916
  type: 'test'
  ...
# Subtest: track selection waits for clean reminder reconciliation before completing
ok 983 - track selection waits for clean reminder reconciliation before completing
  ---
  duration_ms: 0.209958
  type: 'test'
  ...
# Subtest: track selection stacks dense rows and actions instead of clipping large text
ok 984 - track selection stacks dense rows and actions instead of clipping large text
  ---
  duration_ms: 0.772209
  type: 'test'
  ...
# Subtest: Algorithms bootstrap accepts a reachable large-text control without requiring full card visibility
ok 985 - Algorithms bootstrap accepts a reachable large-text control without requiring full card visibility
  ---
  duration_ms: 0.121625
  type: 'test'
  ...
# Subtest: track cards use the canonical Figma icon mapping for every active track
ok 986 - track cards use the canonical Figma icon mapping for every active track
  ---
  duration_ms: 0.163417
  type: 'test'
  ...
# Subtest: track selection mirrors the Figma returning and switching footer states
ok 987 - track selection mirrors the Figma returning and switching footer states
  ---
  duration_ms: 0.431042
  type: 'test'
  ...
# Subtest: Activity groups durable terminal sessions and keeps the row projection truthful
ok 988 - Activity groups durable terminal sessions and keeps the row projection truthful
  ---
  duration_ms: 26.352042
  type: 'test'
  ...
# Subtest: Activity identifies an absolute-deadline completion without relabeling manual abandonment
ok 989 - Activity identifies an absolute-deadline completion without relabeling manual abandonment
  ---
  duration_ms: 0.323792
  type: 'test'
  ...
# Subtest: Activity interaction matrix opens only summaries supported by durable family evidence
ok 990 - Activity interaction matrix opens only summaries supported by durable family evidence
  ---
  duration_ms: 0.591917
  type: 'test'
  ...
# Subtest: Activity track filter returns only records for the selected canonical track
ok 991 - Activity track filter returns only records for the selected canonical track
  ---
  duration_ms: 0.112291
  type: 'test'
  ...
# Subtest: Activity uses local calendar days and Monday-based calendar weeks
ok 992 - Activity uses local calendar days and Monday-based calendar weeks
  ---
  duration_ms: 0.263792
  type: 'test'
  ...
# Subtest: Activity keeps local midnight and relative labels correct across a DST boundary
ok 993 - Activity keeps local midnight and relative labels correct across a DST boundary
  ---
  duration_ms: 0.158625
  type: 'test'
  ...
# Subtest: Activity date labels format relative words and month names from the selected locale
ok 994 - Activity date labels format relative words and month names from the selected locale
  ---
  duration_ms: 13.147417
  type: 'test'
  ...
# Subtest: Activity keeps unavailable archival summaries separate from runtime navigation facts
ok 995 - Activity keeps unavailable archival summaries separate from runtime navigation facts
  ---
  duration_ms: 1.408375
  type: 'test'
  ...
# Subtest: Activity never exposes an unknown archived track identity
ok 996 - Activity never exposes an unknown archived track identity
  ---
  duration_ms: 1.284459
  type: 'test'
  ...
# Subtest: Claude Progress metadata exactly covers the seven blueprint-linked node IDs
ok 997 - Claude Progress metadata exactly covers the seven blueprint-linked node IDs
  ---
  duration_ms: 2.292833
  type: 'test'
  ...
# Subtest: Google Cloud Progress metadata exactly covers the four scoring domains
ok 998 - Google Cloud Progress metadata exactly covers the four scoring domains
  ---
  duration_ms: 0.245667
  type: 'test'
  ...
# Subtest: unknown, aliased, and cross-track IDs remain explicitly unavailable
ok 999 - unknown, aliased, and cross-track IDs remain explicitly unavailable
  ---
  duration_ms: 0.109333
  type: 'test'
  ...
# Subtest: every authored title and description has exact EN and PL locale entries
ok 1000 - every authored title and description has exact EN and PL locale entries
  ---
  duration_ms: 1.117584
  type: 'test'
  ...
# Subtest: Progress renders authored meaning in Current focus and Performance evidence
ok 1001 - Progress renders authored meaning in Current focus and Performance evidence
  ---
  duration_ms: 0.383625
  type: 'test'
  ...
# Subtest: Claude Progress with zero attempts stays empty without inventing a score
ok 1002 - Claude Progress with zero attempts stays empty without inventing a score
  ---
  duration_ms: 666.8885
  type: 'test'
  ...
# Subtest: home progress uses canonical tracks
ok 1003 - home progress uses canonical tracks
  ---
  duration_ms: 616.914791
  type: 'test'
  ...
# Subtest: Coding Interview Home uses the canonical dashboard projection for guided practice
ok 1004 - Coding Interview Home uses the canonical dashboard projection for guided practice
  ---
  duration_ms: 421.332167
  type: 'test'
  ...
# Subtest: Coding Interview Home recommends due review from canonical counts
ok 1005 - Coding Interview Home recommends due review from canonical counts
  ---
  duration_ms: 0.140458
  type: 'test'
  ...
# Subtest: track evidence rows stay informational while local show-more behavior remains
ok 1006 - track evidence rows stay informational while local show-more behavior remains
  ---
  duration_ms: 0.808
  type: 'test'
  ...
# Subtest: empty progress keeps practice as the primary action and exposes global activity
ok 1007 - empty progress keeps practice as the primary action and exposes global activity
  ---
  duration_ms: 0.193959
  type: 'test'
  ...
# Subtest: the shared Home shell opens the track-aware Practice Hub from empty Progress
ok 1008 - the shared Home shell opens the track-aware Practice Hub from empty Progress
  ---
  duration_ms: 0.229042
  type: 'test'
  ...
# Subtest: Home passes canonical sessions and exact row navigation into Progress
ok 1009 - Home passes canonical sessions and exact row navigation into Progress
  ---
  duration_ms: 0.128834
  type: 'test'
  ...
# Subtest: Progress receives the single canonical Home plan snapshot and guidance action owner
ok 1010 - Progress receives the single canonical Home plan snapshot and guidance action owner
  ---
  duration_ms: 0.240041
  type: 'test'
  ...
# Subtest: Completed guidance does not render a Progress self-link
ok 1011 - Completed guidance does not render a Progress self-link
  ---
  duration_ms: 0.087208
  type: 'test'
  ...
# Subtest: Settings names guest and signed-out entry honestly and never offers guest sign-out
ok 1012 - Settings names guest and signed-out entry honestly and never offers guest sign-out
  ---
  duration_ms: 3.068292
  type: 'test'
  ...
# Subtest: Settings preserves authenticated identity and distinguishes synchronized from repair states
ok 1013 - Settings preserves authenticated identity and distinguishes synchronized from repair states
  ---
  duration_ms: 0.53825
  type: 'test'
  ...
# Subtest: Settings treats synced account data with durable warnings as needing attention
ok 1014 - Settings treats synced account data with durable warnings as needing attention
  ---
  duration_ms: 0.352125
  type: 'test'
  ...
# Subtest: Settings maps only the resume-required sign-out pair to canonical localized copy
ok 1015 - Settings maps only the resume-required sign-out pair to canonical localized copy
  ---
  duration_ms: 1.388166
  type: 'test'
  ...
# Subtest: Settings blocks invalid actions while account lifecycle work is busy and keeps recovery states available
ok 1016 - Settings blocks invalid actions while account lifecycle work is busy and keeps recovery states available
  ---
  duration_ms: 0.217625
  type: 'test'
  ...
# Subtest: Your data presents an explicit action/details/privacy matrix for every account state
ok 1017 - Your data presents an explicit action/details/privacy matrix for every account state
  ---
  duration_ms: 1.864625
  type: 'test'
  ...
# Subtest: Your data distinguishes the timeout recovery action from other unavailable reasons
ok 1018 - Your data distinguishes the timeout recovery action from other unavailable reasons
  ---
  duration_ms: 0.144709
  type: 'test'
  ...
# Subtest: Your data keeps details and privacy access exclusive to authenticated and exact guest states
ok 1019 - Your data keeps details and privacy access exclusive to authenticated and exact guest states
  ---
  duration_ms: 0.249541
  type: 'test'
  ...
# Subtest: Recovery-pending copy is translated in every supported data locale
ok 1020 - Recovery-pending copy is translated in every supported data locale
  ---
  duration_ms: 0.984417
  type: 'test'
  ...
# Subtest: Premium offer stacks copy and actions instead of squeezing copy beside the action
ok 1021 - Premium offer stacks copy and actions instead of squeezing copy beside the action
  ---
  duration_ms: 0.700958
  type: 'test'
  ...
# Subtest: certification exam premium admission maps each outcome explicitly
ok 1022 - certification exam premium admission maps each outcome explicitly
  ---
  duration_ms: 0.6385
  type: 'test'
  ...
# Subtest: Practice Hub keeps the exam offer visible and routes each admission outcome
ok 1023 - Practice Hub keeps the exam offer visible and routes each admission outcome
  ---
  duration_ms: 1.105125
  type: 'test'
  ...
# Subtest: answer cards show state through the card and letter without a redundant status row
ok 1024 - answer cards show state through the card and letter without a redundant status row
  ---
  duration_ms: 0.829458
  type: 'test'
  ...
# Subtest: practice and review keep correctness and selection in accessibility semantics
ok 1025 - practice and review keep correctness and selection in accessibility semantics
  ---
  duration_ms: 0.153333
  type: 'test'
  ...
# Subtest: practice completion handoff retains canonical question identity
ok 1026 - practice completion handoff retains canonical question identity
  ---
  duration_ms: 661.296584
  type: 'test'
  ...
# Subtest: structured Claude feedback renders explanatory text without leaking block metadata
ok 1027 - structured Claude feedback renders explanatory text without leaking block metadata
  ---
  duration_ms: 1.390125
  type: 'test'
  ...
# Subtest: feedback detail projection keeps scalar and nested explanatory values
ok 1028 - feedback detail projection keeps scalar and nested explanatory values
  ---
  duration_ms: 0.0935
  type: 'test'
  ...
# Subtest: practice selects a canonical pool
ok 1029 - practice selects a canonical pool
  ---
  duration_ms: 691.150666
  type: 'test'
  ...
# Subtest: GCP practice topic comes from its node mode after the diagnostic-first mode
ok 1030 - GCP practice topic comes from its node mode after the diagnostic-first mode
  ---
  duration_ms: 440.694834
  type: 'test'
  ...
# Subtest: Certification Exam Simulation is offered only for a validated prepared profile
ok 1031 - Certification Exam Simulation is offered only for a validated prepared profile
  ---
  duration_ms: 1.192917
  type: 'test'
  ...
# Subtest: Coding Mock is offered only for the validated Coding simulation profile without changing practice modes
ok 1032 - Coding Mock is offered only for the validated Coding simulation profile without changing practice modes
  ---
  duration_ms: 0.268208
  type: 'test'
  ...
# Subtest: Design Weak Area Review stays unavailable without review evidence
ok 1033 - Design Weak Area Review stays unavailable without review evidence
  ---
  duration_ms: 0.140583
  type: 'test'
  ...
# Subtest: practice session exit resets navigation above the closed session
ok 1034 - practice session exit resets navigation above the closed session
  ---
  duration_ms: 1.372667
  type: 'test'
  ...
# Subtest: practice session exit can return to the hub without a topic override
ok 1035 - practice session exit can return to the hub without a topic override
  ---
  duration_ms: 0.14075
  type: 'test'
  ...
# Subtest: the canonical Custom Practice hero opens setup without a duplicate mode row
ok 1036 - the canonical Custom Practice hero opens setup without a duplicate mode row
  ---
  duration_ms: 0.493125
  type: 'test'
  ...
# Subtest: Design mode entries open setup so learners can select the configured session length
ok 1037 - Design mode entries open setup so learners can select the configured session length
  ---
  duration_ms: 0.147458
  type: 'test'
  ...
# Subtest: Claude structured question presentation is selected only from canonical track identity
ok 1038 - Claude structured question presentation is selected only from canonical track identity
  ---
  duration_ms: 0.651292
  type: 'test'
  ...
# Subtest: structured presentation preserves authored prompt and constraint strings
ok 1039 - structured presentation preserves authored prompt and constraint strings
  ---
  duration_ms: 0.118042
  type: 'test'
  ...
# Subtest: structured constraints have localized semantics and stable identity
ok 1040 - structured constraints have localized semantics and stable identity
  ---
  duration_ms: 0.100833
  type: 'test'
  ...
# Subtest: primary session CTA routes activations through the phase-identity carry-over guard
ok 1041 - primary session CTA routes activations through the phase-identity carry-over guard
  ---
  duration_ms: 0.212459
  type: 'test'
  ...
# Subtest: fixture chrome reuses the Practice shell slots without adding a nested scroll owner
ok 1042 - fixture chrome reuses the Practice shell slots without adding a nested scroll owner
  ---
  duration_ms: 0.294375
  type: 'test'
  ...
# Subtest: practice screens turn unsupported package, topic, and mode reads into exits
ok 1043 - practice screens turn unsupported package, topic, and mode reads into exits
  ---
  duration_ms: 2.197
  type: 'test'
  ...
# Subtest: Design simulation uses its dedicated result and cannot enter objective setup
ok 1044 - Design simulation uses its dedicated result and cannot enter objective setup
  ---
  duration_ms: 0.79775
  type: 'test'
  ...
# Subtest: all selected Design modes require Premium admission before their canonical route
ok 1045 - all selected Design modes require Premium admission before their canonical route
  ---
  duration_ms: 1.11375
  type: 'test'
  ...
# Subtest: practice route changes cannot submit stale setup controls and preserve track identity
ok 1046 - practice route changes cannot submit stale setup controls and preserve track identity
  ---
  duration_ms: 1.067959
  type: 'test'
  ...
# Subtest: changing track returns through the Home root and drops practice route overrides
ok 1047 - changing track returns through the Home root and drops practice route overrides
  ---
  duration_ms: 0.375917
  type: 'test'
  ...
# Subtest: Hub uses its displayed primary mode and package length defaults
ok 1048 - Hub uses its displayed primary mode and package length defaults
  ---
  duration_ms: 0.319875
  type: 'test'
  ...
# Subtest: Home practice navigation preserves track identity and unavailable topics keep their context
ok 1049 - Home practice navigation preserves track identity and unavailable topics keep their context
  ---
  duration_ms: 4.854459
  type: 'test'
  ...
# Subtest: all practice runners prevent native removal and replay the exact action after leave confirmation
ok 1050 - all practice runners prevent native removal and replay the exact action after leave confirmation
  ---
  duration_ms: 1.795625
  type: 'test'
  ...
# Subtest: Certification and Design unlock actions only after the refreshed projection commits
ok 1051 - Certification and Design unlock actions only after the refreshed projection commits
  ---
  duration_ms: 0.8315
  type: 'test'
  ...
# Subtest: Custom Practice accepts its package-declared length and persists its selected feedback timing
ok 1052 - Custom Practice accepts its package-declared length and persists its selected feedback timing
  ---
  duration_ms: 424.964083
  type: 'test'
  ...
# Subtest: Coding Interview simulation resume targets its durable profile route
ok 1053 - Coding Interview simulation resume targets its durable profile route
  ---
  duration_ms: 1.186958
  type: 'test'
  ...
# Subtest: Custom Practice setup rejects every unsupported session length
ok 1054 - Custom Practice setup rejects every unsupported session length
  ---
  duration_ms: 0.240583
  type: 'test'
  ...
# Subtest: Custom Practice requires a selected timing while predefined Algorithms modes retain fixed timings
ok 1055 - Custom Practice requires a selected timing while predefined Algorithms modes retain fixed timings
  ---
  duration_ms: 0.146
  type: 'test'
  ...
# Subtest: rejects an Algorithms session length that the selected mode does not declare
ok 1056 - rejects an Algorithms session length that the selected mode does not declare
  ---
  duration_ms: 0.08025
  type: 'test'
  ...
# Subtest: Independent Practice direct entry fails because it is excluded from the bundled Free package
ok 1057 - Independent Practice direct entry fails because it is excluded from the bundled Free package
  ---
  duration_ms: 0.119167
  type: 'test'
  ...
# Subtest: Certification resume routes preserve exact immutable configuration for package modes
ok 1058 - Certification resume routes preserve exact immutable configuration for package modes
  ---
  duration_ms: 0.450084
  type: 'test'
  ...
# Subtest: Certification resume rejects stale, cross-track, exam, and non-active sessions explicitly
ok 1059 - Certification resume rejects stale, cross-track, exam, and non-active sessions explicitly
  ---
  duration_ms: 0.30775
  type: 'test'
  ...
# Subtest: only Claude Focus exposes selectable feedback while other Certification setup stays fixed
ok 1060 - only Claude Focus exposes selectable feedback while other Certification setup stays fixed
  ---
  duration_ms: 0.4165
  type: 'test'
  ...
# Subtest: Practice Setup uses the package default until the learner or route selects a supported length
ok 1061 - Practice Setup uses the package default until the learner or route selects a supported length
  ---
  duration_ms: 0.225708
  type: 'test'
  ...
# Subtest: every active track has the contract-defined Practice exit copy
ok 1062 - every active track has the contract-defined Practice exit copy
  ---
  duration_ms: 1.781417
  type: 'test'
  ...
# Subtest: Practice exit rejects missing and unknown track identities without a fallback
ok 1063 - Practice exit rejects missing and unknown track identities without a fallback
  ---
  duration_ms: 0.279208
  type: 'test'
  ...
# Subtest: Practice presentation never discloses feedback before the durable feedback boundary
ok 1064 - Practice presentation never discloses feedback before the durable feedback boundary
  ---
  duration_ms: 0.866833
  type: 'test'
  ...
# Subtest: Practice presentation permits response edits before a journal exists
ok 1065 - Practice presentation permits response edits before a journal exists
  ---
  duration_ms: 0.10775
  type: 'test'
  ...
# Subtest: Practice action model separates final feedback from the durable Finish command
ok 1066 - Practice action model separates final feedback from the durable Finish command
  ---
  duration_ms: 1.089792
  type: 'test'
  ...
# Subtest: Deferred feedback keeps the submit CTA and saving status aligned
ok 1067 - Deferred feedback keeps the submit CTA and saving status aligned
  ---
  duration_ms: 0.145709
  type: 'test'
  ...
# Subtest: Practice pending phases retain a stable unsafe-action lock
ok 1068 - Practice pending phases retain a stable unsafe-action lock
  ---
  duration_ms: 0.079
  type: 'test'
  ...
# Subtest: primary action carry-over guard blocks only fast phase changes and permits same-phase retries
ok 1069 - primary action carry-over guard blocks only fast phase changes and permits same-phase retries
  ---
  duration_ms: 0.151667
  type: 'test'
  ...
# Subtest: Practice operation notice mapping remains one family-neutral interpretation
ok 1070 - Practice operation notice mapping remains one family-neutral interpretation
  ---
  duration_ms: 0.225875
  type: 'test'
  ...
# Subtest: Durable recovery notices stay learner-facing in English and Polish
ok 1071 - Durable recovery notices stay learner-facing in English and Polish
  ---
  duration_ms: 2.227292
  type: 'test'
  ...
# Subtest: Premium session preparation failures map to localized next steps
ok 1072 - Premium session preparation failures map to localized next steps
  ---
  duration_ms: 1.043583
  type: 'test'
  ...
# Subtest: Practice local choice selection survives only the same editable occurrence
ok 1073 - Practice local choice selection survives only the same editable occurrence
  ---
  duration_ms: 0.451875
  type: 'test'
  ...
# Subtest: Scoped local response preserves all authored control types for the same editable occurrence
ok 1074 - Scoped local response preserves all authored control types for the same editable occurrence
  ---
  duration_ms: 0.127792
  type: 'test'
  ...
# Subtest: Scoped local response resets when the session or occurrence identity changes
ok 1075 - Scoped local response resets when the session or occurrence identity changes
  ---
  duration_ms: 0.06275
  type: 'test'
  ...
# Subtest: Scoped durable response is authoritative over an unsent local response
ok 1076 - Scoped durable response is authoritative over an unsent local response
  ---
  duration_ms: 0.057417
  type: 'test'
  ...
# Subtest: Practice durable choice response wins and response-less locked state clears
ok 1077 - Practice durable choice response wins and response-less locked state clears
  ---
  duration_ms: 0.059333
  type: 'test'
  ...
# Subtest: Practice response renderer consumes application feedback states without scoring in UI
ok 1078 - Practice response renderer consumes application feedback states without scoring in UI
  ---
  duration_ms: 0.169625
  type: 'test'
  ...
# Subtest: Single-select feedback projects selected-correct and every remaining disabled state
ok 1079 - Single-select feedback projects selected-correct and every remaining disabled state
  ---
  duration_ms: 0.06425
  type: 'test'
  ...
# Subtest: The visible ordering is a complete response before the learner moves an element
ok 1080 - The visible ordering is a complete response before the learner moves an element
  ---
  duration_ms: 1.383083
  type: 'test'
  ...
# Subtest: Practice feedback labels distinguish selection from correctness
ok 1081 - Practice feedback labels distinguish selection from correctness
  ---
  duration_ms: 0.104541
  type: 'test'
  ...
# Subtest: Practice checked semantics include only answers the learner selected
ok 1082 - Practice checked semantics include only answers the learner selected
  ---
  duration_ms: 11.879167
  type: 'test'
  ...
# Subtest: source links expose exact targets and unavailable has no press handler
ok 1083 - source links expose exact targets and unavailable has no press handler
  ---
  duration_ms: 0.715875
  type: 'test'
  ...
# Subtest: source open failure is explicit and never changes answer or report state
ok 1084 - source open failure is explicit and never changes answer or report state
  ---
  duration_ms: 0.17875
  type: 'test'
  ...
# Subtest: every canonical practice session preserves projected sources at the shared feedback boundary
ok 1085 - every canonical practice session preserves projected sources at the shared feedback boundary
  ---
  duration_ms: 0.084084
  type: 'test'
  ...
# Subtest: fresh response requires exactly one matching provider-backed item with strict UTC dates
ok 1086 - fresh response requires exactly one matching provider-backed item with strict UTC dates
  ---
  duration_ms: 4.648375
  type: 'test'
  ...
# Subtest: confirmed account change removes the previous account cache and fails closed if removal fails
ok 1087 - confirmed account change removes the previous account cache and fails closed if removal fails
  ---
  duration_ms: 1.455875
  type: 'test'
  ...
# Subtest: active and grace expire exactly at their provider dates; negative states deny
ok 1088 - active and grace expire exactly at their provider dates; negative states deny
  ---
  duration_ms: 1.013416
  type: 'test'
  ...
# Subtest: clock rollback and account switch deny, and a fresh response cannot reduce observed wall time
ok 1089 - clock rollback and account switch deny, and a fresh response cannot reduce observed wall time
  ---
  duration_ms: 0.334208
  type: 'test'
  ...
# Subtest: cache writes before offline authorization; failed writes, invalid refresh and account change fail closed
ok 1090 - cache writes before offline authorization; failed writes, invalid refresh and account change fail closed
  ---
  duration_ms: 3.165167
  type: 'test'
  ...
# Subtest: content reports are reachable from canonical practice details
ok 1091 - content reports are reachable from canonical practice details
  ---
  duration_ms: 0.926375
  type: 'test'
  ...
# Subtest: report affordance uses the canonical bounded button without changing its open-only action
ok 1092 - report affordance uses the canonical bounded button without changing its open-only action
  ---
  duration_ms: 0.88825
  type: 'test'
  ...
# Subtest: report input is intentionally content-free beyond bounded item context
ok 1093 - report input is intentionally content-free beyond bounded item context
  ---
  duration_ms: 0.219459
  type: 'test'
  ...
# Subtest: guest report disclosure is short by default and exposes accessible details
ok 1094 - guest report disclosure is short by default and exposes accessible details
  ---
  duration_ms: 0.16425
  type: 'test'
  ...
# Subtest: Review presents unavailable entries in a separate section with scoped removal confirmation
ok 1095 - Review presents unavailable entries in a separate section with scoped removal confirmation
  ---
  duration_ms: 0.685833
  type: 'test'
  ...
# Subtest: review screen keeps unavailable rows out of due and upcoming sections
ok 1096 - review screen keeps unavailable rows out of due and upcoming sections
  ---
  duration_ms: 1.711625
  type: 'test'
  ...
# Subtest: track presentation exposes only the concrete Google Cloud track
ok 1097 - track presentation exposes only the concrete Google Cloud track
  ---
  duration_ms: 0.618791
  type: 'test'
  ...
# Subtest: active track naming is complete in the Polish presentation dictionary
ok 1098 - active track naming is complete in the Polish presentation dictionary
  ---
  duration_ms: 1.675834
  type: 'test'
  ...
# Subtest: review presentation uses the concrete track title when taxonomy context is absent
ok 1099 - review presentation uses the concrete track title when taxonomy context is absent
  ---
  duration_ms: 1.384166
  type: 'test'
  ...
# Subtest: review translates known track and cloud taxonomy labels while preserving authored taxonomy
ok 1100 - review translates known track and cloud taxonomy labels while preserving authored taxonomy
  ---
  duration_ms: 0.400875
  type: 'test'
  ...
# Subtest: dynamic track titles cross the translation boundary and long header copy can shrink
ok 1101 - dynamic track titles cross the translation boundary and long header copy can shrink
  ---
  duration_ms: 1.73875
  type: 'test'
  ...
# Subtest: rapid typing coalesces to the latest value
ok 1102 - rapid typing coalesces to the latest value
  ---
  duration_ms: 185.018167
  type: 'test'
  ...
# Subtest: an edit arriving during a write is persisted after it
ok 1103 - an edit arriving during a write is persisted after it
  ---
  duration_ms: 0.732291
  type: 'test'
  ...
# Subtest: one drain preserves dirty values for multiple stages
ok 1104 - one drain preserves dirty values for multiple stages
  ---
  duration_ms: 180.759708
  type: 'test'
  ...
# Subtest: failure retains dirty data and a later flush retries it
ok 1105 - failure retains dirty data and a later flush retries it
  ---
  duration_ms: 181.066458
  type: 'test'
  ...
# Subtest: flush waits for the latest in-flight edit before resolving
ok 1106 - flush waits for the latest in-flight edit before resolving
  ---
  duration_ms: 0.642041
  type: 'test'
  ...
# Subtest: a local response draft is visible only for its own occurrence
ok 1107 - a local response draft is visible only for its own occurrence
  ---
  duration_ms: 1.369292
  type: 'test'
  ...
# Subtest: save transition clears before projection refresh and restores the keyed draft on failure
ok 1108 - save transition clears before projection refresh and restores the keyed draft on failure
  ---
  duration_ms: 1.932791
  type: 'test'
  ...
# Subtest: practice SessionShell uses natural action geometry while simulation keeps its fixed footer
ok 1109 - practice SessionShell uses natural action geometry while simulation keeps its fixed footer
  ---
  duration_ms: 1.815208
  type: 'test'
  ...
# Subtest: SessionShell keeps the Figma top bar in one row at large text
ok 1110 - SessionShell keeps the Figma top bar in one row at large text
  ---
  duration_ms: 1.487084
  type: 'test'
  ...
# Subtest: SessionShell keeps chrome readable without allowing it to crowd out authored content
ok 1111 - SessionShell keeps chrome readable without allowing it to crowd out authored content
  ---
  duration_ms: 0.084
  type: 'test'
  ...
# Subtest: session timers keep the Figma value-only visual label while retaining spoken context
ok 1112 - session timers keep the Figma value-only visual label while retaining spoken context
  ---
  duration_ms: 0.3395
  type: 'test'
  ...
# Subtest: Practice sessions reset their scroll viewport when the canonical item changes
ok 1113 - Practice sessions reset their scroll viewport when the canonical item changes
  ---
  duration_ms: 0.182666
  type: 'test'
  ...
# Subtest: Button chrome remains usable while supporting up to 200 percent text
ok 1114 - Button chrome remains usable while supporting up to 200 percent text
  ---
  duration_ms: 0.048917
  type: 'test'
  ...
# Subtest: final simulation action saves an answered response before finish and lets an unanswered final occurrence finish
ok 1115 - final simulation action saves an answered response before finish and lets an unanswered final occurrence finish
  ---
  duration_ms: 1.436542
  type: 'test'
  ...
# Subtest: simulation question navigator has the approved states, accessible labels, and large-text grid adaptation
ok 1116 - simulation question navigator has the approved states, accessible labels, and large-text grid adaptation
  ---
  duration_ms: 1.070417
  type: 'test'
  ...
# Subtest: simulation operation surface renders only declared state actions and never a generic retry
ok 1117 - simulation operation surface renders only declared state actions and never a generic retry
  ---
  duration_ms: 1.842834
  type: 'test'
  ...
# Subtest: navigator jumps retain the current question in an explicit locked presentation
ok 1118 - navigator jumps retain the current question in an explicit locked presentation
  ---
  duration_ms: 0.16575
  type: 'test'
  ...
# Subtest: button loading decoration stays outside the accessible busy control
ok 1119 - button loading decoration stays outside the accessible busy control
  ---
  duration_ms: 0.161083
  type: 'test'
  ...
# Subtest: simulation pause/end uses one Figma action sheet and keeps the destructive command reachable
ok 1120 - simulation pause/end uses one Figma action sheet and keeps the destructive command reachable
  ---
  duration_ms: 0.284875
  type: 'test'
  ...
# Subtest: simulation finish confirmation uses the Figma action-required copy and review dismissal
ok 1121 - simulation finish confirmation uses the Figma action-required copy and review dismissal
  ---
  duration_ms: 0.245959
  type: 'test'
  ...
# Subtest: simulation result presentation distinguishes pending, verified, scoreless, and rejected reads
ok 1122 - simulation result presentation distinguishes pending, verified, scoreless, and rejected reads
  ---
  duration_ms: 0.64975
  type: 'test'
  ...
# Subtest: keyed result reads discard a previous request after the session changes
ok 1123 - keyed result reads discard a previous request after the session changes
  ---
  duration_ms: 1.430917
  type: 'test'
  ...
# Subtest: focus loss and unmount invalidation prevent late read errors from publishing
ok 1124 - focus loss and unmount invalidation prevent late read errors from publishing
  ---
  duration_ms: 0.121375
  type: 'test'
  ...
# Subtest: retry starts a new generation and publishes only its successful result
ok 1125 - retry starts a new generation and publishes only its successful result
  ---
  duration_ms: 0.110375
  type: 'test'
  ...
# Subtest: blur or unmount invalidates the latest retry token
ok 1126 - blur or unmount invalidates the latest retry token
  ---
  duration_ms: 0.602666
  type: 'test'
  ...
# Subtest: the current rejected result read stays an explicit error
ok 1127 - the current rejected result read stays an explicit error
  ---
  duration_ms: 0.342625
  type: 'test'
  ...
# Subtest: non-final simulation CTA labels, disables, and invokes only save-and-continue
ok 1128 - non-final simulation CTA labels, disables, and invokes only save-and-continue
  ---
  duration_ms: 1.4355
  type: 'test'
  ...
# Subtest: an unanswered non-final simulation occurrence keeps the Figma Save and continue CTA disabled
ok 1129 - an unanswered non-final simulation occurrence keeps the Figma Save and continue CTA disabled
  ---
  duration_ms: 0.105625
  type: 'test'
  ...
# Subtest: simulation result and review are exposed only through the verified result reader
ok 1130 - simulation result and review are exposed only through the verified result reader
  ---
  duration_ms: 1.669166
  type: 'test'
  ...
# Subtest: active simulation surface fills the viewport and keeps navigator presentation outside the approved active screen
ok 1131 - active simulation surface fills the viewport and keeps navigator presentation outside the approved active screen
  ---
  duration_ms: 0.282042
  type: 'test'
  ...
# Subtest: simulation confirmation reuses the session chrome owner with its Figma frozen-state geometry
ok 1132 - simulation confirmation reuses the session chrome owner with its Figma frozen-state geometry
  ---
  duration_ms: 0.26625
  type: 'test'
  ...
# Subtest: simulation preparation owns neutral question and response geometry
ok 1133 - simulation preparation owns neutral question and response geometry
  ---
  duration_ms: 0.173292
  type: 'test'
  ...
# Subtest: simulation statuses localize their projection copy and expose pending operation semantics
ok 1134 - simulation statuses localize their projection copy and expose pending operation semantics
  ---
  duration_ms: 0.117625
  type: 'test'
  ...
# Subtest: Simulation navigator accepts complete unique projections for each supported session length
ok 1135 - Simulation navigator accepts complete unique projections for each supported session length
  ---
  duration_ms: 0.731834
  type: 'test'
  ...
# Subtest: Simulation completion metrics are withheld before the verified completed projection
ok 1136 - Simulation completion metrics are withheld before the verified completed projection
  ---
  duration_ms: 0.1085
  type: 'test'
  ...
# Subtest: all seven locales preserve namespace, key, leaf, array and token contracts
ok 1137 - all seven locales preserve namespace, key, leaf, array and token contracts
  ---
  duration_ms: 64.608917
  type: 'test'
  ...
# Subtest: plural suffix groups match the English source
ok 1138 - plural suffix groups match the English source
  ---
  duration_ms: 16.094666
  type: 'test'
  ...
# Subtest: identical English values stay within the reviewed exception list
ok 1139 - identical English values stay within the reviewed exception list
  ---
  duration_ms: 14.3375
  type: 'test'
  ...
# Subtest: i18next has no language or namespace fallback
ok 1140 - i18next has no language or namespace fallback
  ---
  duration_ms: 6.30425
  type: 'test'
  ...
# Subtest: translation AST collection stays on literal first arguments
ok 1141 - translation AST collection stays on literal first arguments
  ---
  duration_ms: 592.811583
  type: 'test'
  ...
# Subtest: scoped Practice, result, review, and session-shell literals exist in both locales
ok 1142 - scoped Practice, result, review, and session-shell literals exist in both locales
  ---
  duration_ms: 176.208333
  type: 'test'
  ...
# Subtest: practice presentation output strings are keys in both locales
ok 1143 - practice presentation output strings are keys in both locales
  ---
  duration_ms: 0.728083
  type: 'test'
  ...
# Subtest: admitted practice mode titles, details, and unavailable reasons are locale keys
ok 1144 - admitted practice mode titles, details, and unavailable reasons are locale keys
  ---
  duration_ms: 0.973292
  type: 'test'
  ...
# Subtest: local remote-client boundary is explicit and has no implicit endpoint
ok 1145 - local remote-client boundary is explicit and has no implicit endpoint
  ---
  duration_ms: 1.454667
  type: 'test'
  ...
# Subtest: public environment accepts the complete sandbox-only Firebase domain configuration
ok 1146 - public environment accepts the complete sandbox-only Firebase domain configuration
  ---
  duration_ms: 0.489459
  type: 'test'
  ...
# Subtest: public environment rejects extra keys, incomplete values, unsafe URLs, and production Firebase defaults
ok 1147 - public environment rejects extra keys, incomplete values, unsafe URLs, and production Firebase defaults
  ---
  duration_ms: 0.453041
  type: 'test'
  ...
# Subtest: runtime privacy keeps console and raw errors forbidden inside adapters and rejects sibling client paths
ok 1148 - runtime privacy keeps console and raw errors forbidden inside adapters and rejects sibling client paths
  ---
  duration_ms: 779.198375
  type: 'test'
  ...
# Subtest: explicit local fixture works only inside the development smoke boundary
ok 1149 - explicit local fixture works only inside the development smoke boundary
  ---
  duration_ms: 0.869667
  type: 'test'
  ...
# Subtest: client rejects an unconfigured environment and missing authentication
ok 1150 - client rejects an unconfigured environment and missing authentication
  ---
  duration_ms: 1.8665
  type: 'test'
  ...
# Subtest: account session exchange sends an empty authenticated request and parses its custom token
ok 1151 - account session exchange sends an empty authenticated request and parses its custom token
  ---
  duration_ms: 33.674208
  type: 'test'
  ...
# Subtest: account session exchange rejects a missing custom token
ok 1152 - account session exchange rejects a missing custom token
  ---
  duration_ms: 0.375417
  type: 'test'
  ...
# Subtest: account registration validates and preserves distinct Terms and Privacy evidence
ok 1153 - account registration validates and preserves distinct Terms and Privacy evidence
  ---
  duration_ms: 1.253041
  type: 'test'
  ...
# Subtest: session revocation accepts only the exact operation and a nonempty replacement token
ok 1154 - session revocation accepts only the exact operation and a nonempty replacement token
  ---
  duration_ms: 1.893417
  type: 'test'
  ...
# Subtest: recovery operation methods use the canonical paths, proof body, and authentication modes
ok 1155 - recovery operation methods use the canonical paths, proof body, and authentication modes
  ---
  duration_ms: 1.722292
  type: 'test'
  ...
# Subtest: recovery operation parsers reject malformed, mismatched, and extended server results
ok 1156 - recovery operation parsers reject malformed, mismatched, and extended server results
  ---
  duration_ms: 2.346542
  type: 'test'
  ...
# Subtest: recovery calls reject invalid operation IDs and proofs before token acquisition or network use
ok 1157 - recovery calls reject invalid operation IDs and proofs before token acquisition or network use
  ---
  duration_ms: 0.271542
  type: 'test'
  ...
# Subtest: recovery calls preserve typed server failures and Retry-After
ok 1158 - recovery calls preserve typed server failures and Retry-After
  ---
  duration_ms: 0.526542
  type: 'test'
  ...
# Subtest: content package transport uses the authenticated App Check API and returns binary response headers
ok 1159 - content package transport uses the authenticated App Check API and returns binary response headers
  ---
  duration_ms: 10.244917
  type: 'test'
  ...
# Subtest: content package transport caps streamed response bodies at two MiB
ok 1160 - content package transport caps streamed response bodies at two MiB
  ---
  duration_ms: 0.557667
  type: 'test'
  ...
# Subtest: content package transport preserves typed backend admission codes
ok 1161 - content package transport preserves typed backend admission codes
  ---
  duration_ms: 0.760958
  type: 'test'
  ...
# Subtest: mobile requests fail before transport when App Check is unavailable
ok 1162 - mobile requests fail before transport when App Check is unavailable
  ---
  duration_ms: 0.16475
  type: 'test'
  ...
# Subtest: canonical progress transport has no protocol query or version labels
ok 1163 - canonical progress transport has no protocol query or version labels
  ---
  duration_ms: 1.121083
  type: 'test'
  ...
# Subtest: client rejects removed protocol fields before sending a sync request
ok 1164 - client rejects removed protocol fields before sending a sync request
  ---
  duration_ms: 0.125625
  type: 'test'
  ...
# Subtest: client accepts canonical identity lengths supported by content
ok 1165 - client accepts canonical identity lengths supported by content
  ---
  duration_ms: 0.550333
  type: 'test'
  ...
# Subtest: client turns removed identity metadata in a response into a schema conflict
ok 1166 - client turns removed identity metadata in a response into a schema conflict
  ---
  duration_ms: 2.624625
  type: 'test'
  ...
# Subtest: Apple nonce boundary hashes the Expo request and preserves the Firebase raw nonce
ok 1167 - Apple nonce boundary hashes the Expo request and preserves the Firebase raw nonce
  ---
  duration_ms: 1.234041
  type: 'test'
  ...
# Subtest: authorization generation claim identifies exchanged sessions and rejects malformed values
ok 1168 - authorization generation claim identifies exchanged sessions and rejects malformed values
  ---
  duration_ms: 0.320333
  type: 'test'
  ...
# Subtest: authorization generation reads force-refresh claims for the same current Firebase identity
ok 1169 - authorization generation reads force-refresh claims for the same current Firebase identity
  ---
  duration_ms: 0.954541
  type: 'test'
  ...
# Subtest: authorization generation refresh rejects a result after the Firebase identity changes
ok 1170 - authorization generation refresh rejects a result after the Firebase identity changes
  ---
  duration_ms: 0.164625
  type: 'test'
  ...
# Subtest: local Firebase sign-out retries and verifies persisted-user removal after SDK persistence rejection
ok 1171 - local Firebase sign-out retries and verifies persisted-user removal after SDK persistence rejection
  ---
  duration_ms: 0.415375
  type: 'test'
  ...
# Subtest: local Firebase sign-out stays failed if Auth still has a user or persistence cannot be verified
ok 1172 - local Firebase sign-out stays failed if Auth still has a user or persistence cannot be verified
  ---
  duration_ms: 0.274125
  type: 'test'
  ...
# Subtest: Firebase configuration exposes the deny-all rules and the one semantic account-record index
ok 1173 - Firebase configuration exposes the deny-all rules and the one semantic account-record index
  ---
  duration_ms: 2.826625
  type: 'test'
  ...
# Subtest: keeps pre-market Firebase Hosting unpublished and loopback-only
ok 1174 - keeps pre-market Firebase Hosting unpublished and loopback-only
  ---
  duration_ms: 95.453125
  type: 'test'
  ...
# Subtest: provider fixture URL accepts only the strict local emulator command and opaque identity
ok 1175 - provider fixture URL accepts only the strict local emulator command and opaque identity
  ---
  duration_ms: 1.714875
  type: 'test'
  ...
# Subtest: provider fixture URL rejects extra, duplicate, reordered, malformed, and credential-bearing parameters
ok 1176 - provider fixture URL rejects extra, duplicate, reordered, malformed, and credential-bearing parameters
  ---
  duration_ms: 0.428042
  type: 'test'
  ...
# Subtest: provider fixture guard requires explicit development smoke and loopback emulator/API project
ok 1177 - provider fixture guard requires explicit development smoke and loopback emulator/API project
  ---
  duration_ms: 0.165084
  type: 'test'
  ...
# Subtest: Google mock OIDC token uses a stable synthetic subject and no real account fields
ok 1178 - Google mock OIDC token uses a stable synthetic subject and no real account fields
  ---
  duration_ms: 3.304542
  type: 'test'
  ...
# Subtest: Apple fixture feeds a fresh raw nonce through the production OAuthCredential builder
ok 1179 - Apple fixture feeds a fresh raw nonce through the production OAuthCredential builder
  ---
  duration_ms: 1.925209
  type: 'test'
  ...
# Subtest: Firebase Auth Emulator is unavailable outside explicit development E2E
ok 1180 - Firebase Auth Emulator is unavailable outside explicit development E2E
  ---
  duration_ms: 1.151916
  type: 'test'
  ...
# Subtest: Firebase Auth Emulator requires the canonical local development origin
ok 1181 - Firebase Auth Emulator requires the canonical local development origin
  ---
  duration_ms: 0.525916
  type: 'test'
  ...
# Subtest: local builds keep public legal links explicitly unavailable without configuration
ok 1182 - local builds keep public legal links explicitly unavailable without configuration
  ---
  duration_ms: 1.150125
  type: 'test'
  ...
# Subtest: missing public URL fails closed instead of inferring a destination
ok 1183 - missing public URL fails closed instead of inferring a destination
  ---
  duration_ms: 2.577208
  type: 'test'
  ...
# Subtest: configured public legal links preserve the validated contract destinations
ok 1184 - configured public legal links preserve the validated contract destinations
  ---
  duration_ms: 0.847833
  type: 'test'
  ...
# Subtest: canonical serialization sorts object keys without changing array order
ok 1185 - canonical serialization sorts object keys without changing array order
  ---
  duration_ms: 1.382917
  type: 'test'
  ...
# Subtest: fingerprint payload carries the canonical serializer version
ok 1186 - fingerprint payload carries the canonical serializer version
  ---
  duration_ms: 0.25425
  type: 'test'
  ...
# Subtest: canonical-json-v1 is NFC-normalized, rejects duplicate keys, and counts UTF-8 bytes
ok 1187 - canonical-json-v1 is NFC-normalized, rejects duplicate keys, and counts UTF-8 bytes
  ---
  duration_ms: 0.75625
  type: 'test'
  ...
# Subtest: SHA-256 identities are stable, opaque, and response-sensitive
ok 1188 - SHA-256 identities are stable, opaque, and response-sensitive
  ---
  duration_ms: 0.44475
  type: 'test'
  ...
# Subtest: native byte hashing passes an owned TypedArray to expo-crypto
ok 1189 - native byte hashing passes an owned TypedArray to expo-crypto
  ---
  duration_ms: 0.652209
  type: 'test'
  ...
# Subtest: platform-neutral SHA-256 matches standard UTF-8 vectors
ok 1190 - platform-neutral SHA-256 matches standard UTF-8 vectors
  ---
  duration_ms: 0.917083
  type: 'test'
  ...
# Subtest: session identity is anchored to canonical track, version, and artifact SHA
ok 1191 - session identity is anchored to canonical track, version, and artifact SHA
  ---
  duration_ms: 827.287417
  type: 'test'
  ...
# Subtest: goal days map to Expo weekly weekdays where Sunday is one
ok 1192 - goal days map to Expo weekly weekdays where Sunday is one
  ---
  duration_ms: 1.081709
  type: 'test'
  ...
# Subtest: config requires non-empty key and authenticated account
ok 1193 - config requires non-empty key and authenticated account
  ---
  duration_ms: 0.651833
  type: 'test'
  ...
# Subtest: adapter is iOS-only and validates monthly product terms
ok 1194 - adapter is iOS-only and validates monthly product terms
  ---
  duration_ms: 0.361208
  type: 'test'
  ...
# Subtest: purchase cancellation and failures are explicit
ok 1195 - purchase cancellation and failures are explicit
  ---
  duration_ms: 0.199708
  type: 'test'
  ...
# Subtest: configuration is single-flight across concurrent actions
ok 1196 - configuration is single-flight across concurrent actions
  ---
  duration_ms: 0.202833
  type: 'test'
  ...
# Subtest: copy stores only a digest and schedules cleanup for five minutes
ok 1197 - copy stores only a digest and schedules cleanup for five minutes
  ---
  duration_ms: 1.177291
  type: 'test'
  ...
# Subtest: expired unchanged recovery codes are cleared
ok 1198 - expired unchanged recovery codes are cleared
  ---
  duration_ms: 0.261708
  type: 'test'
  ...
# Subtest: scheduled timer callback performs the due cleanup
ok 1199 - scheduled timer callback performs the due cleanup
  ---
  duration_ms: 2.41925
  type: 'test'
  ...
# Subtest: later clipboard content is never removed
ok 1200 - later clipboard content is never removed
  ---
  duration_ms: 0.322166
  type: 'test'
  ...
# Subtest: restart reconciliation schedules a pending cleanup without reading the clipboard early
ok 1201 - restart reconciliation schedules a pending cleanup without reading the clipboard early
  ---
  duration_ms: 0.1835
  type: 'test'
  ...
# Subtest: copy failure rolls back unchanged clipboard content instead of leaving an unmanaged secret
ok 1202 - copy failure rolls back unchanged clipboard content instead of leaving an unmanaged secret
  ---
  duration_ms: 0.327333
  type: 'test'
  ...
# Subtest: durable marker is written before recovery codes reach the clipboard
ok 1203 - durable marker is written before recovery codes reach the clipboard
  ---
  duration_ms: 1.02675
  type: 'test'
  ...
# Subtest: failed system cleanup keeps the marker and schedules a retry
ok 1204 - failed system cleanup keeps the marker and schedules a retry
  ---
  duration_ms: 5.523125
  type: 'test'
  ...
# Subtest: an uncertain rejected clipboard write preserves recovery when the written value cannot be cleared
ok 1205 - an uncertain rejected clipboard write preserves recovery when the written value cannot be cleared
  ---
  duration_ms: 0.508459
  type: 'test'
  ...
# Subtest: vault round-trips only the versioned recovery record and clears it
ok 1206 - vault round-trips only the versioned recovery record and clears it
  ---
  duration_ms: 2.095
  type: 'test'
  ...
# Subtest: vault rejects malformed records without leaking parser errors or deleting evidence
ok 1207 - vault rejects malformed records without leaking parser errors or deleting evidence
  ---
  duration_ms: 0.486292
  type: 'test'
  ...
# Subtest: vault rejects duplicate or malformed recovery codes before storage
ok 1208 - vault rejects duplicate or malformed recovery codes before storage
  ---
  duration_ms: 0.321625
  type: 'test'
  ...
# Subtest: vault round-trips exactly one same-account replacement backup without recursive lineage
ok 1209 - vault round-trips exactly one same-account replacement backup without recursive lineage
  ---
  duration_ms: 0.282625
  type: 'test'
  ...
# Subtest: vault rejects replacement backups with mismatched identity, operation ID, or recursive/extended shape
ok 1210 - vault rejects replacement backups with mismatched identity, operation ID, or recursive/extended shape
  ---
  duration_ms: 0.758625
  type: 'test'
  ...
# Subtest: vault reports write and clear failures explicitly
ok 1211 - vault reports write and clear failures explicitly
  ---
  duration_ms: 0.188416
  type: 'test'
  ...
# Subtest: a fresh install creates only an encrypted canonical slot
ok 1212 - a fresh install creates only an encrypted canonical slot
  ---
  duration_ms: 6.094791
  type: 'test'
  ...
# Subtest: legacy data is copied, verified and encrypted before ready, then purged after a cold reopen
ok 1213 - legacy data is copied, verified and encrypted before ready, then purged after a cold reopen
  ---
  duration_ms: 3.289291
  type: 'test'
  ...
# Subtest: every interrupted manifest transition resumes without losing the legacy source
ok 1214 - every interrupted manifest transition resumes without losing the legacy source
  ---
  duration_ms: 36.312833
  type: 'test'
  ...
# Subtest: requested key rotation switches slots without losing data and removes the old key after a cold reopen
ok 1215 - requested key rotation switches slots without losing data and removes the old key after a cold reopen
  ---
  duration_ms: 4.045542
  type: 'test'
  ...
# Subtest: missing keys and corrupt manifests fail closed
ok 1216 - missing keys and corrupt manifests fail closed
  ---
  duration_ms: 0.624792
  type: 'test'
  ...
# Subtest: closed storage failure codes survive a native module realm boundary without message parsing
ok 1217 - closed storage failure codes survive a native module realm boundary without message parsing
  ---
  duration_ms: 0.115291
  type: 'test'
  ...
# Subtest: a completed store still requires its immutable transfer marker
ok 1218 - a completed store still requires its immutable transfer marker
  ---
  duration_ms: 0.530541
  type: 'test'
  ...
# Subtest: explicit unavailable-data reset removes slots, manifests and keys
ok 1219 - explicit unavailable-data reset removes slots, manifests and keys
  ---
  duration_ms: 0.503833
  type: 'test'
  ...
# Subtest: failed unavailable-data reset reports the error and a repeated reset completes partial removal
ok 1220 - failed unavailable-data reset reports the error and a repeated reset completes partial removal
  ---
  duration_ms: 0.989625
  type: 'test'
  ...
# Subtest: stores one strict, versioned record with only operation identity metadata
ok 1221 - stores one strict, versioned record with only operation identity metadata
  ---
  duration_ms: 2.145542
  type: 'test'
  ...
# Subtest: duplicate UID and operation ID remains one pending entry and verified state
ok 1222 - duplicate UID and operation ID remains one pending entry and verified state
  ---
  duration_ms: 0.270041
  type: 'test'
  ...
# Subtest: operation IDs must be UUIDv4 both on writes and when loading persisted records
ok 1223 - operation IDs must be UUIDv4 both on writes and when loading persisted records
  ---
  duration_ms: 0.354667
  type: 'test'
  ...
# Subtest: a version-one pending record is rejected instead of migrated
ok 1224 - a version-one pending record is rejected instead of migrated
  ---
  duration_ms: 0.175417
  type: 'test'
  ...
# Subtest: a stale UID or operation cannot clear a newer block
ok 1225 - a stale UID or operation cannot clear a newer block
  ---
  duration_ms: 10.855792
  type: 'test'
  ...
# Subtest: verified UID or null Auth can clear the matching block while retaining pending work
ok 1226 - verified UID or null Auth can clear the matching block while retaining pending work
  ---
  duration_ms: 0.525375
  type: 'test'
  ...
# Subtest: a queued null-Auth clear rechecks its guard inside the serialized mutation
ok 1227 - a queued null-Auth clear rechecks its guard inside the serialized mutation
  ---
  duration_ms: 0.2355
  type: 'test'
  ...
# Subtest: another UID cannot alter a different UID's pending operation
ok 1228 - another UID cannot alter a different UID's pending operation
  ---
  duration_ms: 0.177708
  type: 'test'
  ...
# Subtest: verified remote completion removes only the exact UID and operation pair
ok 1229 - verified remote completion removes only the exact UID and operation pair
  ---
  duration_ms: 1.97525
  type: 'test'
  ...
# Subtest: completion rechecks its guard after the async read and keeps the pending marker when stale
ok 1230 - completion rechecks its guard after the async read and keeps the pending marker when stale
  ---
  duration_ms: 1.271208
  type: 'test'
  ...
# Subtest: completion records a durable tombstone when read-back cannot verify pending removal
ok 1231 - completion records a durable tombstone when read-back cannot verify pending removal
  ---
  duration_ms: 0.570916
  type: 'test'
  ...
# Subtest: an unavailable confirmation read still leaves pending or an exact completed tombstone
ok 1232 - an unavailable confirmation read still leaves pending or an exact completed tombstone
  ---
  duration_ms: 0.540375
  type: 'test'
  ...
# Subtest: corrupt or unknown-version records fail closed without being overwritten
ok 1233 - corrupt or unknown-version records fail closed without being overwritten
  ---
  duration_ms: 1.26075
  type: 'test'
  ...
# Subtest: read and write errors fail closed; an interrupted persisted write is safe to retry
ok 1234 - read and write errors fail closed; an interrupted persisted write is safe to retry
  ---
  duration_ms: 0.626709
  type: 'test'
  ...
# Subtest: a write is not accepted until read-back matches exactly
ok 1235 - a write is not accepted until read-back matches exactly
  ---
  duration_ms: 0.215792
  type: 'test'
  ...
# Subtest: snapshots are deeply immutable and independent of later mutations
ok 1236 - snapshots are deeply immutable and independent of later mutations
  ---
  duration_ms: 0.377416
  type: 'test'
  ...
# Subtest: transactions serialize across control instances in the JavaScript runtime
ok 1237 - transactions serialize across control instances in the JavaScript runtime
  ---
  duration_ms: 0.367625
  type: 'test'
  ...
# Subtest: prepare opens the router without publishing or reading a scoped key
ok 1238 - prepare opens the router without publishing or reading a scoped key
  ---
  duration_ms: 14.050625
  type: 'test'
  ...
# Subtest: prepared inspection exposes registry metadata and freshness without opening profile storage
ok 1239 - prepared inspection exposes registry metadata and freshness without opening profile storage
  ---
  duration_ms: 2.935625
  type: 'test'
  ...
# Subtest: prepared guest validation reads only access markers without publishing storage
ok 1240 - prepared guest validation reads only access markers without publishing storage
  ---
  duration_ms: 2.410458
  type: 'test'
  ...
# Subtest: prepared authenticated recovery promotes only a matching bound guest
ok 1241 - prepared authenticated recovery promotes only a matching bound guest
  ---
  duration_ms: 4.813333
  type: 'test'
  ...
# Subtest: closing an active profile revokes returned clients and preserves prepared metadata
ok 1242 - closing an active profile revokes returned clients and preserves prepared metadata
  ---
  duration_ms: 0.478875
  type: 'test'
  ...
# Subtest: deferred activation does not wake preferences until the caller approves the profile scope
ok 1243 - deferred activation does not wake preferences until the caller approves the profile scope
  ---
  duration_ms: 0.432125
  type: 'test'
  ...
# Subtest: prepared account selection commits and reloads while keeping scoped storage closed
ok 1244 - prepared account selection commits and reloads while keeping scoped storage closed
  ---
  duration_ms: 1.01325
  type: 'test'
  ...
# Subtest: changed prepared account selection can activate the refreshed profile without app reload
ok 1245 - changed prepared account selection can activate the refreshed profile without app reload
  ---
  duration_ms: 3.59125
  type: 'test'
  ...
# Subtest: prepared account selection refuses Auth that becomes stale before the registry commit
ok 1246 - prepared account selection refuses Auth that becomes stale before the registry commit
  ---
  duration_ms: 1.440708
  type: 'test'
  ...
# Subtest: prepared guest selection refreshes metadata and activates after commit without app reload
ok 1247 - prepared guest selection refreshes metadata and activates after commit without app reload
  ---
  duration_ms: 43.458834
  type: 'test'
  ...
# Subtest: implicit prepared guest selection fails closed when multiple preserved guests exist
ok 1248 - implicit prepared guest selection fails closed when multiple preserved guests exist
  ---
  duration_ms: 1.34225
  type: 'test'
  ...
# Subtest: prepare for an existing legacy owner reads only migration metadata
ok 1249 - prepare for an existing legacy owner reads only migration metadata
  ---
  duration_ms: 0.524541
  type: 'test'
  ...
# Subtest: prepare for an existing legacy guest reads only migration metadata
ok 1250 - prepare for an existing legacy guest reads only migration metadata
  ---
  duration_ms: 0.263125
  type: 'test'
  ...
# Subtest: activation is required and publishes only matching prepared profile metadata
ok 1251 - activation is required and publishes only matching prepared profile metadata
  ---
  duration_ms: 0.303459
  type: 'test'
  ...
# Subtest: mismatched activation fails closed
ok 1252 - mismatched activation fails closed
  ---
  duration_ms: 0.283583
  type: 'test'
  ...
# Subtest: prepare failure clears any previously published scoped client
ok 1253 - prepare failure clears any previously published scoped client
  ---
  duration_ms: 0.351209
  type: 'test'
  ...
# Subtest: prepare revokes previously returned scoped storage references
ok 1254 - prepare revokes previously returned scoped storage references
  ---
  duration_ms: 0.535917
  type: 'test'
  ...
# Subtest: legacy owner remains byte-for-byte visible only through its own logical scope
ok 1255 - legacy owner remains byte-for-byte visible only through its own logical scope
  ---
  duration_ms: 6.019208
  type: 'test'
  ...
# Subtest: an unchosen empty welcome profile stays fresh across restarts until guest markers are written
ok 1256 - an unchosen empty welcome profile stays fresh across restarts until guest markers are written
  ---
  duration_ms: 0.919042
  type: 'test'
  ...
# Subtest: an existing storage key prevents missing registry metadata from being classified as fresh
ok 1257 - an existing storage key prevents missing registry metadata from being classified as fresh
  ---
  duration_ms: 0.335542
  type: 'test'
  ...
# Subtest: explicit selection of the initial guest provisions its unbound access markers
ok 1258 - explicit selection of the initial guest provisions its unbound access markers
  ---
  duration_ms: 0.546416
  type: 'test'
  ...
# Subtest: a selected modern guest keeps its earlier independent dataset identity and scoped data
ok 1259 - a selected modern guest keeps its earlier independent dataset identity and scoped data
  ---
  duration_ms: 8.006042
  type: 'test'
  ...
# Subtest: a completed modern guest adoption promotes only its matching account and permits a new guest
ok 1260 - a completed modern guest adoption promotes only its matching account and permits a new guest
  ---
  duration_ms: 4.827792
  type: 'test'
  ...
# Subtest: valid adoption-pending legacy guest marker remains readable during profile registry migration
ok 1261 - valid adoption-pending legacy guest marker remains readable during profile registry migration
  ---
  duration_ms: 0.793667
  type: 'test'
  ...
# Subtest: legacy guest migration keeps the verified marker dataset ID despite a different generated identity
ok 1262 - legacy guest migration keeps the verified marker dataset ID despite a different generated identity
  ---
  duration_ms: 1.086084
  type: 'test'
  ...
# Subtest: a persisted mismatched legacy guest ID still validates its raw unbound guest markers
ok 1263 - a persisted mismatched legacy guest ID still validates its raw unbound guest markers
  ---
  duration_ms: 1.923625
  type: 'test'
  ...
# Subtest: a selected guest receives an isolated, durable namespace without changing legacy bytes
ok 1264 - a selected guest receives an isolated, durable namespace without changing legacy bytes
  ---
  duration_ms: 18.077333
  type: 'test'
  ...
# Subtest: a later exact owner login selects the unchanged legacy scope before local reads
ok 1265 - a later exact owner login selects the unchanged legacy scope before local reads
  ---
  duration_ms: 2.050166
  type: 'test'
  ...
# Subtest: switching away from a modern account never reads its scoped payload
ok 1266 - switching away from a modern account never reads its scoped payload
  ---
  duration_ms: 1.508958
  type: 'test'
  ...
# Subtest: malformed profile registry blocks instead of choosing a storage namespace
ok 1267 - malformed profile registry blocks instead of choosing a storage namespace
  ---
  duration_ms: 0.141417
  type: 'test'
  ...
# Subtest: concurrent guest selections claim one transition and cannot commit competing profiles
ok 1268 - concurrent guest selections claim one transition and cannot commit competing profiles
  ---
  duration_ms: 1.011583
  type: 'test'
  ...
# Subtest: selectGuest reuses the selected guest with the same profile ID and stored data
ok 1269 - selectGuest reuses the selected guest with the same profile ID and stored data
  ---
  duration_ms: 1.336416
  type: 'test'
  ...
# Subtest: selectGuest fails closed when the selected guest marker cannot be verified
ok 1270 - selectGuest fails closed when the selected guest marker cannot be verified
  ---
  duration_ms: 10.337459
  type: 'test'
  ...
# Subtest: selectGuest returns a typed ambiguity error without writing when multiple guests are preserved
ok 1271 - selectGuest returns a typed ambiguity error without writing when multiple guests are preserved
  ---
  duration_ms: 2.782291
  type: 'test'
  ...
# Subtest: one canonical guest and two account scopes survive restart without cross-scope access
ok 1272 - one canonical guest and two account scopes survive restart without cross-scope access
  ---
  duration_ms: 9.497
  type: 'test'
  ...
# Subtest: existing guest reselection rejects non-guest IDs without changing the registry
ok 1273 - existing guest reselection rejects non-guest IDs without changing the registry
  ---
  duration_ms: 0.884209
  type: 'test'
  ...
# Subtest: failed existing guest registry commit leaves the current scope closed
ok 1274 - failed existing guest registry commit leaves the current scope closed
  ---
  duration_ms: 9.197042
  type: 'test'
  ...
# Subtest: visible legal documents index all seven locales directly
ok 1275 - visible legal documents index all seven locales directly
  ---
  duration_ms: 1.490542
  type: 'test'
  ...
# Subtest: unapproved locale documents fail closed in release and never fall back to English
ok 1276 - unapproved locale documents fail closed in release and never fall back to English
  ---
  duration_ms: 0.216084
  type: 'test'
  ...
# Subtest: visible legal screens request the selected locale directly
ok 1277 - visible legal screens request the selected locale directly
  ---
  duration_ms: 0.606916
  type: 'test'
  ...
# Subtest: accepts the current legal variable shape in test mode and preserves checkout flag boolean
ok 1278 - accepts the current legal variable shape in test mode and preserves checkout flag boolean
  ---
  duration_ms: 2.681667
  type: 'test'
  ...
# Subtest: seven-locale legal drafts require all locales and explicit unapproved test-only markers
ok 1279 - seven-locale legal drafts require all locales and explicit unapproved test-only markers
  ---
  duration_ms: 1.607791
  type: 'test'
  ...
# Subtest: legal variables select the local fixture for local mode and the checked-in JSON for release mode
ok 1280 - legal variables select the local fixture for local mode and the checked-in JSON for release mode
  ---
  duration_ms: 896.171625
  type: 'test'
  ...
# Subtest: legal variable CLI resolver uses distinct sources and never falls back for missing or invalid release JSON
ok 1281 - legal variable CLI resolver uses distinct sources and never falls back for missing or invalid release JSON
  ---
  duration_ms: 3.532334
  type: 'test'
  ...
# Subtest: reports missing keys, locales and unexpected keys by field path
ok 1282 - reports missing keys, locales and unexpected keys by field path
  ---
  duration_ms: 1.349875
  type: 'test'
  ...
# Subtest: rejects empty, whitespace-only and padded localized values
ok 1283 - rejects empty, whitespace-only and padded localized values
  ---
  duration_ms: 1.539208
  type: 'test'
  ...
# Subtest: release mode rejects recognized placeholders and test mode allows them
ok 1284 - release mode rejects recognized placeholders and test mode allows them
  ---
  duration_ms: 1.606458
  type: 'test'
  ...
# Subtest: public privacy and terms links require canonical HTTPS paths without query or fragment
ok 1285 - public privacy and terms links require canonical HTTPS paths without query or fragment
  ---
  duration_ms: 1.757125
  type: 'test'
  ...
# Subtest: accepts complete production-like legal values in release mode
ok 1286 - accepts complete production-like legal values in release mode
  ---
  duration_ms: 0.587459
  type: 'test'
  ...
# Subtest: CLI passes test mode and release mode rejects placeholders with field paths
ok 1287 - CLI passes test mode and release mode rejects placeholders with field paths
  ---
  duration_ms: 661.428
  type: 'test'
  ...
# Subtest: provider registration binds the complete canonical English and Polish documents to their loaded versions
ok 1288 - provider registration binds the complete canonical English and Polish documents to their loaded versions
  ---
  duration_ms: 15.687833
  type: 'test'
  ...
# Subtest: provider registration fails closed for draft locales and incomplete release legal configuration
ok 1289 - provider registration fails closed for draft locales and incomplete release legal configuration
  ---
  duration_ms: 0.778625
  type: 'test'
  ...
# Subtest: language settings audit command is exact and development-smoke only
ok 1290 - language settings audit command is exact and development-smoke only
  ---
  duration_ms: 0.648458
  type: 'test'
  ...
# Subtest: language settings audit route renders the production screen without account or preference commands
ok 1291 - language settings audit route renders the production screen without account or preference commands
  ---
  duration_ms: 0.319375
  type: 'test'
  ...
# Subtest: the loading-state inventory stays complete as pending surfaces evolve
ok 1292 - the loading-state inventory stays complete as pending surfaces evolve
  ---
  duration_ms: 22.684042
  type: 'test'
  ...
# Subtest: LoadingState is the compact accessible generic pending status
ok 1293 - LoadingState is the compact accessible generic pending status
  ---
  duration_ms: 0.960333
  type: 'test'
  ...
# Subtest: EmptyState is the centered retained-content/unavailable status primitive
ok 1294 - EmptyState is the centered retained-content/unavailable status primitive
  ---
  duration_ms: 0.209084
  type: 'test'
  ...
# Subtest: exactly the one remaining generic pending branch uses LoadingState
ok 1295 - exactly the one remaining generic pending branch uses LoadingState
  ---
  duration_ms: 14.203
  type: 'test'
  ...
# Subtest: C1 screens own local review and exam loading geometry
ok 1296 - C1 screens own local review and exam loading geometry
  ---
  duration_ms: 0.265333
  type: 'test'
  ...
# Subtest: bootstrap, roadmap, and setup own their phase or screen loading geometry
ok 1297 - bootstrap, roadmap, and setup own their phase or screen loading geometry
  ---
  duration_ms: 1.110042
  type: 'test'
  ...
# Subtest: Home shell owns tab-specific glass loading geometry and keeps navigation usable
ok 1298 - Home shell owns tab-specific glass loading geometry and keeps navigation usable
  ---
  duration_ms: 2.230541
  type: 'test'
  ...
# Subtest: Practice Hub keeps its local pending geometry while the scoped read model owns state
ok 1299 - Practice Hub keeps its local pending geometry while the scoped read model owns state
  ---
  duration_ms: 0.96
  type: 'test'
  ...
# Subtest: specialized practice sessions share one neutral question and response loading skeleton
ok 1300 - specialized practice sessions share one neutral question and response loading skeleton
  ---
  duration_ms: 1.000209
  type: 'test'
  ...
# Subtest: Activity owns its glass loading skeleton
ok 1301 - Activity owns its glass loading skeleton
  ---
  duration_ms: 0.738417
  type: 'test'
  ...
# Subtest: Coding Interview scope owns its glass loading skeleton
ok 1302 - Coding Interview scope owns its glass loading skeleton
  ---
  duration_ms: 0.267708
  type: 'test'
  ...
# Subtest: exam review owns its glass loading skeleton
ok 1303 - exam review owns its glass loading skeleton
  ---
  duration_ms: 0.091292
  type: 'test'
  ...
# Subtest: exam result owns its glass loading skeleton
ok 1304 - exam result owns its glass loading skeleton
  ---
  duration_ms: 0.302666
  type: 'test'
  ...
# Subtest: coding practice result owns its glass loading skeleton
ok 1305 - coding practice result owns its glass loading skeleton
  ---
  duration_ms: 0.284
  type: 'test'
  ...
# Subtest: mistakes review owns its glass loading skeleton
ok 1306 - mistakes review owns its glass loading skeleton
  ---
  duration_ms: 0.282417
  type: 'test'
  ...
# Subtest: SkeletonShape owns the shared clipped glass primitive
ok 1307 - SkeletonShape owns the shared clipped glass primitive
  ---
  duration_ms: 0.237625
  type: 'test'
  ...
# Subtest: Skeleton glass motion uses one native driver loop and resets on lifecycle changes
ok 1308 - Skeleton glass motion uses one native driver loop and resets on lifecycle changes
  ---
  duration_ms: 0.185625
  type: 'test'
  ...
# Subtest: Skeleton glass motion stays static while Reduce Motion is unresolved or fails
ok 1309 - Skeleton glass motion stays static while Reduce Motion is unresolved or fails
  ---
  duration_ms: 0.110541
  type: 'test'
  ...
# Subtest: pending data is distinct from true empty and onboarding outcomes
ok 1310 - pending data is distinct from true empty and onboarding outcomes
  ---
  duration_ms: 1.342042
  type: 'test'
  ...
# Subtest: the six read owners end rejected reads in explicit unavailable EmptyStates
ok 1311 - the six read owners end rejected reads in explicit unavailable EmptyStates
  ---
  duration_ms: 1.907334
  type: 'test'
  ...
# Subtest: scoped practice reads honor explicit route identity and only load reviews on Hub
ok 1312 - scoped practice reads honor explicit route identity and only load reviews on Hub
  ---
  duration_ms: 1.122
  type: 'test'
  ...
# Subtest: route-keyed read states block A under B and publish only their captured request
ok 1313 - route-keyed read states block A under B and publish only their captured request
  ---
  duration_ms: 0.464209
  type: 'test'
  ...
# Subtest: queue reads clear stale resolved data before pending or unavailable
ok 1314 - queue reads clear stale resolved data before pending or unavailable
  ---
  duration_ms: 0.216375
  type: 'test'
  ...
# Subtest: specialized session preparation stays local while completion uses the generic status
ok 1315 - specialized session preparation stays local while completion uses the generic status
  ---
  duration_ms: 0.311084
  type: 'test'
  ...
# Subtest: Interview Simulation result reads stay pending until the verified 40-item projection
ok 1316 - Interview Simulation result reads stay pending until the verified 40-item projection
  ---
  duration_ms: 0.235291
  type: 'test'
  ...
# Subtest: navigation screens do not re-enter the public navigation barrel at runtime
ok 1317 - navigation screens do not re-enter the public navigation barrel at runtime
  ---
  duration_ms: 4.259875
  type: 'test'
  ...
# Subtest: bottom navigation labels stay canonical
ok 1318 - bottom navigation labels stay canonical
  ---
  duration_ms: 1.326583
  type: 'test'
  ...
# Subtest: primary Home and Practice CTAs route to Practice Hub
ok 1319 - primary Home and Practice CTAs route to Practice Hub
  ---
  duration_ms: 0.100917
  type: 'test'
  ...
# Subtest: Home change track CTA routes to track selection
ok 1320 - Home change track CTA routes to track selection
  ---
  duration_ms: 0.063125
  type: 'test'
  ...
# Subtest: shell safety model exposes no gamified status fields
ok 1321 - shell safety model exposes no gamified status fields
  ---
  duration_ms: 0.081958
  type: 'test'
  ...
# Subtest: Practice review weak items routes to canonical review queue
ok 1322 - Practice review weak items routes to canonical review queue
  ---
  duration_ms: 0.116959
  type: 'test'
  ...
# Subtest: bootstrap owns one branded phase-aware loading surface with no synthetic completion
ok 1323 - bootstrap owns one branded phase-aware loading surface with no synthetic completion
  ---
  duration_ms: 1.149667
  type: 'test'
  ...
# Subtest: generic LoadingState no longer carries the startup animation variant
ok 1324 - generic LoadingState no longer carries the startup animation variant
  ---
  duration_ms: 0.212417
  type: 'test'
  ...
# Subtest: app preferences default to English content locale and device appearance
ok 1325 - app preferences default to English content locale and device appearance
  ---
  duration_ms: 1.594041
  type: 'test'
  ...
# Subtest: app preferences retain an explicitly selected Polish locale
ok 1326 - app preferences retain an explicitly selected Polish locale
  ---
  duration_ms: 0.594917
  type: 'test'
  ...
# Subtest: settings storage retains every supported manual language
ok 1327 - settings storage retains every supported manual language
  ---
  duration_ms: 0.52375
  type: 'test'
  ...
# Subtest: translations resolve common UI copy through i18next
ok 1328 - translations resolve common UI copy through i18next
  ---
  duration_ms: 1.632375
  type: 'test'
  ...
# Subtest: all seven runtime locales expose translated settings, nested legal and data copy
ok 1329 - all seven runtime locales expose translated settings, nested legal and data copy
  ---
  duration_ms: 2.097625
  type: 'test'
  ...
# Subtest: nested legal and data translations resolve and interpolate in English and Polish
ok 1330 - nested legal and data translations resolve and interpolate in English and Polish
  ---
  duration_ms: 0.314042
  type: 'test'
  ...
# Subtest: Legal information distinguishes device storage, account sync, local reset, account deletion, and retained deletion evidence
ok 1331 - Legal information distinguishes device storage, account sync, local reset, account deletion, and retained deletion evidence
  ---
  duration_ms: 0.482541
  type: 'test'
  ...
# Subtest: Legal hub keeps full rules in local documents and presents only proven request timeframes
ok 1332 - Legal hub keeps full rules in local documents and presents only proven request timeframes
  ---
  duration_ms: 2.108292
  type: 'test'
  ...
# Subtest: sentence keys containing dots remain literal in common
ok 1333 - sentence keys containing dots remain literal in common
  ---
  duration_ms: 0.664666
  type: 'test'
  ...
# Subtest: flat common labels containing colons remain literal keys
ok 1334 - flat common labels containing colons remain literal keys
  ---
  duration_ms: 0.648334
  type: 'test'
  ...
# Subtest: flat learningPlan plural resources remain addressable and mutable
ok 1335 - flat learningPlan plural resources remain addressable and mutable
  ---
  duration_ms: 2.464583
  type: 'test'
  ...
# Subtest: namespace normalization rejects dotted-key collisions atomically regardless of source order
ok 1336 - namespace normalization rejects dotted-key collisions atomically regardless of source order
  ---
  duration_ms: 0.35575
  type: 'test'
  ...
# Subtest: language changes persist all supported choices without changing appearance
ok 1337 - language changes persist all supported choices without changing appearance
  ---
  duration_ms: 0.282541
  type: 'test'
  ...
# Subtest: a failed language write rejects and preserves the previous saved choice for retry
ok 1338 - a failed language write rejects and preserves the previous saved choice for retry
  ---
  duration_ms: 0.306833
  type: 'test'
  ...
# Subtest: system locale resolver recognizes all supported targets and regional/case variants
ok 1339 - system locale resolver recognizes all supported targets and regional/case variants
  ---
  duration_ms: 1.51575
  type: 'test'
  ...
# Subtest: unknown and malformed system locale values resolve explicitly to temporary English
ok 1340 - unknown and malformed system locale values resolve explicitly to temporary English
  ---
  duration_ms: 3.987625
  type: 'test'
  ...
# Subtest: all manual choices remain authoritative and settings offer seven languages
ok 1341 - all manual choices remain authoritative and settings offer seven languages
  ---
  duration_ms: 0.512125
  type: 'test'
  ...
# Subtest: i18next does not silently fill missing keys from another locale
ok 1342 - i18next does not silently fill missing keys from another locale
  ---
  duration_ms: 3.063459
  type: 'test'
  ...
# Subtest: notification settings renders only the accepted plan slots and follows the stored settings entry
ok 1343 - notification settings renders only the accepted plan slots and follows the stored settings entry
  ---
  duration_ms: 0.88425
  type: 'test'
  ...
# Subtest: hook proves readiness only from accepted plan and at least one slot
ok 1344 - hook proves readiness only from accepted plan and at least one slot
  ---
  duration_ms: 0.1465
  type: 'test'
  ...
# Subtest: structural failures and absent plans expose no permission or activation controls
ok 1345 - structural failures and absent plans expose no permission or activation controls
  ---
  duration_ms: 1.112625
  type: 'test'
  ...
# Subtest: accepted disabled plan may show permission and enable action
ok 1346 - accepted disabled plan may show permission and enable action
  ---
  duration_ms: 0.068416
  type: 'test'
  ...
# Subtest: only a synced result is presented as active with a turn-off action
ok 1347 - only a synced result is presented as active with a turn-off action
  ---
  duration_ms: 0.068
  type: 'test'
  ...
# Subtest: durable pending failures expose retry and neutral cancel, never active wording
ok 1348 - durable pending failures expose retry and neutral cancel, never active wording
  ---
  duration_ms: 0.082042
  type: 'test'
  ...
# Subtest: pending retry and cancel actions call the existing retry and disable paths
ok 1349 - pending retry and cancel actions call the existing retry and disable paths
  ---
  duration_ms: 0.120834
  type: 'test'
  ...
# Subtest: seven locales have distinct reminder-draft and cancellation copy with no goal return copy
ok 1350 - seven locales have distinct reminder-draft and cancellation copy with no goal return copy
  ---
  duration_ms: 0.325625
  type: 'test'
  ...
# Subtest: notification settings keeps lifecycle-safe request coordination
ok 1351 - notification settings keeps lifecycle-safe request coordination
  ---
  duration_ms: 0.248708
  type: 'test'
  ...
# Subtest: notification settings mutations are single-flight before asynchronous work starts
ok 1352 - notification settings mutations are single-flight before asynchronous work starts
  ---
  duration_ms: 0.620167
  type: 'test'
  ...
# Subtest: a read that started before a mutation cannot overwrite the completed mutation
ok 1353 - a read that started before a mutation cannot overwrite the completed mutation
  ---
  duration_ms: 0.099
  type: 'test'
  ...
# Subtest: a read started during a mutation stays stale while a later idle read can commit
ok 1354 - a read started during a mutation stays stale while a later idle read can commit
  ---
  duration_ms: 0.068167
  type: 'test'
  ...
# Subtest: a foreground read during a mutation is skipped before it can leave loading asserted
ok 1355 - a foreground read during a mutation is skipped before it can leave loading asserted
  ---
  duration_ms: 0.0585
  type: 'test'
  ...
# Subtest: Settings exposes account and participant navigation actions plus conditional developer verification actions
ok 1356 - Settings exposes account and participant navigation actions plus conditional developer verification actions
  ---
  duration_ms: 1.432959
  type: 'test'
  ...
# Subtest: Legal information exposes distinct personal-rights and non-personal-recovery entries
ok 1357 - Legal information exposes distinct personal-rights and non-personal-recovery entries
  ---
  duration_ms: 0.243958
  type: 'test'
  ...
# Subtest: Legal information scopes missing public configuration to external support and keeps local documents available
ok 1358 - Legal information scopes missing public configuration to external support and keeps local documents available
  ---
  duration_ms: 2.238083
  type: 'test'
  ...
# Subtest: Legal request form keeps validation inline, field-specific, and API-free
ok 1359 - Legal request form keeps validation inline, field-specific, and API-free
  ---
  duration_ms: 0.444375
  type: 'test'
  ...
# Subtest: Settings account presentation names guest, authenticated, and unavailable states and keeps sign-out provider-owned
ok 1360 - Settings account presentation names guest, authenticated, and unavailable states and keeps sign-out provider-owned
  ---
  duration_ms: 1.271917
  type: 'test'
  ...
# Subtest: Settings keeps the backend verification group explicitly development-only
ok 1361 - Settings keeps the backend verification group explicitly development-only
  ---
  duration_ms: 0.161375
  type: 'test'
  ...
# Subtest: grouped settings rows follow the Figma 200% text geometry
ok 1362 - grouped settings rows follow the Figma 200% text geometry
  ---
  duration_ms: 0.292917
  type: 'test'
  ...
# Subtest: InfoBlock and ListRow remount native text when live Dynamic Type scale changes
ok 1363 - InfoBlock and ListRow remount native text when live Dynamic Type scale changes
  ---
  duration_ms: 0.204709
  type: 'test'
  ...
# Subtest: Settings heading has no redundant description and locale keeps goal copy
ok 1364 - Settings heading has no redundant description and locale keeps goal copy
  ---
  duration_ms: 0.41675
  type: 'test'
  ...
# Subtest: Premium keeps a localized Settings context while retaining the back action
ok 1365 - Premium keeps a localized Settings context while retaining the back action
  ---
  duration_ms: 0.590375
  type: 'test'
  ...
# Subtest: Your data keeps the Settings entry label and names its local header consistently
ok 1366 - Your data keeps the Settings entry label and names its local header consistently
  ---
  duration_ms: 0.358125
  type: 'test'
  ...
# Subtest: Your data owns an exhaustive account-state action matrix and wires the mapped controls
ok 1367 - Your data owns an exhaustive account-state action matrix and wires the mapped controls
  ---
  duration_ms: 0.984958
  type: 'test'
  ...
# Subtest: Your data export copy matches the complete JSON scope and the system share or save action
ok 1368 - Your data export copy matches the complete JSON scope and the system share or save action
  ---
  duration_ms: 0.296917
  type: 'test'
  ...
# Subtest: Settings app identity follows the Figma footer geometry
ok 1369 - Settings app identity follows the Figma footer geometry
  ---
  duration_ms: 0.256375
  type: 'test'
  ...
# Subtest: Settings keeps appearance values readable at large text
ok 1370 - Settings keeps appearance values readable at large text
  ---
  duration_ms: 0.074875
  type: 'test'
  ...
# Subtest: shared supporting list-row text uses the Figma fractional line height
ok 1371 - shared supporting list-row text uses the Figma fractional line height
  ---
  duration_ms: 0.48
  type: 'test'
  ...
# Subtest: appearance selection owns the typed accessible radio choice flow
ok 1372 - appearance selection owns the typed accessible radio choice flow
  ---
  duration_ms: 0.29225
  type: 'test'
  ...
# Subtest: language selection owns the typed accessible radio choice flow
ok 1373 - language selection owns the typed accessible radio choice flow
  ---
  duration_ms: 0.239375
  type: 'test'
  ...
# Subtest: System language detail follows the device locale independently from the selected app locale
ok 1374 - System language detail follows the device locale independently from the selected app locale
  ---
  duration_ms: 0.299208
  type: 'test'
  ...
# Subtest: InfoBlock exposes opt-in alert semantics for dynamic settings errors
ok 1375 - InfoBlock exposes opt-in alert semantics for dynamic settings errors
  ---
  duration_ms: 0.124292
  type: 'test'
  ...
# Subtest: appearance choices use the Figma preview variants without changing language choices
ok 1376 - appearance choices use the Figma preview variants without changing language choices
  ---
  duration_ms: 0.089
  type: 'test'
  ...
# Subtest: settings bottom sheets use the Figma elevated shell and modal accessibility boundary
ok 1377 - settings bottom sheets use the Figma elevated shell and modal accessibility boundary
  ---
  duration_ms: 0.275917
  type: 'test'
  ...
# Subtest: information topics keep a stable locale-independent selection and explicit next-page affordance
ok 1378 - information topics keep a stable locale-independent selection and explicit next-page affordance
  ---
  duration_ms: 0.354459
  type: 'test'
  ...
# Subtest: active sessions stay local and block account snapshot export
ok 1379 - active sessions stay local and block account snapshot export
  ---
  duration_ms: 28.145792
  type: 'test'
  ...
# Subtest: canonical account records round trip through remote materialization
ok 1380 - canonical account records round trip through remote materialization
  ---
  duration_ms: 2.022334
  type: 'test'
  ...
# Subtest: remote materialization keeps the newest active track independent of input order and acknowledges both records
ok 1381 - remote materialization keeps the newest active track independent of input order and acknowledges both records
  ---
  duration_ms: 7.170083
  type: 'test'
  ...
# Subtest: remote materialization rejects missing or invalid updatedAt
ok 1382 - remote materialization rejects missing or invalid updatedAt
  ---
  duration_ms: 0.612958
  type: 'test'
  ...
# Subtest: equal updatedAt selects the same active track using canonical identity
ok 1383 - equal updatedAt selects the same active track using canonical identity
  ---
  duration_ms: 4.519375
  type: 'test'
  ...
# Subtest: snapshot and materialization preserve one exact goal-plan bundle
ok 1384 - snapshot and materialization preserve one exact goal-plan bundle
  ---
  duration_ms: 48.31175
  type: 'test'
  ...
# Subtest: bound account sync validates a goal and learning plan as one sync-plan bundle
ok 1385 - bound account sync validates a goal and learning plan as one sync-plan bundle
  ---
  duration_ms: 17.12475
  type: 'test'
  ...
# Subtest: bound account sync builds one retryable canonical outbox and acknowledges it
ok 1386 - bound account sync builds one retryable canonical outbox and acknowledges it
  ---
  duration_ms: 1.506667
  type: 'test'
  ...
# Subtest: bound account outbox creates an explicit tombstone for a deleted acknowledged record
ok 1387 - bound account outbox creates an explicit tombstone for a deleted acknowledged record
  ---
  duration_ms: 1.655291
  type: 'test'
  ...
# Subtest: reselecting an acknowledged active track tombstones the previously acknowledged track
ok 1388 - reselecting an acknowledged active track tombstones the previously acknowledged track
  ---
  duration_ms: 1.268125
  type: 'test'
  ...
# Subtest: pending mutation IDs stay stable across an uncertain retry
ok 1389 - pending mutation IDs stay stable across an uncertain retry
  ---
  duration_ms: 2.678875
  type: 'test'
  ...
# Subtest: removed identity metadata is rejected before persistence
ok 1390 - removed identity metadata is rejected before persistence
  ---
  duration_ms: 0.30725
  type: 'test'
  ...
# Subtest: deleted records keep their exact durable identity and tombstone state
ok 1391 - deleted records keep their exact durable identity and tombstone state
  ---
  duration_ms: 0.21375
  type: 'test'
  ...
# Subtest: canonical repository bootstrap requires an already active storage scope
ok 1392 - canonical repository bootstrap requires an already active storage scope
  ---
  duration_ms: 1.926833
  type: 'test'
  ...
# Subtest: canonical repositories use individual immutable records and one active session
ok 1393 - canonical repositories use individual immutable records and one active session
  ---
  duration_ms: 2.215459
  type: 'test'
  ...
# Subtest: training sessions permit free navigation while rejecting regressing foreground time and missing active records
ok 1394 - training sessions permit free navigation while rejecting regressing foreground time and missing active records
  ---
  duration_ms: 1.241875
  type: 'test'
  ...
# Subtest: active sessions persist only preallocated conditional reinsert resolutions
ok 1395 - active sessions persist only preallocated conditional reinsert resolutions
  ---
  duration_ms: 15.118792
  type: 'test'
  ...
# Subtest: terminal sessions are immutable except for identical recovery replay
ok 1396 - terminal sessions are immutable except for identical recovery replay
  ---
  duration_ms: 0.845542
  type: 'test'
  ...
# Subtest: strict guards accept resolved identities and reject mismatches, tombstones, and legacy identity fields
ok 1397 - strict guards accept resolved identities and reject mismatches, tombstones, and legacy identity fields
  ---
  duration_ms: 0.52275
  type: 'test'
  ...
# Subtest: strict session reads reject a legacy-shaped stored record without inference
ok 1398 - strict session reads reject a legacy-shaped stored record without inference
  ---
  duration_ms: 0.284417
  type: 'test'
  ...
# Subtest: canonical repository bootstrap reports the exact six steps in order
ok 1399 - canonical repository bootstrap reports the exact six steps in order
  ---
  duration_ms: 0.740042
  type: 'test'
  ...
# Subtest: canonical repository bootstrap isolates a throwing step observer without wrapping failures
ok 1400 - canonical repository bootstrap isolates a throwing step observer without wrapping failures
  ---
  duration_ms: 0.280083
  type: 'test'
  ...
# Subtest: typed stores keep unavailable records outside strict runtime keys and reject legacy identity fields
ok 1401 - typed stores keep unavailable records outside strict runtime keys and reject legacy identity fields
  ---
  duration_ms: 2.689708
  type: 'test'
  ...
# Subtest: abandon unavailable active writes terminal archival history before removing the tombstone
ok 1402 - abandon unavailable active writes terminal archival history before removing the tombstone
  ---
  duration_ms: 1.217542
  type: 'test'
  ...
# Subtest: removing an unavailable review removes only that entry
ok 1403 - removing an unavailable review removes only that entry
  ---
  duration_ms: 1.559125
  type: 'test'
  ...
# Subtest: stored unavailable indexes fail closed when a record is malformed
ok 1404 - stored unavailable indexes fail closed when a record is malformed
  ---
  duration_ms: 0.392625
  type: 'test'
  ...
# Subtest: committed unavailable-active repair preserves active order and removes only archive IDs from the index
ok 1405 - committed unavailable-active repair preserves active order and removes only archive IDs from the index
  ---
  duration_ms: 0.921583
  type: 'test'
  ...
# Subtest: committed unavailable-active repair is an idempotent no-op for an already exact active index
ok 1406 - committed unavailable-active repair is an idempotent no-op for an already exact active index
  ---
  duration_ms: 0.685166
  type: 'test'
  ...
# Subtest: committed unavailable-active repair treats an expected-revision race as a typed conflict without retry or partial write
ok 1407 - committed unavailable-active repair treats an expected-revision race as a typed conflict without retry or partial write
  ---
  duration_ms: 0.582709
  type: 'test'
  ...
# Subtest: committed unavailable-active repair reports a verification mismatch after one index write without retry
ok 1408 - committed unavailable-active repair reports a verification mismatch after one index write without retry
  ---
  duration_ms: 0.488834
  type: 'test'
  ...
# Subtest: committed unavailable-active repair fails typed and makes no partial write for invalid index or record state
ok 1409 - committed unavailable-active repair fails typed and makes no partial write for invalid index or record state
  ---
  duration_ms: 1.320167
  type: 'test'
  ...
# Subtest: committed unavailable-active repair removes archive-only IDs while preserving their records
ok 1410 - committed unavailable-active repair removes archive-only IDs while preserving their records
  ---
  duration_ms: 0.389792
  type: 'test'
  ...
# Subtest: learning-state reset clears all three private content-identity stores
ok 1411 - learning-state reset clears all three private content-identity stores
  ---
  duration_ms: 0.552584
  type: 'test'
  ...
# Subtest: report form submission persists a queued local outbox entry when backend is unavailable
ok 1412 - report form submission persists a queued local outbox entry when backend is unavailable
  ---
  duration_ms: 5.434291
  type: 'test'
  ...
# Subtest: report outbox normalizes an omitted note and rejects obvious private data before persistence
ok 1413 - report outbox normalizes an omitted note and rejects obvious private data before persistence
  ---
  duration_ms: 0.466917
  type: 'test'
  ...
# Subtest: report outbox requires App Check, then accepts with the same idempotency key
ok 1414 - report outbox requires App Check, then accepts with the same idempotency key
  ---
  duration_ms: 1.135959
  type: 'test'
  ...
# Subtest: throwing native App Check provider leaves a report failed and retryable
ok 1415 - throwing native App Check provider leaves a report failed and retryable
  ---
  duration_ms: 0.585291
  type: 'test'
  ...
# Subtest: failed transport is retryable without creating a new report identity
ok 1416 - failed transport is retryable without creating a new report identity
  ---
  duration_ms: 0.848958
  type: 'test'
  ...
# Subtest: a lost response keeps the original report identity and accepts duplicate confirmation
ok 1417 - a lost response keeps the original report identity and accepts duplicate confirmation
  ---
  duration_ms: 0.455083
  type: 'test'
  ...
# Subtest: cleanup failure never claims accepted and preserves the retrying record
ok 1418 - cleanup failure never claims accepted and preserves the retrying record
  ---
  duration_ms: 0.407291
  type: 'test'
  ...
# Subtest: canonical bootstrap purges legacy accepted entries but preserves uncertain reports
ok 1419 - canonical bootstrap purges legacy accepted entries but preserves uncertain reports
  ---
  duration_ms: 102.982125
  type: 'test'
  ...
# Subtest: local outbox removes unconfirmed reports after 30 days and preserves newer retries
ok 1420 - local outbox removes unconfirmed reports after 30 days and preserves newer retries
  ---
  duration_ms: 2.620583
  type: 'test'
  ...
# Subtest: canonical runtime transport flushes once after readiness and is torn down without fallback
ok 1421 - canonical runtime transport flushes once after readiness and is torn down without fallback
  ---
  duration_ms: 0.781875
  type: 'test'
  ...
# Subtest: restart readiness replays queued, retrying, and failed records with their original identities
ok 1422 - restart readiness replays queued, retrying, and failed records with their original identities
  ---
  duration_ms: 1.077833
  type: 'test'
  ...
# Subtest: readiness flush and a concurrent submit share one in-flight send and one cleanup
ok 1423 - readiness flush and a concurrent submit share one in-flight send and one cleanup
  ---
  duration_ms: 0.354834
  type: 'test'
  ...
# Subtest: teardown during an in-flight response leaves the entry retryable for duplicate reconciliation
ok 1424 - teardown during an in-flight response leaves the entry retryable for duplicate reconciliation
  ---
  duration_ms: 2.621125
  type: 'test'
  ...
# Subtest: goal onboarding dismissal is durable, idempotent, and scoped per track
ok 1425 - goal onboarding dismissal is durable, idempotent, and scoped per track
  ---
  duration_ms: 1.233584
  type: 'test'
  ...
# Subtest: goal onboarding dismissal rejects unsupported stored records
ok 1426 - goal onboarding dismissal rejects unsupported stored records
  ---
  duration_ms: 0.415458
  type: 'test'
  ...
# Subtest: goal snapshots expose canonical revisions and CAS advances them
ok 1427 - goal snapshots expose canonical revisions and CAS advances them
  ---
  duration_ms: 4.870958
  type: 'test'
  ...
# Subtest: goal snapshot CAS rejects stale create and update without changing durable data
ok 1428 - goal snapshot CAS rejects stale create and update without changing durable data
  ---
  duration_ms: 0.742959
  type: 'test'
  ...
# Subtest: legacy goal access stays compatible and snapshot writes keep goal validation
ok 1429 - legacy goal access stays compatible and snapshot writes keep goal validation
  ---
  duration_ms: 0.286958
  type: 'test'
  ...
# Subtest: goal snapshot CAS rejects a reentrant create for the same canonical key
ok 1430 - goal snapshot CAS rejects a reentrant create for the same canonical key
  ---
  duration_ms: 0.536791
  type: 'test'
  ...
# Subtest: guest access is an explicit durable decision and can be cleared for account entry
ok 1431 - guest access is an explicit durable decision and can be cleared for account entry
  ---
  duration_ms: 1.031916
  type: 'test'
  ...
# Subtest: provisions one validated guest installation and preserves it across repeated bootstrap
ok 1432 - provisions one validated guest installation and preserves it across repeated bootstrap
  ---
  duration_ms: 66.605709
  type: 'test'
  ...
# Subtest: guest access requires an existing unbound installation and rejects retained account data
ok 1433 - guest access requires an existing unbound installation and rejects retained account data
  ---
  duration_ms: 1.374542
  type: 'test'
  ...
# Subtest: corrupt or unsupported guest installation records block without replacement
ok 1434 - corrupt or unsupported guest installation records block without replacement
  ---
  duration_ms: 2.316
  type: 'test'
  ...
# Subtest: guest installation blocks coercible identifiers and non-v4 UUID records
ok 1435 - guest installation blocks coercible identifiers and non-v4 UUID records
  ---
  duration_ms: 1.196792
  type: 'test'
  ...
# Subtest: valid later binding states are preserved without adopting or regenerating an installation
ok 1436 - valid later binding states are preserved without adopting or regenerating an installation
  ---
  duration_ms: 21.734
  type: 'test'
  ...
# Subtest: identity or write failure blocks before recovery/content and leaves no partial guest record
ok 1437 - identity or write failure blocks before recovery/content and leaves no partial guest record
  ---
  duration_ms: 0.776625
  type: 'test'
  ...
# Subtest: guest installation rejects malformed generated identities without writing
ok 1438 - guest installation rejects malformed generated identities without writing
  ---
  duration_ms: 0.469875
  type: 'test'
  ...
# Subtest: bootstrap blocks corrupt guest access before content without replacing it
ok 1439 - bootstrap blocks corrupt guest access before content without replacing it
  ---
  duration_ms: 0.619708
  type: 'test'
  ...
# Subtest: inconsistent installation bindings block bootstrap and guest access without replacement
ok 1440 - inconsistent installation bindings block bootstrap and guest access without replacement
  ---
  duration_ms: 1.140792
  type: 'test'
  ...
# Subtest: persistent plan read returns its canonical envelope revision
ok 1441 - persistent plan read returns its canonical envelope revision
  ---
  duration_ms: 36.532541
  type: 'test'
  ...
# Subtest: dual-key CAS rejects stale goal and plan revisions and accepts one idempotent command retry
ok 1442 - dual-key CAS rejects stale goal and plan revisions and accepts one idempotent command retry
  ---
  duration_ms: 1.895709
  type: 'test'
  ...
# Subtest: compound lock sorts and deduplicates keys and rejects reentrant acquisition
ok 1443 - compound lock sorts and deduplicates keys and rejects reentrant acquisition
  ---
  duration_ms: 0.335875
  type: 'test'
  ...
# Subtest: write uncertainty can be retried by command id, while a failure before persistence is not a false success
ok 1444 - write uncertainty can be retried by command id, while a failure before persistence is not a false success
  ---
  duration_ms: 0.818417
  type: 'test'
  ...
# Subtest: accepts a journal whose scope and writes use one exact resolved artifact
ok 1445 - accepts a journal whose scope and writes use one exact resolved artifact
  ---
  duration_ms: 7.013833
  type: 'test'
  ...
# Subtest: uses the complete resolved reference when validating attempt and session relationships
ok 1446 - uses the complete resolved reference when validating attempt and session relationships
  ---
  duration_ms: 3.529
  type: 'test'
  ...
# Subtest: requires an exact lowercase artifact SHA and rejects legacy top-level identity fields
ok 1447 - requires an exact lowercase artifact SHA and rejects legacy top-level identity fields
  ---
  duration_ms: 0.911334
  type: 'test'
  ...
# Subtest: permits a reset journal only with a null artifact scope
ok 1448 - permits a reset journal only with a null artifact scope
  ---
  duration_ms: 0.753334
  type: 'test'
  ...
# Subtest: stores and reads the complete plan identity, slot identity, and envelope revision
ok 1449 - stores and reads the complete plan identity, slot identity, and envelope revision
  ---
  duration_ms: 26.064416
  type: 'test'
  ...
# Subtest: legacy settings migrate to enabled-only state while retaining every native notification id
ok 1450 - legacy settings migrate to enabled-only state while retaining every native notification id
  ---
  duration_ms: 1.216792
  type: 'test'
  ...
# Subtest: legacy daily settings retain the one native id during migration
ok 1451 - legacy daily settings retain the one native id during migration
  ---
  duration_ms: 0.448709
  type: 'test'
  ...
# Subtest: legacy journals become cancellation-only journals and cannot restore their old desired slots
ok 1452 - legacy journals become cancellation-only journals and cannot restore their old desired slots
  ---
  duration_ms: 1.720167
  type: 'test'
  ...
# Subtest: rejects duplicate days or slot IDs in a canonical settings record
ok 1453 - rejects duplicate days or slot IDs in a canonical settings record
  ---
  duration_ms: 1.759166
  type: 'test'
  ...
# Subtest: rejects identity without commandId, contentVersion, or a valid artifact SHA
ok 1454 - rejects identity without commandId, contentVersion, or a valid artifact SHA
  ---
  duration_ms: 0.510625
  type: 'test'
  ...
# Subtest: Premium testing override is unavailable outside sandbox and local development runtimes
ok 1455 - Premium testing override is unavailable outside sandbox and local development runtimes
  ---
  duration_ms: 0.930292
  type: 'test'
  ...
# Subtest: Premium testing override persists only for a sandbox or local development runtime
ok 1456 - Premium testing override persists only for a sandbox or local development runtime
  ---
  duration_ms: 0.192167
  type: 'test'
  ...
# Subtest: keeps the same question distinct across immutable artifact SHA-256 values
ok 1457 - keeps the same question distinct across immutable artifact SHA-256 values
  ---
  duration_ms: 5.276375
  type: 'test'
  ...
# Subtest: preserves durable identity conflicts for one resolved content reference
ok 1458 - preserves durable identity conflicts for one resolved content reference
  ---
  duration_ms: 2.003125
  type: 'test'
  ...
# Subtest: rejects a durable ID rewrite across artifact identities before writing either entry
ok 1459 - rejects a durable ID rewrite across artifact identities before writing either entry
  ---
  duration_ms: 0.90125
  type: 'test'
  ...
# Subtest: preserves index order while updating and removing canonical entries
ok 1460 - preserves index order while updating and removing canonical entries
  ---
  duration_ms: 13.816708
  type: 'test'
  ...
# Subtest: rejects legacy identity fields, mixed records, tombstones, and non-lowercase artifact hashes
ok 1461 - rejects legacy identity fields, mixed records, tombstones, and non-lowercase artifact hashes
  ---
  duration_ms: 0.699125
  type: 'test'
  ...
# Subtest: reads only strict canonical entries from durable storage
ok 1462 - reads only strict canonical entries from durable storage
  ---
  duration_ms: 0.327917
  type: 'test'
  ...
# Subtest: clears all canonical review records and the index
ok 1463 - clears all canonical review records and the index
  ---
  duration_ms: 0.260958
  type: 'test'
  ...
# Subtest: repository codec distinguishes absence and corrupt JSON
ok 1464 - repository codec distinguishes absence and corrupt JSON
  ---
  duration_ms: 1.154292
  type: 'test'
  ...
# Subtest: canonical storage uses envelopes and rejects an unsupported schema identity
ok 1465 - canonical storage uses envelopes and rejects an unsupported schema identity
  ---
  duration_ms: 1.435458
  type: 'test'
  ...
# Subtest: the atomic track cutover rejects every persisted former track identity without translating it
ok 1466 - the atomic track cutover rejects every persisted former track identity without translating it
  ---
  duration_ms: 3.159
  type: 'test'
  ...
# Subtest: draft replacement verifies its expected revision
ok 1467 - draft replacement verifies its expected revision
  ---
  duration_ms: 2.5835
  type: 'test'
  ...
# Subtest: bootstrap blocks an inconsistent active-session reference and a missing required draft
ok 1468 - bootstrap blocks an inconsistent active-session reference and a missing required draft
  ---
  duration_ms: 78.301417
  type: 'test'
  ...
# Subtest: bootstrap runs resolution only after recovery/content validation and exposes profile/content mismatch as blocking
ok 1469 - bootstrap runs resolution only after recovery/content validation and exposes profile/content mismatch as blocking
  ---
  duration_ms: 13.93475
  type: 'test'
  ...
# Subtest: one MMKV native adapter is infrastructure-owned and runtime access stays bounded
ok 1470 - one MMKV native adapter is infrastructure-owned and runtime access stays bounded
  ---
  duration_ms: 65.363208
  type: 'test'
  ...
# Subtest: cutover removes old storage and remote content paths
ok 1471 - cutover removes old storage and remote content paths
  ---
  duration_ms: 412.503125
  type: 'test'
  ...
# Subtest: canonical keys use the one Patternly namespace
ok 1472 - canonical keys use the one Patternly namespace
  ---
  duration_ms: 0.624459
  type: 'test'
  ...
# Subtest: initializes and reuses the exact canonical metadata payload
ok 1473 - initializes and reuses the exact canonical metadata payload
  ---
  duration_ms: 4.058833
  type: 'test'
  ...
# Subtest: fails closed when stored metadata has an unknown shape or newer schema
ok 1474 - fails closed when stored metadata has an unknown shape or newer schema
  ---
  duration_ms: 1.037791
  type: 'test'
  ...
# Subtest: practice answer fixture completes ten canonical submissions with the exact mixed interaction outcomes
ok 1475 - practice answer fixture completes ten canonical submissions with the exact mixed interaction outcomes
  ---
  duration_ms: 645.148083
  type: 'test'
  ...
# Subtest: fixture construction uses canonical runtime methods and has no persistence path
ok 1476 - fixture construction uses canonical runtime methods and has no persistence path
  ---
  duration_ms: 0.372333
  type: 'test'
  ...
# Subtest: runtime selectors are deterministic and use the canonical grammar
ok 1477 - runtime selectors are deterministic and use the canonical grammar
  ---
  duration_ms: 0.908334
  type: 'test'
  ...
# Subtest: Premium offer setup selectors are deterministic and valid
ok 1478 - Premium offer setup selectors are deterministic and valid
  ---
  duration_ms: 0.164667
  type: 'test'
  ...
# Subtest: Design Interview save selectors distinguish persistence status and retry
ok 1479 - Design Interview save selectors distinguish persistence status and retry
  ---
  duration_ms: 0.107875
  type: 'test'
  ...
# Subtest: runtime selectors preserve canonical identities without learner-visible copy
ok 1480 - runtime selectors preserve canonical identities without learner-visible copy
  ---
  duration_ms: 0.167541
  type: 'test'
  ...
# Subtest: runtime selectors preserve case-sensitive authored item identities
ok 1481 - runtime selectors preserve case-sensitive authored item identities
  ---
  duration_ms: 0.152166
  type: 'test'
  ...
# Subtest: session metadata selectors expose validated lifecycle values without learner copy
ok 1482 - session metadata selectors expose validated lifecycle values without learner copy
  ---
  duration_ms: 0.116
  type: 'test'
  ...
# Subtest: complexity selectors encode authored notation without weakening the selector grammar
ok 1483 - complexity selectors encode authored notation without weakening the selector grammar
  ---
  duration_ms: 0.296625
  type: 'test'
  ...
# Subtest: runtime selectors keep distinct runtime entities distinct
ok 1484 - runtime selectors keep distinct runtime entities distinct
  ---
  duration_ms: 0.305542
  type: 'test'
  ...
# Subtest: unavailable recovery and review selectors remain stable and distinct
ok 1485 - unavailable recovery and review selectors remain stable and distinct
  ---
  duration_ms: 0.333542
  type: 'test'
  ...
# Subtest: runtime selector factories reject values that cannot be represented in the contract
ok 1486 - runtime selector factories reject values that cannot be represented in the contract
  ---
  duration_ms: 0.471083
  type: 'test'
  ...
# Subtest: goal selectors expose stable target-date input and field-error identities
ok 1487 - goal selectors expose stable target-date input and field-error identities
  ---
  duration_ms: 0.091125
  type: 'test'
  ...
# Subtest: learning plan selectors use the closed primary states and stable slot identities
ok 1488 - learning plan selectors use the closed primary states and stable slot identities
  ---
  duration_ms: 0.270958
  type: 'test'
  ...
# Subtest: learning plan editor retry selectors distinguish save from start-existing
ok 1489 - learning plan editor retry selectors distinguish save from start-existing
  ---
  duration_ms: 0.076042
  type: 'test'
  ...
# Subtest: notification selectors keep plan slots and closed error states typed
ok 1490 - notification selectors keep plan slots and closed error states typed
  ---
  duration_ms: 0.160167
  type: 'test'
  ...
# Subtest: target date guidance selectors expose every closed state and reason
ok 1491 - target date guidance selectors expose every closed state and reason
  ---
  duration_ms: 3.533709
  type: 'test'
  ...
# Subtest: Home plan selectors expose every closed unavailable reason
ok 1492 - Home plan selectors expose every closed unavailable reason
  ---
  duration_ms: 0.355459
  type: 'test'
  ...
# Subtest: Progress plan selectors expose typed completion, day and unavailable identities
ok 1493 - Progress plan selectors expose typed completion, day and unavailable identities
  ---
  duration_ms: 0.334833
  type: 'test'
  ...
# Subtest: journey resolves canonical track mode and pool
ok 1494 - journey resolves canonical track mode and pool
  ---
  duration_ms: 638.218125
  type: 'test'
  ...
# Subtest: onDanger keeps destructive button text above normal-text contrast in both themes
ok 1495 - onDanger keeps destructive button text above normal-text contrast in both themes
  ---
  duration_ms: 0.679291
  type: 'test'
  ...
# Subtest: onPrimary keeps goal status and selected day labels above normal-text contrast in both themes
ok 1496 - onPrimary keeps goal status and selected day labels above normal-text contrast in both themes
  ---
  duration_ms: 0.117083
  type: 'test'
  ...
# Subtest: RC Certification Maestro flows change, restore, persist, resume, finish, and review the 50-item exam
ok 1497 - RC Certification Maestro flows change, restore, persist, resume, finish, and review the 50-item exam
  ---
  duration_ms: 1.855542
  type: 'test'
  ...
# Subtest: RC Android runner requires the explicit current dev-client and evidence destination
ok 1498 - RC Android runner requires the explicit current dev-client and evidence destination
  ---
  duration_ms: 0.157625
  type: 'test'
  ...
# Subtest: RC iOS runner requires one booted simulator and the same explicit evidence contract
ok 1499 - RC iOS runner requires one booted simulator and the same explicit evidence contract
  ---
  duration_ms: 0.137875
  type: 'test'
  ...
# Subtest: RC iOS certification smoke requires local credentials and authenticates only when Settings offers account entry
ok 1500 - RC iOS certification smoke requires local credentials and authenticates only when Settings offers account entry
  ---
  duration_ms: 0.707
  type: 'test'
  ...
# Subtest: Free Certification Exam flow resets once, reaches the Premium paywall, and retries after a cold restart without reset
ok 1501 - Free Certification Exam flow resets once, reaches the Premium paywall, and retries after a cold restart without reset
  ---
  duration_ms: 0.742208
  type: 'test'
  ...
# Subtest: RC iOS timeout runner prepares one local exam, advances the audit clock, and captures timeout review evidence
ok 1502 - RC iOS timeout runner prepares one local exam, advances the audit clock, and captures timeout review evidence
  ---
  duration_ms: 0.491792
  type: 'test'
  ...
# Subtest: Certification progress derives practice, exam, outcome, taxonomy, review, and repeated-mistake signals
ok 1503 - Certification progress derives practice, exam, outcome, taxonomy, review, and repeated-mistake signals
  ---
  duration_ms: 11.843834
  type: 'test'
  ...
# Subtest: Certification progress has explicit empty state and no synthetic learning metrics
ok 1504 - Certification progress has explicit empty state and no synthetic learning metrics
  ---
  duration_ms: 0.8695
  type: 'test'
  ...
# Subtest: Certification progress ignores same-version evidence from another exact content package
ok 1505 - Certification progress ignores same-version evidence from another exact content package
  ---
  duration_ms: 0.232334
  type: 'test'
  ...
# Subtest: Certification result keeps truthful session metrics and routes Focus domains through the canonical formatter
ok 1506 - Certification result keeps truthful session metrics and routes Focus domains through the canonical formatter
  ---
  duration_ms: 0.728125
  type: 'test'
  ...
# Subtest: Certification Focus domain formatter resolves only a canonical roadmap node
ok 1507 - Certification Focus domain formatter resolves only a canonical roadmap node
  ---
  duration_ms: 0.807333
  type: 'test'
  ...
# Subtest: direct entry to excluded Algorithms declared-scope modes fails without substitution
ok 1508 - direct entry to excluded Algorithms declared-scope modes fails without substitution
  ---
  duration_ms: 960.722917
  type: 'test'
  ...
# Subtest: completed Algorithms practice replaces its runner with the session-keyed summary route
ok 1509 - completed Algorithms practice replaces its runner with the session-keyed summary route
  ---
  duration_ms: 2.287583
  type: 'test'
  ...
# Subtest: practice summary reloads the immutable result and runner navigation requires verified completion
ok 1510 - practice summary reloads the immutable result and runner navigation requires verified completion
  ---
  duration_ms: 1.486041
  type: 'test'
  ...
# Subtest: practice question review is a readonly session surface with bounded navigation and a return to its result
ok 1511 - practice question review is a readonly session surface with bounded navigation and a return to its result
  ---
  duration_ms: 0.822459
  type: 'test'
  ...
# Subtest: session control labels identify the dimension, ordering position, and command
ok 1512 - session control labels identify the dimension, ordering position, and command
  ---
  duration_ms: 2.380125
  type: 'test'
  ...
# Subtest: coding review pending keeps SessionShell navigation while using neutral response anatomy
ok 1513 - coding review pending keeps SessionShell navigation while using neutral response anatomy
  ---
  duration_ms: 0.304333
  type: 'test'
  ...
# Subtest: interactive Algorithms session controls use real 48-point minimum geometry without hit-area substitutes
ok 1514 - interactive Algorithms session controls use real 48-point minimum geometry without hit-area substitutes
  ---
  duration_ms: 0.845792
  type: 'test'
  ...
# Subtest: simulation accessibility respects motion, focus, and touch-target constraints
ok 1515 - simulation accessibility respects motion, focus, and touch-target constraints
  ---
  duration_ms: 0.175958
  type: 'test'
  ...
# Subtest: canonical session surfaces expose deterministic state and do not group interactive descendants
ok 1516 - canonical session surfaces expose deterministic state and do not group interactive descendants
  ---
  duration_ms: 0.855542
  type: 'test'
  ...
# Subtest: practice exit makes abandonment a single explicit decision in a modal
ok 1517 - practice exit makes abandonment a single explicit decision in a modal
  ---
  duration_ms: 0.530958
  type: 'test'
  ...
# Subtest: standalone practice conflict and unavailable states respect both safe-area edges
ok 1518 - standalone practice conflict and unavailable states respect both safe-area edges
  ---
  duration_ms: 0.220417
  type: 'test'
  ...
# Subtest: large text can grow session chrome and controls without fixed interactive heights
ok 1519 - large text can grow session chrome and controls without fixed interactive heights
  ---
  duration_ms: 0.289375
  type: 'test'
  ...
# Subtest: bottom navigation preserves one-line visual labels while keeping every tab semantically named
ok 1520 - bottom navigation preserves one-line visual labels while keeping every tab semantically named
  ---
  duration_ms: 0.343042
  type: 'test'
  ...
# Subtest: bottom navigation uses theme-appropriate separators without altering the light overlay
ok 1521 - bottom navigation uses theme-appropriate separators without altering the light overlay
  ---
  duration_ms: 3.356959
  type: 'test'
  ...
# Subtest: Practice Hub keeps the quiet-layered recommendation readable at large text and removes the competing stats card
ok 1522 - Practice Hub keeps the quiet-layered recommendation readable at large text and removes the competing stats card
  ---
  duration_ms: 0.320125
  type: 'test'
  ...
# Subtest: Practice Hub retains its mode layout and canonical ownership
ok 1523 - Practice Hub retains its mode layout and canonical ownership
  ---
  duration_ms: 0.929083
  type: 'test'
  ...
# Subtest: Practice Question Shell keeps the Figma prompt-to-answer rhythm
ok 1524 - Practice Question Shell keeps the Figma prompt-to-answer rhythm
  ---
  duration_ms: 0.199
  type: 'test'
  ...
# Subtest: certification exam stacks descriptive actions so large text cannot clip flagging or navigation
ok 1525 - certification exam stacks descriptive actions so large text cannot clip flagging or navigation
  ---
  duration_ms: 0.280375
  type: 'test'
  ...
# Subtest: practice runtime selectors are derived from the canonical session projection without entering speech labels
ok 1526 - practice runtime selectors are derived from the canonical session projection without entering speech labels
  ---
  duration_ms: 2.332083
  type: 'test'
  ...
# Subtest: dry-run regression starts the recommended session directly and proves its live timer
ok 1527 - dry-run regression starts the recommended session directly and proves its live timer
  ---
  duration_ms: 0.863333
  type: 'test'
  ...
# Subtest: dry-run regression ends early into a truthful partial summary
ok 1528 - dry-run regression ends early into a truthful partial summary
  ---
  duration_ms: 0.225167
  type: 'test'
  ...
# Subtest: Algorithms presentation metadata covers exactly the generated structural roadmap
ok 1529 - Algorithms presentation metadata covers exactly the generated structural roadmap
  ---
  duration_ms: 1.822125
  type: 'test'
  ...
# Subtest: Algorithms runtime derives roadmap parent relationships and mental units from the generated SOT
ok 1530 - Algorithms runtime derives roadmap parent relationships and mental units from the generated SOT
  ---
  duration_ms: 0.251042
  type: 'test'
  ...
# Subtest: AUD-02B runner fails closed outside the existing booted iPhone 17 app and local evidence setup
ok 1531 - AUD-02B runner fails closed outside the existing booted iPhone 17 app and local evidence setup
  ---
  duration_ms: 0.728209
  type: 'test'
  ...
# Subtest: AUD-02B executes authenticated Free, Premium, and expiry phases in order with the exact audit URL
ok 1532 - AUD-02B executes authenticated Free, Premium, and expiry phases in order with the exact audit URL
  ---
  duration_ms: 0.174959
  type: 'test'
  ...
# Subtest: AUD-02B owns only its local backend process and gates both entitlement phases on readiness
ok 1533 - AUD-02B owns only its local backend process and gates both entitlement phases on readiness
  ---
  duration_ms: 0.345667
  type: 'test'
  ...
# Subtest: AUD-02B Free evidence selects Coding Mock and repeats the paywall after clearState:false relaunch
ok 1534 - AUD-02B Free evidence selects Coding Mock and repeats the paywall after clearState:false relaunch
  ---
  duration_ms: 0.407416
  type: 'test'
  ...
# Subtest: AUD-02B Premium evidence restores the same 40-question draft before manual finalization and endpoint review
ok 1535 - AUD-02B Premium evidence restores the same 40-question draft before manual finalization and endpoint review
  ---
  duration_ms: 0.572375
  type: 'test'
  ...
# Subtest: AUD-02B expiry invokes only the exact Coding Mock command and captures finalized unanswered review
ok 1536 - AUD-02B expiry invokes only the exact Coding Mock command and captures finalized unanswered review
  ---
  duration_ms: 0.163291
  type: 'test'
  ...
# Subtest: Custom Practice resume preserves the selected durable at-session-end timing
ok 1537 - Custom Practice resume preserves the selected durable at-session-end timing
  ---
  duration_ms: 315.18925
  type: 'test'
  ...
# Subtest: resume rejects an active session that lacks a canonical feedback timing
ok 1538 - resume rejects an active session that lacks a canonical feedback timing
  ---
  duration_ms: 0.25875
  type: 'test'
  ...
# Subtest: M3 keeps the same Custom Practice session and withholds feedback across leave, kill, and resume
ok 1539 - M3 keeps the same Custom Practice session and withholds feedback across leave, kill, and resume
  ---
  duration_ms: 1.099125
  type: 'test'
  ...
# Subtest: M4 restores the exact Custom Practice durable feedback after leave, kill, and resume
ok 1540 - M4 restores the exact Custom Practice durable feedback after leave, kill, and resume
  ---
  duration_ms: 0.20325
  type: 'test'
  ...
# Subtest: M5 reuses the complete M1 flow and proves a terminal session has no active resume path after relaunch
ok 1541 - M5 reuses the complete M1 flow and proves a terminal session has no active resume path after relaunch
  ---
  duration_ms: 0.107875
  type: 'test'
  ...
# Subtest: RC Algorithms bootstrap resets learning data and explicitly selects the Algorithms track
ok 1542 - RC Algorithms bootstrap resets learning data and explicitly selects the Algorithms track
  ---
  duration_ms: 1.392458
  type: 'test'
  ...
# Subtest: RC Algorithms iOS runner validates and passes explicit capture inputs only to the final Maestro flow
ok 1543 - RC Algorithms iOS runner validates and passes explicit capture inputs only to the final Maestro flow
  ---
  duration_ms: 0.285042
  type: 'test'
  ...
# Subtest: AUD-02C runner is pinned to one existing iPhone 17 and ordered local entitlement phases
ok 1544 - AUD-02C runner is pinned to one existing iPhone 17 and ordered local entitlement phases
  ---
  duration_ms: 0.91925
  type: 'test'
  ...
# Subtest: AUD-02C flows prove Free denial, durable resume, manual result, timeout result, and rubric review
ok 1545 - AUD-02C flows prove Free denial, durable resume, manual result, timeout result, and rubric review
  ---
  duration_ms: 0.542
  type: 'test'
  ...
# Subtest: AUD-02C premium and timeout flows preserve each response before saved status without keyboard commands
ok 1546 - AUD-02C premium and timeout flows preserve each response before saved status without keyboard commands
  ---
  duration_ms: 0.280125
  type: 'test'
  ...
# Subtest: Design session mode titles match the learner-facing journey
ok 1547 - Design session mode titles match the learner-facing journey
  ---
  duration_ms: 0.935959
  type: 'test'
  ...
# Subtest: Design result names its exact package topic and exposes missing mapping
ok 1548 - Design result names its exact package topic and exposes missing mapping
  ---
  duration_ms: 0.553958
  type: 'test'
  ...
1..1548
# tests 1562
# suites 0
# pass 1561
# fail 0
# cancelled 0
# skipped 1
# todo 0
# duration_ms 44146.235084

> patternly@0.1.0 validate:content-boundary
> node scripts/validateContentBoundary.mjs

CONTENT_BOUNDARY_CHECK=passed

> patternly@0.1.0 validate:runtime-privacy-boundary
> node scripts/validateRuntimePrivacyBoundary.mjs

RUNTIME_PRIVACY_BOUNDARY_CHECK=passed
