
> patternly@0.1.0 qa:static
> npm run recovery:check && npm run typecheck && npm test && npm run validate:content-boundary && npm run validate:runtime-privacy-boundary


> patternly@0.1.0 recovery:check
> node scripts/checkRecoveryBaseline.mjs

RECOVERY_INVENTORY_CHECK=passed
RECOVERY_ACTIVE_SOURCE_FILES=449
RECOVERY_ACTIVE_TESTS=304
RECOVERY_TEST_CASES=1727
RECOVERY_STAGE_1_BOUNDARIES=passed

> patternly@0.1.0 typecheck
> tsc --noEmit


> patternly@0.1.0 test
> node --import tsx --test 'src/**/*.test.ts' 'src/**/*.test.mjs' 'scripts/**/*.test.ts' 'scripts/**/*.test.mjs'

TAP version 13
# Subtest: learning kernel and registry boundaries exclude family content and platform owners
ok 1 - learning kernel and registry boundaries exclude family content and platform owners
  ---
  duration_ms: 2.424125
  type: 'test'
  ...
# Subtest: families do not import one another and source contains no replacement bridge
ok 2 - families do not import one another and source contains no replacement bridge
  ---
  duration_ms: 44.839125
  type: 'test'
  ...
# Subtest: application mutations depend on repositories rather than raw storage internals
ok 3 - application mutations depend on repositories rather than raw storage internals
  ---
  duration_ms: 0.529458
  type: 'test'
  ...
# Subtest: canonical lifecycle use cases have no React, storage implementation, or family-scoring dependency
ok 4 - canonical lifecycle use cases have no React, storage implementation, or family-scoring dependency
  ---
  duration_ms: 0.675708
  type: 'test'
  ...
# Subtest: the public storage barrel does not expose raw keys or codec
ok 5 - the public storage barrel does not expose raw keys or codec
  ---
  duration_ms: 0.2075
  type: 'test'
  ...
# Subtest: AUD-02D starts child before auth and records expired baseline before observation
ok 6 - AUD-02D starts child before auth and records expired baseline before observation
  ---
  duration_ms: 6.512375
  type: 'test'
  ...
# Subtest: child readiness waits for readiness and races early completion
ok 7 - child readiness waits for readiness and races early completion
  ---
  duration_ms: 1.983625
  type: 'test'
  ...
# Subtest: nonzero child completion remains a hard failure
ok 8 - nonzero child completion remains a hard failure
  ---
  duration_ms: 0.065667
  type: 'test'
  ...
# Subtest: bounded cleanup leaves a naturally completed child alone
ok 9 - bounded cleanup leaves a naturally completed child alone
  ---
  duration_ms: 0.538167
  type: 'test'
  ...
# Subtest: timeout stops the child, its owned backend, then confirms port release
ok 10 - timeout stops the child, its owned backend, then confirms port release
  ---
  duration_ms: 2.830083
  type: 'test'
  ...
# Subtest: cleanup is bounded and retains each cleanup failure
ok 11 - cleanup is bounded and retains each cleanup failure
  ---
  duration_ms: 4.7335
  type: 'test'
  ...
# Subtest: cleanup context keeps the original failure first
ok 12 - cleanup context keeps the original failure first
  ---
  duration_ms: 0.284833
  type: 'test'
  ...
# Subtest: listener ownership requires a complete ancestry chain to the exact runner
ok 13 - listener ownership requires a complete ancestry chain to the exact runner
  ---
  duration_ms: 0.349334
  type: 'test'
  ...
# Subtest: backend signal uses only the group captured by successful ownership proof
ok 14 - backend signal uses only the group captured by successful ownership proof
  ---
  duration_ms: 2.648
  type: 'test'
  ...
# Subtest: failed backend ownership proof skips backend signal and reports secondary failure
ok 15 - failed backend ownership proof skips backend signal and reports secondary failure
  ---
  duration_ms: 3.699458
  type: 'test'
  ...
# Subtest: AUD-02D evidence manifest snapshots redact credentials without mutating live case records
ok 16 - AUD-02D evidence manifest snapshots redact credentials without mutating live case records
  ---
  duration_ms: 18.293833
  type: 'test'
  ...
# Subtest: AUD-02D evidence redaction scrubs text artifacts atomically and scans every regular file
ok 17 - AUD-02D evidence redaction scrubs text artifacts atomically and scans every regular file
  ---
  duration_ms: 64.412791
  type: 'test'
  ...
# Subtest: AUD-02D evidence redaction rejects symbolic links under the output root
ok 18 - AUD-02D evidence redaction rejects symbolic links under the output root
  ---
  duration_ms: 6.089042
  type: 'test'
  ...
# Subtest: AUD-02D evidence scan removes later unsafe credential files after an earlier directory symlink
ok 19 - AUD-02D evidence scan removes later unsafe credential files after an earlier directory symlink
  ---
  duration_ms: 10.595583
  type: 'test'
  ...
# Subtest: AUD-02D matrix is exactly bound to the nine-track candidate lock
ok 20 - AUD-02D matrix is exactly bound to the nine-track candidate lock
  ---
  duration_ms: 4.4335
  type: 'test'
  ...
# Subtest: Custom Practice matrix includes every 10/20/40 by timing combination
ok 21 - Custom Practice matrix includes every 10/20/40 by timing combination
  ---
  duration_ms: 0.509166
  type: 'test'
  ...
# Subtest: coordinating runner binds every case to clean sources, one install, native identity and stable bundle bytes
ok 22 - coordinating runner binds every case to clean sources, one install, native identity and stable bundle bytes
  ---
  duration_ms: 2.7475
  type: 'test'
  ...
# Subtest: AUD-02D validates smoke profile for Metro and owns active backend through pre-premium runtime cases
ok 23 - AUD-02D validates smoke profile for Metro and owns active backend through pre-premium runtime cases
  ---
  duration_ms: 2.201
  type: 'test'
  ...
# Subtest: AUD-02D non-exam premium runners receive their declared premium flows
ok 24 - AUD-02D non-exam premium runners receive their declared premium flows
  ---
  duration_ms: 0.81725
  type: 'test'
  ...
# Subtest: AUD-02D resolves and validates the exact local Expo iOS AppEntry launch asset
ok 25 - AUD-02D resolves and validates the exact local Expo iOS AppEntry launch asset
  ---
  duration_ms: 2.37225
  type: 'test'
  ...
# Subtest: smoke entitlement probe exchanges ordinary auth for a generation-pinned token without persisting secrets
ok 26 - smoke entitlement probe exchanges ordinary auth for a generation-pinned token without persisting secrets
  ---
  duration_ms: 0.943666
  type: 'test'
  ...
# Subtest: smoke auth errors persist only HTTP status and safe error.code
ok 27 - smoke auth errors persist only HTTP status and safe error.code
  ---
  duration_ms: 1.64
  type: 'test'
  ...
# Subtest: AUD-02D Maestro flows cover track readiness and all setup selectors before session start
ok 28 - AUD-02D Maestro flows cover track readiness and all setup selectors before session start
  ---
  duration_ms: 27.873334
  type: 'test'
  ...
# Subtest: auth preflight extended waits are recorded and flows without assertions remain rejected
ok 29 - auth preflight extended waits are recorded and flows without assertions remain rejected
  ---
  duration_ms: 14.494084
  type: 'test'
  ...
# Subtest: feedback lifecycle flows resume, complete ten answers and open the result review
ok 30 - feedback lifecycle flows resume, complete ten answers and open the result review
  ---
  duration_ms: 52.587583
  type: 'test'
  ...
# Subtest: result review selects the caller-provided question while retaining its occurrence root
ok 31 - result review selects the caller-provided question while retaining its occurrence root
  ---
  duration_ms: 13.282833
  type: 'test'
  ...
# Subtest: all new AUD-02D Maestro YAML documents parse and contain executable assertion commands
ok 32 - all new AUD-02D Maestro YAML documents parse and contain executable assertion commands
  ---
  duration_ms: 34.483625
  type: 'test'
  ...
# Subtest: Expo and npm expose one canonical Patternly identity
ok 33 - Expo and npm expose one canonical Patternly identity
  ---
  duration_ms: 3.424042
  type: 'test'
  ...
# Subtest: RC runners, runtime-audit URLs, and every Maestro flow share the Patternly identity
ok 34 - RC runners, runtime-audit URLs, and every Maestro flow share the Patternly identity
  ---
  duration_ms: 12.579209
  type: 'test'
  ...
# Subtest: build identity cutover leaves canonical learning-data keys unchanged
ok 35 - build identity cutover leaves canonical learning-data keys unchanged
  ---
  duration_ms: 0.174625
  type: 'test'
  ...
# Subtest: sandbox builds validate the same closed public environment schema as the installed app
ok 36 - sandbox builds validate the same closed public environment schema as the installed app
  ---
  duration_ms: 3.225
  type: 'test'
  ...
# Subtest: runtime mode is explicit and persists in public Expo config
ok 37 - runtime mode is explicit and persists in public Expo config
  ---
  duration_ms: 0.466375
  type: 'test'
  ...
# Subtest: sandbox and release reject mode/configuration mismatches
ok 38 - sandbox and release reject mode/configuration mismatches
  ---
  duration_ms: 0.338875
  type: 'test'
  ...
# Subtest: release app config always rejects the checked-in public legal payload
ok 39 - release app config always rejects the checked-in public legal payload
  ---
  duration_ms: 2.251917
  type: 'test'
  ...
# Subtest: release public legal links use the configured public environment parser and match the legal record
ok 40 - release public legal links use the configured public environment parser and match the legal record
  ---
  duration_ms: 0.802375
  type: 'test'
  ...
# Subtest: smoke is explicit, locally bound, and permits debug App Check
ok 41 - smoke is explicit, locally bound, and permits debug App Check
  ---
  duration_ms: 0.187542
  type: 'test'
  ...
# Subtest: remote artifacts require their public Firebase configuration before prebuild
ok 42 - remote artifacts require their public Firebase configuration before prebuild
  ---
  duration_ms: 0.277875
  type: 'test'
  ...
# Subtest: only iOS remote artifacts require the public RevenueCat Apple SDK key before prebuild
ok 43 - only iOS remote artifacts require the public RevenueCat Apple SDK key before prebuild
  ---
  duration_ms: 0.384833
  type: 'test'
  ...
# Subtest: remote artifacts require production App Check providers before prebuild
ok 44 - remote artifacts require production App Check providers before prebuild
  ---
  duration_ms: 0.285125
  type: 'test'
  ...
# Subtest: sandbox and release accept only production App Check provider pairs
ok 45 - sandbox and release accept only production App Check provider pairs
  ---
  duration_ms: 2.200833
  type: 'test'
  ...
# Subtest: sandbox uses the one tracked native Firebase registration while release requires production file variables
ok 46 - sandbox uses the one tracked native Firebase registration while release requires production file variables
  ---
  duration_ms: 0.264917
  type: 'test'
  ...
# Subtest: explicit iOS sandbox and release require iOS configuration and ignore Android-only configuration
ok 47 - explicit iOS sandbox and release require iOS configuration and ignore Android-only configuration
  ---
  duration_ms: 1.989167
  type: 'test'
  ...
# Subtest: explicit Android sandbox and release require Android configuration and ignore iOS-only configuration
ok 48 - explicit Android sandbox and release require Android configuration and ignore iOS-only configuration
  ---
  duration_ms: 0.834791
  type: 'test'
  ...
# Subtest: without an explicit native target, sandbox and release require both platform configurations
ok 49 - without an explicit native target, sandbox and release require both platform configurations
  ---
  duration_ms: 0.664208
  type: 'test'
  ...
# Subtest: explicit iOS and Android builds always require shared Firebase public configuration
ok 50 - explicit iOS and Android builds always require shared Firebase public configuration
  ---
  duration_ms: 0.185375
  type: 'test'
  ...
# Subtest: candidate lock binds the exact nine bundled artifacts
ok 51 - candidate lock binds the exact nine bundled artifacts
  ---
  duration_ms: 5.295958
  type: 'test'
  ...
# Subtest: candidate lock rejects bundled bytes outside the candidate
ok 52 - candidate lock rejects bundled bytes outside the candidate
  ---
  duration_ms: 8.193792
  type: 'test'
  ...
# Subtest: CI bootstrap binds the actual current v3 lock to all nine verified bundled artifacts
ok 53 - CI bootstrap binds the actual current v3 lock to all nine verified bundled artifacts
  ---
  duration_ms: 1093.22925
  type: 'test'
  ...
# Subtest: CI bootstrap fails closed for malformed v3 metadata without an active v2 fallback
    # Subtest: old schema
    ok 1 - old schema
      ---
      duration_ms: 5.075416
      type: 'test'
      ...
    # Subtest: extra root field
    ok 2 - extra root field
      ---
      duration_ms: 4.568833
      type: 'test'
      ...
    # Subtest: missing track
    ok 3 - missing track
      ---
      duration_ms: 4.544
      type: 'test'
      ...
    # Subtest: extra track
    ok 4 - extra track
      ---
      duration_ms: 4.517083
      type: 'test'
      ...
    # Subtest: duplicate track
    ok 5 - duplicate track
      ---
      duration_ms: 5.540625
      type: 'test'
      ...
    # Subtest: mixed pin
    ok 6 - mixed pin
      ---
      duration_ms: 6.800625
      type: 'test'
      ...
    # Subtest: source mismatch
    ok 7 - source mismatch
      ---
      duration_ms: 4.983375
      type: 'test'
      ...
    # Subtest: malformed pin
    ok 8 - malformed pin
      ---
      duration_ms: 6.8385
      type: 'test'
      ...
    # Subtest: mixed release
    ok 9 - mixed release
      ---
      duration_ms: 5.130584
      type: 'test'
      ...
    # Subtest: bad checksum
    ok 10 - bad checksum
      ---
      duration_ms: 6.3785
      type: 'test'
      ...
    # Subtest: bad manifest digest
    ok 11 - bad manifest digest
      ---
      duration_ms: 6.229916
      type: 'test'
      ...
    # Subtest: bad candidate identity
    ok 12 - bad candidate identity
      ---
      duration_ms: 4.715125
      type: 'test'
      ...
    # Subtest: wrong candidate path
    ok 13 - wrong candidate path
      ---
      duration_ms: 4.579875
      type: 'test'
      ...
    1..13
ok 54 - CI bootstrap fails closed for malformed v3 metadata without an active v2 fallback
  ---
  duration_ms: 74.606
  type: 'test'
  ...
# Subtest: CI bootstrap rejects valid-shaped metadata that disagrees with actual bundled hashes or versions
    # Subtest: bundledContentLockSha256
    ok 1 - bundledContentLockSha256
      ---
      duration_ms: 86.791042
      type: 'test'
      ...
    # Subtest: checksumSha256
    ok 2 - checksumSha256
      ---
      duration_ms: 484.926125
      type: 'test'
      ...
    # Subtest: contentVersion
    ok 3 - contentVersion
      ---
      duration_ms: 532.883709
      type: 'test'
      ...
    1..3
ok 55 - CI bootstrap rejects valid-shaped metadata that disagrees with actual bundled hashes or versions
  ---
  duration_ms: 1106.289459
  type: 'test'
  ...
# Subtest: both QA jobs share the strict pin reader and retain mandatory candidate and actual checkout identity gates
ok 56 - both QA jobs share the strict pin reader and retain mandatory candidate and actual checkout identity gates
  ---
  duration_ms: 2.804417
  type: 'test'
  ...
# Subtest: historical bootstrap preserves the exact frozen lock and distinct producer checkout
ok 57 - historical bootstrap preserves the exact frozen lock and distinct producer checkout
  ---
  duration_ms: 410.511167
  type: 'test'
  ...
# Subtest: Metro selects Certification Exam review fixtures only in smoke and keeps disabled peer inert
ok 58 - Metro selects Certification Exam review fixtures only in smoke and keeps disabled peer inert
  ---
  duration_ms: 701.906875
  type: 'test'
  ...
# Subtest: QA installs the frontend lock before native and root verification
ok 59 - QA installs the frontend lock before native and root verification
  ---
  duration_ms: 0.654125
  type: 'test'
  ...
# Subtest: EAS release configuration has explicit version, runtime, and channel policy
ok 60 - EAS release configuration has explicit version, runtime, and channel policy
  ---
  duration_ms: 1.503375
  type: 'test'
  ...
# Subtest: EAS source archives exclude generated native output, artifacts, and credentials
ok 61 - EAS source archives exclude generated native output, artifacts, and credentials
  ---
  duration_ms: 0.708458
  type: 'test'
  ...
# Subtest: exports exactly Coding and AWS from current ordinary Free pools with source-bound authored feedback
ok 62 - exports exactly Coding and AWS from current ordinary Free pools with source-bound authored feedback
  ---
  duration_ms: 1076.326459
  type: 'test'
  ...
# Subtest: snapshot check accepts exact bytes and rejects missing or stale generated content
ok 63 - snapshot check accepts exact bytes and rejects missing or stale generated content
  ---
  duration_ms: 0.593541
  type: 'test'
  ...
# Subtest: rejects source, identity, current locks/admission/receipts, family, and resolved Free-pool mismatches for each demo
ok 64 - rejects source, identity, current locks/admission/receipts, family, and resolved Free-pool mismatches for each demo
  ---
  duration_ms: 7.869
  type: 'test'
  ...
# Subtest: production exporter rejects the current incomplete canonical source before creating output
ok 65 - production exporter rejects the current incomplete canonical source before creating output
  ---
  duration_ms: 334.640917
  type: 'test'
  ...
# Subtest: synthetic seven-locale artifacts are marked unapproved and contain complete, interpolated drafts
ok 66 - synthetic seven-locale artifacts are marked unapproved and contain complete, interpolated drafts
  ---
  duration_ms: 22.225167
  type: 'test'
  ...
# Subtest: app legal exports retain the same output as parameterized template rendering
ok 67 - app legal exports retain the same output as parameterized template rendering
  ---
  duration_ms: 0.164292
  type: 'test'
  ...
# Subtest: release gate and exporter use the same canonical source fingerprint
ok 68 - release gate and exporter use the same canonical source fingerprint
  ---
  duration_ms: 654.508917
  type: 'test'
  ...
# Subtest: launch readiness CI is the complete exact-four-SHA owning gate
ok 69 - launch readiness CI is the complete exact-four-SHA owning gate
  ---
  duration_ms: 4.4385
  type: 'test'
  ...
# Subtest: mutations of any required SHA input fail closed
ok 70 - mutations of any required SHA input fail closed
  ---
  duration_ms: 9.527125
  type: 'test'
  ...
# Subtest: mutations of each fixed repository slug, ref, path and fetch depth fail closed
ok 71 - mutations of each fixed repository slug, ref, path and fetch depth fail closed
  ---
  duration_ms: 5.0945
  type: 'test'
  ...
# Subtest: mutations of historical lock resolution or app content roots fail closed
ok 72 - mutations of historical lock resolution or app content roots fail closed
  ---
  duration_ms: 1.848375
  type: 'test'
  ...
# Subtest: mutations of every exact-head or clean-worktree assertion fail closed
ok 73 - mutations of every exact-head or clean-worktree assertion fail closed
  ---
  duration_ms: 4.54575
  type: 'test'
  ...
# Subtest: mutations of toolchain and every npm ci owning gate fail closed
ok 74 - mutations of toolchain and every npm ci owning gate fail closed
  ---
  duration_ms: 6.000459
  type: 'test'
  ...
# Subtest: mutations of the web server wait, base URL and cleanup fail closed
ok 75 - mutations of the web server wait, base URL and cleanup fail closed
  ---
  duration_ms: 1.380792
  type: 'test'
  ...
# Subtest: mutations of backend sibling roots and content/web gate commands fail closed
ok 76 - mutations of backend sibling roots and content/web gate commands fail closed
  ---
  duration_ms: 1.596416
  type: 'test'
  ...
# Subtest: mutations of manifest creation, verification and enforced release fail closed
ok 77 - mutations of manifest creation, verification and enforced release fail closed
  ---
  duration_ms: 8.796
  type: 'test'
  ...
# Subtest: mutations of JSON validation, unconditional uploads and final outcome enforcement fail closed
ok 78 - mutations of JSON validation, unconditional uploads and final outcome enforcement fail closed
  ---
  duration_ms: 3.500917
  type: 'test'
  ...
# Subtest: moving candidate refs, write permissions or secrets fail closed
ok 79 - moving candidate refs, write permissions or secrets fail closed
  ---
  duration_ms: 1.596167
  type: 'test'
  ...
# Subtest: Metro selects proposal fixtures only in the smoke runtime
ok 80 - Metro selects proposal fixtures only in the smoke runtime
  ---
  duration_ms: 543.957417
  type: 'test'
  ...
# Subtest: one journal contract, materializer, verifier, and coordinator remain
ok 81 - one journal contract, materializer, verifier, and coordinator remain
  ---
  duration_ms: 1.079916
  type: 'test'
  ...
# Subtest: mutation failure has one boundary owner and presentation cannot recreate durable state
ok 82 - mutation failure has one boundary owner and presentation cannot recreate durable state
  ---
  duration_ms: 35.582541
  type: 'test'
  ...
# Subtest: features and track semantics cannot import storage or repository implementations
ok 83 - features and track semantics cannot import storage or repository implementations
  ---
  duration_ms: 8.535791
  type: 'test'
  ...
# Subtest: Algorithms runtime composition has no persistence binding
ok 84 - Algorithms runtime composition has no persistence binding
  ---
  duration_ms: 0.521667
  type: 'test'
  ...
# Subtest: Coding Interview read projections do not create a barrel cycle through the session facade
ok 85 - Coding Interview read projections do not create a barrel cycle through the session facade
  ---
  duration_ms: 0.264208
  type: 'test'
  ...
# Subtest: one family-neutral foreground timer is bound only in application composition, never in presentation
ok 86 - one family-neutral foreground timer is bound only in application composition, never in presentation
  ---
  duration_ms: 8.305958
  type: 'test'
  ...
# Subtest: training-session identity has one lifecycle authority and no obsolete runtime port
ok 87 - training-session identity has one lifecycle authority and no obsolete runtime port
  ---
  duration_ms: 7.656333
  type: 'test'
  ...
# Subtest: old active exam persistence owner and feature services are deleted
ok 88 - old active exam persistence owner and feature services are deleted
  ---
  duration_ms: 28.321625
  type: 'test'
  ...
# Subtest: Certification answers cannot recreate the deleted selector or competing writer
ok 89 - Certification answers cannot recreate the deleted selector or competing writer
  ---
  duration_ms: 33.021917
  type: 'test'
  ...
# Subtest: Certification presentation reads materialized feedback without owning family scoring
ok 90 - Certification presentation reads materialized feedback without owning family scoring
  ---
  duration_ms: 9.396541
  type: 'test'
  ...
# Subtest: Certification durable Practice state has one exact projection, recovery command, and shared notice mapper
ok 91 - Certification durable Practice state has one exact projection, recovery command, and shared notice mapper
  ---
  duration_ms: 0.925916
  type: 'test'
  ...
# Subtest: Certification route handoffs use exact resume intent and cannot hide failures behind start fallbacks
ok 92 - Certification route handoffs use exact resume intent and cannot hide failures behind start fallbacks
  ---
  duration_ms: 0.572958
  type: 'test'
  ...
# Subtest: presentation routes use application ports without persistence internals
ok 93 - presentation routes use application ports without persistence internals
  ---
  duration_ms: 6.379334
  type: 'test'
  ...
# Subtest: startup recovery uses canonical bootstrap recovery
ok 94 - startup recovery uses canonical bootstrap recovery
  ---
  duration_ms: 0.106542
  type: 'test'
  ...
# Subtest: release-native configuration excludes canonical learning storage from backup and unneeded ingress
ok 95 - release-native configuration excludes canonical learning storage from backup and unneeded ingress
  ---
  duration_ms: 0.821292
  type: 'test'
  ...
# Subtest: Android privacy transforms are reproducible without generated native projects
ok 96 - Android privacy transforms are reproducible without generated native projects
  ---
  duration_ms: 0.878208
  type: 'test'
  ...
# Subtest: iOS backup transform is reproducible without a generated AppDelegate
ok 97 - iOS backup transform is reproducible without a generated AppDelegate
  ---
  duration_ms: 0.110333
  type: 'test'
  ...
# Subtest: clean iOS output declares current data collection without tracking or remote notifications
ok 98 - clean iOS output declares current data collection without tracking or remote notifications
  ---
  duration_ms: 6.261083
  type: 'test'
  ...
# Subtest: Expo platform configuration declares the supported phone-only native matrix
ok 99 - Expo platform configuration declares the supported phone-only native matrix
  ---
  duration_ms: 1.402834
  type: 'test'
  ...
# Subtest: Premium node offers and their local fixture transport share one smoke-only Metro module
ok 100 - Premium node offers and their local fixture transport share one smoke-only Metro module
  ---
  duration_ms: 467.2225
  type: 'test'
  ...
# Subtest: release Metro source selections cannot expose the local Premium offer or payload
ok 101 - release Metro source selections cannot expose the local Premium offer or payload
  ---
  duration_ms: 31.607875
  type: 'test'
  ...
# Subtest: provider auth fixture runtime resolves to smoke implementation only for smoke
ok 102 - provider auth fixture runtime resolves to smoke implementation only for smoke
  ---
  duration_ms: 477.99775
  type: 'test'
  ...
# Subtest: non-smoke provider fixture peer contains no token-generation or provider-auth SDK calls
ok 103 - non-smoke provider fixture peer contains no token-generation or provider-auth SDK calls
  ---
  duration_ms: 11.881459
  type: 'test'
  ...
# Subtest: recovery integration refuses missing producer pins before starting emulators
ok 104 - recovery integration refuses missing producer pins before starting emulators
  ---
  duration_ms: 113.983959
  type: 'test'
  ...
# Subtest: recovery integration refuses blank producer pins before starting emulators
ok 105 - recovery integration refuses blank producer pins before starting emulators
  ---
  duration_ms: 90.314209
  type: 'test'
  ...
# Subtest: an explicit producer pin file retains the exact repository HEAD fence
ok 106 - an explicit producer pin file retains the exact repository HEAD fence
  ---
  duration_ms: 161.817334
  type: 'test'
  ...
# Subtest: mobile recovery coordinator, secure-store fixture and adapter complete real HTTP recovery operations
ok 107 - mobile recovery coordinator, secure-store fixture and adapter complete real HTTP recovery operations # SKIP
  ---
  duration_ms: 0.497291
  type: 'test'
  ...
# Subtest: HTTP session revoke conflicts with an unacknowledged recovery result and succeeds after its ACK
ok 108 - HTTP session revoke conflicts with an unacknowledged recovery result and succeeds after its ACK # SKIP
  ---
  duration_ms: 0.055333
  type: 'test'
  ...
# Subtest: same-operation concurrent HTTP recovery consumes return the persisted real Admin winner
ok 109 - same-operation concurrent HTTP recovery consumes return the persisted real Admin winner # SKIP
  ---
  duration_ms: 0.035708
  type: 'test'
  ...
# Subtest: HTTP account deletion supersedes an unacknowledged recovery result and removes its proof-bound data
ok 110 - HTTP account deletion supersedes an unacknowledged recovery result and removes its proof-bound data # SKIP
  ---
  duration_ms: 0.031833
  type: 'test'
  ...
# Subtest: launch readiness report is deterministic and exposes the unresolved release blockers
ok 111 - launch readiness report is deterministic and exposes the unresolved release blockers
  ---
  duration_ms: 1087.006666
  type: 'test'
  ...
# Subtest: release readiness reports missing, malformed, and complete public legal configuration safely
ok 112 - release readiness reports missing, malformed, and complete public legal configuration safely
  ---
  duration_ms: 3657.410708
  type: 'test'
  ...
# Subtest: launch readiness rejects a forged runtime admission
ok 113 - launch readiness rejects a forged runtime admission
  ---
  duration_ms: 747.080917
  type: 'test'
  ...
# Subtest: release gate fails while the readiness report contains blockers
ok 114 - release gate fails while the readiness report contains blockers
  ---
  duration_ms: 665.535833
  type: 'test'
  ...
# Subtest: enforced release gate requires a verified four-repository manifest
ok 115 - enforced release gate requires a verified four-repository manifest
  ---
  duration_ms: 692.700167
  type: 'test'
  ...
# Subtest: launch readiness fails closed when the content evidence checkout is dirty
ok 116 - launch readiness fails closed when the content evidence checkout is dirty
  ---
  duration_ms: 332.353417
  type: 'test'
  ...
# Subtest: explicit report output is written after inspection and does not dirty either worktree
ok 117 - explicit report output is written after inspection and does not dirty either worktree
  ---
  duration_ms: 904.766625
  type: 'test'
  ...
# Subtest: owning validator rejects stale identity and malformed readiness semantics
ok 118 - owning validator rejects stale identity and malformed readiness semantics
  ---
  duration_ms: 5479.149875
  type: 'test'
  ...
# Subtest: enforced mode still writes a valid report before returning exit 1
ok 119 - enforced mode still writes a valid report before returning exit 1
  ---
  duration_ms: 1195.577708
  type: 'test'
  ...
# Subtest: CLI rejects malformed arguments and physical output paths inside either worktree
ok 120 - CLI rejects malformed arguments and physical output paths inside either worktree
  ---
  duration_ms: 3130.073417
  type: 'test'
  ...
# Subtest: launch readiness fails closed when the application release lock provenance is invalid
ok 121 - launch readiness fails closed when the application release lock provenance is invalid
  ---
  duration_ms: 1068.18425
  type: 'test'
  ...
# Subtest: launch readiness fails closed when the application evidence checkout is dirty
ok 122 - launch readiness fails closed when the application evidence checkout is dirty
  ---
  duration_ms: 912.418416
  type: 'test'
  ...
# Subtest: launch readiness admits external evidence only when its envelope is bound and self-integral
ok 123 - launch readiness admits external evidence only when its envelope is bound and self-integral
  ---
  duration_ms: 3406.562667
  type: 'test'
  ...
# Subtest: physical-device evidence is optional through freeze and mandatory at go
ok 124 - physical-device evidence is optional through freeze and mandatory at go
  ---
  duration_ms: 3025.326542
  type: 'test'
  ...
# Subtest: stage contract keeps PO, provider, store, and device evidence out of local and freeze
not ok 125 - stage contract keeps PO, provider, store, and device evidence out of local and freeze
  ---
  duration_ms: 2873.245583
  type: 'test'
  location: '/Users/lukaszkurczab/Desktop/Projects/Patternly/patternly/scripts/releaseGate.test.mjs:496:1'
  failureType: 'testCodeFailure'
  error: |-
    Expected values to be strictly deep-equal:
    + actual - expected

      [
        {
    +     changedPathCount: 77,
    -     changedPathCount: 76,
          kind: 'application_worktree_dirty'
        },
        {
          changedPathCount: 54,
          kind: 'content_readiness_worktree_dirty'

  code: 'ERR_ASSERTION'
  name: 'AssertionError'
  expected:
    0:
      kind: 'application_worktree_dirty'
      changedPathCount: 76
    1:
      kind: 'content_readiness_worktree_dirty'
      changedPathCount: 54
  actual:
    0:
      kind: 'application_worktree_dirty'
      changedPathCount: 77
    1:
      kind: 'content_readiness_worktree_dirty'
      changedPathCount: 54
  operator: 'deepStrictEqual'
  stack: |-
    TestContext.<anonymous> (file:///Users/lukaszkurczab/Desktop/Projects/Patternly/patternly/scripts/releaseGate.test.mjs:514:10)
    Test.runInAsyncScope (node:async_hooks:214:14)
    Test.run (node:internal/test_runner/test:1047:25)
    Test.processPendingSubtests (node:internal/test_runner/test:744:18)
    Test.postRun (node:internal/test_runner/test:1173:19)
    Test.run (node:internal/test_runner/test:1101:12)
    async Test.processPendingSubtests (node:internal/test_runner/test:744:7)
  ...
# Subtest: creates deterministic portable identity with repositories, locks, build, configuration, and evidence
ok 126 - creates deterministic portable identity with repositories, locks, build, configuration, and evidence
  ---
  duration_ms: 4046.330833
  type: 'test'
  ...
# Subtest: verifies exact HEADs, clean worktrees, hashes and current content/OpenAPI owning checks
ok 127 - verifies exact HEADs, clean worktrees, hashes and current content/OpenAPI owning checks
  ---
  duration_ms: 1790.676833
  type: 'test'
  ...
# Subtest: CLI create output can be copied to another external directory and verified
ok 128 - CLI create output can be copied to another external directory and verified
  ---
  duration_ms: 4133.996375
  type: 'test'
  ...
# Subtest: enforced releaseGate reports a verified manifest identity without absolute paths
ok 129 - enforced releaseGate reports a verified manifest identity without absolute paths
  ---
  duration_ms: 5309.9245
  type: 'test'
  ...
# Subtest: releaseGate accepts only a physical receipt for the exact embedded manifest and build
ok 130 - releaseGate accepts only a physical receipt for the exact embedded manifest and build
  ---
  duration_ms: 9554.456166
  type: 'test'
  ...
# Subtest: runtime receipt rejects every mismatch with the verified embedded artifact
ok 131 - runtime receipt rejects every mismatch with the verified embedded artifact
  ---
  duration_ms: 0.728666
  type: 'test'
  ...
# Subtest: enforced releaseGate writes portable reports for invalid and missing manifests
ok 132 - enforced releaseGate writes portable reports for invalid and missing manifests
  ---
  duration_ms: 2370.962
  type: 'test'
  ...
# Subtest: rejects missing, extra and duplicate repository roles plus the legacy two-SHA shape
ok 133 - rejects missing, extra and duplicate repository roles plus the legacy two-SHA shape
  ---
  duration_ms: 3.34075
  type: 'test'
  ...
# Subtest: rejects wrong manifest identity, stale candidate/track scope and wrong repository SHA
ok 134 - rejects wrong manifest identity, stale candidate/track scope and wrong repository SHA
  ---
  duration_ms: 832.174666
  type: 'test'
  ...
# Subtest: rejects modified evidence before accepting a portable reference
ok 135 - rejects modified evidence before accepting a portable reference
  ---
  duration_ms: 269.332167
  type: 'test'
  ...
# Subtest: rejects changed iOS build, public configuration, and signing evidence bytes
ok 136 - rejects changed iOS build, public configuration, and signing evidence bytes
  ---
  duration_ms: 1184.967459
  type: 'test'
  ...
# Subtest: rejects absolute, traversal and symlink references
ok 137 - rejects absolute, traversal and symlink references
  ---
  duration_ms: 1.299333
  type: 'test'
  ...
# Subtest: rejects dirty repositories and output paths inside or through symlinked parents
ok 138 - rejects dirty repositories and output paths inside or through symlinked parents
  ---
  duration_ms: 18.624084
  type: 'test'
  ...
# Subtest: local profile dotenv parser has no process side effect
ok 139 - local profile dotenv parser has no process side effect
  ---
  duration_ms: 1.480458
  type: 'test'
  ...
# Subtest: the default iOS command uses the local profile and sandbox remains explicit
ok 140 - the default iOS command uses the local profile and sandbox remains explicit
  ---
  duration_ms: 0.202
  type: 'test'
  ...
# Subtest: smoke profile requires explicit matching local E2E endpoints
ok 141 - smoke profile requires explicit matching local E2E endpoints
  ---
  duration_ms: 0.414542
  type: 'test'
  ...
# Subtest: sandbox profile rejects every local auth override
ok 142 - sandbox profile rejects every local auth override
  ---
  duration_ms: 0.101416
  type: 'test'
  ...
# Subtest: smoke emulator probe reports profile, origin, and action on failure
ok 143 - smoke emulator probe reports profile, origin, and action on failure
  ---
  duration_ms: 0.65225
  type: 'test'
  ...
# Subtest: Auth probe requires the documented emulator configuration response
ok 144 - Auth probe requires the documented emulator configuration response
  ---
  duration_ms: 0.563625
  type: 'test'
  ...
# Subtest: API readiness waits for dependencies and rejects false checks
ok 145 - API readiness waits for dependencies and rejects false checks
  ---
  duration_ms: 8.164542
  type: 'test'
  ...
# Subtest: failed smoke preflight cannot spawn Expo
ok 146 - failed smoke preflight cannot spawn Expo
  ---
  duration_ms: 5005.284084
  type: 'test'
  ...
# Subtest: sync replaces the whole generated directory with an exact validated set
ok 147 - sync replaces the whole generated directory with an exact validated set
  ---
  duration_ms: 110.908625
  type: 'test'
  ...
# Subtest: sync accepts a complete GCP Exam envelope inside the artifact lock boundary
ok 148 - sync accepts a complete GCP Exam envelope inside the artifact lock boundary
  ---
  duration_ms: 61.638875
  type: 'test'
  ...
# Subtest: sync accepts the exact Coding Mock profile with its ordered 40-question pool
ok 149 - sync accepts the exact Coding Mock profile with its ordered 40-question pool
  ---
  duration_ms: 55.402541
  type: 'test'
  ...
# Subtest: sync accepts and preserves each exact per-track Design Interview simulation profile
ok 150 - sync accepts and preserves each exact per-track Design Interview simulation profile
  ---
  duration_ms: 76.023
  type: 'test'
  ...
# Subtest: sync rejects Design profile identity, deadline, stage, response, criterion, rubric, and scoring drift
ok 151 - sync rejects Design profile identity, deadline, stage, response, criterion, rubric, and scoring drift
  ---
  duration_ms: 203.854917
  type: 'test'
  ...
# Subtest: sync rejects Coding Mock profiles that drift from the declared strict contract
ok 152 - sync rejects Coding Mock profiles that drift from the declared strict contract
  ---
  duration_ms: 192.963541
  type: 'test'
  ...
# Subtest: sync continues to accept a legacy GCP artifact without simulation metadata
ok 153 - sync continues to accept a legacy GCP artifact without simulation metadata
  ---
  duration_ms: 71.626917
  type: 'test'
  ...
# Subtest: sync rejects malformed GCP profiles before replacing the target even when lock SHA is recomputed
ok 154 - sync rejects malformed GCP profiles before replacing the target even when lock SHA is recomputed
  ---
  duration_ms: 320.624917
  type: 'test'
  ...
# Subtest: check mode proves byte parity and never writes inside the application root
ok 155 - check mode proves byte parity and never writes inside the application root
  ---
  duration_ms: 94.791875
  type: 'test'
  ...
# Subtest: check fails on byte drift without repairing it
ok 156 - check fails on byte drift without repairing it
  ---
  duration_ms: 71.74725
  type: 'test'
  ...
# Subtest: producer failure preserves the existing complete target and cleans staging
ok 157 - producer failure preserves the existing complete target and cleans staging
  ---
  duration_ms: 50.736417
  type: 'test'
  ...
# Subtest: failed second rename rolls back the previous directory
ok 158 - failed second rename rolls back the previous directory
  ---
  duration_ms: 111.662541
  type: 'test'
  ...
# Subtest: an interrupted target-to-backup move is recovered before replacement
ok 159 - an interrupted target-to-backup move is recovered before replacement
  ---
  duration_ms: 103.587209
  type: 'test'
  ...
# Subtest: validation rejects extra files, duplicate IDs, tampering, and symlink entries
ok 160 - validation rejects extra files, duplicate IDs, tampering, and symlink entries
  ---
  duration_ms: 34.437917
  type: 'test'
  ...
# Subtest: validation rejects a missing or misnamed artifact and an unsorted lock
ok 161 - validation rejects a missing or misnamed artifact and an unsorted lock
  ---
  duration_ms: 24.476583
  type: 'test'
  ...
# Subtest: failed first rename preserves the target byte-for-byte and leaves no transaction debris
ok 162 - failed first rename preserves the target byte-for-byte and leaves no transaction debris
  ---
  duration_ms: 85.359666
  type: 'test'
  ...
# Subtest: a symlinked target parent fails before staging and cannot write outside appRoot
ok 163 - a symlinked target parent fails before staging and cannot write outside appRoot
  ---
  duration_ms: 11.853542
  type: 'test'
  ...
# Subtest: dirty producer state fails before build or application write
ok 164 - dirty producer state fails before build or application write
  ---
  duration_ms: 11.03975
  type: 'test'
  ...
# Subtest: check rejects a temporary root inside appRoot before any app-tree write
ok 165 - check rejects a temporary root inside appRoot before any app-tree write
  ---
  duration_ms: 45.841667
  type: 'test'
  ...
# CONTENT_BOUNDARY_CHECK=passed
# Subtest: content boundary rejects global fetch ingress but ignores property fetch methods
ok 166 - content boundary rejects global fetch ingress but ignores property fetch methods
  ---
  duration_ms: 0.553291
  type: 'test'
  ...
# Subtest: content boundary rejects legacy identity types and fields in active runtime code
ok 167 - content boundary rejects legacy identity types and fields in active runtime code
  ---
  duration_ms: 0.147417
  type: 'test'
  ...
# Subtest: content boundary rejects legacy published-bank contracts and family catalogs
ok 168 - content boundary rejects legacy published-bank contracts and family catalogs
  ---
  duration_ms: 0.12
  type: 'test'
  ...
# Subtest: content boundary permits legacy shape only at fail-closed boundaries
ok 169 - content boundary permits legacy shape only at fail-closed boundaries
  ---
  duration_ms: 0.83375
  type: 'test'
  ...
# Subtest: content boundary never permits removed family architecture through explicit allowlists
ok 170 - content boundary never permits removed family architecture through explicit allowlists
  ---
  duration_ms: 0.098541
  type: 'test'
  ...
# Subtest: content boundary permits quoted legacy keys used only by fail-closed rejection guards
ok 171 - content boundary permits quoted legacy keys used only by fail-closed rejection guards
  ---
  duration_ms: 0.06
  type: 'test'
  ...
# Subtest: recognizes only an enumerated ContentPreparationGate state
ok 172 - recognizes only an enumerated ContentPreparationGate state
  ---
  duration_ms: 0.572417
  type: 'test'
  ...
# Subtest: waits through transient hierarchy failures and returns once a gate state is visible
ok 173 - waits through transient hierarchy failures and returns once a gate state is visible
  ---
  duration_ms: 0.142208
  type: 'test'
  ...
# Subtest: fails closed at the bounded deadline when no gate state is visible
ok 174 - fails closed at the bounded deadline when no gate state is visible
  ---
  duration_ms: 0.274792
  type: 'test'
  ...
# Subtest: deletion authorization expires, binds both UID and generation, and cannot be replayed
ok 175 - deletion authorization expires, binds both UID and generation, and cannot be replayed
  ---
  duration_ms: 1.016916
  type: 'test'
  ...
# Subtest: deletion authorization reports a live grant without consuming it
ok 176 - deletion authorization reports a live grant without consuming it
  ---
  duration_ms: 0.181958
  type: 'test'
  ...
# Subtest: foreground refresh guard skips only a current live deletion grant
ok 177 - foreground refresh guard skips only a current live deletion grant
  ---
  duration_ms: 0.110167
  type: 'test'
  ...
# Subtest: a foreground refresh queued behind prepareDeletion skips the issued grant without consuming it
ok 178 - a foreground refresh queued behind prepareDeletion skips the issued grant without consuming it
  ---
  duration_ms: 1.2595
  type: 'test'
  ...
# Subtest: wrong reauthentication never issues a deletion grant or reaches deletion
ok 179 - wrong reauthentication never issues a deletion grant or reaches deletion
  ---
  duration_ms: 0.126458
  type: 'test'
  ...
# Subtest: a session change after reauthentication prevents grant issuance
ok 180 - a session change after reauthentication prevents grant issuance
  ---
  duration_ms: 0.085125
  type: 'test'
  ...
# Subtest: deletion authorization prepares the backend session after reauthentication and before issuing the grant
ok 181 - deletion authorization prepares the backend session after reauthentication and before issuing the grant
  ---
  duration_ms: 0.101875
  type: 'test'
  ...
# Subtest: deletion authorization fails closed when backend session preparation fails
ok 182 - deletion authorization fails closed when backend session preparation fails
  ---
  duration_ms: 0.095708
  type: 'test'
  ...
# Subtest: deletion authorization fails closed when the session changes during backend session preparation
ok 183 - deletion authorization fails closed when the session changes during backend session preparation
  ---
  duration_ms: 0.2475
  type: 'test'
  ...
# Subtest: verify-before email mutation reports pending work while the current email stays unchanged
ok 184 - verify-before email mutation reports pending work while the current email stays unchanged
  ---
  duration_ms: 0.362167
  type: 'test'
  ...
# Subtest: password mutation failures remain failures after successful reauthentication
ok 185 - password mutation failures remain failures after successful reauthentication
  ---
  duration_ms: 0.091584
  type: 'test'
  ...
# Subtest: sensitive command lane rejects a concurrent different command
ok 186 - sensitive command lane rejects a concurrent different command
  ---
  duration_ms: 0.672042
  type: 'test'
  ...
# Subtest: a second login waits until the first account's Firebase sign-out settles
ok 187 - a second login waits until the first account's Firebase sign-out settles
  ---
  duration_ms: 0.4855
  type: 'test'
  ...
# Subtest: sensitive command lane waits for an active command only through the refresh path
ok 188 - sensitive command lane waits for an active command only through the refresh path
  ---
  duration_ms: 0.259541
  type: 'test'
  ...
# Subtest: waiting refresh drains a command that starts at the idle microtask boundary
ok 189 - waiting refresh drains a command that starts at the idle microtask boundary
  ---
  duration_ms: 0.267916
  type: 'test'
  ...
# Subtest: an active refresh settles before a command claims the lane, even when refresh fails
ok 190 - an active refresh settles before a command claims the lane, even when refresh fails
  ---
  duration_ms: 0.144459
  type: 'test'
  ...
# Subtest: two commands waiting for one refresh leave only the first command admitted
ok 191 - two commands waiting for one refresh leave only the first command admitted
  ---
  duration_ms: 0.109208
  type: 'test'
  ...
# Subtest: refresh holds are refcounted and idempotent while explicit commands remain available
ok 192 - refresh holds are refcounted and idempotent while explicit commands remain available
  ---
  duration_ms: 0.115208
  type: 'test'
  ...
# Subtest: prompt hold lifecycle releases exactly once across success, cancel, error, and unmount paths
ok 193 - prompt hold lifecycle releases exactly once across success, cancel, error, and unmount paths
  ---
  duration_ms: 0.08275
  type: 'test'
  ...
# Subtest: a prompt callback can submit during a refresh hold before its queued foreground refresh
ok 194 - a prompt callback can submit during a refresh hold before its queued foreground refresh
  ---
  duration_ms: 0.278459
  type: 'test'
  ...
# Subtest: a prompt callback during an active refresh keeps queued refresh and submit serialized
ok 195 - a prompt callback during an active refresh keeps queued refresh and submit serialized
  ---
  duration_ms: 0.167541
  type: 'test'
  ...
# Subtest: auth command composition keeps provider credentials and hold-only deletion wiring
ok 196 - auth command composition keeps provider credentials and hold-only deletion wiring
  ---
  duration_ms: 1.191334
  type: 'test'
  ...
# Subtest: account snapshot and outbox use one exact canonical identity contract
ok 197 - account snapshot and outbox use one exact canonical identity contract
  ---
  duration_ms: 10.205875
  type: 'test'
  ...
# Subtest: stored account state rejects removed protocol and content schema fields
ok 198 - stored account state rejects removed protocol and content schema fields
  ---
  duration_ms: 0.573708
  type: 'test'
  ...
# Subtest: guest adoption choice is canonical and survives a durable reread
ok 199 - guest adoption choice is canonical and survives a durable reread
  ---
  duration_ms: 0.508042
  type: 'test'
  ...
# Subtest: stored account state fails closed instead of assigning missing outbox sequence
ok 200 - stored account state fails closed instead of assigning missing outbox sequence
  ---
  duration_ms: 2.88025
  type: 'test'
  ...
# Subtest: account export distinguishes recent authentication, revoked sessions, transport, limits, and 5xx
ok 201 - account export distinguishes recent authentication, revoked sessions, transport, limits, and 5xx
  ---
  duration_ms: 2.187791
  type: 'test'
  ...
# Subtest: validates the account export envelope before any file is created
ok 202 - validates the account export envelope before any file is created
  ---
  duration_ms: 1.774375
  type: 'test'
  ...
# Subtest: rejects partial profiles and malformed section entries
ok 203 - rejects partial profiles and malformed section entries
  ---
  duration_ms: 0.270792
  type: 'test'
  ...
# Subtest: writes to the cache-prefixed filename and deletes after sharing
ok 204 - writes to the cache-prefixed filename and deletes after sharing
  ---
  duration_ms: 0.298166
  type: 'test'
  ...
# Subtest: deletes the temporary file when the share sheet rejects
ok 205 - deletes the temporary file when the share sheet rejects
  ---
  duration_ms: 0.109
  type: 'test'
  ...
# Subtest: does not create a file when system sharing is unavailable
ok 206 - does not create a file when system sharing is unavailable
  ---
  duration_ms: 0.382125
  type: 'test'
  ...
# Subtest: classifies cache file construction failures without rejecting
ok 207 - classifies cache file construction failures without rejecting
  ---
  duration_ms: 0.109583
  type: 'test'
  ...
# Subtest: a changed account session is rejected before sharing and the file is deleted
ok 208 - a changed account session is rejected before sharing and the file is deleted
  ---
  duration_ms: 0.191333
  type: 'test'
  ...
# Subtest: reports a failed final cleanup and leaves bootstrap responsible for retry
ok 209 - reports a failed final cleanup and leaves bootstrap responsible for retry
  ---
  duration_ms: 0.099333
  type: 'test'
  ...
# Subtest: bootstrap cleanup without an active storage profile preserves all export files
ok 210 - bootstrap cleanup without an active storage profile preserves all export files
  ---
  duration_ms: 0.324
  type: 'test'
  ...
# Subtest: account export cache cleanup is limited to the selected local profile
ok 211 - account export cache cleanup is limited to the selected local profile
  ---
  duration_ms: 0.432625
  type: 'test'
  ...
# Subtest: profile cleanup leaves legacy unscoped exports because their owner cannot be proven
ok 212 - profile cleanup leaves legacy unscoped exports because their owner cannot be proven
  ---
  duration_ms: 0.093667
  type: 'test'
  ...
# Subtest: guest-merge materialization accepts its timestamp-free contract only when active track is unambiguous
ok 213 - guest-merge materialization accepts its timestamp-free contract only when active track is unambiguous
  ---
  duration_ms: 1.525375
  type: 'test'
  ...
# Subtest: requestEmailChange preserves the global classifier and exposes only the email conflict locally
ok 214 - requestEmailChange preserves the global classifier and exposes only the email conflict locally
  ---
  duration_ms: 1.836875
  type: 'test'
  ...
# Subtest: requestEmailChange keeps operational failures in their existing categories
ok 215 - requestEmailChange keeps operational failures in their existing categories
  ---
  duration_ms: 0.335959
  type: 'test'
  ...
# Subtest: requestEmailChange owns the contextual mapper without changing the Firebase client contract
ok 216 - requestEmailChange owns the contextual mapper without changing the Firebase client contract
  ---
  duration_ms: 0.711667
  type: 'test'
  ...
# Subtest: foreground scheduler coalesces duplicate active events and runs a newer return after the current refresh
ok 217 - foreground scheduler coalesces duplicate active events and runs a newer return after the current refresh
  ---
  duration_ms: 1.537959
  type: 'test'
  ...
# Subtest: foreground scheduler cleanup cancels queued work and drops stale intents
ok 218 - foreground scheduler cleanup cancels queued work and drops stale intents
  ---
  duration_ms: 0.2115
  type: 'test'
  ...
# Subtest: ODK-E2E-041 keeps a runnable guest goal to account restart journey
ok 219 - ODK-E2E-041 keeps a runnable guest goal to account restart journey
  ---
  duration_ms: 1.256041
  type: 'test'
  ...
# Subtest: ODK-E2E-041 preserves the per-track dismissal and restart proof
ok 220 - ODK-E2E-041 preserves the per-track dismissal and restart proof
  ---
  duration_ms: 0.3525
  type: 'test'
  ...
# Subtest: ODK-E2E-041 covers an existing goal on a clean device and an account without a goal
ok 221 - ODK-E2E-041 covers an existing goal on a clean device and an account without a goal
  ---
  duration_ms: 0.516708
  type: 'test'
  ...
# Subtest: ODK-E2E-041 data evidence covers identity, atomic goal-plan validation, recovery, and explicit UI states
ok 222 - ODK-E2E-041 data evidence covers identity, atomic goal-plan validation, recovery, and explicit UI states
  ---
  duration_ms: 0.652333
  type: 'test'
  ...
# Subtest: ODK-E2E-041 visual matrix maps every required journey to executable evidence
ok 223 - ODK-E2E-041 visual matrix maps every required journey to executable evidence
  ---
  duration_ms: 1.205459
  type: 'test'
  ...
# Subtest: public environment and Firebase client configuration fail closed
ok 224 - public environment and Firebase client configuration fail closed
  ---
  duration_ms: 1.93875
  type: 'test'
  ...
# Subtest: Firebase account configuration requires core fields and accepts only valid optional Google IDs
ok 225 - Firebase account configuration requires core fields and accepts only valid optional Google IDs
  ---
  duration_ms: 0.64625
  type: 'test'
  ...
# Subtest: native App Check composes either provider, both providers, or an explicit unavailable state
ok 226 - native App Check composes either provider, both providers, or an explicit unavailable state
  ---
  duration_ms: 0.49175
  type: 'test'
  ...
# Subtest: only the explicit local smoke runtime finalizes every password-identity command without verification side effects
ok 227 - only the explicit local smoke runtime finalizes every password-identity command without verification side effects
  ---
  duration_ms: 0.310708
  type: 'test'
  ...
# Subtest: account entry copy makes the destructive choice and code acknowledgement explicit
ok 228 - account entry copy makes the destructive choice and code acknowledgement explicit
  ---
  duration_ms: 0.918792
  type: 'test'
  ...
# Subtest: account entry owns one terminal choice and keeps synced account controls separate
ok 229 - account entry owns one terminal choice and keeps synced account controls separate
  ---
  duration_ms: 2.556084
  type: 'test'
  ...
# Subtest: account recovery owns one status message, a truthful retry, and a sign-out exit
ok 230 - account recovery owns one status message, a truthful retry, and a sign-out exit
  ---
  duration_ms: 1.885208
  type: 'test'
  ...
# Subtest: current-account ISSUE defer requires an explicit sign-in, canonical session check, and persistent identity fence
ok 231 - current-account ISSUE defer requires an explicit sign-in, canonical session check, and persistent identity fence
  ---
  duration_ms: 0.660875
  type: 'test'
  ...
# Subtest: account recovery back action follows live navigator history
ok 232 - account recovery back action follows live navigator history
  ---
  duration_ms: 0.460834
  type: 'test'
  ...
# Subtest: signed-out sign-in presentation is independent of pending remote revocation
ok 233 - signed-out sign-in presentation is independent of pending remote revocation
  ---
  duration_ms: 1.45675
  type: 'test'
  ...
# Subtest: local sign-out persists its block before closing scope and never invokes remote preparation
ok 234 - local sign-out persists its block before closing scope and never invokes remote preparation
  ---
  duration_ms: 0.581083
  type: 'test'
  ...
# Subtest: completed sign-out cannot publish signed-out state over a newly authenticated UID
ok 235 - completed sign-out cannot publish signed-out state over a newly authenticated UID
  ---
  duration_ms: 0.299333
  type: 'test'
  ...
# Subtest: explicit login and registration Auth mutations serialize with local sign-out
ok 236 - explicit login and registration Auth mutations serialize with local sign-out
  ---
  duration_ms: 0.526792
  type: 'test'
  ...
# Subtest: restored matching logout block closes scope and remains pending until manual retry
ok 237 - restored matching logout block closes scope and remains pending until manual retry
  ---
  duration_ms: 0.743791
  type: 'test'
  ...
# Subtest: foreground identity publication keeps the latest account data and rejects stale generations
ok 238 - foreground identity publication keeps the latest account data and rejects stale generations
  ---
  duration_ms: 0.365334
  type: 'test'
  ...
# Subtest: queued identity refresh is rejected by the production guard after sign-out or UID switch
ok 239 - queued identity refresh is rejected by the production guard after sign-out or UID switch
  ---
  duration_ms: 0.359875
  type: 'test'
  ...
# Subtest: email security composition delegates refresh to the global foreground owner
ok 240 - email security composition delegates refresh to the global foreground owner
  ---
  duration_ms: 1.078333
  type: 'test'
  ...
# Subtest: the foreground owner retries plan recovery at bootstrap, reconnect, foreground, and its durable timer
ok 241 - the foreground owner retries plan recovery at bootstrap, reconnect, foreground, and its durable timer
  ---
  duration_ms: 0.256958
  type: 'test'
  ...
# Subtest: sign-in keeps guest access visible and uses the approved Google logo asset
ok 242 - sign-in keeps guest access visible and uses the approved Google logo asset
  ---
  duration_ms: 1.384292
  type: 'test'
  ...
# Subtest: registration keeps consent presentation separate from the boolean domain contract
ok 243 - registration keeps consent presentation separate from the boolean domain contract
  ---
  duration_ms: 2.64525
  type: 'test'
  ...
# Subtest: both recovery-code surfaces warn before copying through the guarded clipboard
ok 244 - both recovery-code surfaces warn before copying through the guarded clipboard
  ---
  duration_ms: 0.8375
  type: 'test'
  ...
# Subtest: unconfigured account entry never composes Google OAuth without typed provider configuration
ok 245 - unconfigured account entry never composes Google OAuth without typed provider configuration
  ---
  duration_ms: 0.515666
  type: 'test'
  ...
# Subtest: a guest transition resets navigation into the application session
ok 246 - a guest transition resets navigation into the application session
  ---
  duration_ms: 0.094
  type: 'test'
  ...
# Subtest: secure auth persistence stores only a Firebase refresh-token-shaped record
ok 247 - secure auth persistence stores only a Firebase refresh-token-shaped record
  ---
  duration_ms: 0.460542
  type: 'test'
  ...
# Subtest: secure auth persistence isolates Firebase metadata from the saved auth user
ok 248 - secure auth persistence isolates Firebase metadata from the saved auth user
  ---
  duration_ms: 0.707291
  type: 'test'
  ...
# Subtest: startup waits for persisted auth resolution before choosing the entry screen or Home
ok 249 - startup waits for persisted auth resolution before choosing the entry screen or Home
  ---
  duration_ms: 0.782083
  type: 'test'
  ...
# Subtest: account finalization coordinator shares one in-flight and completed result per generation
ok 250 - account finalization coordinator shares one in-flight and completed result per generation
  ---
  duration_ms: 0.266583
  type: 'test'
  ...
# Subtest: account finalization coordinator drops late results after invalidation and disposal
ok 251 - account finalization coordinator drops late results after invalidation and disposal
  ---
  duration_ms: 0.351708
  type: 'test'
  ...
# Subtest: read-only generation capture cannot reactivate a session during sign-out
ok 252 - read-only generation capture cannot reactivate a session during sign-out
  ---
  duration_ms: 0.088916
  type: 'test'
  ...
# Subtest: account restore has a bounded initialization recovery path
ok 253 - account restore has a bounded initialization recovery path
  ---
  duration_ms: 0.62275
  type: 'test'
  ...
# Subtest: App Check has an explicit unavailable state and never fabricates a token
ok 254 - App Check has an explicit unavailable state and never fabricates a token
  ---
  duration_ms: 0.137041
  type: 'test'
  ...
# Subtest: account failures expose explicit provider, network, expiry, and revoked-session states
ok 255 - account failures expose explicit provider, network, expiry, and revoked-session states
  ---
  duration_ms: 0.5635
  type: 'test'
  ...
# Subtest: cold account_not_found clears persisted Firebase auth or exposes a truthful sign-out retry
ok 256 - cold account_not_found clears persisted Firebase auth or exposes a truthful sign-out retry
  ---
  duration_ms: 0.352792
  type: 'test'
  ...
# Subtest: privacy requests expose App Check failures as unavailable
ok 257 - privacy requests expose App Check failures as unavailable
  ---
  duration_ms: 0.120791
  type: 'test'
  ...
# Subtest: account sync preserves known validation failures without persisting arbitrary error messages
ok 258 - account sync preserves known validation failures without persisting arbitrary error messages
  ---
  duration_ms: 7.234791
  type: 'test'
  ...
# Subtest: deletion retries after a revoked or stale session and leaves a verified local tombstone
ok 259 - deletion retries after a revoked or stale session and leaves a verified local tombstone
  ---
  duration_ms: 7.501875
  type: 'test'
  ...
# Subtest: deletion cleanup removes the complete canonical learning namespace while preserving device records and recovery markers
ok 260 - deletion cleanup removes the complete canonical learning namespace while preserving device records and recovery markers
  ---
  duration_ms: 0.442667
  type: 'test'
  ...
# Subtest: a completed marker from an earlier account does not block a later bound account
ok 261 - a completed marker from an earlier account does not block a later bound account
  ---
  duration_ms: 0.7615
  type: 'test'
  ...
# Subtest: a preflight journal failure does not create a deletion operation and pending retry cannot start one
ok 262 - a preflight journal failure does not create a deletion operation and pending retry cannot start one
  ---
  duration_ms: 4.759916
  type: 'test'
  ...
# Subtest: response loss resolves a matching remote operation and rejects mismatched status without local cleanup
ok 263 - response loss resolves a matching remote operation and rejects mismatched status without local cleanup
  ---
  duration_ms: 1.186625
  type: 'test'
  ...
# Subtest: local deletion cleanup resumes after a failed key removal without issuing another remote delete
ok 264 - local deletion cleanup resumes after a failed key removal without issuing another remote delete
  ---
  duration_ms: 0.964625
  type: 'test'
  ...
# Subtest: account deletion remains pending until reminders are disabled and retry does not repeat remote deletion
ok 265 - account deletion remains pending until reminders are disabled and retry does not repeat remote deletion
  ---
  duration_ms: 0.894834
  type: 'test'
  ...
# Subtest: server reauthentication failures remain reauthentication failures with the pending marker intact
ok 266 - server reauthentication failures remain reauthentication failures with the pending marker intact
  ---
  duration_ms: 1.047334
  type: 'test'
  ...
# Subtest: an uncertain server deletion failure resolves through the bound operation status
ok 267 - an uncertain server deletion failure resolves through the bound operation status
  ---
  duration_ms: 0.987083
  type: 'test'
  ...
# Subtest: a durable terminal learning commit uploads once when Home retries pending data
ok 268 - a durable terminal learning commit uploads once when Home retries pending data
  ---
  duration_ms: 78.42875
  type: 'test'
  ...
# Subtest: concurrent Home retries share one offline attempt and preserve durable pending state
ok 269 - concurrent Home retries share one offline attempt and preserve durable pending state
  ---
  duration_ms: 18.833916
  type: 'test'
  ...
# Subtest: a concurrent local session start during upload keeps the interrupted Home sync retryable
ok 270 - a concurrent local session start during upload keeps the interrupted Home sync retryable
  ---
  duration_ms: 108.191042
  type: 'test'
  ...
# Subtest: a concurrent local session start during download keeps the interrupted Home sync retryable
ok 271 - a concurrent local session start during download keeps the interrupted Home sync retryable
  ---
  duration_ms: 98.410333
  type: 'test'
  ...
# Subtest: Home pending retry honors binding, state, and durable recovery guards without remote calls
ok 272 - Home pending retry honors binding, state, and durable recovery guards without remote calls
  ---
  duration_ms: 1.388917
  type: 'test'
  ...
# Subtest: bound restart exposes a projection for a locally saved session without remote reads or writes
ok 273 - bound restart exposes a projection for a locally saved session without remote reads or writes
  ---
  duration_ms: 0.972459
  type: 'test'
  ...
# Subtest: resume requires matching installation and account-state bindings
ok 274 - resume requires matching installation and account-state bindings
  ---
  duration_ms: 0.328042
  type: 'test'
  ...
# Subtest: a pending learning journal blocks bound account sync without clearing the journal
ok 275 - a pending learning journal blocks bound account sync without clearing the journal
  ---
  duration_ms: 0.786292
  type: 'test'
  ...
# Subtest: a deferred upload state resumes locally and syncs idempotently after finalization
ok 276 - a deferred upload state resumes locally and syncs idempotently after finalization
  ---
  duration_ms: 22.948083
  type: 'test'
  ...
# Subtest: discard deletes guest records and goals but preserves device preferences and performs no remote writes
ok 277 - discard deletes guest records and goals but preserves device preferences and performs no remote writes
  ---
  duration_ms: 1.901875
  type: 'test'
  ...
# Subtest: discard restores existing account records unchanged without uploading guest data
ok 278 - discard restores existing account records unchanged without uploading guest data
  ---
  duration_ms: 1.043667
  type: 'test'
  ...
# Subtest: failed account fetch keeps guest data and the approved discard plan for retry
ok 279 - failed account fetch keeps guest data and the approved discard plan for retry
  ---
  duration_ms: 0.785875
  type: 'test'
  ...
# Subtest: existing-account login restores remote data without offering or uploading guest adoption
ok 280 - existing-account login restores remote data without offering or uploading guest adoption
  ---
  duration_ms: 0.690541
  type: 'test'
  ...
# Subtest: one separable invalid remote plan restores Home data, quarantines its version, and resolves after replacement sync
ok 281 - one separable invalid remote plan restores Home data, quarantines its version, and resolves after replacement sync
  ---
  duration_ms: 128.431833
  type: 'test'
  ...
# Subtest: normal no-plan remote state creates no recovery incident
ok 282 - normal no-plan remote state creates no recovery incident
  ---
  duration_ms: 11.941833
  type: 'test'
  ...
# Subtest: learning plan recovery reserves before a read and commits the replacement with its ACK
ok 283 - learning plan recovery reserves before a read and commits the replacement with its ACK
  ---
  duration_ms: 10.901125
  type: 'test'
  ...
# Subtest: learning plan recovery persists failed attempts and respects the durable due time
ok 284 - learning plan recovery persists failed attempts and respects the durable due time
  ---
  duration_ms: 17.88575
  type: 'test'
  ...
# Subtest: learning plan recovery drops stale responses after a generation, incident, or account ownership change
ok 285 - learning plan recovery drops stale responses after a generation, incident, or account ownership change
  ---
  duration_ms: 41.119625
  type: 'test'
  ...
# Subtest: invalid plan recovery fails closed on bad envelope, duplicate identity, uncertain goal, or ownership
ok 286 - invalid plan recovery fails closed on bad envelope, duplicate identity, uncertain goal, or ownership
  ---
  duration_ms: 61.773375
  type: 'test'
  ...
# Subtest: transfer applies an explicit guest conflict resolution once and completes durably
ok 287 - transfer applies an explicit guest conflict resolution once and completes durably
  ---
  duration_ms: 2.245875
  type: 'test'
  ...
# Subtest: guest adoption quarantines one invalid plan while materializing its goal and unambiguous active track
ok 288 - guest adoption quarantines one invalid plan while materializing its goal and unambiguous active track
  ---
  duration_ms: 2.031833
  type: 'test'
  ...
# Subtest: offline transfer retry reuses the durable confirmation and never uploads a duplicate guest snapshot
ok 289 - offline transfer retry reuses the durable confirmation and never uploads a duplicate guest snapshot
  ---
  duration_ms: 1.264625
  type: 'test'
  ...
# Subtest: discard resumes after partial-index failure without reconstructing a guest upload
ok 290 - discard resumes after partial-index failure without reconstructing a guest upload
  ---
  duration_ms: 1.910667
  type: 'test'
  ...
# Subtest: discard resumes after binding failure without reconstructing a guest upload
ok 291 - discard resumes after binding failure without reconstructing a guest upload
  ---
  duration_ms: 1.645958
  type: 'test'
  ...
# Subtest: discard resumes after finish failure without reconstructing a guest upload
ok 292 - discard resumes after finish failure without reconstructing a guest upload
  ---
  duration_ms: 1.86225
  type: 'test'
  ...
# Subtest: discard rejects another account and pending adoption without changing guest data
ok 293 - discard rejects another account and pending adoption without changing guest data
  ---
  duration_ms: 0.319709
  type: 'test'
  ...
# Subtest: a stale adoption confirmation is cleared so retry can request a fresh preview
ok 294 - a stale adoption confirmation is cleared so retry can request a fresh preview
  ---
  duration_ms: 0.318333
  type: 'test'
  ...
# Subtest: discard blocks an active guest session before fetching or deleting data
ok 295 - discard blocks an active guest session before fetching or deleting data
  ---
  duration_ms: 0.374
  type: 'test'
  ...
# Subtest: concurrent discard calls make one transition and keep the guest outbox empty before fetching
ok 296 - concurrent discard calls make one transition and keep the guest outbox empty before fetching
  ---
  duration_ms: 0.491584
  type: 'test'
  ...
# Subtest: a session start requested while discard fetches waits and is preserved after materialization
ok 297 - a session start requested while discard fetches waits and is preserved after materialization
  ---
  duration_ms: 1.361709
  type: 'test'
  ...
# Subtest: malformed remote records keep the guest dataset and durable approved discard plan
ok 298 - malformed remote records keep the guest dataset and durable approved discard plan
  ---
  duration_ms: 0.361542
  type: 'test'
  ...
# Subtest: pending materialization blocks lifecycle account deletion without losing the marker
ok 299 - pending materialization blocks lifecycle account deletion without losing the marker
  ---
  duration_ms: 0.141708
  type: 'test'
  ...
# Subtest: a durable adoption confirmation blocks a new learning commit
ok 300 - a durable adoption confirmation blocks a new learning commit
  ---
  duration_ms: 0.406583
  type: 'test'
  ...
# Subtest: unreadable mutation journal blocks discard before deleting guest data
ok 301 - unreadable mutation journal blocks discard before deleting guest data
  ---
  duration_ms: 0.208791
  type: 'test'
  ...
# Subtest: authenticated reset restores history without uploading tombstones and preserves local context
ok 302 - authenticated reset restores history without uploading tombstones and preserves local context
  ---
  duration_ms: 35.990542
  type: 'test'
  ...
# Subtest: authenticated reset rejects pending account context without changing state or calling the API
ok 303 - authenticated reset rejects pending account context without changing state or calling the API
  ---
  duration_ms: 5.901375
  type: 'test'
  ...
# Subtest: canonical clean synced state remains eligible for the guarded reset
ok 304 - canonical clean synced state remains eligible for the guarded reset
  ---
  duration_ms: 2.847583
  type: 'test'
  ...
# Subtest: authenticated reset exposes the remote-restore guard and keeps it after a fetch failure
ok 305 - authenticated reset exposes the remote-restore guard and keeps it after a fetch failure
  ---
  duration_ms: 1.761666
  type: 'test'
  ...
# Subtest: a failed remote restore retains the reset guard and account binding
ok 306 - a failed remote restore retains the reset guard and account binding
  ---
  duration_ms: 1.397542
  type: 'test'
  ...
# Subtest: a failed local reset keeps the pre-reset marker and retries the same journal safely
ok 307 - a failed local reset keeps the pre-reset marker and retries the same journal safely
  ---
  duration_ms: 13.308583
  type: 'test'
  ...
# Subtest: concurrent authenticated reset requests share one guarded operation
ok 308 - concurrent authenticated reset requests share one guarded operation
  ---
  duration_ms: 7.641166
  type: 'test'
  ...
# Subtest: reset guard blocks outbox synthesis for a canonical acknowledged record
ok 309 - reset guard blocks outbox synthesis for a canonical acknowledged record
  ---
  duration_ms: 0.263875
  type: 'test'
  ...
# Subtest: only confirmed offline to confirmed online is a reconnect
ok 310 - only confirmed offline to confirmed online is a reconnect
  ---
  duration_ms: 1.222834
  type: 'test'
  ...
# Subtest: recovery-code issuance preserves invalid credentials from reauthentication
ok 311 - recovery-code issuance preserves invalid credentials from reauthentication
  ---
  duration_ms: 0.756833
  type: 'test'
  ...
# Subtest: ordinary Firebase identity exchanges before /me and blocks its custom-token observer event
ok 312 - ordinary Firebase identity exchanges before /me and blocks its custom-token observer event
  ---
  duration_ms: 1.399125
  type: 'test'
  ...
# Subtest: a custom-token recovery session with an authorization generation bypasses exchange
ok 313 - a custom-token recovery session with an authorization generation bypasses exchange
  ---
  duration_ms: 0.128083
  type: 'test'
  ...
# Subtest: recovery requires its exact generation and never exchanges a missing or mismatched claim
    # Subtest: rejects generation null
    ok 1 - rejects generation null
      ---
      duration_ms: 0.277917
      type: 'test'
      ...
    # Subtest: rejects generation 1
    ok 2 - rejects generation 1
      ---
      duration_ms: 0.0595
      type: 'test'
      ...
    # Subtest: rejects generation 3
    ok 3 - rejects generation 3
      ---
      duration_ms: 0.052833
      type: 'test'
      ...
    1..3
ok 314 - recovery requires its exact generation and never exchanges a missing or mismatched claim
  ---
  duration_ms: 0.63675
  type: 'test'
  ...
# Subtest: a generation change after exchange prevents token sign-in and /me
ok 315 - a generation change after exchange prevents token sign-in and /me
  ---
  duration_ms: 0.175584
  type: 'test'
  ...
# Subtest: custom-token exchange requires a valid authorization generation before /me
    # Subtest: rejects claim undefined
    ok 1 - rejects claim undefined
      ---
      duration_ms: 0.243208
      type: 'test'
      ...
    # Subtest: rejects claim 0
    ok 2 - rejects claim 0
      ---
      duration_ms: 0.128958
      type: 'test'
      ...
    # Subtest: rejects claim 1
    ok 3 - rejects claim 1
      ---
      duration_ms: 0.177292
      type: 'test'
      ...
    1..3
ok 316 - custom-token exchange requires a valid authorization generation before /me
  ---
  duration_ms: 1.014458
  type: 'test'
  ...
# Subtest: recovery issue session restore requires a current explicit sign-in intent and matching UID
    # Subtest: before the user chooses sign-in
    ok 1 - before the user chooses sign-in
      ---
      duration_ms: 0.136583
      type: 'test'
      ...
    # Subtest: after the pending intent expires
    ok 2 - after the pending intent expires
      ---
      duration_ms: 0.112875
      type: 'test'
      ...
    # Subtest: after restart has lost the pending intent
    ok 3 - after restart has lost the pending intent
      ---
      duration_ms: 0.115125
      type: 'test'
      ...
    # Subtest: when Firebase is bound to another UID
    ok 4 - when Firebase is bound to another UID
      ---
      duration_ms: 0.051208
      type: 'test'
      ...
    1..4
ok 317 - recovery issue session restore requires a current explicit sign-in intent and matching UID
  ---
  duration_ms: 0.540958
  type: 'test'
  ...
# Subtest: recovery issue session restore rejects a present mismatched or malformed generation before exchange
    # Subtest: present wrong generation
    ok 1 - present wrong generation
      ---
      duration_ms: 0.096375
      type: 'test'
      ...
    # Subtest: malformed Firebase claim
    ok 2 - malformed Firebase claim
      ---
      duration_ms: 0.083834
      type: 'test'
      ...
    1..2
ok 318 - recovery issue session restore rejects a present mismatched or malformed generation before exchange
  ---
  duration_ms: 0.264583
  type: 'test'
  ...
# Subtest: a missing recovery generation restores only for current explicit intent, then checks the exact generation
ok 319 - a missing recovery generation restores only for current explicit intent, then checks the exact generation
  ---
  duration_ms: 0.186458
  type: 'test'
  ...
# Subtest: recovery intent expiring during exchange prevents observer release and Firebase sign-in
ok 320 - recovery intent expiring during exchange prevents observer release and Firebase sign-in
  ---
  duration_ms: 0.094083
  type: 'test'
  ...
# Subtest: a recovery sign-in returning another generation fails before ACK or /me
ok 321 - a recovery sign-in returning another generation fails before ACK or /me
  ---
  duration_ms: 0.178417
  type: 'test'
  ...
# Subtest: account-bound Premium cache stays scoped away from a retained guest profile
ok 322 - account-bound Premium cache stays scoped away from a retained guest profile
  ---
  duration_ms: 4.966125
  type: 'test'
  ...
# Subtest: sign-out clears only the authenticated account Premium cache before closing its account profile
ok 323 - sign-out clears only the authenticated account Premium cache before closing its account profile
  ---
  duration_ms: 4.031791
  type: 'test'
  ...
# Subtest: sign-out clears the authenticated account cache from a retained adoption-pending guest profile
ok 324 - sign-out clears the authenticated account cache from a retained adoption-pending guest profile
  ---
  duration_ms: 0.993458
  type: 'test'
  ...
# Subtest: sign-out preserves a foreign-account cache instead of deleting it
ok 325 - sign-out preserves a foreign-account cache instead of deleting it
  ---
  duration_ms: 0.550875
  type: 'test'
  ...
# Subtest: unknown ownership and invalid cache records return localCleanupFailure without deleting data
ok 326 - unknown ownership and invalid cache records return localCleanupFailure without deleting data
  ---
  duration_ms: 1.14325
  type: 'test'
  ...
# Subtest: a profile switch invalidates cleanup against the previous captured scope
ok 327 - a profile switch invalidates cleanup against the previous captured scope
  ---
  duration_ms: 1.595542
  type: 'test'
  ...
# Subtest: sign-out returns stale and preserves a new active guest profile
ok 328 - sign-out returns stale and preserves a new active guest profile
  ---
  duration_ms: 1.651583
  type: 'test'
  ...
# Subtest: a cache remove failure stays explicit while sign-out still clears Auth
ok 329 - a cache remove failure stays explicit while sign-out still clears Auth
  ---
  duration_ms: 0.520667
  type: 'test'
  ...
# Subtest: an SDK failure remains signOutPending when owned-cache cleanup also fails
ok 330 - an SDK failure remains signOutPending when owned-cache cleanup also fails
  ---
  duration_ms: 1.378292
  type: 'test'
  ...
# Subtest: guest transition lock admits one command and denies a concurrent command before side effects
ok 331 - guest transition lock admits one command and denies a concurrent command before side effects
  ---
  duration_ms: 0.597666
  type: 'test'
  ...
# Subtest: guest transition lock releases after both success and failure
ok 332 - guest transition lock releases after both success and failure
  ---
  duration_ms: 0.284584
  type: 'test'
  ...
# Subtest: Home presents a non-blocking recover-plan notice with durable dismissal
ok 333 - Home presents a non-blocking recover-plan notice with durable dismissal
  ---
  duration_ms: 1.803709
  type: 'test'
  ...
# Subtest: learning plan recovery uses capped exponential retry delays and an inclusive due boundary
ok 334 - learning plan recovery uses capped exponential retry delays and an inclusive due boundary
  ---
  duration_ms: 1.619959
  type: 'test'
  ...
# Subtest: resumes a pending revoke, validates the replacement session, then clears the exact durable marker
ok 335 - resumes a pending revoke, validates the replacement session, then clears the exact durable marker
  ---
  duration_ms: 1.503625
  type: 'test'
  ...
# Subtest: keeps the durable marker when the replacement token changes authorization generation
ok 336 - keeps the durable marker when the replacement token changes authorization generation
  ---
  duration_ms: 0.340292
  type: 'test'
  ...
# Subtest: never clears the durable marker after the session command becomes stale
ok 337 - never clears the durable marker after the session command becomes stale
  ---
  duration_ms: 0.129375
  type: 'test'
  ...
# Subtest: rejects a command that becomes stale while local completion is persisted
ok 338 - rejects a command that becomes stale while local completion is persisted
  ---
  duration_ms: 0.120958
  type: 'test'
  ...
# Subtest: same UID and generation join one pending-revocation batch
ok 339 - same UID and generation join one pending-revocation batch
  ---
  duration_ms: 0.387791
  type: 'test'
  ...
# Subtest: a new generation waits, re-reads the marker, and retries only after the stale owner settles
ok 340 - a new generation waits, re-reads the marker, and retries only after the stale owner settles
  ---
  duration_ms: 6.247625
  type: 'test'
  ...
# Subtest: a different UID never consumes or completes the stale owner's marker
ok 341 - a different UID never consumes or completes the stale owner's marker
  ---
  duration_ms: 0.466083
  type: 'test'
  ...
# Subtest: a failed exact-operation replay retains its pending marker
ok 342 - a failed exact-operation replay retains its pending marker
  ---
  duration_ms: 0.223417
  type: 'test'
  ...
# Subtest: automatic session revocation keeps sign-in on loading and exposes pending recovery only on failure
ok 343 - automatic session revocation keeps sign-in on loading and exposes pending recovery only on failure
  ---
  duration_ms: 0.861041
  type: 'test'
  ...
# Subtest: Premium refreshes run in request order and continue after a failed provider read
ok 344 - Premium refreshes run in request order and continue after a failed provider read
  ---
  duration_ms: 1.406333
  type: 'test'
  ...
# Subtest: confirmed offline admission consults only the account-bound cache
ok 345 - confirmed offline admission consults only the account-bound cache
  ---
  duration_ms: 0.618
  type: 'test'
  ...
# Subtest: online and unknown reachability require a fresh result and never fall back to cache
ok 346 - online and unknown reachability require a fresh result and never fall back to cache
  ---
  duration_ms: 0.195291
  type: 'test'
  ...
# Subtest: restored Auth resolves /me before selecting and activating its exact account scope
ok 347 - restored Auth resolves /me before selecting and activating its exact account scope
  ---
  duration_ms: 1.474
  type: 'test'
  ...
# Subtest: UID change while /me is pending prevents account selection and activation
ok 348 - UID change while /me is pending prevents account selection and activation
  ---
  duration_ms: 0.297167
  type: 'test'
  ...
# Subtest: /me failure leaves prepared storage closed without selecting a profile
ok 349 - /me failure leaves prepared storage closed without selecting a profile
  ---
  duration_ms: 0.173209
  type: 'test'
  ...
# Subtest: only a current restored account_not_found signs out persisted Auth
ok 350 - only a current restored account_not_found signs out persisted Auth
  ---
  duration_ms: 0.064584
  type: 'test'
  ...
# Subtest: provisional provider cancellation returns to sign-in only when its blocked UID owns the null Auth event
ok 351 - provisional provider cancellation returns to sign-in only when its blocked UID owns the null Auth event
  ---
  duration_ms: 0.139958
  type: 'test'
  ...
# Subtest: delayed null after sign-out promise resolution consumes the still-owned provider cancellation
ok 352 - delayed null after sign-out promise resolution consumes the still-owned provider cancellation
  ---
  duration_ms: 0.079291
  type: 'test'
  ...
# Subtest: replacement sign-in invalidates cancellation intent before a delayed stale null callback
ok 353 - replacement sign-in invalidates cancellation intent before a delayed stale null callback
  ---
  duration_ms: 0.135958
  type: 'test'
  ...
# Subtest: Auth loss locks the rendered account state before closing its profile scope
ok 354 - Auth loss locks the rendered account state before closing its profile scope
  ---
  duration_ms: 0.075208
  type: 'test'
  ...
# Subtest: local account sign-out verifies the durable block before locking, closing, and calling Firebase
ok 355 - local account sign-out verifies the durable block before locking, closing, and calling Firebase
  ---
  duration_ms: 0.311708
  type: 'test'
  ...
# Subtest: logout receipt validation requires the exact pending pair or completed receipt
ok 356 - logout receipt validation requires the exact pending pair or completed receipt
  ---
  duration_ms: 0.32175
  type: 'test'
  ...
# Subtest: owned-cache cleanup failure is explicit after Firebase sign-out and never reports success
ok 357 - owned-cache cleanup failure is explicit after Firebase sign-out and never reports success
  ---
  duration_ms: 0.102917
  type: 'test'
  ...
# Subtest: Firebase failure remains signOutPending even when owned-cache cleanup fails
ok 358 - Firebase failure remains signOutPending even when owned-cache cleanup fails
  ---
  duration_ms: 0.095792
  type: 'test'
  ...
# Subtest: failed local control write closes access and attempts Firebase sign-out but stays a failure
ok 359 - failed local control write closes access and attempts Firebase sign-out but stays a failure
  ---
  duration_ms: 0.089666
  type: 'test'
  ...
# Subtest: SDK failure after an unverified control write remains signOutPending without cache cleanup
ok 360 - SDK failure after an unverified control write remains signOutPending without cache cleanup
  ---
  duration_ms: 0.08425
  type: 'test'
  ...
# Subtest: retrying sign-out for the exact completed UID-operation receipt still clears local Auth
ok 361 - retrying sign-out for the exact completed UID-operation receipt still clears local Auth
  ---
  duration_ms: 0.090333
  type: 'test'
  ...
# Subtest: a retained Auth retry rejects blocked receipts for a different UID or operation
ok 362 - a retained Auth retry rejects blocked receipts for a different UID or operation
  ---
  duration_ms: 0.1315
  type: 'test'
  ...
# Subtest: unverified local control read-back attempts Firebase sign-out only when no scoped marker is recoverable
ok 363 - unverified local control read-back attempts Firebase sign-out only when no scoped marker is recoverable
  ---
  duration_ms: 0.124708
  type: 'test'
  ...
# Subtest: when a scoped operation is durable, control-write failure retains Auth for a recoverable retry
ok 364 - when a scoped operation is durable, control-write failure retains Auth for a recoverable retry
  ---
  duration_ms: 0.079125
  type: 'test'
  ...
# Subtest: restore locks only for a matching scoped logout marker missing from the control journal
ok 365 - restore locks only for a matching scoped logout marker missing from the control journal
  ---
  duration_ms: 0.079458
  type: 'test'
  ...
# Subtest: pending remote revoke blocks profile preparation only for its matching Auth UID
ok 366 - pending remote revoke blocks profile preparation only for its matching Auth UID
  ---
  duration_ms: 0.051291
  type: 'test'
  ...
# Subtest: authenticated scope checks and repairs incomplete logout before publishing profile preparation
ok 367 - authenticated scope checks and repairs incomplete logout before publishing profile preparation
  ---
  duration_ms: 0.13
  type: 'test'
  ...
# Subtest: scope guard rechecks Auth generation after reading an absent marker
ok 368 - scope guard rechecks Auth generation after reading an absent marker
  ---
  duration_ms: 0.062208
  type: 'test'
  ...
# Subtest: a completed revoke receipt clears the scoped marker before profile startup continues
ok 369 - a completed revoke receipt clears the scoped marker before profile startup continues
  ---
  duration_ms: 0.068875
  type: 'test'
  ...
# Subtest: failed completed-marker cleanup keeps the authenticated profile closed
ok 370 - failed completed-marker cleanup keeps the authenticated profile closed
  ---
  duration_ms: 0.073333
  type: 'test'
  ...
# Subtest: a UID switch while fallback control persistence is pending closes only the captured scope
ok 371 - a UID switch while fallback control persistence is pending closes only the captured scope
  ---
  duration_ms: 0.162125
  type: 'test'
  ...
# Subtest: fallback setup failure never cleans cache from a blocked-only receipt
ok 372 - fallback setup failure never cleans cache from a blocked-only receipt
  ---
  duration_ms: 0.08025
  type: 'test'
  ...
# Subtest: stale sign-out completion closes its scope without publishing over the newer identity
ok 373 - stale sign-out completion closes its scope without publishing over the newer identity
  ---
  duration_ms: 0.067417
  type: 'test'
  ...
# Subtest: Firebase sign-out failure retains the matching block for manual retry
ok 374 - Firebase sign-out failure retains the matching block for manual retry
  ---
  duration_ms: 0.117583
  type: 'test'
  ...
# Subtest: Auth rejection remains pending until durable local sign-out reports success
ok 375 - Auth rejection remains pending until durable local sign-out reports success
  ---
  duration_ms: 0.089958
  type: 'test'
  ...
# Subtest: ambiguous saved Guest profiles are reported as a choice requirement
ok 376 - ambiguous saved Guest profiles are reported as a choice requirement
  ---
  duration_ms: 0.078792
  type: 'test'
  ...
# Subtest: guest preparation failure closes the scope and returns to signed-out login
ok 377 - guest preparation failure closes the scope and returns to signed-out login
  ---
  duration_ms: 0.056417
  type: 'test'
  ...
# Subtest: Guest selection keeps the signed-out account entry mounted when no scope is active
ok 378 - Guest selection keeps the signed-out account entry mounted when no scope is active
  ---
  duration_ms: 0.037375
  type: 'test'
  ...
# Subtest: restored Guest validates persisted access before selecting or activating its scope
ok 379 - restored Guest validates persisted access before selecting or activating its scope
  ---
  duration_ms: 0.092291
  type: 'test'
  ...
# Subtest: invalid restored Guest access stays closed
ok 380 - invalid restored Guest access stays closed
  ---
  duration_ms: 0.053375
  type: 'test'
  ...
# Subtest: fresh installation opens Guest only after explicit choice
ok 381 - fresh installation opens Guest only after explicit choice
  ---
  duration_ms: 0.060541
  type: 'test'
  ...
# Subtest: preparation gate opens registry metadata without activating or reading a profile
ok 382 - preparation gate opens registry metadata without activating or reading a profile
  ---
  duration_ms: 0.675625
  type: 'test'
  ...
# Subtest: logout-control corruption or storage failure fails closed with an explicit retry surface
ok 383 - logout-control corruption or storage failure fails closed with an explicit retry surface
  ---
  duration_ms: 0.082792
  type: 'test'
  ...
# Subtest: preferences remain on defaults until storage activation emits the ready event
ok 384 - preferences remain on defaults until storage activation emits the ready event
  ---
  duration_ms: 0.089875
  type: 'test'
  ...
# Subtest: preparation failure is explicit, retryable, and counts only reserved lost-key retries
ok 385 - preparation failure is explicit, retryable, and counts only reserved lost-key retries
  ---
  duration_ms: 0.085875
  type: 'test'
  ...
# Subtest: key-loss recovery preserves delayed confirmed removal and requires preparation again afterward
ok 386 - key-loss recovery preserves delayed confirmed removal and requires preparation again afterward
  ---
  duration_ms: 0.0685
  type: 'test'
  ...
# Subtest: mapped provider identity exchanges, signs in with the returned session token, then finalizes
ok 387 - mapped provider identity exchanges, signs in with the returned session token, then finalizes
  ---
  duration_ms: 1.351625
  type: 'test'
  ...
# Subtest: unmapped provider identity remains provisional on the same UID without registration or finalization
ok 388 - unmapped provider identity remains provisional on the same UID without registration or finalization
  ---
  duration_ms: 0.145542
  type: 'test'
  ...
# Subtest: stale UID or generation rejects before exchange and after an async boundary
    # Subtest: UID changed before run
    ok 1 - UID changed before run
      ---
      duration_ms: 0.279875
      type: 'test'
      ...
    # Subtest: generation changed while exchange is pending
    ok 2 - generation changed while exchange is pending
      ---
      duration_ms: 0.121083
      type: 'test'
      ...
    1..2
ok 389 - stale UID or generation rejects before exchange and after an async boundary
  ---
  duration_ms: 0.601209
  type: 'test'
  ...
# Subtest: duplicate concurrent classification shares one in-flight result
ok 390 - duplicate concurrent classification shares one in-flight result
  ---
  duration_ms: 0.162083
  type: 'test'
  ...
# Subtest: issue result stays private through a deferred final identity read: exact
ok 391 - issue result stays private through a deferred final identity read: exact
  ---
  duration_ms: 1.336209
  type: 'test'
  ...
# Subtest: issue result stays private through a deferred final identity read: different_uid
ok 392 - issue result stays private through a deferred final identity read: different_uid
  ---
  duration_ms: 0.075292
  type: 'test'
  ...
# Subtest: issue result stays private through a deferred final identity read: different_generation
ok 393 - issue result stays private through a deferred final identity read: different_generation
  ---
  duration_ms: 0.053708
  type: 'test'
  ...
# Subtest: issue result stays private through a deferred final identity read: signed_out
ok 394 - issue result stays private through a deferred final identity read: signed_out
  ---
  duration_ms: 0.043125
  type: 'test'
  ...
# Subtest: issue result stays private through a deferred final identity read: read_failure
ok 395 - issue result stays private through a deferred final identity read: read_failure
  ---
  duration_ms: 0.104292
  type: 'test'
  ...
# Subtest: issue result stays private through a deferred final identity read: stale_revision
ok 396 - issue result stays private through a deferred final identity read: stale_revision
  ---
  duration_ms: 0.042458
  type: 'test'
  ...
# Subtest: missing or unreadable initial identity cannot read a generation for a different account
ok 397 - missing or unreadable initial identity cannot read a generation for a different account
  ---
  duration_ms: 0.067958
  type: 'test'
  ...
# Subtest: provider gates subscription and closes scoped access before releasing rejected issue results
ok 398 - provider gates subscription and closes scoped access before releasing rejected issue results
  ---
  duration_ms: 0.363709
  type: 'test'
  ...
# Subtest: issue persists operation identity before POST and blocks profile preparation until saved ACK
ok 399 - issue persists operation identity before POST and blocks profile preparation until saved ACK
  ---
  duration_ms: 8.155375
  type: 'test'
  ...
# Subtest: vault persistence failure prevents both issue and consume requests
ok 400 - vault persistence failure prevents both issue and consume requests
  ---
  duration_ms: 1.077833
  type: 'test'
  ...
# Subtest: restored issue with an authenticated UID but missing generation remains blocked and hides codes
ok 401 - restored issue with an authenticated UID but missing generation remains blocked and hides codes
  ---
  duration_ms: 0.941042
  type: 'test'
  ...
# Subtest: defer requires a valid proven mismatch and retains a hidden issue after restart without remote effects
ok 402 - defer requires a valid proven mismatch and retains a hidden issue after restart without remote effects
  ---
  duration_ms: 0.666333
  type: 'test'
  ...
# Subtest: durably deferred issue permits signed-out preparation without changing the retained operation
ok 403 - durably deferred issue permits signed-out preparation without changing the retained operation
  ---
  duration_ms: 0.413417
  type: 'test'
  ...
# Subtest: signed-out preparation remains blocked before durable defer
ok 404 - signed-out preparation remains blocked before durable defer
  ---
  duration_ms: 0.211
  type: 'test'
  ...
# Subtest: defer accepts a same-UID generation mismatch only after the live claim proves it
ok 405 - defer accepts a same-UID generation mismatch only after the live claim proves it
  ---
  duration_ms: 0.351917
  type: 'test'
  ...
# Subtest: old issue codes return only after an explicit resume on the original identity
ok 406 - old issue codes return only after an explicit resume on the original identity
  ---
  duration_ms: 0.261042
  type: 'test'
  ...
# Subtest: identity change during defer persistence keeps the marker but leaves profile preparation blocked
ok 407 - identity change during defer persistence keeps the marker but leaves profile preparation blocked
  ---
  duration_ms: 0.342417
  type: 'test'
  ...
# Subtest: deferred issue cannot be overwritten by new issue or consume and write failure retains the old record
ok 408 - deferred issue cannot be overwritten by new issue or consume and write failure retains the old record
  ---
  duration_ms: 0.615166
  type: 'test'
  ...
# Subtest: synchronous identity suspension redacts an in-flight status result and preserves durable codes
ok 409 - synchronous identity suspension redacts an in-flight status result and preserves durable codes
  ---
  duration_ms: 0.332208
  type: 'test'
  ...
# Subtest: identity swap during initial issue POST persists codes but never exposes or ACKs them
ok 410 - identity swap during initial issue POST persists codes but never exposes or ACKs them
  ---
  duration_ms: 0.218709
  type: 'test'
  ...
# Subtest: consume persists code before POST, keeps custom token out of durable and visible state, then ACKs the matching SDK identity
ok 411 - consume persists code before POST, keeps custom token out of durable and visible state, then ACKs the matching SDK identity
  ---
  duration_ms: 0.428
  type: 'test'
  ...
# Subtest: signed-in UID with a malformed generation is not treated as signed out for pending consume
ok 412 - signed-in UID with a malformed generation is not treated as signed out for pending consume
  ---
  duration_ms: 0.108084
  type: 'test'
  ...
# Subtest: cold matching consume identity ACKs without another SDK sign-in
ok 413 - cold matching consume identity ACKs without another SDK sign-in
  ---
  duration_ms: 0.129042
  type: 'test'
  ...
# Subtest: signed-out restart first records server result, then explicit resume signs in and ACKs
ok 414 - signed-out restart first records server result, then explicit resume signs in and ACKs
  ---
  duration_ms: 0.198333
  type: 'test'
  ...
# Subtest: an issue provider retry reuses its saved operation ID rather than allocating a new one
ok 415 - an issue provider retry reuses its saved operation ID rather than allocating a new one
  ---
  duration_ms: 0.122542
  type: 'test'
  ...
# Subtest: explicit replacement confirms delivery_unconfirmed, saves one backup before POST, and exposes only the durable new result
ok 416 - explicit replacement confirms delivery_unconfirmed, saves one backup before POST, and exposes only the durable new result
  ---
  duration_ms: 0.393292
  type: 'test'
  ...
# Subtest: replacement vault write failure prevents POST and retains the old operation and codes
ok 417 - replacement vault write failure prevents POST and retains the old operation and codes
  ---
  duration_ms: 0.20025
  type: 'test'
  ...
# Subtest: lost replacement POST and exact missing-status response preserve both records and the same new ID
ok 418 - lost replacement POST and exact missing-status response preserve both records and the same new ID
  ---
  duration_ms: 0.37575
  type: 'test'
  ...
# Subtest: explicit retry of a persisted replacement GETs first and reuses its saved ID
ok 419 - explicit retry of a persisted replacement GETs first and reuses its saved ID
  ---
  duration_ms: 0.237125
  type: 'test'
  ...
# Subtest: generic retry, restart reconciliation, and unconfirmed start are status-only for pending replacements
ok 420 - generic retry, restart reconciliation, and unconfirmed start are status-only for pending replacements
  ---
  duration_ms: 0.385167
  type: 'test'
  ...
# Subtest: replacement refuses a malformed or cross-generation result and keeps the old backup durable
ok 421 - replacement refuses a malformed or cross-generation result and keeps the old backup durable
  ---
  duration_ms: 0.309292
  type: 'test'
  ...
# Subtest: authoritative delivery_unconfirmed ends the current replacement backup without allocating another ID
ok 422 - authoritative delivery_unconfirmed ends the current replacement backup without allocating another ID
  ---
  duration_ms: 0.187334
  type: 'test'
  ...
# Subtest: a separate explicit confirmation after confirmed replacement expiry starts a new backed-up ID
ok 423 - a separate explicit confirmation after confirmed replacement expiry starts a new backed-up ID
  ---
  duration_ms: 0.202958
  type: 'test'
  ...
# Subtest: replacement status auth and service errors retain the old backup without POST
ok 424 - replacement status auth and service errors retain the old backup without POST
  ---
  duration_ms: 0.207291
  type: 'test'
  ...
# Subtest: confirmed ACK and superseded replacement statuses resolve the backup as terminal
ok 425 - confirmed ACK and superseded replacement statuses resolve the backup as terminal
  ---
  duration_ms: 0.192458
  type: 'test'
  ...
# Subtest: confirmed replacement expiry stays explicit and retains prior codes until separate confirmation
ok 426 - confirmed replacement expiry stays explicit and retains prior codes until separate confirmation
  ---
  duration_ms: 0.219375
  type: 'test'
  ...
# Subtest: storage recovery audit command exposes only the documented presentation fixtures in development smoke
ok 427 - storage recovery audit command exposes only the documented presentation fixtures in development smoke
  ---
  duration_ms: 1.063
  type: 'test'
  ...
# Subtest: storage recovery audit command is unavailable outside development smoke
ok 428 - storage recovery audit command is unavailable outside development smoke
  ---
  duration_ms: 0.23525
  type: 'test'
  ...
# Subtest: storage recovery audit command rejects unrelated or expanded commands
ok 429 - storage recovery audit command rejects unrelated or expanded commands
  ---
  duration_ms: 0.429792
  type: 'test'
  ...
# Subtest: Activity read model keeps terminal history semantics and includes completed sessions without answers
ok 430 - Activity read model keeps terminal history semantics and includes completed sessions without answers
  ---
  duration_ms: 13.989834
  type: 'test'
  ...
# Subtest: Activity read model surfaces a corrupt canonical result instead of presenting an empty history
ok 431 - Activity read model surfaces a corrupt canonical result instead of presenting an empty history
  ---
  duration_ms: 2.490583
  type: 'test'
  ...
# Subtest: Activity read model treats repository issues as an explicit storage failure
ok 432 - Activity read model treats repository issues as an explicit storage failure
  ---
  duration_ms: 0.198584
  type: 'test'
  ...
# Subtest: Activity read model reuses the caller's attempts read when supplied
ok 433 - Activity read model reuses the caller's attempts read when supplied
  ---
  duration_ms: 0.251334
  type: 'test'
  ...
# Subtest: Activity full history keeps unavailable sessions as immutable summaries
ok 434 - Activity full history keeps unavailable sessions as immutable summaries
  ---
  duration_ms: 1.371584
  type: 'test'
  ...
# Subtest: Activity read owner invalidates late focus reads and lets the newest retry win
ok 435 - Activity read owner invalidates late focus reads and lets the newest retry win
  ---
  duration_ms: 0.270916
  type: 'test'
  ...
# Subtest: Activity read owner keeps current read failures explicit
ok 436 - Activity read owner keeps current read failures explicit
  ---
  duration_ms: 0.229833
  type: 'test'
  ...
# Subtest: bootstrap surfaces unavailable active sessions before content preparation or resume
ok 437 - bootstrap surfaces unavailable active sessions before content preparation or resume
  ---
  duration_ms: 67.128542
  type: 'test'
  ...
# Subtest: bootstrap emits a bounded diagnostic for a content-stage failure
ok 438 - bootstrap emits a bounded diagnostic for a content-stage failure
  ---
  duration_ms: 7.173
  type: 'test'
  ...
# Subtest: bootstrap reports the last canonical repository step for a repository failure
ok 439 - bootstrap reports the last canonical repository step for a repository failure
  ---
  duration_ms: 0.357667
  type: 'test'
  ...
# Subtest: AUD-02D feedback flows match canonical selected answers and conditional reinsert plan
ok 440 - AUD-02D feedback flows match canonical selected answers and conditional reinsert plan
  ---
  duration_ms: 560.004
  type: 'test'
  ...
# Subtest: a correct GCP simulation answer recorded before due time does not advance older review evidence at finalization
ok 441 - a correct GCP simulation answer recorded before due time does not advance older review evidence at finalization
  ---
  duration_ms: 423.718417
  type: 'test'
  ...
# Subtest: due-answer boundaries preserve the two-success rule and the exact-current-session guard
    # Subtest: before-counter-zero
    ok 1 - before-counter-zero
      ---
      duration_ms: 22.493542
      type: 'test'
      ...
    # Subtest: before-counter-one
    ok 2 - before-counter-one
      ---
      duration_ms: 25.619208
      type: 'test'
      ...
    # Subtest: equal-counter-zero
    ok 3 - equal-counter-zero
      ---
      duration_ms: 17.092959
      type: 'test'
      ...
    # Subtest: equal-counter-one
    ok 4 - equal-counter-one
      ---
      duration_ms: 24.951834
      type: 'test'
      ...
    # Subtest: after-counter-zero
    ok 5 - after-counter-zero
      ---
      duration_ms: 44.412792
      type: 'test'
      ...
    # Subtest: after-counter-one
    ok 6 - after-counter-one
      ---
      duration_ms: 42.501709
      type: 'test'
      ...
    # Subtest: persistent exact-reference review from the same session remains unchanged
    ok 7 - persistent exact-reference review from the same session remains unchanged
      ---
      duration_ms: 18.093208
      type: 'test'
      ...
    1..7
ok 442 - due-answer boundaries preserve the two-success rule and the exact-current-session guard
  ---
  duration_ms: 196.336042
  type: 'test'
  ...
# Subtest: journal replay applies one eligible due success exactly once after draft-cleanup interruption
ok 443 - journal replay applies one eligible due success exactly once after draft-cleanup interruption
  ---
  duration_ms: 30.311708
  type: 'test'
  ...
# Subtest: Coding weak-area review with explicit due_queue does not use a historical miss as fallback evidence
ok 444 - Coding weak-area review with explicit due_queue does not use a historical miss as fallback evidence
  ---
  duration_ms: 306.76325
  type: 'test'
  ...
# Subtest: actual lifecycle persists only due current refs, shortens to available due content, and does not append miss fallback
ok 445 - actual lifecycle persists only due current refs, shortens to available due content, and does not append miss fallback
  ---
  duration_ms: 504.706417
  type: 'test'
  ...
# Subtest: actual lifecycle rejects empty due evidence with no session write and preserves the historical attempt
ok 446 - actual lifecycle rejects empty due evidence with no session write and preserves the historical attempt
  ---
  duration_ms: 0.6575
  type: 'test'
  ...
# Subtest: explicit session_misses is unavailable before lifecycle persistence
ok 447 - explicit session_misses is unavailable before lifecycle persistence
  ---
  duration_ms: 0.293333
  type: 'test'
  ...
# Subtest: a single-source Design weak-area review keeps its existing due-only default without reviewSource
ok 448 - a single-source Design weak-area review keeps its existing due-only default without reviewSource
  ---
  duration_ms: 0.602833
  type: 'test'
  ...
# Subtest: single-source Certification weak-area review also keeps its due-only default without reviewSource
ok 449 - single-source Certification weak-area review also keeps its due-only default without reviewSource
  ---
  duration_ms: 0.712625
  type: 'test'
  ...
# Subtest: due review selection rejects future and stale artifact/version/track references without fallback
ok 450 - due review selection rejects future and stale artifact/version/track references without fallback
  ---
  duration_ms: 2.43325
  type: 'test'
  ...
# Subtest: invalid review sources and refs are rejected on practice and simulation before selection
ok 451 - invalid review sources and refs are rejected on practice and simulation before selection
  ---
  duration_ms: 0.315542
  type: 'test'
  ...
# Subtest: actual lifecycle rejects review source on a simulation before any durable session write
ok 452 - actual lifecycle rejects review source on a simulation before any durable session write
  ---
  duration_ms: 0.551291
  type: 'test'
  ...
# Subtest: real loader prepares all 29 modes across nine tracks
ok 453 - real loader prepares all 29 modes across nine tracks
  ---
  duration_ms: 410.804208
  type: 'test'
  ...
# Subtest: real canonical questions submit and score all five interaction types
ok 454 - real canonical questions submit and score all five interaction types
  ---
  duration_ms: 57.489375
  type: 'test'
  ...
# Subtest: actual Design runtime rejects a sparse ordering response before creating an outcome
ok 455 - actual Design runtime rejects a sparse ordering response before creating an outcome
  ---
  duration_ms: 1.7755
  type: 'test'
  ...
# Subtest: evidence permits one item and multi-source Coding review requires an explicit source
ok 456 - evidence permits one item and multi-source Coding review requires an explicit source
  ---
  duration_ms: 0.405791
  type: 'test'
  ...
# Subtest: coding review preserves identity and resolves after two due successes
ok 457 - coding review preserves identity and resolves after two due successes
  ---
  duration_ms: 1.750291
  type: 'test'
  ...
# Subtest: resume and query boundaries reject tampering, foreign attempts and old pins
ok 458 - resume and query boundaries reject tampering, foreign attempts and old pins
  ---
  duration_ms: 2.664959
  type: 'test'
  ...
# Subtest: Claude Focus persists selectable feedback, scores single and multi-select, and finalizes complete evidence
ok 459 - Claude Focus persists selectable feedback, scores single and multi-select, and finalizes complete evidence
  ---
  duration_ms: 38.714084
  type: 'test'
  ...
# Subtest: reinsert resolves exact branch after three durable intervening submissions and preserves ordinary branch on correct
ok 460 - reinsert resolves exact branch after three durable intervening submissions and preserves ordinary branch on correct
  ---
  duration_ms: 7.485042
  type: 'test'
  ...
# Subtest: GCP simulation prepares the profile-weighted immutable 50-item plan and exact snapshot
ok 461 - GCP simulation prepares the profile-weighted immutable 50-item plan and exact snapshot
  ---
  duration_ms: 20.773042
  type: 'test'
  ...
# Subtest: GCP simulation validates draft occurrence keys, completeness, flags, revision, and deadline
ok 462 - GCP simulation validates draft occurrence keys, completeness, flags, revision, and deadline
  ---
  duration_ms: 33.101
  type: 'test'
  ...
# Subtest: GCP simulation finalization scores only complete responses and partitions all 50 occurrences
ok 463 - GCP simulation finalization scores only complete responses and partitions all 50 occurrences
  ---
  duration_ms: 16.612416
  type: 'test'
  ...
# Subtest: Coding Mock consumes its exact ordered 40-question profile with foreground timer and shared draft runtime
ok 464 - Coding Mock consumes its exact ordered 40-question profile with foreground timer and shared draft runtime
  ---
  duration_ms: 2.78575
  type: 'test'
  ...
# Subtest: Design Interview Simulation uses each exact track profile, resumes durable stage text, and finalizes completeness only
ok 465 - Design Interview Simulation uses each exact track profile, resumes durable stage text, and finalizes completeness only
  ---
  duration_ms: 1.280084
  type: 'test'
  ...
# Subtest: Design Interview Simulation timeout can finalize a partial draft without assigning semantic correctness
ok 466 - Design Interview Simulation timeout can finalize a partial draft without assigning semantic correctness
  ---
  duration_ms: 0.253167
  type: 'test'
  ...
# Subtest: ordinary sessions expand practiced coverage across coding, design and certification pools
ok 467 - ordinary sessions expand practiced coverage across coding, design and certification pools
  ---
  duration_ms: 431.687333
  type: 'test'
  ...
# Subtest: selection ignores attempts outside its pool or exact content pin and handles exhaustion
ok 468 - selection ignores attempts outside its pool or exact content pin and handles exhaustion
  ---
  duration_ms: 1.495208
  type: 'test'
  ...
# Subtest: a never-attempted question stays uncovered even when its unit has attempt history
ok 469 - a never-attempted question stays uncovered even when its unit has attempt history
  ---
  duration_ms: 4.69875
  type: 'test'
  ...
# Subtest: single choice feedback exposes selected incorrect, omitted correct and remaining neutral
ok 470 - single choice feedback exposes selected incorrect, omitted correct and remaining neutral
  ---
  duration_ms: 1.393
  type: 'test'
  ...
# Subtest: multi choice feedback preserves every selected and correct combination
ok 471 - multi choice feedback preserves every selected and correct combination
  ---
  duration_ms: 0.210625
  type: 'test'
  ...
# Subtest: choice feedback rejects a mismatched response contract
ok 472 - choice feedback rejects a mismatched response contract
  ---
  duration_ms: 18.106875
  type: 'test'
  ...
# Subtest: authored choice messages follow selected incorrect and omitted correct stable IDs in authored order
ok 473 - authored choice messages follow selected incorrect and omitted correct stable IDs in authored order
  ---
  duration_ms: 0.330125
  type: 'test'
  ...
# Subtest: multiple choice messages include only selected wrong and omitted correct targets regardless of response order
ok 474 - multiple choice messages include only selected wrong and omitted correct targets regardless of response order
  ---
  duration_ms: 0.165042
  type: 'test'
  ...
# Subtest: message projection preserves absent-message and non-choice behavior, and freezes provided empty results
ok 475 - message projection preserves absent-message and non-choice behavior, and freezes provided empty results
  ---
  duration_ms: 0.075584
  type: 'test'
  ...
# Subtest: real GCP and Coding artifacts deliver exact selected-wrong authored messages
ok 476 - real GCP and Coding artifacts deliver exact selected-wrong authored messages
  ---
  duration_ms: 570.072166
  type: 'test'
  ...
# MC_REACHABLE coding-interview-dsa-problem-solving completedRound=7
# MC_REACHABLE claude-certified-architect-professional-certification completedRound=5
# Subtest: actual GCP practice choice orders vary between session identities and survive durable resume unchanged
ok 477 - actual GCP practice choice orders vary between session identities and survive durable resume unchanged
  ---
  duration_ms: 513.670166
  type: 'test'
  ...
# Subtest: resume accepts a fingerprint-bound legal choice permutation without requiring regeneration
ok 478 - resume accepts a fingerprint-bound legal choice permutation without requiring regeneration
  ---
  duration_ms: 1.156917
  type: 'test'
  ...
# Subtest: all 16077 actual items preserve control membership, ID answers and non-choice order without exposing an answer to the ranker
ok 479 - all 16077 actual items preserve control membership, ID answers and non-choice order without exposing an answer to the ranker
  ---
  duration_ms: 2982.871334
  type: 'test'
  ...
# Subtest: all real 29 practice modes and canonical simulation profiles prepare valid frozen orders with unchanged question selection
ok 480 - all real 29 practice modes and canonical simulation profiles prepare valid frozen orders with unchanged question selection
  ---
  duration_ms: 121.723708
  type: 'test'
  ...
# Subtest: legacy source orders remain valid; malformed orders, stale pins and unstored permutation changes fail resume
ok 481 - legacy source orders remain valid; malformed orders, stale pins and unstored permutation changes fail resume
  ---
  duration_ms: 7.95975
  type: 'test'
  ...
# Subtest: actual Coding conditional repeat retains the source prepared order after three durable intervening answers and rebind
ok 482 - actual Coding conditional repeat retains the source prepared order after three durable intervening answers and rebind
  ---
  duration_ms: 92.160875
  type: 'test'
  ...
# Subtest: MC becomes reachable through completed canonical sessions and real persisted history without changing selection policy
ok 483 - MC becomes reachable through completed canonical sessions and real persisted history without changing selection policy
  ---
  duration_ms: 1693.105208
  type: 'test'
  ...
# Subtest: actual Frontend Design ordering feedback follows missing adjacent relations across all legal permutations
ok 484 - actual Frontend Design ordering feedback follows missing adjacent relations across all legal permutations
  ---
  duration_ms: 290.207042
  type: 'test'
  ...
# Subtest: ordering message projection is absent outside ordering or when authored messages are absent
ok 485 - ordering message projection is absent outside ordering or when authored messages are absent
  ---
  duration_ms: 0.12575
  type: 'test'
  ...
# Subtest: invalid ordering responses are rejected before authored diagnostics are inferred
ok 486 - invalid ordering responses are rejected before authored diagnostics are inferred
  ---
  duration_ms: 0.281875
  type: 'test'
  ...
# Subtest: projects exact HTTPS sources in authored order without normalizing query or hash
ok 487 - projects exact HTTPS sources in authored order without normalizing query or hash
  ---
  duration_ms: 1.375125
  type: 'test'
  ...
# Subtest: rejects non-HTTPS, malformed and missing sources without inventing a fallback
ok 488 - rejects non-HTTPS, malformed and missing sources without inventing a fallback
  ---
  duration_ms: 0.112333
  type: 'test'
  ...
# Subtest: opens the exact projected URL and reports success or failure explicitly
ok 489 - opens the exact projected URL and reports success or failure explicitly
  ---
  duration_ms: 0.133708
  type: 'test'
  ...
# Subtest: rejects unsafe or malformed source URLs without calling the opener
ok 490 - rejects unsafe or malformed source URLs without calling the opener
  ---
  duration_ms: 0.083375
  type: 'test'
  ...
# Subtest: projects the exact URL from an accepted certification artifact without changing the artifact
ok 491 - projects the exact URL from an accepted certification artifact without changing the artifact
  ---
  duration_ms: 14.083708
  type: 'test'
  ...
# Subtest: all 440 actual multiple-choice items reject every wrong-containing subset independently of oracle parity
ok 492 - all 440 actual multiple-choice items reject every wrong-containing subset independently of oracle parity
  ---
  duration_ms: 448.630083
  type: 'test'
  ...
# Subtest: actual practice runtime writes zero-point incorrect attempt/review, survives repository rebind and preserves authored feedback
ok 493 - actual practice runtime writes zero-point incorrect attempt/review, survives repository rebind and preserves authored feedback
  ---
  duration_ms: 72.337791
  type: 'test'
  ...
# Subtest: actual Coding Mock simulation finalization records wrong-containing response as incorrect zero, preserving other answers
ok 494 - actual Coding Mock simulation finalization records wrong-containing response as incorrect zero, preserving other answers
  ---
  duration_ms: 21.499708
  type: 'test'
  ...
# Subtest: ODK-096 AWS Free focus selects unique 10/20/40 question plans from the current canonical node
ok 495 - ODK-096 AWS Free focus selects unique 10/20/40 question plans from the current canonical node
  ---
  duration_ms: 1622.0305
  type: 'test'
  ...
# Subtest: ODK-096 AWS evidence-conditioned review truthfully shortens to due evidence and fails closed without it
ok 496 - ODK-096 AWS evidence-conditioned review truthfully shortens to due evidence and fails closed without it
  ---
  duration_ms: 1304.608833
  type: 'test'
  ...
# Subtest: ODK-097 Design Tradeoff sessions use the exact free node and unique 10/20/40 items
ok 497 - ODK-097 Design Tradeoff sessions use the exact free node and unique 10/20/40 items
  ---
  duration_ms: 346.293334
  type: 'test'
  ...
# Subtest: ODK-097 Design Review is due-only, truthfully shortens, and fails closed without eligible evidence
ok 498 - ODK-097 Design Review is due-only, truthfully shortens, and fails closed without eligible evidence
  ---
  duration_ms: 6.928834
  type: 'test'
  ...
# Subtest: ODK-097 Review evidence rejects stale, wrong-artifact, and cross-track entries
ok 499 - ODK-097 Review evidence rejects stale, wrong-artifact, and cross-track entries
  ---
  duration_ms: 0.365167
  type: 'test'
  ...
# Subtest: ODK-097 Coding due entries remain identity-scoped without consuming historical misses
ok 500 - ODK-097 Coding due entries remain identity-scoped without consuming historical misses
  ---
  duration_ms: 0.296125
  type: 'test'
  ...
# Subtest: Certification Exam Simulation authorizes before preparation resolution and starts durably only when allowed
ok 501 - Certification Exam Simulation authorizes before preparation resolution and starts durably only when allowed
  ---
  duration_ms: 716.939333
  type: 'test'
  ...
# Subtest: completed exam review projects answered and unanswered items across the complete fixed plan
ok 502 - completed exam review projects answered and unanswered items across the complete fixed plan
  ---
  duration_ms: 536.275667
  type: 'test'
  ...
# Subtest: fully unanswered completed exam projects all 50 items without creating attempts
ok 503 - fully unanswered completed exam projects all 50 items without creating attempts
  ---
  duration_ms: 10.850583
  type: 'test'
  ...
# Subtest: exam result rejects tampered partition, attempt scores, and profile evidence
ok 504 - exam result rejects tampered partition, attempt scores, and profile evidence
  ---
  duration_ms: 18.161125
  type: 'test'
  ...
# Subtest: active Certification projection strips answers, explanations and feedback structurally
ok 505 - active Certification projection strips answers, explanations and feedback structurally
  ---
  duration_ms: 1.352084
  type: 'test'
  ...
# Subtest: deferred feedback remains absent after durable submit while immediate feedback is unchanged
ok 506 - deferred feedback remains absent after durable submit while immediate feedback is unchanged
  ---
  duration_ms: 0.294042
  type: 'test'
  ...
# Subtest: immediate Certification feedback returns only authored messages for selected incorrect IDs
ok 507 - immediate Certification feedback returns only authored messages for selected incorrect IDs
  ---
  duration_ms: 0.103708
  type: 'test'
  ...
# Subtest: completed review evidence fails closed when durable outcome aggregates are missing or inconsistent
ok 508 - completed review evidence fails closed when durable outcome aggregates are missing or inconsistent
  ---
  duration_ms: 0.143417
  type: 'test'
  ...
# Subtest: completed practice projector preserves the canonical five-state answer matrix
ok 509 - completed practice projector preserves the canonical five-state answer matrix
  ---
  duration_ms: 328.836125
  type: 'test'
  ...
# Subtest: practice review rejects altered identity, coverage, attempts, score, and resolution
ok 510 - practice review rejects altered identity, coverage, attempts, score, and resolution
  ---
  duration_ms: 1.556459
  type: 'test'
  ...
# Subtest: Certification route preserves domains and sends an exact Premium node through facade to Gate A before mutation
ok 511 - Certification route preserves domains and sends an exact Premium node through facade to Gate A before mutation
  ---
  duration_ms: 567.345208
  type: 'test'
  ...
# Subtest: coding facade converts every supported UI response into the canonical response union
ok 512 - coding facade converts every supported UI response into the canonical response union
  ---
  duration_ms: 1.670709
  type: 'test'
  ...
# Subtest: completed Coding practice is readable and review uses the same completed projection
ok 513 - completed Coding practice is readable and review uses the same completed projection
  ---
  duration_ms: 838.355
  type: 'test'
  ...
# Subtest: completed conditional-reinsert practice projects the final replaced occurrence order
ok 514 - completed conditional-reinsert practice projects the final replaced occurrence order
  ---
  duration_ms: 268.498208
  type: 'test'
  ...
# Subtest: abandoned Coding summary keeps its separate existing projection and performs no read writes
ok 515 - abandoned Coding summary keeps its separate existing projection and performs no read writes
  ---
  duration_ms: 29.192417
  type: 'test'
  ...
# Subtest: completed Mock result stays pending until exact saved content validation finishes
ok 516 - completed Mock result stays pending until exact saved content validation finishes
  ---
  duration_ms: 95.697458
  type: 'test'
  ...
# Subtest: completed result rejects a source-session attempt outside the saved occurrence plan
ok 517 - completed result rejects a source-session attempt outside the saved occurrence plan
  ---
  duration_ms: 232.662083
  type: 'test'
  ...
# Subtest: completed result rejects a removed attempt and a scorer/result mismatch
ok 518 - completed result rejects a removed attempt and a scorer/result mismatch
  ---
  duration_ms: 188.636792
  type: 'test'
  ...
# Subtest: completed result rejects a mismatched family, completion time, or answer coverage
ok 519 - completed result rejects a mismatched family, completion time, or answer coverage
  ---
  duration_ms: 179.224792
  type: 'test'
  ...
# Subtest: completed result rejects attempts with a different mode or resolved item
ok 520 - completed result rejects attempts with a different mode or resolved item
  ---
  duration_ms: 213.895084
  type: 'test'
  ...
# Subtest: completed result rejects duplicate attempts, invalid responses, and stale artifact references
ok 521 - completed result rejects duplicate attempts, invalid responses, and stale artifact references
  ---
  duration_ms: 218.295542
  type: 'test'
  ...
# Subtest: completed result rejects persisted counts and points that disagree with committed attempts
ok 522 - completed result rejects persisted counts and points that disagree with committed attempts
  ---
  duration_ms: 309.457917
  type: 'test'
  ...
# Subtest: completed result ignores valid attempts belonging to an unrelated session
ok 523 - completed result ignores valid attempts belonging to an unrelated session
  ---
  duration_ms: 329.988042
  type: 'test'
  ...
# Subtest: startAlgorithmsSession adapts feedback timing on the actual lifecycle request
ok 524 - startAlgorithmsSession adapts feedback timing on the actual lifecycle request
  ---
  duration_ms: 1.56225
  type: 'test'
  ...
# Subtest: Coding Mock flags persist in the active draft and reappear after lifecycle resume
ok 525 - Coding Mock flags persist in the active draft and reappear after lifecycle resume
  ---
  duration_ms: 696.565375
  type: 'test'
  ...
# Subtest: Coding Mock persists a response, finalizes, and reads all 40 completed review rows
ok 526 - Coding Mock persists a response, finalizes, and reads all 40 completed review rows
  ---
  duration_ms: 83.443875
  type: 'test'
  ...
# Subtest: Coding immediate practice feedback survives durable submit and lifecycle rebind
ok 527 - Coding immediate practice feedback survives durable submit and lifecycle rebind
  ---
  duration_ms: 18.366959
  type: 'test'
  ...
# Subtest: resolves an exact canonical artifact by track, content version, and SHA
ok 528 - resolves an exact canonical artifact by track, content version, and SHA
  ---
  duration_ms: 446.672167
  type: 'test'
  ...
# Subtest: resolves only the question identified by a canonical ResolvedContentRef
ok 529 - resolves only the question identified by a canonical ResolvedContentRef
  ---
  duration_ms: 0.339416
  type: 'test'
  ...
# Subtest: prepares Certification Exam Simulation from the exact canonical artifact profile
ok 530 - prepares Certification Exam Simulation from the exact canonical artifact profile
  ---
  duration_ms: 24.686417
  type: 'test'
  ...
# Subtest: prepares Coding Mock from the exact canonical artifact profile and ordered 40-question pool
ok 531 - prepares Coding Mock from the exact canonical artifact profile and ordered 40-question pool
  ---
  duration_ms: 2.958833
  type: 'test'
  ...
# Subtest: all three actual Design pools deliver exact authored wrong-option feedback after durable submit and rebind
ok 532 - all three actual Design pools deliver exact authored wrong-option feedback after durable submit and rebind
  ---
  duration_ms: 1325.382209
  type: 'test'
  ...
# Subtest: Design choice diagnostics stay hidden for a failed journal write and committed-only response
ok 533 - Design choice diagnostics stay hidden for a failed journal write and committed-only response
  ---
  duration_ms: 37.326875
  type: 'test'
  ...
# Subtest: manual Design Simulation completion requires every non-empty stage
ok 534 - manual Design Simulation completion requires every non-empty stage
  ---
  duration_ms: 0.529416
  type: 'test'
  ...
# Subtest: home snapshot resolves canonical track metadata
ok 535 - home snapshot resolves canonical track metadata
  ---
  duration_ms: 679.648333
  type: 'test'
  ...
# Subtest: actual Home command rejects profile changes after Activity reads and before publication, including A/B/A
    # Subtest: same profile publishes actual persisted answers
    ok 1 - same profile publishes actual persisted answers
      ---
      duration_ms: 473.407167
      type: 'test'
      ...
    # Subtest: same-profile attempt committed after parallel reads rejects stale HomeShell publication
    ok 2 - same-profile attempt committed after parallel reads rejects stale HomeShell publication
      ---
      duration_ms: 163.180292
      type: 'test'
      ...
    # Subtest: same-profile attempt committed after the final dashboard await rejects publication
    ok 3 - same-profile attempt committed after the final dashboard await rejects publication
      ---
      duration_ms: 80.586042
      type: 'test'
      ...
    # Subtest: A→B after Activity read rejects publication
    ok 4 - A→B after Activity read rejects publication
      ---
      duration_ms: 62.919625
      type: 'test'
      ...
    # Subtest: A→B→A after Activity read rejects publication
    ok 5 - A→B→A after Activity read rejects publication
      ---
      duration_ms: 56.827459
      type: 'test'
      ...
    # Subtest: active transition at entry prevents reads and publication
    ok 6 - active transition at entry prevents reads and publication
      ---
      duration_ms: 21.559417
      type: 'test'
      ...
    # Subtest: transition starts during the last read and prevents publication
    ok 7 - transition starts during the last read and prevents publication
      ---
      duration_ms: 85.39075
      type: 'test'
      ...
    1..7
ok 536 - actual Home command rejects profile changes after Activity reads and before publication, including A/B/A
  ---
  duration_ms: 3128.586208
  type: 'test'
  ...
# Subtest: Home fence rejects persisted goal and accepted-plan changes
ok 537 - Home fence rejects persisted goal and accepted-plan changes
  ---
  duration_ms: 62.670083
  type: 'test'
  ...
# Subtest: Home fence rejects persisted review and attempt additions
ok 538 - Home fence rejects persisted review and attempt additions
  ---
  duration_ms: 1.818709
  type: 'test'
  ...
# Subtest: Home fence rejects terminal, active, and result-only session evidence writes
ok 539 - Home fence rejects terminal, active, and result-only session evidence writes
  ---
  duration_ms: 4.691209
  type: 'test'
  ...
# Subtest: Home fence observes selected-track changes, including from a null-track snapshot
ok 540 - Home fence observes selected-track changes, including from a null-track snapshot
  ---
  duration_ms: 0.30875
  type: 'test'
  ...
# Subtest: Home fence preserves onboarding fallback and ignores unrelated reminder settings
ok 541 - Home fence preserves onboarding fallback and ignores unrelated reminder settings
  ---
  duration_ms: 0.669125
  type: 'test'
  ...
# Subtest: Home fence fails closed for active journals and corrupt canonical session indexes
ok 542 - Home fence fails closed for active journals and corrupt canonical session indexes
  ---
  duration_ms: 4.903292
  type: 'test'
  ...
# Subtest: actual artifact→repository→Home presenter includes local Monday before UTC Monday and excludes future answers
ok 543 - actual artifact→repository→Home presenter includes local Monday before UTC Monday and excludes future answers
  ---
  duration_ms: 2103.97425
  type: 'test'
  ...
# Subtest: all nine canonical tracks use the same activity count without turning it into completion
ok 544 - all nine canonical tracks use the same activity count without turning it into completion
  ---
  duration_ms: 1273.777542
  type: 'test'
  ...
# Subtest: active exclusion, ended-early history and old package facts remain distinct from completed sessions
ok 545 - active exclusion, ended-early history and old package facts remain distinct from completed sessions
  ---
  duration_ms: 34.016458
  type: 'test'
  ...
# Subtest: civil Monday boundaries agree in Warsaw/Los Angeles and across both DST transitions
ok 546 - civil Monday boundaries agree in Warsaw/Los Angeles and across both DST transitions
  ---
  duration_ms: 1.964792
  type: 'test'
  ...
# Subtest: same question new attempts count separately, identical IDs once, conflicting IDs unavailable
ok 547 - same question new attempts count separately, identical IDs once, conflicting IDs unavailable
  ---
  duration_ms: 0.791375
  type: 'test'
  ...
# Subtest: invalid relevant record/context never becomes empty activity; repository corruption still throws
ok 548 - invalid relevant record/context never becomes empty activity; repository corruption still throws
  ---
  duration_ms: 6.378416
  type: 'test'
  ...
# Subtest: weekly text and accessibility label share real translated plural values in seven locales
ok 549 - weekly text and accessibility label share real translated plural values in seven locales
  ---
  duration_ms: 18.047917
  type: 'test'
  ...
# Subtest: actual memory profile router separates A/B history and reconstructs A after storage reopening offline
ok 550 - actual memory profile router separates A/B history and reconstructs A after storage reopening offline
  ---
  duration_ms: 58.441208
  type: 'test'
  ...
# Subtest: removed simulation response path is unavailable
ok 551 - removed simulation response path is unavailable
  ---
  duration_ms: 2315.842125
  type: 'test'
  ...
# Subtest: A before journal persistence leaves no durable outcome
ok 552 - A before journal persistence leaves no durable outcome
  ---
  duration_ms: 29.610125
  type: 'test'
  ...
# Subtest: B after journal persistence recovers complete
ok 553 - B after journal persistence recovers complete
  ---
  duration_ms: 90.668542
  type: 'test'
  ...
# Subtest: C after attempt write does not duplicate
ok 554 - C after attempt write does not duplicate
  ---
  duration_ms: 23.271333
  type: 'test'
  ...
# Subtest: D after review writes no duplicate evidence
ok 555 - D after review writes no duplicate evidence
  ---
  duration_ms: 23.032875
  type: 'test'
  ...
# Subtest: E after session no twice advance
ok 556 - E after session no twice advance
  ---
  duration_ms: 10.459583
  type: 'test'
  ...
# Subtest: F all writes before verification
ok 557 - F all writes before verification
  ---
  duration_ms: 9.450625
  type: 'test'
  ...
# Subtest: G verification before clear safely replays
ok 558 - G verification before clear safely replays
  ---
  duration_ms: 6.499208
  type: 'test'
  ...
# Subtest: resolved review deletion is physical and safely replays after force-close
ok 559 - resolved review deletion is physical and safely replays after force-close
  ---
  duration_ms: 2.798209
  type: 'test'
  ...
# Subtest: resolved review deletion recovers when its index update fails
ok 560 - resolved review deletion recovers when its index update fails
  ---
  duration_ms: 116.876708
  type: 'test'
  ...
# Subtest: manual review removal recovers after index switch but before physical deletion
ok 561 - manual review removal recovers after index switch but before physical deletion
  ---
  duration_ms: 14.061958
  type: 'test'
  ...
# Subtest: session abandonment persists abandoned session before clearing active pointer
ok 562 - session abandonment persists abandoned session before clearing active pointer
  ---
  duration_ms: 154.219333
  type: 'test'
  ...
# Subtest: session abandonment replay is idempotent
ok 563 - session abandonment replay is idempotent
  ---
  duration_ms: 123.053792
  type: 'test'
  ...
# Subtest: abandonment recovers identically after every durable write boundary
ok 564 - abandonment recovers identically after every durable write boundary
  ---
  duration_ms: 40.003083
  type: 'test'
  ...
# Subtest: abandonment does not navigate before durability
ok 565 - abandonment does not navigate before durability
  ---
  duration_ms: 2.401584
  type: 'test'
  ...
# Subtest: local answer commit defers snapshot and outbox construction until account synchronization
ok 566 - local answer commit defers snapshot and outbox construction until account synchronization
  ---
  duration_ms: 97.484083
  type: 'test'
  ...
# Subtest: failed pending-sync write retains the verified journal and recovers without duplicating the answer
ok 567 - failed pending-sync write retains the verified journal and recovers without duplicating the answer
  ---
  duration_ms: 43.152625
  type: 'test'
  ...
# Subtest: clear local history is one journaled learning-state mutation
ok 568 - clear local history is one journaled learning-state mutation
  ---
  duration_ms: 16.159541
  type: 'test'
  ...
# Subtest: clear local history copy covers progress and review data
ok 569 - clear local history copy covers progress and review data
  ---
  duration_ms: 0.15625
  type: 'test'
  ...
# Subtest: clear local history preserves the one guest installation and local dataset identity
ok 570 - clear local history preserves the one guest installation and local dataset identity
  ---
  duration_ms: 3.453167
  type: 'test'
  ...
# Subtest: reset recovers a pending command before deleting its fully materialized learning state
ok 571 - reset recovers a pending command before deleting its fully materialized learning state
  ---
  duration_ms: 91.03625
  type: 'test'
  ...
# Subtest: reset failure remains explicit and recovery is identical after every deletion boundary
ok 572 - reset failure remains explicit and recovery is identical after every deletion boundary
  ---
  duration_ms: 13.232875
  type: 'test'
  ...
# Subtest: journal durability precedes idempotent materialization and recovery
ok 573 - journal durability precedes idempotent materialization and recovery
  ---
  duration_ms: 26.928167
  type: 'test'
  ...
# Subtest: journal phase advances only one immutable step at a time
ok 574 - journal phase advances only one immutable step at a time
  ---
  duration_ms: 39.829709
  type: 'test'
  ...
# Subtest: journaled command rejects a conflicting pending command
ok 575 - journaled command rejects a conflicting pending command
  ---
  duration_ms: 4.666666
  type: 'test'
  ...
# Subtest: journal has a versioned SHA-256 command identity and rejects stale expected revisions
ok 576 - journal has a versioned SHA-256 command identity and rejects stale expected revisions
  ---
  duration_ms: 40.371625
  type: 'test'
  ...
# Subtest: journal construction rejects writes that cross exact resolved artifact identities
ok 577 - journal construction rejects writes that cross exact resolved artifact identities
  ---
  duration_ms: 1.78625
  type: 'test'
  ...
# Subtest: practice submission recovers identically after every durable write boundary
ok 578 - practice submission recovers identically after every durable write boundary
  ---
  duration_ms: 24.275459
  type: 'test'
  ...
# Subtest: concurrent conflicting journal persists use one CAS winner and ownership-checked clear
ok 579 - concurrent conflicting journal persists use one CAS winner and ownership-checked clear
  ---
  duration_ms: 1.512625
  type: 'test'
  ...
# Subtest: materializes one attempt
ok 580 - materializes one attempt
  ---
  duration_ms: 21.313
  type: 'test'
  ...
# Subtest: materializes one review entry
ok 581 - materializes one review entry
  ---
  duration_ms: 1.7395
  type: 'test'
  ...
# Subtest: rejects an unsupported write kind instead of silently materializing it
ok 582 - rejects an unsupported write kind instead of silently materializing it
  ---
  duration_ms: 0.82075
  type: 'test'
  ...
# Subtest: materializes one session
ok 583 - materializes one session
  ---
  duration_ms: 2.100958
  type: 'test'
  ...
# Subtest: clears active session pointer
ok 584 - clears active session pointer
  ---
  duration_ms: 1.004292
  type: 'test'
  ...
# Subtest: materializes a complete training outcome in canonical order
ok 585 - materializes a complete training outcome in canonical order
  ---
  duration_ms: 62.616125
  type: 'test'
  ...
# Subtest: replays a fully materialized journal without duplicate effects
ok 586 - replays a fully materialized journal without duplicate effects
  ---
  duration_ms: 5.22875
  type: 'test'
  ...
# Subtest: resumes after only attempt write completed
ok 587 - resumes after only attempt write completed
  ---
  duration_ms: 3.117709
  type: 'test'
  ...
# Subtest: resumes after attempt and review writes completed
ok 588 - resumes after attempt and review writes completed
  ---
  duration_ms: 6.003375
  type: 'test'
  ...
# Subtest: resumes after session write completed
ok 589 - resumes after session write completed
  ---
  duration_ms: 10.75375
  type: 'test'
  ...
# Subtest: rejects conflicting immutable attempt
ok 590 - rejects conflicting immutable attempt
  ---
  duration_ms: 0.606625
  type: 'test'
  ...
# Subtest: rejects conflicting session record
ok 591 - rejects conflicting session record
  ---
  duration_ms: 0.646042
  type: 'test'
  ...
# Subtest: rejects conflicting review record
ok 592 - rejects conflicting review record
  ---
  duration_ms: 0.41025
  type: 'test'
  ...
# Subtest: preserves active journal after write failure
ok 593 - preserves active journal after write failure
  ---
  duration_ms: 8.559125
  type: 'test'
  ...
# Subtest: does nothing when no journal exists
ok 594 - does nothing when no journal exists
  ---
  duration_ms: 2.28
  type: 'test'
  ...
# Subtest: recovers a journal before any writes
ok 595 - recovers a journal before any writes
  ---
  duration_ms: 36.219417
  type: 'test'
  ...
# Subtest: recovers partially materialized
ok 596 - recovers partially materialized
  ---
  duration_ms: 27.013416
  type: 'test'
  ...
# Subtest: fully materialized unverified
ok 597 - fully materialized unverified
  ---
  duration_ms: 5.401541
  type: 'test'
  ...
# Subtest: verified journal whose clear failed
ok 598 - verified journal whose clear failed
  ---
  duration_ms: 60.919542
  type: 'test'
  ...
# Subtest: accepts ident immutable attempt
ok 599 - accepts ident immutable attempt
  ---
  duration_ms: 5.66825
  type: 'test'
  ...
# Subtest: rejects conflicting immutable attempt
ok 600 - rejects conflicting immutable attempt
  ---
  duration_ms: 1.501666
  type: 'test'
  ...
# Subtest: rejects conflicting active journal
ok 601 - rejects conflicting active journal
  ---
  duration_ms: 49.927458
  type: 'test'
  ...
# Subtest: blocks corrupt journal
ok 602 - blocks corrupt journal
  ---
  duration_ms: 0.362708
  type: 'test'
  ...
# Subtest: blocks journal read failure
ok 603 - blocks journal read failure
  ---
  duration_ms: 0.507291
  type: 'test'
  ...
# Subtest: preserves journal after materialization failure
ok 604 - preserves journal after materialization failure
  ---
  duration_ms: 1.343959
  type: 'test'
  ...
# Subtest: preserves journal after verification failure
ok 605 - preserves journal after verification failure
  ---
  duration_ms: 1.263958
  type: 'test'
  ...
# Subtest: preserves journal after journal clear failure
ok 606 - preserves journal after journal clear failure
  ---
  duration_ms: 10.890542
  type: 'test'
  ...
# Subtest: rejects a semantically malformed persisted journal and retains it
ok 607 - rejects a semantically malformed persisted journal and retains it
  ---
  duration_ms: 0.653208
  type: 'test'
  ...
# Subtest: rejects an unknown persisted write and retains its journal
ok 608 - rejects an unknown persisted write and retains its journal
  ---
  duration_ms: 0.330333
  type: 'test'
  ...
# Subtest: rejects an old persisted journal without an exact artifact SHA-256
ok 609 - rejects an old persisted journal without an exact artifact SHA-256
  ---
  duration_ms: 0.397291
  type: 'test'
  ...
# Subtest: rejects incomplete operation plans before persistence
ok 610 - rejects incomplete operation plans before persistence
  ---
  duration_ms: 0.303167
  type: 'test'
  ...
# Subtest: rejects duplicate write targets before persistence
ok 611 - rejects duplicate write targets before persistence
  ---
  duration_ms: 7.032833
  type: 'test'
  ...
# Subtest: rejects destructive writes that do not belong to the operation
ok 612 - rejects destructive writes that do not belong to the operation
  ---
  duration_ms: 0.59575
  type: 'test'
  ...
# Subtest: rejects attempts and reviews that conflict with the durable session plan
ok 613 - rejects attempts and reviews that conflict with the durable session plan
  ---
  duration_ms: 1.079333
  type: 'test'
  ...
# Subtest: rejects an immediate submit for a planned but non-current occurrence
ok 614 - rejects an immediate submit for a planned but non-current occurrence
  ---
  duration_ms: 0.394459
  type: 'test'
  ...
# Subtest: rejects contradictory review actions and duplicate terminal item outcomes
ok 615 - rejects contradictory review actions and duplicate terminal item outcomes
  ---
  duration_ms: 0.468209
  type: 'test'
  ...
# Subtest: accepts a review update that retains its original durable source identity
ok 616 - accepts a review update that retains its original durable source identity
  ---
  duration_ms: 0.633
  type: 'test'
  ...
# Subtest: rejects a fabricated historical source on a nonexistent review identity
ok 617 - rejects a fabricated historical source on a nonexistent review identity
  ---
  duration_ms: 0.277
  type: 'test'
  ...
# Subtest: rejects an explicit review update when its durable identity does not exist
ok 618 - rejects an explicit review update when its durable identity does not exist
  ---
  duration_ms: 0.408833
  type: 'test'
  ...
# Subtest: rejects a persisted plan with a corrupt fingerprint and retains it
ok 619 - rejects a persisted plan with a corrupt fingerprint and retains it
  ---
  duration_ms: 0.24875
  type: 'test'
  ...
# Subtest: idempotent repeated recovery
ok 620 - idempotent repeated recovery
  ---
  duration_ms: 1.70675
  type: 'test'
  ...
# Subtest: does not require remote content
ok 621 - does not require remote content
  ---
  duration_ms: 1.74775
  type: 'test'
  ...
# Subtest: does not recalc scoring
ok 622 - does not recalc scoring
  ---
  duration_ms: 29.9275
  type: 'test'
  ...
# Subtest: does not generate IDs
ok 623 - does not generate IDs
  ---
  duration_ms: 10.252708
  type: 'test'
  ...
# Subtest: verifies a complete materialized mutation
ok 624 - verifies a complete materialized mutation
  ---
  duration_ms: 11.445041
  type: 'test'
  ...
# Subtest: rejects missing attempt
ok 625 - rejects missing attempt
  ---
  duration_ms: 1.325167
  type: 'test'
  ...
# Subtest: rejects conflicting attempt
ok 626 - rejects conflicting attempt
  ---
  duration_ms: 2.332125
  type: 'test'
  ...
# Subtest: rejects missing review entry
ok 627 - rejects missing review entry
  ---
  duration_ms: 0.842042
  type: 'test'
  ...
# Subtest: rejects conflicting review entry
ok 628 - rejects conflicting review entry
  ---
  duration_ms: 34.917084
  type: 'test'
  ...
# Subtest: rejects missing session
ok 629 - rejects missing session
  ---
  duration_ms: 6.300083
  type: 'test'
  ...
# Subtest: rejects conflicting session
ok 630 - rejects conflicting session
  ---
  duration_ms: 9.378125
  type: 'test'
  ...
# Subtest: rejects active session pointer that should be cleared
ok 631 - rejects active session pointer that should be cleared
  ---
  duration_ms: 0.80925
  type: 'test'
  ...
# Subtest: propagates storage read failure
ok 632 - propagates storage read failure
  ---
  duration_ms: 0.854375
  type: 'test'
  ...
# Subtest: preserves active journal after verification failure
ok 633 - preserves active journal after verification failure
  ---
  duration_ms: 3.215375
  type: 'test'
  ...
# Subtest: an occurrence-keyed draft persists, edits, and resumes without learning side effects
ok 634 - an occurrence-keyed draft persists, edits, and resumes without learning side effects
  ---
  duration_ms: 8.701917
  type: 'test'
  ...
# Subtest: draft persistence rejects unknown occurrences and mismatched session scope
ok 635 - draft persistence rejects unknown occurrences and mismatched session scope
  ---
  duration_ms: 14.703709
  type: 'test'
  ...
# Subtest: immediate-feedback sessions cannot persist draft responses
ok 636 - immediate-feedback sessions cannot persist draft responses
  ---
  duration_ms: 1.407709
  type: 'test'
  ...
# Subtest: clear local history removes the resumable draft
ok 637 - clear local history removes the resumable draft
  ---
  duration_ms: 17.108875
  type: 'test'
  ...
# Subtest: Algorithms finalization commits exactly answered occurrences and deletes the matching draft
ok 638 - Algorithms finalization commits exactly answered occurrences and deletes the matching draft
  ---
  duration_ms: 97.67775
  type: 'test'
  ...
# Subtest: Algorithms finalization rejects attempts that do not correspond exactly to answered draft occurrences
ok 639 - Algorithms finalization rejects attempts that do not correspond exactly to answered draft occurrences
  ---
  duration_ms: 1.721833
  type: 'test'
  ...
# Subtest: Algorithms finalization rejects a stale cleanup draft before journal persistence or outcome writes
ok 640 - Algorithms finalization rejects a stale cleanup draft before journal persistence or outcome writes
  ---
  duration_ms: 0.656
  type: 'test'
  ...
# Subtest: force-close replay completes an Algorithms finalization idempotently at the draft-delete boundary
ok 641 - force-close replay completes an Algorithms finalization idempotently at the draft-delete boundary
  ---
  duration_ms: 10.337875
  type: 'test'
  ...
# Subtest: duplicate content occurrences keep distinct attempts and consolidate review to the latest planned transition
ok 642 - duplicate content occurrences keep distinct attempts and consolidate review to the latest planned transition
  ---
  duration_ms: 30.924834
  type: 'test'
  ...
# Subtest: finalization can resolve a review through an exact transition attempt
ok 643 - finalization can resolve a review through an exact transition attempt
  ---
  duration_ms: 28.607667
  type: 'test'
  ...
# Subtest: journaled transition delete rejects a same-id review conflict before outcome writes and replays exact or absent identity
ok 644 - journaled transition delete rejects a same-id review conflict before outcome writes and replays exact or absent identity
  ---
  duration_ms: 44.632167
  type: 'test'
  ...
# Subtest: Algorithms finalization recovers idempotently across every canonical write boundary
ok 645 - Algorithms finalization recovers idempotently across every canonical write boundary
  ---
  duration_ms: 71.596958
  type: 'test'
  ...
# Subtest: persisted finalization journal preflights a stale durable draft before replaying any outcome write
ok 646 - persisted finalization journal preflights a stale durable draft before replaying any outcome write
  ---
  duration_ms: 1.819542
  type: 'test'
  ...
# Subtest: draft saves are locked as soon as a finalization journal is pending
ok 647 - draft saves are locked as soon as a finalization journal is pending
  ---
  duration_ms: 1.551709
  type: 'test'
  ...
# Subtest: a draft save started before journal persistence rechecks immediately before writing
ok 648 - a draft save started before journal persistence rechecks immediately before writing
  ---
  duration_ms: 7.657542
  type: 'test'
  ...
# Subtest: actual canonical proposal plus repositories: attempts arriving after async resolve cannot persist
ok 649 - actual canonical proposal plus repositories: attempts arriving after async resolve cannot persist
  ---
  duration_ms: 1601.454917
  type: 'test'
  ...
# Subtest: calendar changing during plan construction is checked immediately before CAS
ok 650 - calendar changing during plan construction is checked immediately before CAS
  ---
  duration_ms: 36.999084
  type: 'test'
  ...
# Subtest: accepted-plan replacement after proposal creation cannot be overwritten
ok 651 - accepted-plan replacement after proposal creation cannot be overwritten
  ---
  duration_ms: 15.140458
  type: 'test'
  ...
# Subtest: evidence and calendar changes invalidate a proposal editor without writing
ok 652 - evidence and calendar changes invalidate a proposal editor without writing
  ---
  duration_ms: 3.184292
  type: 'test'
  ...
# Subtest: same-scope uncertain accept acknowledges exact durable command even with active journal, without another write
ok 653 - same-scope uncertain accept acknowledges exact durable command even with active journal, without another write
  ---
  duration_ms: 16.831625
  type: 'test'
  ...
# Subtest: same-scope uncertain editor acknowledgement does not re-run the write or proposal freshness
ok 654 - same-scope uncertain editor acknowledgement does not re-run the write or proposal freshness
  ---
  duration_ms: 40.668166
  type: 'test'
  ...
# Subtest: uncertain accepted result and editors do not leak into a replacement storage scope
ok 655 - uncertain accepted result and editors do not leak into a replacement storage scope
  ---
  duration_ms: 28.647166
  type: 'test'
  ...
# Subtest: actual profile router A/B/A republishes a new lease; old editor, in-flight and terminal result remain stale
ok 656 - actual profile router A/B/A republishes a new lease; old editor, in-flight and terminal result remain stale
  ---
  duration_ms: 10.264875
  type: 'test'
  ...
# Subtest: replay of a terminal acceptance after a later edit cannot reconcile old reminders
ok 657 - replay of a terminal acceptance after a later edit cannot reconcile old reminders
  ---
  duration_ms: 12.430334
  type: 'test'
  ...
# Subtest: goal changes after uncertain durable writes cannot acknowledge a stale pair or reconcile reminders
    # Subtest: accept
    ok 1 - accept
      ---
      duration_ms: 2.512166
      type: 'test'
      ...
    # Subtest: editor
    ok 2 - editor
      ---
      duration_ms: 4.693041
      type: 'test'
      ...
    1..2
ok 658 - goal changes after uncertain durable writes cannot acknowledge a stale pair or reconcile reminders
  ---
  duration_ms: 7.496583
  type: 'test'
  ...
# Subtest: uncertain editor retry rechecks goal synchronously after its async read
ok 659 - uncertain editor retry rechecks goal synchronously after its async read
  ---
  duration_ms: 3.055458
  type: 'test'
  ...
# Subtest: proposal editor preserves retained slot IDs, drops removed IDs, sorts days, and saves revision one
ok 660 - proposal editor preserves retained slot IDs, drops removed IDs, sorts days, and saves revision one
  ---
  duration_ms: 71.495291
  type: 'test'
  ...
# Subtest: accepted plan edit explicitly reads a snapshot, increments plan revision, and stale sessions do not commit
ok 661 - accepted plan edit explicitly reads a snapshot, increments plan revision, and stale sessions do not commit
  ---
  duration_ms: 4.487833
  type: 'test'
  ...
# Subtest: direct accept and proposal editor share plan CAS and retry after idempotent success
ok 662 - direct accept and proposal editor share plan CAS and retry after idempotent success
  ---
  duration_ms: 1.433583
  type: 'test'
  ...
# Subtest: parallel proposal acceptance shares one promise and one durable save
ok 663 - parallel proposal acceptance shares one promise and one durable save
  ---
  duration_ms: 0.529791
  type: 'test'
  ...
# Subtest: parallel acceptance for one proposal across tracks never shares the in-flight success
ok 664 - parallel acceptance for one proposal across tracks never shares the in-flight success
  ---
  duration_ms: 0.44275
  type: 'test'
  ...
# Subtest: accepted result cache is scoped by proposal and track identity
ok 665 - accepted result cache is scoped by proposal and track identity
  ---
  duration_ms: 0.381667
  type: 'test'
  ...
# Subtest: pending acceptance retry is scoped by proposal and track identity
ok 666 - pending acceptance retry is scoped by proposal and track identity
  ---
  duration_ms: 0.4355
  type: 'test'
  ...
# Subtest: storage uncertainty keeps the editor session and retries through durable command reconciliation
ok 667 - storage uncertainty keeps the editor session and retries through durable command reconciliation
  ---
  duration_ms: 0.522791
  type: 'test'
  ...
# Subtest: accepted-plan retry reconciles its durable command before checking refreshed content context
ok 668 - accepted-plan retry reconciles its durable command before checking refreshed content context
  ---
  duration_ms: 1.082834
  type: 'test'
  ...
# Subtest: a replacement proposal keeps plan identity and increments plan revision
ok 669 - a replacement proposal keeps plan identity and increments plan revision
  ---
  duration_ms: 1.087083
  type: 'test'
  ...
# Subtest: a target-date replacement remains explicit and atomically updates the accepted plan identity
ok 670 - a target-date replacement remains explicit and atomically updates the accepted plan identity
  ---
  duration_ms: 0.802167
  type: 'test'
  ...
# Subtest: accepted plan freshness checks content version, artifact SHA, and timezone
ok 671 - accepted plan freshness checks content version, artifact SHA, and timezone
  ---
  duration_ms: 0.276709
  type: 'test'
  ...
# Subtest: proposal creation rejects a local-day change during package resolution
ok 672 - proposal creation rejects a local-day change during package resolution
  ---
  duration_ms: 1489.252584
  type: 'test'
  ...
# Subtest: proposal resolution rejects a timezone change during package resolution
ok 673 - proposal resolution rejects a timezone change during package resolution
  ---
  duration_ms: 53.508208
  type: 'test'
  ...
# Subtest: unchanged persisted GCP inputs stay ready through the synchronous commit guard
ok 674 - unchanged persisted GCP inputs stay ready through the synchronous commit guard
  ---
  duration_ms: 18.922209
  type: 'test'
  ...
# Subtest: a newly persisted exact-package attempt stales the proposal; immutable replay adds no evidence
ok 675 - a newly persisted exact-package attempt stales the proposal; immutable replay adds no evidence
  ---
  duration_ms: 3.474916
  type: 'test'
  ...
# Subtest: a persisted review becoming due within the same local day stales its proposal
ok 676 - a persisted review becoming due within the same local day stales its proposal
  ---
  duration_ms: 3.434875
  type: 'test'
  ...
# Subtest: a persisted goal revision change stales its proposal
ok 677 - a persisted goal revision change stales its proposal
  ---
  duration_ms: 2.014375
  type: 'test'
  ...
# Subtest: corrupt, dangling, and journaled evidence reads are errors, never empty histories
    # Subtest: corrupt-index
    ok 1 - corrupt-index
      ---
      duration_ms: 0.234083
      type: 'test'
      ...
    # Subtest: dangling-attempt
    ok 2 - dangling-attempt
      ---
      duration_ms: 0.22925
      type: 'test'
      ...
    # Subtest: active-journal
    ok 3 - active-journal
      ---
      duration_ms: 14.908292
      type: 'test'
      ...
    1..3
ok 678 - corrupt, dangling, and journaled evidence reads are errors, never empty histories
  ---
  duration_ms: 20.46475
  type: 'test'
  ...
# Subtest: storage profile replacement during package resolution stales creation
ok 679 - storage profile replacement during package resolution stales creation
  ---
  duration_ms: 1.03875
  type: 'test'
  ...
# Subtest: an injected canonical-package artifact change stales the synchronous guard
ok 680 - an injected canonical-package artifact change stales the synchronous guard
  ---
  duration_ms: 22.351541
  type: 'test'
  ...
# Subtest: exact duplicate evidence preserves order and conflicting duplicate IDs fail closed
ok 681 - exact duplicate evidence preserves order and conflicting duplicate IDs fail closed
  ---
  duration_ms: 4.358084
  type: 'test'
  ...
# Subtest: a repository read failure after package await remains retryable
ok 682 - a repository read failure after package await remains retryable
  ---
  duration_ms: 3.105834
  type: 'test'
  ...
# Subtest: plan accept saves first and returns the synced reminder outcome
ok 683 - plan accept saves first and returns the synced reminder outcome
  ---
  duration_ms: 1.497125
  type: 'test'
  ...
# Subtest: a saved plan remains successful with a durable pending reminder result
ok 684 - a saved plan remains successful with a durable pending reminder result
  ---
  duration_ms: 0.152625
  type: 'test'
  ...
# Subtest: a terminal cleared reminder outcome is not relabeled as pending
ok 685 - a terminal cleared reminder outcome is not relabeled as pending
  ---
  duration_ms: 0.088583
  type: 'test'
  ...
# Subtest: stale acceptance and failed evidence do not reconcile local reminders
ok 686 - stale acceptance and failed evidence do not reconcile local reminders
  ---
  duration_ms: 0.097333
  type: 'test'
  ...
# Subtest: actual canonical producer preserves a versioned completion rule in the hashed artifact
ok 687 - actual canonical producer preserves a versioned completion rule in the hashed artifact
  ---
  duration_ms: 1084.708042
  type: 'test'
  ...
# Subtest: Home rejects a goal change during exact package resolution instead of publishing an old generation
ok 688 - Home rejects a goal change during exact package resolution instead of publishing an old generation
  ---
  duration_ms: 1661.934542
  type: 'test'
  ...
# Subtest: real producer → verified canonical runtime → persisted evidence → Home and proposal use the same rule
ok 689 - real producer → verified canonical runtime → persisted evidence → Home and proposal use the same rule
  ---
  duration_ms: 3891.15475
  type: 'test'
  ...
# Subtest: Progress consumes actual shared evidence without claiming completion from minimum attempt volume
    # Subtest: targeted
    ok 1 - targeted
      ---
      duration_ms: 1390.350542
      type: 'test'
      ...
    # Subtest: learn_at_own_pace
    ok 2 - learn_at_own_pace
      ---
      duration_ms: 1206.522708
      type: 'test'
      ...
    1..2
ok 690 - Progress consumes actual shared evidence without claiming completion from minimum attempt volume
  ---
  duration_ms: 6568.005708
  type: 'test'
  ...
# Subtest: shared evidence is package-wide across plan revisions, exact by artifact, deduplicated, and partial is not correct
ok 691 - shared evidence is package-wide across plan revisions, exact by artifact, deduplicated, and partial is not correct
  ---
  duration_ms: 4066.504667
  type: 'test'
  ...
# Subtest: absent actual policies stay unknown in both actual Home and proposal for all nine current tracks
ok 692 - absent actual policies stay unknown in both actual Home and proposal for all nine current tracks
  ---
  duration_ms: 2883.820917
  type: 'test'
  ...
# Subtest: actual Home none and Progress unavailable preserve honest status, actions and retry semantics
ok 693 - actual Home none and Progress unavailable preserve honest status, actions and retry semantics
  ---
  duration_ms: 489.880084
  type: 'test'
  ...
# Subtest: producer and actual consumer reject the same malformed v1 rule vectors and hash binds a valid rule
ok 694 - producer and actual consumer reject the same malformed v1 rule vectors and hash binds a valid rule
  ---
  duration_ms: 2407.098834
  type: 'test'
  ...
# Subtest: Home rejects evidence changes and journal failure inside exact resolution
ok 695 - Home rejects evidence changes and journal failure inside exact resolution
  ---
  duration_ms: 3711.083917
  type: 'test'
  ...
# Subtest: matching-package phantom question IDs fail instead of contributing fabricated progress
ok 696 - matching-package phantom question IDs fail instead of contributing fabricated progress
  ---
  duration_ms: 3330.788792
  type: 'test'
  ...
# Subtest: actual profile router A/B/A rejects old Home snapshot even when account A learning data is unchanged
ok 697 - actual profile router A/B/A rejects old Home snapshot even when account A learning data is unchanged
  ---
  duration_ms: 3404.111917
  type: 'test'
  ...
# Subtest: actual persisted reviews share exact qualification and due cutoff; phantom matching review fails closed
ok 698 - actual persisted reviews share exact qualification and due cutoff; phantom matching review fails closed
  ---
  duration_ms: 5637.371583
  type: 'test'
  ...
# Subtest: future exact-package evidence cannot complete proposal while Home rejects the same facts
ok 699 - future exact-package evidence cannot complete proposal while Home rejects the same facts
  ---
  duration_ms: 4107.963833
  type: 'test'
  ...
# {"home":"unavailable","reason":"calculation_error","proposal":"generator_error"}
# Subtest: captured instant rejects same-day future answers by one millisecond without silently dropping them
ok 700 - captured instant rejects same-day future answers by one millisecond without silently dropping them
  ---
  duration_ms: 3271.485917
  type: 'test'
  ...
# Subtest: past and exactly captured answers remain eligible despite later materialization, duplicates and historical future evidence
ok 701 - past and exactly captured answers remain eligible despite later materialization, duplicates and historical future evidence
  ---
  duration_ms: 3575.655959
  type: 'test'
  ...
# Subtest: absent production rule does not hide future exact-package facts as unknown
ok 702 - absent production rule does not hide future exact-package facts as unknown
  ---
  duration_ms: 6.893125
  type: 'test'
  ...
# Subtest: clock rollback blocks real proposal resolve and acceptance before goal-plan CAS or reminders
ok 703 - clock rollback blocks real proposal resolve and acceptance before goal-plan CAS or reminders
  ---
  duration_ms: 3924.915875
  type: 'test'
  ...
# Subtest: current producer rebuild preserves all nine rule-free artifact bytes and exact app lock
ok 704 - current producer rebuild preserves all nine rule-free artifact bytes and exact app lock
  ---
  duration_ms: 6384.048083
  type: 'test'
  ...
# Subtest: P05 persisted 25 attempts / 5 correct in latest 10 cannot predict completion today
ok 705 - P05 persisted 25 attempts / 5 correct in latest 10 cannot predict completion today
  ---
  duration_ms: 1785.430084
  type: 'test'
  ...
# Subtest: P05 evaluator result cannot become an achievable target merely because volume is met
ok 706 - P05 evaluator result cannot become an achievable target merely because volume is met
  ---
  duration_ms: 4.149333
  type: 'test'
  ...
# Subtest: P05 evaluator, proposal copy and canonical guidance presentation agree in all seven locales
ok 707 - P05 evaluator, proposal copy and canonical guidance presentation agree in all seven locales
  ---
  duration_ms: 80.929625
  type: 'test'
  ...
# Subtest: missing actual rule stays unknown before quality guard even when there are many persisted attempts
ok 708 - missing actual rule stays unknown before quality guard even when there are many persisted attempts
  ---
  duration_ms: 3.675542
  type: 'test'
  ...
# Subtest: minimum exactly met still needs quality, while own pace and shortfall keep their target semantics
ok 709 - minimum exactly met still needs quality, while own pace and shortfall keep their target semantics
  ---
  duration_ms: 21.148459
  type: 'test'
  ...
# Subtest: current completed window permits zero-work; later incorrect durable attempts restore the quality limit
ok 710 - current completed window permits zero-work; later incorrect durable attempts restore the quality limit
  ---
  duration_ms: 16.321
  type: 'test'
  ...
# Subtest: applies no-goal, paused-goal, no-plan and freshness precedence
ok 711 - applies no-goal, paused-goal, no-plan and freshness precedence
  ---
  duration_ms: 54.489792
  type: 'test'
  ...
# Subtest: maps plan paused, completed, overdue boundaries and open-ended targets
ok 712 - maps plan paused, completed, overdue boundaries and open-ended targets
  ---
  duration_ms: 2.630084
  type: 'test'
  ...
# Subtest: maps capacity, typed forecast status and all unavailable reasons without recomputing
ok 713 - maps capacity, typed forecast status and all unavailable reasons without recomputing
  ---
  duration_ms: 1.71975
  type: 'test'
  ...
# Subtest: requires full forecast identity and maps malformed foreign forecasts to calculation_error
ok 714 - requires full forecast identity and maps malformed foreign forecasts to calculation_error
  ---
  duration_ms: 0.476625
  type: 'test'
  ...
# Subtest: returns frozen, typed presentation values and ignores immutable fact arrays
ok 715 - returns frozen, typed presentation values and ignores immutable fact arrays
  ---
  duration_ms: 0.375583
  type: 'test'
  ...
# Subtest: maps every guidance state, reason, message key, action and fact variant
ok 716 - maps every guidance state, reason, message key, action and fact variant
  ---
  duration_ms: 103.126916
  type: 'test'
  ...
# Subtest: accepts canonical overdue guidance with an unavailable forecast
ok 717 - accepts canonical overdue guidance with an unavailable forecast
  ---
  duration_ms: 1.483458
  type: 'test'
  ...
# Subtest: covers no-target text facts for paused and completed states
ok 718 - covers no-target text facts for paused and completed states
  ---
  duration_ms: 0.501958
  type: 'test'
  ...
# Subtest: uses native English and Polish plural categories for pace facts
ok 719 - uses native English and Polish plural categories for pace facts
  ---
  duration_ms: 5.504125
  type: 'test'
  ...
# Subtest: formats civil dates in the supplied timezone without UTC day drift
ok 720 - formats civil dates in the supplied timezone without UTC day drift
  ---
  duration_ms: 56.808041
  type: 'test'
  ...
# Subtest: rejects invalid locale, timezone, date and unknown runtime variants explicitly
ok 721 - rejects invalid locale, timezone, date and unknown runtime variants explicitly
  ---
  duration_ms: 68.112667
  type: 'test'
  ...
# Subtest: rejects a secondary action outside its two allowed states and inconsistent missing secondary
ok 722 - rejects a secondary action outside its two allowed states and inconsistent missing secondary
  ---
  duration_ms: 6.252708
  type: 'test'
  ...
# Subtest: fails closed for missing translations and unresolved placeholders
ok 723 - fails closed for missing translations and unresolved placeholders
  ---
  duration_ms: 9.229208
  type: 'test'
  ...
# Subtest: fails closed when the selected English or Polish plural suffix is missing
ok 724 - fails closed when the selected English or Polish plural suffix is missing
  ---
  duration_ms: 1.589916
  type: 'test'
  ...
# Subtest: does not mutate guidance input and keeps the presentation deeply immutable
ok 725 - does not mutate guidance input and keeps the presentation deeply immutable
  ---
  duration_ms: 43.827666
  type: 'test'
  ...
# Subtest: keeps locale resource keys flat and exactly in parity
ok 726 - keeps locale resource keys flat and exactly in parity
  ---
  duration_ms: 2.715416
  type: 'test'
  ...
# Subtest: explicit enable materializes only the exact accepted plan slots and full identity
ok 727 - explicit enable materializes only the exact accepted plan slots and full identity
  ---
  duration_ms: 63.883417
  type: 'test'
  ...
# Subtest: reconcile never requests permission and returns permission_denied as pending
ok 728 - reconcile never requests permission and returns permission_denied as pending
  ---
  duration_ms: 2.820583
  type: 'test'
  ...
# Subtest: explicit enable is the only path that requests permission and persists a denied retry
ok 729 - explicit enable is the only path that requests permission and persists a denied retry
  ---
  duration_ms: 2.09825
  type: 'test'
  ...
# Subtest: disable cancels every native reminder before persisting disabled state and fails closed on cancellation errors
ok 730 - disable cancels every native reminder before persisting disabled state and fails closed on cancellation errors
  ---
  duration_ms: 8.012584
  type: 'test'
  ...
# Subtest: permission pending retains existing native IDs for a later retry
ok 731 - permission pending retains existing native IDs for a later retry
  ---
  duration_ms: 7.608458
  type: 'test'
  ...
# Subtest: timezone mismatch clears durable and native schedules without publishing
ok 732 - timezone mismatch clears durable and native schedules without publishing
  ---
  duration_ms: 0.462625
  type: 'test'
  ...
# Subtest: source absence and terminal plan states are separate closed outcomes
ok 733 - source absence and terminal plan states are separate closed outcomes
  ---
  duration_ms: 9.783959
  type: 'test'
  ...
# Subtest: a paused goal is a separate closed outcome and clears native schedules
ok 734 - a paused goal is a separate closed outcome and clears native schedules
  ---
  duration_ms: 0.332709
  type: 'test'
  ...
# Subtest: an expected identity from another active track stays pending and is persisted for retry
ok 735 - an expected identity from another active track stays pending and is persisted for retry
  ---
  duration_ms: 10.674167
  type: 'test'
  ...
# Subtest: full source identity mismatch is fail-closed before scheduling
ok 736 - full source identity mismatch is fail-closed before scheduling
  ---
  duration_ms: 0.460625
  type: 'test'
  ...
# Subtest: legacy cancellation-only journal is cancelled before the current plan is scheduled
ok 737 - legacy cancellation-only journal is cancelled before the current plan is scheduled
  ---
  duration_ms: 6.692791
  type: 'test'
  ...
# Subtest: journal-created slots are trusted only when the discovered native identity and day match
ok 738 - journal-created slots are trusted only when the discovered native identity and day match
  ---
  duration_ms: 4.287166
  type: 'test'
  ...
# Subtest: post-read plan change is concurrent_change and leaves a retryable journal
ok 739 - post-read plan change is concurrent_change and leaves a retryable journal
  ---
  duration_ms: 10.563792
  type: 'test'
  ...
# Subtest: post-read device timezone change is concurrent_change and does not publish
ok 740 - post-read device timezone change is concurrent_change and does not publish
  ---
  duration_ms: 6.432292
  type: 'test'
  ...
# Subtest: scheduler failure is pending and never reports synced
ok 741 - scheduler failure is pending and never reports synced
  ---
  duration_ms: 1.664792
  type: 'test'
  ...
# Subtest: serialized duplicate enables schedule each accepted slot only once
ok 742 - serialized duplicate enables schedule each accepted slot only once
  ---
  duration_ms: 3.954833
  type: 'test'
  ...
# Subtest: retry resumes a durable journal after scheduler failure
ok 743 - retry resumes a durable journal after scheduler failure
  ---
  duration_ms: 2.874542
  type: 'test'
  ...
# Subtest: retry reuses a native schedule when journal persistence failed after scheduling
ok 744 - retry reuses a native schedule when journal persistence failed after scheduling
  ---
  duration_ms: 3.298959
  type: 'test'
  ...
# Subtest: a newer accepted plan replaces schedules and cancels the previous native IDs
ok 745 - a newer accepted plan replaces schedules and cancels the previous native IDs
  ---
  duration_ms: 3.811917
  type: 'test'
  ...
# Subtest: corrupt durable journal becomes scheduler_failure instead of publishing
ok 746 - corrupt durable journal becomes scheduler_failure instead of publishing
  ---
  duration_ms: 1.154792
  type: 'test'
  ...
# Subtest: selecting a track persists locally and marks a synced account pending
ok 747 - selecting a track persists locally and marks a synced account pending
  ---
  duration_ms: 2.013333
  type: 'test'
  ...
# Subtest: selecting a track on a guest installation persists locally without account sync
ok 748 - selecting a track on a guest installation persists locally without account sync
  ---
  duration_ms: 0.270875
  type: 'test'
  ...
# Subtest: track selection waits for earlier account materialization and remains the final local choice
ok 749 - track selection waits for earlier account materialization and remains the final local choice
  ---
  duration_ms: 77.830583
  type: 'test'
  ...
# Subtest: active track read waits for materialization and returns its settled state without side effects
ok 750 - active track read waits for materialization and returns its settled state without side effects
  ---
  duration_ms: 2.347291
  type: 'test'
  ...
# Subtest: operational diagnostics classify failures without exposing raw details
ok 751 - operational diagnostics classify failures without exposing raw details
  ---
  duration_ms: 0.652959
  type: 'test'
  ...
# Subtest: bootstrap observers receive only the canonical bounded event
ok 752 - bootstrap observers receive only the canonical bounded event
  ---
  duration_ms: 1.084375
  type: 'test'
  ...
# Subtest: a throwing diagnostic observer cannot alter the operation
ok 753 - a throwing diagnostic observer cannot alter the operation
  ---
  duration_ms: 0.125209
  type: 'test'
  ...
# Subtest: explicit practice routes skip the stored-track read and do not load reviews for roadmap/setup
ok 754 - explicit practice routes skip the stored-track read and do not load reviews for roadmap/setup
  ---
  duration_ms: 1357.200291
  type: 'test'
  ...
# Subtest: Hub review evidence is limited to due entries for the active track and exact artifact
ok 755 - Hub review evidence is limited to due entries for the active track and exact artifact
  ---
  duration_ms: 2.656708
  type: 'test'
  ...
# Subtest: a missing stored track stays an explicit empty selection
ok 756 - a missing stored track stays an explicit empty selection
  ---
  duration_ms: 0.232792
  type: 'test'
  ...
# Subtest: practice read surfaces storage issues instead of treating a partial read as empty
ok 757 - practice read surfaces storage issues instead of treating a partial read as empty
  ---
  duration_ms: 1.287708
  type: 'test'
  ...
# Subtest: release offer map is empty and the local smoke offer is explicit and isolated
ok 758 - release offer map is empty and the local smoke offer is explicit and isolated
  ---
  duration_ms: 2.885625
  type: 'test'
  ...
# Subtest: exact installed offer composes app-owned mode in the shared runtime without entering Free discovery
ok 759 - exact installed offer composes app-owned mode in the shared runtime without entering Free discovery
  ---
  duration_ms: 1846.410416
  type: 'test'
  ...
# Subtest: review view keeps unavailable entries separate and never makes them due
ok 760 - review view keeps unavailable entries separate and never makes them due
  ---
  duration_ms: 1.891125
  type: 'test'
  ...
# Subtest: stored unavailable reviews are readable without resolving content metadata
ok 761 - stored unavailable reviews are readable without resolving content metadata
  ---
  duration_ms: 1.380458
  type: 'test'
  ...
# Subtest: foreground timer checkpoints monotonic segments with an explicit drift bound and never counts closed-app wall time
ok 762 - foreground timer checkpoints monotonic segments with an explicit drift bound and never counts closed-app wall time
  ---
  duration_ms: 85.834959
  type: 'test'
  ...
# Subtest: foreground timer rejects stale checkpoints and retains the previous durable checkpoint
ok 763 - foreground timer rejects stale checkpoints and retains the previous durable checkpoint
  ---
  duration_ms: 1.683125
  type: 'test'
  ...
# Subtest: foreground enter and leave checkpoint authoritative time outside the UI
ok 764 - foreground enter and leave checkpoint authoritative time outside the UI
  ---
  duration_ms: 3.279833
  type: 'test'
  ...
# Subtest: Coding Mock audit advancement checkpoints the monotonic foreground countdown before canonical expiry finalization
ok 765 - Coding Mock audit advancement checkpoints the monotonic foreground countdown before canonical expiry finalization
  ---
  duration_ms: 0.676375
  type: 'test'
  ...
# Subtest: Coding Mock audit advancement requires its exact foreground session owner
ok 766 - Coding Mock audit advancement requires its exact foreground session owner
  ---
  duration_ms: 0.975209
  type: 'test'
  ...
# Subtest: ordinary practice publishes a live elapsed timer without a countdown
ok 767 - ordinary practice publishes a live elapsed timer without a countdown
  ---
  duration_ms: 0.572084
  type: 'test'
  ...
# Subtest: one family-neutral timer initializes and restores ordinary Certification foreground time
ok 768 - one family-neutral timer initializes and restores ordinary Certification foreground time
  ---
  duration_ms: 74.973542
  type: 'test'
  ...
# Subtest: absolute-deadline Certification Exam remains outside the foreground timer owner
ok 769 - absolute-deadline Certification Exam remains outside the foreground timer owner
  ---
  duration_ms: 8.912834
  type: 'test'
  ...
# Subtest: absolute-deadline draft save commits before expiry without creating a foreground timer
ok 770 - absolute-deadline draft save commits before expiry without creating a foreground timer
  ---
  duration_ms: 2.73875
  type: 'test'
  ...
# Subtest: absolute-deadline draft save finalizes and blocks the commit at and after expiry
ok 771 - absolute-deadline draft save finalizes and blocks the commit at and after expiry
  ---
  duration_ms: 0.51375
  type: 'test'
  ...
# Subtest: a durable foreground timer from another family is rejected instead of reused
ok 772 - a durable foreground timer from another family is rejected instead of reused
  ---
  duration_ms: 0.878625
  type: 'test'
  ...
# Subtest: AppState foreground transitions and force-close recovery never count background or closed-app time
ok 773 - AppState foreground transitions and force-close recovery never count background or closed-app time
  ---
  duration_ms: 1.223583
  type: 'test'
  ...
# Subtest: periodic checkpoint publishes a live projection refresh
ok 774 - periodic checkpoint publishes a live projection refresh
  ---
  duration_ms: 0.49475
  type: 'test'
  ...
# Subtest: local reset barrier waits for an in-flight checkpoint before durable clear and blocks late callbacks
ok 775 - local reset barrier waits for an in-flight checkpoint before durable clear and blocks late callbacks
  ---
  duration_ms: 0.799667
  type: 'test'
  ...
# Subtest: local reset barrier is single-flight and rejects timer commands until durable reset settles
ok 776 - local reset barrier is single-flight and rejects timer commands until durable reset settles
  ---
  duration_ms: 1.229792
  type: 'test'
  ...
# Subtest: failed durable reset releases only cleared runtime state and permits exact durable restore
ok 777 - failed durable reset releases only cleared runtime state and permits exact durable restore
  ---
  duration_ms: 0.450875
  type: 'test'
  ...
# Subtest: reset followed by a new session cannot observe or recreate the prior persisted timer
ok 778 - reset followed by a new session cannot observe or recreate the prior persisted timer
  ---
  duration_ms: 3.739166
  type: 'test'
  ...
# Subtest: controlled timer refreshes consecutive visible labels without a durable write each second
ok 779 - controlled timer refreshes consecutive visible labels without a durable write each second
  ---
  duration_ms: 0.61
  type: 'test'
  ...
# Subtest: periodic checkpoint uses the declared durable interval with an exact write count
ok 780 - periodic checkpoint uses the declared durable interval with an exact write count
  ---
  duration_ms: 0.564959
  type: 'test'
  ...
# Subtest: force-close immediately before and after the checkpoint boundary resumes within the declared drift
ok 781 - force-close immediately before and after the checkpoint boundary resumes within the declared drift
  ---
  duration_ms: 1.260167
  type: 'test'
  ...
# Subtest: expiry clamps to zero, checkpoints first, and finalizes exactly once
ok 782 - expiry clamps to zero, checkpoints first, and finalizes exactly once
  ---
  duration_ms: 0.486
  type: 'test'
  ...
# Subtest: a response-save checkpoint that crosses countdown expiry finalizes before any draft save can follow
ok 783 - a response-save checkpoint that crosses countdown expiry finalizes before any draft save can follow
  ---
  duration_ms: 0.518125
  type: 'test'
  ...
# Subtest: manual and expiry use the same injected finalization operation
ok 784 - manual and expiry use the same injected finalization operation
  ---
  duration_ms: 0.543625
  type: 'test'
  ...
# Subtest: manual finalization checkpoints the active foreground segment before it freezes the result
ok 785 - manual finalization checkpoints the active foreground segment before it freezes the result
  ---
  duration_ms: 0.30875
  type: 'test'
  ...
# Subtest: practice completion checkpoint freezes the captured tick until verified release
ok 786 - practice completion checkpoint freezes the captured tick until verified release
  ---
  duration_ms: 0.659708
  type: 'test'
  ...
# Subtest: a completed timer checkpoint is not released before completion is verified
ok 787 - a completed timer checkpoint is not released before completion is verified
  ---
  duration_ms: 0.613125
  type: 'test'
  ...
# Subtest: concurrent Finish handoffs share one timer checkpoint and one completion result
ok 788 - concurrent Finish handoffs share one timer checkpoint and one completion result
  ---
  duration_ms: 0.572125
  type: 'test'
  ...
# Subtest: missing persisted timer on resume is a typed application recovery failure
ok 789 - missing persisted timer on resume is a typed application recovery failure
  ---
  duration_ms: 3.762209
  type: 'test'
  ...
# Subtest: resume repairs a durable timer checkpoint that precedes the session aggregate
ok 790 - resume repairs a durable timer checkpoint that precedes the session aggregate
  ---
  duration_ms: 1.077916
  type: 'test'
  ...
# Subtest: repeated resume of a repaired timer does not write another session checkpoint
ok 791 - repeated resume of a repaired timer does not write another session checkpoint
  ---
  duration_ms: 0.988917
  type: 'test'
  ...
# Subtest: resume rejects a durable timer checkpoint that is behind the session aggregate
ok 792 - resume rejects a durable timer checkpoint that is behind the session aggregate
  ---
  duration_ms: 0.907541
  type: 'test'
  ...
# Subtest: a failed durable timer repair remains a blocking recovery error
ok 793 - a failed durable timer repair remains a blocking recovery error
  ---
  duration_ms: 56.882417
  type: 'test'
  ...
# Subtest: Coding Mock countdown audit command is exact and requires a development smoke runtime
ok 794 - Coding Mock countdown audit command is exact and requires a development smoke runtime
  ---
  duration_ms: 0.865041
  type: 'test'
  ...
# Subtest: production and malformed countdown commands never reach the timer owner
ok 795 - production and malformed countdown commands never reach the timer owner
  ---
  duration_ms: 0.142541
  type: 'test'
  ...
# Subtest: an exact development smoke command delegates countdown advancement to the foreground timer owner
ok 796 - an exact development smoke command delegates countdown advancement to the foreground timer owner
  ---
  duration_ms: 0.087375
  type: 'test'
  ...
# Subtest: injected audit clock drives normal scheduling and both due retention outcomes without storage mutation
ok 797 - injected audit clock drives normal scheduling and both due retention outcomes without storage mutation
  ---
  duration_ms: 5.862667
  type: 'test'
  ...
# Subtest: injected audit clock rejects an advance outside the ISO date range without changing its offset
ok 798 - injected audit clock rejects an advance outside the ISO date range without changing its offset
  ---
  duration_ms: 0.289666
  type: 'test'
  ...
# Subtest: passive runtime selectors are attached to visible content rather than containers with interactive descendants
ok 799 - passive runtime selectors are attached to visible content rather than containers with interactive descendants
  ---
  duration_ms: 1.477292
  type: 'test'
  ...
# Subtest: active-session resume uses the single recommendation card and a separate continue control
ok 800 - active-session resume uses the single recommendation card and a separate continue control
  ---
  duration_ms: 0.353792
  type: 'test'
  ...
# Subtest: Home uses the approved compact presentation without changing recommendation ownership
ok 801 - Home uses the approved compact presentation without changing recommendation ownership
  ---
  duration_ms: 0.511208
  type: 'test'
  ...
# Subtest: progress, simulation, and simulation summary selectors use canonical identities
ok 802 - progress, simulation, and simulation summary selectors use canonical identities
  ---
  duration_ms: 2.77925
  type: 'test'
  ...
# Subtest: configuration snapshot is validated, frozen, and preserved for deterministic resume
ok 803 - configuration snapshot is validated, frozen, and preserved for deterministic resume
  ---
  duration_ms: 70.816208
  type: 'test'
  ...
# Subtest: resume rejects a different mode or durable item and option plan
ok 804 - resume rejects a different mode or durable item and option plan
  ---
  duration_ms: 0.491459
  type: 'test'
  ...
# Subtest: content validation rejects missing, duplicate, and unknown durable option IDs
ok 805 - content validation rejects missing, duplicate, and unknown durable option IDs
  ---
  duration_ms: 0.469333
  type: 'test'
  ...
# Subtest: durable progress hydrates prior attempts and the answered current item in plan order
ok 806 - durable progress hydrates prior attempts and the answered current item in plan order
  ---
  duration_ms: 0.604708
  type: 'test'
  ...
# Subtest: duplicate exact content items are distinct through immutable occurrence identities
ok 807 - duplicate exact content items are distinct through immutable occurrence identities
  ---
  duration_ms: 0.255375
  type: 'test'
  ...
# Subtest: foreground accumulation persists only the supplied active interval
ok 808 - foreground accumulation persists only the supplied active interval
  ---
  duration_ms: 0.148166
  type: 'test'
  ...
# Subtest: start failure rejects without exposing a session
ok 809 - start failure rejects without exposing a session
  ---
  duration_ms: 0.099291
  type: 'test'
  ...
# Subtest: a new session is not returned before its durable write resolves
ok 810 - a new session is not returned before its durable write resolves
  ---
  duration_ms: 0.098709
  type: 'test'
  ...
# Subtest: advance failure rejects and cannot expose the next position
ok 811 - advance failure rejects and cannot expose the next position
  ---
  duration_ms: 0.3305
  type: 'test'
  ...
# Subtest: runtime-audit parser recognizes only documented reset and clock-advance commands
ok 812 - runtime-audit parser recognizes only documented reset and clock-advance commands
  ---
  duration_ms: 1.745958
  type: 'test'
  ...
# Subtest: unsupported and malformed runtime-audit URLs do not invoke reset
ok 813 - unsupported and malformed runtime-audit URLs do not invoke reset
  ---
  duration_ms: 0.201042
  type: 'test'
  ...
# Subtest: runtime-audit reset is unavailable in production and reaches only the lifecycle facade in development
ok 814 - runtime-audit reset is unavailable in production and reaches only the lifecycle facade in development
  ---
  duration_ms: 0.20825
  type: 'test'
  ...
# Subtest: development reset still restores a clean baseline when an interrupted journal cannot recover
ok 815 - development reset still restores a clean baseline when an interrupted journal cannot recover
  ---
  duration_ms: 0.678541
  type: 'test'
  ...
# Subtest: new training sessions have one application entry and no prepare-only bypass
ok 816 - new training sessions have one application entry and no prepare-only bypass
  ---
  duration_ms: 185.654042
  type: 'test'
  ...
# Subtest: Premium package download has one account-owned application entry
ok 817 - Premium package download has one account-owned application entry
  ---
  duration_ms: 128.917917
  type: 'test'
  ...
# Subtest: Free and unavailable Coding Mock access fail before package resolution, preparation, or mutation
ok 818 - Free and unavailable Coding Mock access fail before package resolution, preparation, or mutation
  ---
  duration_ms: 2105.4105
  type: 'test'
  ...
# Subtest: Premium Coding Mock starts the exact 40-item product mode and immutable profile identity
ok 819 - Premium Coding Mock starts the exact 40-item product mode and immutable profile identity
  ---
  duration_ms: 18.777209
  type: 'test'
  ...
# Subtest: Coding Mock resume, draft save, and finalization each authorize once before one exact resolution
ok 820 - Coding Mock resume, draft save, and finalization each authorize once before one exact resolution
  ---
  duration_ms: 3.762209
  type: 'test'
  ...
# Subtest: expired Coding Mock draft-save boundary aborts before package resolution or draft persistence
ok 821 - expired Coding Mock draft-save boundary aborts before package resolution or draft persistence
  ---
  duration_ms: 0.572125
  type: 'test'
  ...
# Subtest: active Coding Mock reauthorizes before exact resolution and resume validation
ok 822 - active Coding Mock reauthorizes before exact resolution and resume validation
  ---
  duration_ms: 0.721375
  type: 'test'
  ...
# Subtest: all three Design simulations require Premium before create and resume, then prepare exact profile identity
ok 823 - all three Design simulations require Premium before create and resume, then prepare exact profile identity
  ---
  duration_ms: 2.288416
  type: 'test'
  ...
# Subtest: every Design mode denies before package resolution, preparation, and session mutation
ok 824 - every Design mode denies before package resolution, preparation, and session mutation
  ---
  duration_ms: 0.60125
  type: 'test'
  ...
# Subtest: only declared Premium simulation product modes bypass node-based admission
ok 825 - only declared Premium simulation product modes bypass node-based admission
  ---
  duration_ms: 0.625958
  type: 'test'
  ...
# Subtest: Free node starts without consulting Premium admission
ok 826 - Free node starts without consulting Premium admission
  ---
  duration_ms: 2213.360083
  type: 'test'
  ...
# Subtest: Premium plans require admission before durable session start
ok 827 - Premium plans require admission before durable session start
  ---
  duration_ms: 1.275542
  type: 'test'
  ...
# Subtest: a Free-first mixed plan checks every item before durable start
ok 828 - a Free-first mixed plan checks every item before durable start
  ---
  duration_ms: 3.1035
  type: 'test'
  ...
# Subtest: training lifecycle resolves canonical runtime
ok 829 - training lifecycle resolves canonical runtime
  ---
  duration_ms: 2068.058208
  type: 'test'
  ...
# Subtest: Progress week counts durable completed sessions, not distinct answers or earlier sessions
ok 830 - Progress week counts durable completed sessions, not distinct answers or earlier sessions
  ---
  duration_ms: 2308.782416
  type: 'test'
  ...
# Subtest: A durable completed session without answers remains one completed session
ok 831 - A durable completed session without answers remains one completed session
  ---
  duration_ms: 8.030417
  type: 'test'
  ...
# Subtest: all nine tracks and all three Progress branches use the same durable weekly session facts
ok 832 - all nine tracks and all three Progress branches use the same durable weekly session facts
  ---
  duration_ms: 1400.383
  type: 'test'
  ...
# Subtest: active answers, abandoned activity, prior-week and future sessions never become completed this week
ok 833 - active answers, abandoned activity, prior-week and future sessions never become completed this week
  ---
  duration_ms: 2.114292
  type: 'test'
  ...
# Subtest: Monday is a civil boundary in the supplied zone, independent of elapsed DST hours
ok 834 - Monday is a civil boundary in the supplied zone, independent of elapsed DST hours
  ---
  duration_ms: 1.559833
  type: 'test'
  ...
# Subtest: history remains activity across valid content versions, and duplicate session IDs count once or fail conflict
ok 835 - history remains activity across valid content versions, and duplicate session IDs count once or fail conflict
  ---
  duration_ms: 1.41425
  type: 'test'
  ...
# Subtest: invalid calendar facts stay explicitly unavailable, and corrupt repository data is never zero activity
ok 836 - invalid calendar facts stay explicitly unavailable, and corrupt repository data is never zero activity
  ---
  duration_ms: 40.473042
  type: 'test'
  ...
# Subtest: weekly title plural forms are rendered by the actual translator in all seven locales
ok 837 - weekly title plural forms are rendered by the actual translator in all seven locales
  ---
  duration_ms: 11.839333
  type: 'test'
  ...
# Subtest: Activity read cannot publish account A sessions after an actual profile router switch to B
ok 838 - Activity read cannot publish account A sessions after an actual profile router switch to B
  ---
  duration_ms: 21.107833
  type: 'test'
  ...
# Subtest: Metro transforms SVG sources into React Native components
ok 839 - Metro transforms SVG sources into React Native components
  ---
  duration_ms: 0.649125
  type: 'test'
  ...
# Subtest: Metro keeps defaults and blocks only absolute local profile dotenv files
ok 840 - Metro keeps defaults and blocks only absolute local profile dotenv files
  ---
  duration_ms: 6.341333
  type: 'test'
  ...
# Subtest: Patternly mark SVG family stays deterministic and raster-free
ok 841 - Patternly mark SVG family stays deterministic and raster-free
  ---
  duration_ms: 2.402208
  type: 'test'
  ...
# Subtest: launcher source and generated assets are present
ok 842 - launcher source and generated assets are present
  ---
  duration_ms: 0.952833
  type: 'test'
  ...
# Subtest: Expo points to the canonical Patternly launcher assets
ok 843 - Expo points to the canonical Patternly launcher assets
  ---
  duration_ms: 0.412375
  type: 'test'
  ...
# Subtest: route ambient layer is the default shared background for every Screen
ok 844 - route ambient layer is the default shared background for every Screen
  ---
  duration_ms: 1.409417
  type: 'test'
  ...
# Subtest: ambient keeps randomized routes and signals without rectangular glow layers
ok 845 - ambient keeps randomized routes and signals without rectangular glow layers
  ---
  duration_ms: 0.5315
  type: 'test'
  ...
# Subtest: a release at 2999ms cancels and never confirms
ok 846 - a release at 2999ms cancels and never confirms
  ---
  duration_ms: 3.2795
  type: 'test'
  ...
# Subtest: a release at exactly 3000ms confirms once
ok 847 - a release at exactly 3000ms confirms once
  ---
  duration_ms: 0.371583
  type: 'test'
  ...
# Subtest: one controller instance survives setup cleanup setup and can confirm after reactivation
ok 848 - one controller instance survives setup cleanup setup and can confirm after reactivation
  ---
  duration_ms: 0.399125
  type: 'test'
  ...
# Subtest: a stale RAF from a deactivated setup cannot update the reactivated gesture
ok 849 - a stale RAF from a deactivated setup cannot update the reactivated gesture
  ---
  duration_ms: 0.477584
  type: 'test'
  ...
# Subtest: the controller cannot be configured with a threshold below 3000ms
ok 850 - the controller cannot be configured with a threshold below 3000ms
  ---
  duration_ms: 0.272791
  type: 'test'
  ...
# Subtest: time passing and RAF readiness never confirm before release
ok 851 - time passing and RAF readiness never confirm before release
  ---
  duration_ms: 0.254458
  type: 'test'
  ...
# Subtest: a backward clock reading cancels the gesture fail-closed
ok 852 - a backward clock reading cancels the gesture fail-closed
  ---
  duration_ms: 0.347708
  type: 'test'
  ...
# Subtest: a non-finite clock reading cancels the gesture fail-closed
ok 853 - a non-finite clock reading cancels the gesture fail-closed
  ---
  duration_ms: 0.497291
  type: 'test'
  ...
# Subtest: repeated releases cannot duplicate a completed gesture
ok 854 - repeated releases cannot duplicate a completed gesture
  ---
  duration_ms: 5.425416
  type: 'test'
  ...
# Subtest: moving outside the measured bounds cancels the gesture
ok 855 - moving outside the measured bounds cancels the gesture
  ---
  duration_ms: 12.5425
  type: 'test'
  ...
# Subtest: background termination and disabled changes cancel without confirming
ok 856 - background termination and disabled changes cancel without confirming
  ---
  duration_ms: 0.24875
  type: 'test'
  ...
# Subtest: disabling immediately before release rejects the current gesture
ok 857 - disabling immediately before release rejects the current gesture
  ---
  duration_ms: 1.398541
  type: 'test'
  ...
# Subtest: release is rejected while the controller is inactive
ok 858 - release is rejected while the controller is inactive
  ---
  duration_ms: 4.029417
  type: 'test'
  ...
# Subtest: destroying the controller cancels a held gesture and ignores later input
ok 859 - destroying the controller cancels a held gesture and ignores later input
  ---
  duration_ms: 35.453792
  type: 'test'
  ...
# Subtest: a new gesture starts from zero after an early release and progress is clamped
ok 860 - a new gesture starts from zero after an early release and progress is clamped
  ---
  duration_ms: 1.41025
  type: 'test'
  ...
# Subtest: reset cancels a scheduled RAF and does not invoke the completion callback
ok 861 - reset cancels a scheduled RAF and does not invoke the completion callback
  ---
  duration_ms: 0.370708
  type: 'test'
  ...
# Subtest: the component wires native responder cancellation and a simple full-surface progress fill
ok 862 - the component wires native responder cancellation and a simple full-surface progress fill
  ---
  duration_ms: 1.456
  type: 'test'
  ...
# Subtest: destructive text layers meet their contrast thresholds
ok 863 - destructive text layers meet their contrast thresholds
  ---
  duration_ms: 1.755125
  type: 'test'
  ...
# Subtest: navigation context owns the approved 16/22/600 semantic token
ok 864 - navigation context owns the approved 16/22/600 semantic token
  ---
  duration_ms: 1.668084
  type: 'test'
  ...
# Subtest: shared and goal headers preserve long context at 200 percent text
ok 865 - shared and goal headers preserve long context at 200 percent text
  ---
  duration_ms: 2.018417
  type: 'test'
  ...
# Subtest: back controls keep a 44 point target while context can reflow
ok 866 - back controls keep a 44 point target while context can reflow
  ---
  duration_ms: 0.604041
  type: 'test'
  ...
# Subtest: approved exceptions remain local and tab typography stays out of scope
ok 867 - approved exceptions remain local and tab typography stays out of scope
  ---
  duration_ms: 2.906708
  type: 'test'
  ...
# Subtest: goal error keeps the same accessible navigation context as loading and ready states
ok 868 - goal error keeps the same accessible navigation context as loading and ready states
  ---
  duration_ms: 0.212958
  type: 'test'
  ...
# Subtest: shared visual effects have one theme-token owner
ok 869 - shared visual effects have one theme-token owner
  ---
  duration_ms: 181.322209
  type: 'test'
  ...
# Subtest: screens and components resolve colors exclusively through the active theme
ok 870 - screens and components resolve colors exclusively through the active theme
  ---
  duration_ms: 58.220375
  type: 'test'
  ...
# Subtest: all branded navigation headers use the one AppShellHeader path
ok 871 - all branded navigation headers use the one AppShellHeader path
  ---
  duration_ms: 120.559208
  type: 'test'
  ...
# Subtest: answer review pending uses the shared review shell anatomy without fabricated values
ok 872 - answer review pending uses the shared review shell anatomy without fabricated values
  ---
  duration_ms: 0.612333
  type: 'test'
  ...
# Subtest: route coverage has one native or inline shell owner and preserves active-session specialization
ok 873 - route coverage has one native or inline shell owner and preserves active-session specialization
  ---
  duration_ms: 3.844833
  type: 'test'
  ...
# Subtest: the headerless practice route owns every Algorithms and Certification render branch
ok 874 - the headerless practice route owns every Algorithms and Certification render branch
  ---
  duration_ms: 0.522792
  type: 'test'
  ...
# Subtest: the shared header owns accessible back geometry and long-copy reflow without navigation fallback
ok 875 - the shared header owns accessible back geometry and long-copy reflow without navigation fallback
  ---
  duration_ms: 1.256042
  type: 'test'
  ...
# Subtest: Screen and SessionShell remain the only general and active-session page owners
ok 876 - Screen and SessionShell remain the only general and active-session page owners
  ---
  duration_ms: 10.061791
  type: 'test'
  ...
# Subtest: representative Home, Settings, setup, session, and result routes keep canonical ownership
ok 877 - representative Home, Settings, setup, session, and result routes keep canonical ownership
  ---
  duration_ms: 2.46675
  type: 'test'
  ...
# Subtest: Progress follows the current Figma section copy and 200% text contract
ok 878 - Progress follows the current Figma section copy and 200% text contract
  ---
  duration_ms: 0.713375
  type: 'test'
  ...
# Subtest: Activity rows preserve the variable-height Figma copy at large text
ok 879 - Activity rows preserve the variable-height Figma copy at large text
  ---
  duration_ms: 0.17175
  type: 'test'
  ...
# Subtest: simulation review remains explicitly unavailable
ok 880 - simulation review remains explicitly unavailable
  ---
  duration_ms: 0.097084
  type: 'test'
  ...
# Subtest: answer review keeps its explicit unavailable state
ok 881 - answer review keeps its explicit unavailable state
  ---
  duration_ms: 10.056958
  type: 'test'
  ...
# Subtest: simulation active shell uses the Figma question and action-footer variant
ok 882 - simulation active shell uses the Figma question and action-footer variant
  ---
  duration_ms: 0.675959
  type: 'test'
  ...
# Subtest: Practice setup keeps one canonical back action and recovery copy names learner-visible consequences
ok 883 - Practice setup keeps one canonical back action and recovery copy names learner-visible consequences
  ---
  duration_ms: 53.589792
  type: 'test'
  ...
# Subtest: lost-key recovery uses the typed failure code and the canonical hold-to-remove operation
ok 884 - lost-key recovery uses the typed failure code and the canonical hold-to-remove operation
  ---
  duration_ms: 0.782209
  type: 'test'
  ...
# Subtest: lost-key recovery keeps removal, success, error, and bootstrap transitions explicit
ok 885 - lost-key recovery keeps removal, success, error, and bootstrap transitions explicit
  ---
  duration_ms: 10.678583
  type: 'test'
  ...
# Subtest: manual lost-key retries are process-local and automatic bootstrap does not spend the limit
ok 886 - manual lost-key retries are process-local and automatic bootstrap does not spend the limit
  ---
  duration_ms: 0.233
  type: 'test'
  ...
# Subtest: recovery surface centers recovery states and gives success its own concise layout
ok 887 - recovery surface centers recovery states and gives success its own concise layout
  ---
  duration_ms: 0.969417
  type: 'test'
  ...
# Subtest: unavailable active content is a typed gate with explicit abandon and retry paths
ok 888 - unavailable active content is a typed gate with explicit abandon and retry paths
  ---
  duration_ms: 1.3495
  type: 'test'
  ...
# Subtest: bootstrap diagnostics are wired only through the development branch as one structural observer
ok 889 - bootstrap diagnostics are wired only through the development branch as one structural observer
  ---
  duration_ms: 0.662209
  type: 'test'
  ...
# Subtest: the recovery presentation fixture is development-smoke only and never calls storage operations
ok 890 - the recovery presentation fixture is development-smoke only and never calls storage operations
  ---
  duration_ms: 1.030834
  type: 'test'
  ...
# Subtest: session fingerprint uses canonical artifact and occurrence identity
ok 891 - session fingerprint uses canonical artifact and occurrence identity
  ---
  duration_ms: 1.180625
  type: 'test'
  ...
# Subtest: counts only settled failed manual attempts and hides retry after five failures
ok 892 - counts only settled failed manual attempts and hides retry after five failures
  ---
  duration_ms: 1.045125
  type: 'test'
  ...
# Subtest: success closes the recovery episode and re-enables retries
ok 893 - success closes the recovery episode and re-enables retries
  ---
  duration_ms: 0.144958
  type: 'test'
  ...
# Subtest: background and rerender do not reset the process-local episode state
ok 894 - background and rerender do not reset the process-local episode state
  ---
  duration_ms: 0.063958
  type: 'test'
  ...
# Subtest: node package scope is null during transition without reading the stale selected profile
ok 895 - node package scope is null during transition without reading the stale selected profile
  ---
  duration_ms: 0.617125
  type: 'test'
  ...
# Subtest: Premium package errors have distinct localized-copy keys and actionable recovery policy
ok 896 - Premium package errors have distinct localized-copy keys and actionable recovery policy
  ---
  duration_ms: 3.014125
  type: 'test'
  ...
# Subtest: profile completion settles before lifecycle composition and resume authorization
ok 897 - profile completion settles before lifecycle composition and resume authorization
  ---
  duration_ms: 1.550417
  type: 'test'
  ...
# Subtest: application bootstrap wires account completion ahead of lifecycle composition
ok 898 - application bootstrap wires account completion ahead of lifecycle composition
  ---
  duration_ms: 0.548334
  type: 'test'
  ...
# Subtest: recovery locale uses the first device language and supports Polish regional tags
ok 899 - recovery locale uses the first device language and supports Polish regional tags
  ---
  duration_ms: 0.709125
  type: 'test'
  ...
# Subtest: recovery locale fails to English for unsupported or malformed native values
ok 900 - recovery locale fails to English for unsupported or malformed native values
  ---
  duration_ms: 0.098041
  type: 'test'
  ...
# Subtest: BESD14 exact two-unit payloads and preserved items match sources with retired identities absent
ok 901 - BESD14 exact two-unit payloads and preserved items match sources with retired identities absent
  ---
  duration_ms: 1731.035
  type: 'test'
  ...
# Subtest: BESD14 real pre-answer view models expose authored facts and controls without feedback or answer fields
ok 902 - BESD14 real pre-answer view models expose authored facts and controls without feedback or answer fields
  ---
  duration_ms: 1.661583
  type: 'test'
  ...
# Subtest: BESD14 fixed-ID scoring and authored Reason, Details and diagnostics survive every option and reversed order
ok 903 - BESD14 fixed-ID scoring and authored Reason, Details and diagnostics survive every option and reversed order
  ---
  duration_ms: 1.484042
  type: 'test'
  ...
# Subtest: BIZQ-01 bundled loader and pre-submit projection preserve the corrected source contract
ok 904 - BIZQ-01 bundled loader and pre-submit projection preserve the corrected source contract
  ---
  duration_ms: 1659.231
  type: 'test'
  ...
# Subtest: BIZQ-01 replaced identities from an old package do not enter current due retrieval
ok 905 - BIZQ-01 replaced identities from an old package do not enter current due retrieval
  ---
  duration_ms: 0.310333
  type: 'test'
  ...
# Subtest: current canonical bundle carries the exact reviewed source while pre-submit hides authored feedback
ok 906 - current canonical bundle carries the exact reviewed source while pre-submit hides authored feedback
  ---
  duration_ms: 735.572041
  type: 'test'
  ...
# Subtest: all24 saved legal permutations preserve every selected stable ID, score and authored feedback
ok 907 - all24 saved legal permutations preserve every selected stable ID, score and authored feedback
  ---
  duration_ms: 3.342125
  type: 'test'
  ...
# Subtest: real current Coding practice rejects an old-package active session instead of substituting new content
ok 908 - real current Coding practice rejects an old-package active session instead of substituting new content
  ---
  duration_ms: 10.752667
  type: 'test'
  ...
# Subtest: OOD source replacement is the exact bundled and eligible canonical item with new scored option identities
ok 909 - OOD source replacement is the exact bundled and eligible canonical item with new scored option identities
  ---
  duration_ms: 1497.833292
  type: 'test'
  ...
# Subtest: OOD12 consumer resolves only the source-bound completed switch outcomes replacement in the existing learning pool
ok 910 - OOD12 consumer resolves only the source-bound completed switch outcomes replacement in the existing learning pool
  ---
  duration_ms: 1601.416541
  type: 'test'
  ...
# Subtest: OOD13 exact cohort is source-identical and eligible with retired identities absent
ok 911 - OOD13 exact cohort is source-identical and eligible with retired identities absent
  ---
  duration_ms: 1740.513208
  type: 'test'
  ...
# Subtest: OOD13 reviewed answer identities score independently of option position with exact authored diagnostics
ok 912 - OOD13 reviewed answer identities score independently of option position with exact authored diagnostics
  ---
  duration_ms: 1.233083
  type: 'test'
  ...
# Subtest: Design simulation profiles preserve exact per-track identity and reference-only evaluation
ok 913 - Design simulation profiles preserve exact per-track identity and reference-only evaluation
  ---
  duration_ms: 688.657458
  type: 'test'
  ...
# Subtest: Design simulation schema rejects identity, stage, response, criteria, rubric, and semantic-scoring drift
ok 914 - Design simulation schema rejects identity, stage, response, criteria, rubric, and semantic-scoring drift
  ---
  duration_ms: 1647.421708
  type: 'test'
  ...
# Subtest: ProductModeConfig preserves the complete available 9-track mode matrix
ok 915 - ProductModeConfig preserves the complete available 9-track mode matrix
  ---
  duration_ms: 28.292875
  type: 'test'
  ...
# Subtest: ODK-097 app Design modes stay in parity with the current producer profiles
ok 916 - ODK-097 app Design modes stay in parity with the current producer profiles
  ---
  duration_ms: 1.43375
  type: 'test'
  ...
# Subtest: mode policies preserve feedback, elapsed timer, reinsert and evidence behavior
ok 917 - mode policies preserve feedback, elapsed timer, reinsert and evidence behavior
  ---
  duration_ms: 0.204583
  type: 'test'
  ...
# Subtest: selection pools are non-empty, local, and large enough for every requested length
ok 918 - selection pools are non-empty, local, and large enough for every requested length
  ---
  duration_ms: 259.139083
  type: 'test'
  ...
# Subtest: simulation mode is bound to the exact GCP profile, family, and mode
ok 919 - simulation mode is bound to the exact GCP profile, family, and mode
  ---
  duration_ms: 0.486708
  type: 'test'
  ...
# Subtest: Coding Mock product mode binds only its declared Coding Interview profile
ok 920 - Coding Mock product mode binds only its declared Coding Interview profile
  ---
  duration_ms: 0.130916
  type: 'test'
  ...
# Subtest: GCP Diagnostic preserves the verified exact ordered 40-question plan
ok 921 - GCP Diagnostic preserves the verified exact ordered 40-question plan
  ---
  duration_ms: 0.175708
  type: 'test'
  ...
# Subtest: declared but uninstalled modes fail closed with a stable unavailable error
ok 922 - declared but uninstalled modes fail closed with a stable unavailable error
  ---
  duration_ms: 0.18775
  type: 'test'
  ...
# Subtest: validated production configuration is recursively immutable
ok 923 - validated production configuration is recursively immutable
  ---
  duration_ms: 0.26425
  type: 'test'
  ...
# Subtest: validator rejects duplicate, missing, additional, and non-canonical config shapes
ok 924 - validator rejects duplicate, missing, additional, and non-canonical config shapes
  ---
  duration_ms: 32.015333
  type: 'test'
  ...
# Subtest: validator rejects foreign identities, empty pools, bad lengths, and policy mismatches
ok 925 - validator rejects foreign identities, empty pools, bad lengths, and policy mismatches
  ---
  duration_ms: 1.4035
  type: 'test'
  ...
# Subtest: validator rejects foreign questions, Diagnostic reordering, bad evidence and unsupported interactions
ok 926 - validator rejects foreign questions, Diagnostic reordering, bad evidence and unsupported interactions
  ---
  duration_ms: 2378.823625
  type: 'test'
  ...
# Subtest: validator rejects missing, duplicate, empty and foreign canonical artifacts
ok 927 - validator rejects missing, duplicate, empty and foreign canonical artifacts
  ---
  duration_ms: 28928.296833
  type: 'test'
  ...
# Subtest: all nine canonical artifacts validate with exact inventory and stable learner whitespace
ok 928 - all nine canonical artifacts validate with exact inventory and stable learner whitespace
  ---
  duration_ms: 856.026041
  type: 'test'
  ...
# Subtest: canonical scoring matches the producer oracle exhaustively
ok 929 - canonical scoring matches the producer oracle exhaustively
  ---
  duration_ms: 2733.265792
  type: 'test'
  ...
# Subtest: all interactions expose completeness and immutable AttemptResult semantics
ok 930 - all interactions expose completeness and immutable AttemptResult semantics
  ---
  duration_ms: 6.631167
  type: 'test'
  ...
# Subtest: dimension scoring ignores inherited selections exactly like the producer oracle
ok 931 - dimension scoring ignores inherited selections exactly like the producer oracle
  ---
  duration_ms: 17.017875
  type: 'test'
  ...
# Subtest: dimension responses reject sparse arrays and alias-normalization collisions
ok 932 - dimension responses reject sparse arrays and alias-normalization collisions
  ---
  duration_ms: 11.914084
  type: 'test'
  ...
# Subtest: ordering response completeness rejects sparse own slots and inherited holes
ok 933 - ordering response completeness rejects sparse own slots and inherited holes
  ---
  duration_ms: 1.472708
  type: 'test'
  ...
# Subtest: validator fails closed on exact keys, identities, membership and scoring consistency
ok 934 - validator fails closed on exact keys, identities, membership and scoring consistency
  ---
  duration_ms: 346.327583
  type: 'test'
  ...
# Subtest: catalog verifies bytes before exposing frozen lookups and exact artifact metadata
ok 935 - catalog verifies bytes before exposing frozen lookups and exact artifact metadata
  ---
  duration_ms: 1365.29275
  type: 'test'
  ...
# Subtest: optional GCP simulation profile is strict, complete, immutable and covered by its artifact hash
ok 936 - optional GCP simulation profile is strict, complete, immutable and covered by its artifact hash
  ---
  duration_ms: 3497.817458
  type: 'test'
  ...
# Subtest: Coding Mock profile validation requires its strict declared ordered 40-question pool
ok 937 - Coding Mock profile validation requires its strict declared ordered 40-question pool
  ---
  duration_ms: 1427.005834
  type: 'test'
  ...
# Subtest: canonical runtime catalog exposes all locked tracks, modes, pools, and exact artifact identities
ok 938 - canonical runtime catalog exposes all locked tracks, modes, pools, and exact artifact identities
  ---
  duration_ms: 1954.3995
  type: 'test'
  ...
# Subtest: injected loader failures are visible and do not poison the active cache
ok 939 - injected loader failures are visible and do not poison the active cache
  ---
  duration_ms: 267.237375
  type: 'test'
  ...
# Subtest: canonical runtime catalog hashes artifacts sequentially and preserves artifact order
ok 940 - canonical runtime catalog hashes artifacts sequentially and preserves artifact order
  ---
  duration_ms: 2607.238042
  type: 'test'
  ...
# Subtest: public owner retries after a failed cached load and then preserves cache identity
ok 941 - public owner retries after a failed cached load and then preserves cache identity
  ---
  duration_ms: 15289.945375
  type: 'test'
  ...
# Subtest: canonical runtime catalog caches only a validated active catalog
ok 942 - canonical runtime catalog caches only a validated active catalog
  ---
  duration_ms: 0.5605
  type: 'test'
  ...
# Subtest: historical content release lock remains covered by frozen release manifests
not ok 943 - historical content release lock remains covered by frozen release manifests
  ---
  duration_ms: 61.686875
  type: 'test'
  location: '/Users/lukaszkurczab/Desktop/Projects/Patternly/patternly/src/content/contentReleaseCrossRepo.test.ts:2:2336'
  failureType: 'testCodeFailure'
  error: |-
    historical content checkout must match the locked producer commit
    + actual - expected

    + 'fada384746dfdfeb3f3153e1ebdeddc9fea0a672'
    - 'cc3efca88be7e01137f10ac69a0643f06b61a350'

  code: 'ERR_ASSERTION'
  name: 'AssertionError'
  expected: 'cc3efca88be7e01137f10ac69a0643f06b61a350'
  actual: 'fada384746dfdfeb3f3153e1ebdeddc9fea0a672'
  operator: 'strictEqual'
  stack: |-
    TestContext.<anonymous> (/Users/lukaszkurczab/Desktop/Projects/Patternly/patternly/src/content/contentReleaseCrossRepo.test.ts:72:10)
    Test.runInAsyncScope (node:async_hooks:214:14)
    Test.run (node:internal/test_runner/test:1047:25)
    Test.start (node:internal/test_runner/test:944:17)
    startSubtestAfterBootstrap (node:internal/test_runner/harness:296:17)
  ...
# Subtest: bundled canonical release matches the current producer builder
not ok 944 - bundled canonical release matches the current producer builder
  ---
  duration_ms: 0.599792
  type: 'test'
  location: '/Users/lukaszkurczab/Desktop/Projects/Patternly/patternly/src/content/contentReleaseCrossRepo.test.ts:2:4809'
  failureType: 'testCodeFailure'
  error: 'PATTERNLY_CONTENT_EXPECTED_CURRENT_SHA is required'
  code: 'ERR_ASSERTION'
  name: 'AssertionError'
  expected: true
  operator: '=='
  stack: |-
    expectedCurrentContentSha (/Users/lukaszkurczab/Desktop/Projects/Patternly/patternly/src/content/contentReleaseCrossRepo.test.ts:52:10)
    TestContext.<anonymous> (/Users/lukaszkurczab/Desktop/Projects/Patternly/patternly/src/content/contentReleaseCrossRepo.test.ts:101:30)
    Test.runInAsyncScope (node:async_hooks:214:14)
    Test.run (node:internal/test_runner/test:1047:25)
    Test.processPendingSubtests (node:internal/test_runner/test:744:18)
    Test.postRun (node:internal/test_runner/test:1173:19)
    Test.run (node:internal/test_runner/test:1101:12)
    async startSubtestAfterBootstrap (node:internal/test_runner/harness:296:3)
  ...
# Subtest: current canonical builder preserves the ODK-096 inventory and approved AWS identity without repinning history
not ok 945 - current canonical builder preserves the ODK-096 inventory and approved AWS identity without repinning history
  ---
  duration_ms: 0.35425
  type: 'test'
  location: '/Users/lukaszkurczab/Desktop/Projects/Patternly/patternly/src/content/contentReleaseCrossRepo.test.ts:2:6544'
  failureType: 'testCodeFailure'
  error: 'PATTERNLY_CONTENT_EXPECTED_CURRENT_SHA is required'
  code: 'ERR_ASSERTION'
  name: 'AssertionError'
  expected: true
  operator: '=='
  stack: |-
    expectedCurrentContentSha (/Users/lukaszkurczab/Desktop/Projects/Patternly/patternly/src/content/contentReleaseCrossRepo.test.ts:52:10)
    TestContext.<anonymous> (/Users/lukaszkurczab/Desktop/Projects/Patternly/patternly/src/content/contentReleaseCrossRepo.test.ts:126:30)
    Test.runInAsyncScope (node:async_hooks:214:14)
    Test.run (node:internal/test_runner/test:1047:25)
    Test.processPendingSubtests (node:internal/test_runner/test:744:18)
    Test.postRun (node:internal/test_runner/test:1173:19)
    Test.run (node:internal/test_runner/test:1101:12)
    async Test.processPendingSubtests (node:internal/test_runner/test:744:7)
  ...
# Subtest: node package verifier enforces exact transport headers, hashes, schema and app minimum
ok 946 - node package verifier enforces exact transport headers, hashes, schema and app minimum
  ---
  duration_ms: 132.321125
  type: 'test'
  ...
# Subtest: install keeps old exact package resolvable after new activation and rolls back on failed reread or activation
ok 947 - install keeps old exact package resolvable after new activation and rolls back on failed reread or activation
  ---
  duration_ms: 2620.501167
  type: 'test'
  ...
# Subtest: installed exact cache is isolated across profile changes and lazily rehydrates on return
ok 948 - installed exact cache is isolated across profile changes and lazily rehydrates on return
  ---
  duration_ms: 1582.161417
  type: 'test'
  ...
# Subtest: stale profile hydration cannot register records after an in-flight profile switch
ok 949 - stale profile hydration cannot register records after an in-flight profile switch
  ---
  duration_ms: 1869.913916
  type: 'test'
  ...
# Subtest: package hash and gzip output size reject corrupt, oversized, and truncated packages
ok 950 - package hash and gzip output size reject corrupt, oversized, and truncated packages
  ---
  duration_ms: 1.8335
  type: 'test'
  ...
# Subtest: 404 and interrupted downloads do not replace an active package
ok 951 - 404 and interrupted downloads do not replace an active package
  ---
  duration_ms: 2.367583
  type: 'test'
  ...
# Subtest: backend package admission failures keep their typed status and code
ok 952 - backend package admission failures keep their typed status and code
  ---
  duration_ms: 0.752041
  type: 'test'
  ...
# Subtest: filesystem adapter leaves the old MMKV pointer on move or pointer-write failure and keeps valid history
ok 953 - filesystem adapter leaves the old MMKV pointer on move or pointer-write failure and keeps valid history
  ---
  duration_ms: 4424.688375
  type: 'test'
  ...
# Subtest: pointer activation rolls back after a write-then-throw and a mismatching read-back
ok 954 - pointer activation rolls back after a write-then-throw and a mismatching read-back
  ---
  duration_ms: 7.42025
  type: 'test'
  ...
# Subtest: retry replaces only an inactive partial final left by an interrupted file move
ok 955 - retry replaces only an inactive partial final left by an interrupted file move
  ---
  duration_ms: 4.948
  type: 'test'
  ...
# Subtest: canonical admission exposes nine launch tracks
ok 956 - canonical admission exposes nine launch tracks
  ---
  duration_ms: 2511.181541
  type: 'test'
  ...
# Subtest: Coding Mock stays outside ordinary modes and resolves its exact declared profile
ok 957 - Coding Mock stays outside ordinary modes and resolves its exact declared profile
  ---
  duration_ms: 0.475
  type: 'test'
  ...
# Subtest: content report description is optional, trimmed and bounded
ok 958 - content report description is optional, trimmed and bounded
  ---
  duration_ms: 158.565667
  type: 'test'
  ...
# Subtest: content report description rejects obvious contact and secret data
ok 959 - content report description rejects obvious contact and secret data
  ---
  duration_ms: 17.963459
  type: 'test'
  ...
# Subtest: ordinary technical language is not mistaken for a secret
ok 960 - ordinary technical language is not mistaken for a secret
  ---
  duration_ms: 1.047958
  type: 'test'
  ...
# Subtest: a new family carries payload, response, result, and evidence without a global union
ok 961 - a new family carries payload, response, result, and evidence without a global union
  ---
  duration_ms: 4.717625
  type: 'test'
  ...
# Subtest: kernel accepts open track ids and enforces canonical session invariants
ok 962 - kernel accepts open track ids and enforces canonical session invariants
  ---
  duration_ms: 2.433125
  type: 'test'
  ...
# Subtest: attempt result constructor enforces kind, range, and component totals
ok 963 - attempt result constructor enforces kind, range, and component totals
  ---
  duration_ms: 0.369584
  type: 'test'
  ...
# Subtest: attempt, evidence, reasons, and learning evidence stay family neutral
ok 964 - attempt, evidence, reasons, and learning evidence stay family neutral
  ---
  duration_ms: 0.480834
  type: 'test'
  ...
# Subtest: lifecycle record guards and completed-result coverage are explicit
ok 965 - lifecycle record guards and completed-result coverage are explicit
  ---
  duration_ms: 0.292417
  type: 'test'
  ...
# Subtest: LearningPlan v1 guard requires the complete strict shape and canonical slot order
ok 966 - LearningPlan v1 guard requires the complete strict shape and canonical slot order
  ---
  duration_ms: 36.361333
  type: 'test'
  ...
# Subtest: accepted target snapshot follows T4 goal meaning and canonical null dates
ok 967 - accepted target snapshot follows T4 goal meaning and canonical null dates
  ---
  duration_ms: 1.100583
  type: 'test'
  ...
# Subtest: generates one stable 18:00 slot per normalized preferred day for every goal type
ok 968 - generates one stable 18:00 slot per normalized preferred day for every goal type
  ---
  duration_ms: 123.26325
  type: 'test'
  ...
# Subtest: uses due review priority, otherwise package scope, without item identifiers
ok 969 - uses due review priority, otherwise package scope, without item identifiers
  ---
  duration_ms: 0.568125
  type: 'test'
  ...
# Subtest: event boundaries are strict-before while deadline and checkpoint are inclusive
ok 970 - event boundaries are strict-before while deadline and checkpoint are inclusive
  ---
  duration_ms: 0.881792
  type: 'test'
  ...
# Subtest: missing target date is open-ended before an unknown completion rule
ok 971 - missing target date is open-ended before an unknown completion rule
  ---
  duration_ms: 0.379458
  type: 'test'
  ...
# Subtest: C3 unknown is explicit with a target; in-progress uses remaining attempts and completed has no remaining work
ok 972 - C3 unknown is explicit with a target; in-progress uses remaining attempts and completed has no remaining work
  ---
  duration_ms: 0.383667
  type: 'test'
  ...
# Subtest: S12 is the only capacity source and shortfall preserves all counts without slots or attainability
ok 973 - S12 is the only capacity source and shortfall preserves all counts without slots or attainability
  ---
  duration_ms: 0.241584
  type: 'test'
  ...
# Subtest: leap-day and DST-neutral occurrence counting use calendar dates, not elapsed local milliseconds
ok 974 - leap-day and DST-neutral occurrence counting use calendar dates, not elapsed local milliseconds
  ---
  duration_ms: 0.655709
  type: 'test'
  ...
# Subtest: does not mutate preferred day order or mutable input values and returns frozen output
ok 975 - does not mutate preferred day order or mutable input values and returns frozen output
  ---
  duration_ms: 0.55375
  type: 'test'
  ...
# Subtest: rejects malformed or inconsistent input with the one explicit error class
ok 976 - rejects malformed or inconsistent input with the one explicit error class
  ---
  duration_ms: 1.09925
  type: 'test'
  ...
# Subtest: uses the explicit formulas, includes today, and excludes an event target day
ok 977 - uses the explicit formulas, includes today, and excludes an event target day
  ---
  duration_ms: 99.997292
  type: 'test'
  ...
# Subtest: minimum observation age is inclusive: six days gives seven days, five gives six
ok 978 - minimum observation age is inclusive: six days gives seven days, five gives six
  ---
  duration_ms: 3.663958
  type: 'test'
  ...
# Subtest: trend starts at thirteen days and applies strict ten-percent boundaries
ok 979 - trend starts at thirteen days and applies strict ten-percent boundaries
  ---
  duration_ms: 47.9405
  type: 'test'
  ...
# Subtest: trend handles zero-to-zero, zero-to-positive, and positive-to-zero windows after age fourteen
ok 980 - trend handles zero-to-zero, zero-to-positive, and positive-to-zero windows after age fourteen
  ---
  duration_ms: 7.290792
  type: 'test'
  ...
# Subtest: completed work is zero work even without future occurrences or observations
ok 981 - completed work is zero work even without future occurrences or observations
  ---
  duration_ms: 0.692792
  type: 'test'
  ...
# Subtest: returns each honest unavailable business reason
ok 982 - returns each honest unavailable business reason
  ---
  duration_ms: 1.982583
  type: 'test'
  ...
# Subtest: requires a concrete non-negative completion requirement
ok 983 - requires a concrete non-negative completion requirement
  ---
  duration_ms: 1.455875
  type: 'test'
  ...
# Subtest: returns calculation_error when the projected calendar date is not representable
ok 984 - returns calculation_error when the projected calendar date is not representable
  ---
  duration_ms: 0.550875
  type: 'test'
  ...
# Subtest: uses full immutable facts and does not double-count session questions
ok 985 - uses full immutable facts and does not double-count session questions
  ---
  duration_ms: 0.984083
  type: 'test'
  ...
# Subtest: handles DST, leap-day calendar arithmetic, and today occurrences without elapsed milliseconds
ok 986 - handles DST, leap-day calendar arithmetic, and today occurrences without elapsed milliseconds
  ---
  duration_ms: 1.92075
  type: 'test'
  ...
# Subtest: rejects malformed numbers, dates, timezones, future facts, and inconsistent sessions
ok 987 - rejects malformed numbers, dates, timezones, future facts, and inconsistent sessions
  ---
  duration_ms: 1.91225
  type: 'test'
  ...
# Subtest: completion rule validates explicit v1 bounds
ok 988 - completion rule validates explicit v1 bounds
  ---
  duration_ms: 0.778792
  type: 'test'
  ...
# Subtest: completion is unknown without a package rule and otherwise uses the exact rolling window
ok 989 - completion is unknown without a package rule and otherwise uses the exact rolling window
  ---
  duration_ms: 85.31425
  type: 'test'
  ...
# Subtest: completion filters full package identity, deduplicates exact retries, and rejects malformed or conflicting durable evidence
ok 990 - completion filters full package identity, deduplicates exact retries, and rejects malformed or conflicting durable evidence
  ---
  duration_ms: 5.25675
  type: 'test'
  ...
# Subtest: same instant ordering is stable by id
ok 991 - same instant ordering is stable by id
  ---
  duration_ms: 0.19225
  type: 'test'
  ...
# Subtest: ResolvedContentRef has exactly four canonical-safe fields and is frozen
ok 992 - ResolvedContentRef has exactly four canonical-safe fields and is frozen
  ---
  duration_ms: 3.248042
  type: 'test'
  ...
# Subtest: ResolvedContentRef rejects null, extra fields, unsafe identities, and SHA casing without normalization
ok 993 - ResolvedContentRef rejects null, extra fields, unsafe identities, and SHA casing without normalization
  ---
  duration_ms: 0.963292
  type: 'test'
  ...
# Subtest: ResolvedContentRef key is versioned, deterministic, and field-boundary safe
ok 994 - ResolvedContentRef key is versioned, deterministic, and field-boundary safe
  ---
  duration_ms: 0.460583
  type: 'test'
  ...
# Subtest: tombstones are immutable, tagged, minimal, and contain no recursive legacy fields
ok 995 - tombstones are immutable, tagged, minimal, and contain no recursive legacy fields
  ---
  duration_ms: 0.303459
  type: 'test'
  ...
# Subtest: resolution result is exact, frozen, and distinguishes resolved from tombstone
ok 996 - resolution result is exact, frozen, and distinguishes resolved from tombstone
  ---
  duration_ms: 0.470667
  type: 'test'
  ...
# Subtest: public domain barrel exposes strict contracts but not the legacy decoder/mapper
ok 997 - public domain barrel exposes strict contracts but not the legacy decoder/mapper
  ---
  duration_ms: 0.289375
  type: 'test'
  ...
# Subtest: registry resolves current tracks in canonical launch order without a default
ok 998 - registry resolves current tracks in canonical launch order without a default
  ---
  duration_ms: 2.068667
  type: 'test'
  ...
# Subtest: a new track and family register without modifying the learning kernel
ok 999 - a new track and family register without modifying the learning kernel
  ---
  duration_ms: 0.149084
  type: 'test'
  ...
# Subtest: incorrect and partial attempts create remediation entries with source and taxonomy evidence
ok 1000 - incorrect and partial attempts create remediation entries with source and taxonomy evidence
  ---
  duration_ms: 3.185833
  type: 'test'
  ...
# Subtest: correct Algorithms attempt creates scheduled retrieval while correct Certification attempt creates none
ok 1001 - correct Algorithms attempt creates scheduled retrieval while correct Certification attempt creates none
  ---
  duration_ms: 0.323667
  type: 'test'
  ...
# Subtest: review transition counts only after due, resets on incorrect and partial, and resolves after two eligible successes
ok 1002 - review transition counts only after due, resets on incorrect and partial, and resolves after two eligible successes
  ---
  duration_ms: 0.828125
  type: 'test'
  ...
# Subtest: same-session correction does not resolve persistent review and only canonical reasons exist
ok 1003 - same-session correction does not resolve persistent review and only canonical reasons exist
  ---
  duration_ms: 0.40125
  type: 'test'
  ...
# Subtest: ordinary Algorithms practice cannot resolve persistent review after due
ok 1004 - ordinary Algorithms practice cannot resolve persistent review after due
  ---
  duration_ms: 0.224375
  type: 'test'
  ...
# Subtest: session creation preserves requested and actual lengths, immutable item order, option order, and no response
ok 1005 - session creation preserves requested and actual lengths, immutable item order, option order, and no response
  ---
  duration_ms: 41.787208
  type: 'test'
  ...
# Subtest: active session advances and persisted current position resumes deterministically
ok 1006 - active session advances and persisted current position resumes deterministically
  ---
  duration_ms: 0.436167
  type: 'test'
  ...
# Subtest: session supports valid direct navigation but rejects an invalid item index
ok 1007 - session supports valid direct navigation but rejects an invalid item index
  ---
  duration_ms: 0.462458
  type: 'test'
  ...
# Subtest: completion fixes position at the final item and cannot advance
ok 1008 - completion fixes position at the final item and cannot advance
  ---
  duration_ms: 0.384667
  type: 'test'
  ...
# Subtest: abandonment preserves committed position and cannot advance
ok 1009 - abandonment preserves committed position and cannot advance
  ---
  duration_ms: 4.949541
  type: 'test'
  ...
# Subtest: session rejects mismatched track, content version, duplicate references, and invalid completion position
ok 1010 - session rejects mismatched track, content version, duplicate references, and invalid completion position
  ---
  duration_ms: 0.729667
  type: 'test'
  ...
# Subtest: runtime admission resolves the exact candidate lock for every canonical launch track
ok 1011 - runtime admission resolves the exact candidate lock for every canonical launch track
  ---
  duration_ms: 1833.693459
  type: 'test'
  ...
# Subtest: pending status waits while the target is not reflected by both identity sources
ok 1012 - pending status waits while the target is not reflected by both identity sources
  ---
  duration_ms: 0.671834
  type: 'test'
  ...
# Subtest: pending status confirms only matching verified Firebase and backend identities
ok 1013 - pending status confirms only matching verified Firebase and backend identities
  ---
  duration_ms: 0.091417
  type: 'test'
  ...
# Subtest: one-sided email or verification agreement remains waiting
ok 1014 - one-sided email or verification agreement remains waiting
  ---
  duration_ms: 0.101166
  type: 'test'
  ...
# Subtest: a different authenticated UID is unavailable and does not expose the old request as success
ok 1015 - a different authenticated UID is unavailable and does not expose the old request as success
  ---
  duration_ms: 0.056542
  type: 'test'
  ...
# Subtest: refresh failure takes priority over matching cached identity data
ok 1016 - refresh failure takes priority over matching cached identity data
  ---
  duration_ms: 0.053625
  type: 'test'
  ...
# Subtest: legacy recovery-code retry keeps an invalid credential on its password field
ok 1017 - legacy recovery-code retry keeps an invalid credential on its password field
  ---
  duration_ms: 2.536916
  type: 'test'
  ...
# Subtest: delete account switches from identity confirmation to the hold action
ok 1018 - delete account switches from identity confirmation to the hold action
  ---
  duration_ms: 4.787666
  type: 'test'
  ...
# Subtest: delete account password failures stay attached to Password
ok 1019 - delete account password failures stay attached to Password
  ---
  duration_ms: 0.35175
  type: 'test'
  ...
# Subtest: email validation identifies the address field for all sign-in providers
ok 1020 - email validation identifies the address field for all sign-in providers
  ---
  duration_ms: 0.716
  type: 'test'
  ...
# Subtest: reauthentication errors identify a password only when that field exists
ok 1021 - reauthentication errors identify a password only when that field exists
  ---
  duration_ms: 0.177833
  type: 'test'
  ...
# Subtest: password change validation identifies the edited password field
ok 1022 - password change validation identifies the edited password field
  ---
  duration_ms: 0.065917
  type: 'test'
  ...
# Subtest: recovery-code wrong-password failures identify the current password
ok 1023 - recovery-code wrong-password failures identify the current password
  ---
  duration_ms: 0.051083
  type: 'test'
  ...
# Subtest: general errors and non-field security failures retain their existing banner presentation
ok 1024 - general errors and non-field security failures retain their existing banner presentation
  ---
  duration_ms: 0.080417
  type: 'test'
  ...
# Subtest: editing another field preserves its error; editing the affected field clears it
ok 1025 - editing another field preserves its error; editing the affected field clears it
  ---
  duration_ms: 0.198833
  type: 'test'
  ...
# Subtest: password-change field errors use the localized field-specific copy
ok 1026 - password-change field errors use the localized field-specific copy
  ---
  duration_ms: 3.080208
  type: 'test'
  ...
# Subtest: welcome screen keeps its mark, localized copy, and entry actions
ok 1027 - welcome screen keeps its mark, localized copy, and entry actions
  ---
  duration_ms: 1.001583
  type: 'test'
  ...
# Subtest: a recovery-code operation for a different account keeps codes hidden and offers explicit sign-in resolution
ok 1028 - a recovery-code operation for a different account keeps codes hidden and offers explicit sign-in resolution
  ---
  duration_ms: 0.890458
  type: 'test'
  ...
# Subtest: a confirmed account mismatch offers a separately explicit current-account transition
ok 1029 - a confirmed account mismatch offers a separately explicit current-account transition
  ---
  duration_ms: 0.094833
  type: 'test'
  ...
# Subtest: missing generation does not offer a defer action and deferred codes remain hidden
ok 1030 - missing generation does not offer a defer action and deferred codes remain hidden
  ---
  duration_ms: 0.14375
  type: 'test'
  ...
# Subtest: unconfirmed delivery keeps unsaved codes available and offers an explicit status retry
ok 1031 - unconfirmed delivery keeps unsaved codes available and offers an explicit status retry
  ---
  duration_ms: 0.059667
  type: 'test'
  ...
# Subtest: available result with persisted saved intent hides codes and offers an explicit ACK retry
ok 1032 - available result with persisted saved intent hides codes and offers an explicit ACK retry
  ---
  duration_ms: 0.066166
  type: 'test'
  ...
# Subtest: unconfirmed or blocked saved intent does not promise an available ACK
ok 1033 - unconfirmed or blocked saved intent does not promise an available ACK
  ---
  duration_ms: 0.237
  type: 'test'
  ...
# Subtest: acknowledged issue is terminal and no longer blocks a replacement chosen by the user
ok 1034 - acknowledged issue is terminal and no longer blocks a replacement chosen by the user
  ---
  duration_ms: 0.05425
  type: 'test'
  ...
# Subtest: server-confirmed non-acknowledged terminal status requires an explicit continue action
ok 1035 - server-confirmed non-acknowledged terminal status requires an explicit continue action
  ---
  duration_ms: 0.05775
  type: 'test'
  ...
# Subtest: a consume operation for another account offers explicit resume without an automatic retry
ok 1036 - a consume operation for another account offers explicit resume without an automatic retry
  ---
  duration_ms: 0.274166
  type: 'test'
  ...
# Subtest: loading or unavailable vault state blocks code issuance until recovery state is known
ok 1037 - loading or unavailable vault state blocks code issuance until recovery state is known
  ---
  duration_ms: 0.374583
  type: 'test'
  ...
# Subtest: all account locales provide the recovery operation states and explicit mismatch actions
ok 1038 - all account locales provide the recovery operation states and explicit mismatch actions
  ---
  duration_ms: 1.226583
  type: 'test'
  ...
# Subtest: recovery panel resolves nested messages with the app's flat-key configuration
ok 1039 - recovery panel resolves nested messages with the app's flat-key configuration
  ---
  duration_ms: 7.184625
  type: 'test'
  ...
# Subtest: terminal continuation does not render a wrong-account warning
ok 1040 - terminal continuation does not render a wrong-account warning
  ---
  duration_ms: 0.239708
  type: 'test'
  ...
# Subtest: analytics lookup uses canonical identity
ok 1041 - analytics lookup uses canonical identity
  ---
  duration_ms: 1563.004791
  type: 'test'
  ...
# Subtest: Certification Exam runner uses exact resume, route-keyed reads and expired result navigation
ok 1042 - Certification Exam runner uses exact resume, route-keyed reads and expired result navigation
  ---
  duration_ms: 0.711458
  type: 'test'
  ...
# Subtest: exam response changes persist the canonical choice response before publishing the refreshed selection
ok 1043 - exam response changes persist the canonical choice response before publishing the refreshed selection
  ---
  duration_ms: 0.144541
  type: 'test'
  ...
# Subtest: all exam draft writes and navigation share one in-flight action lane
ok 1044 - all exam draft writes and navigation share one in-flight action lane
  ---
  duration_ms: 1.13775
  type: 'test'
  ...
# Subtest: a durable navigator move closes the navigator while a failed projection read exposes retry
ok 1045 - a durable navigator move closes the navigator while a failed projection read exposes retry
  ---
  duration_ms: 0.143208
  type: 'test'
  ...
# Subtest: exam actions describe navigation and finish confirmation, including unanswered questions
ok 1046 - exam actions describe navigation and finish confirmation, including unanswered questions
  ---
  duration_ms: 0.125334
  type: 'test'
  ...
# Subtest: review fixture accepts only named development smoke cases and exact deep links
ok 1047 - review fixture accepts only named development smoke cases and exact deep links
  ---
  duration_ms: 1.568292
  type: 'test'
  ...
# Subtest: reopening the same fixture case creates a fresh launch identity
ok 1048 - reopening the same fixture case creates a fresh launch identity
  ---
  duration_ms: 0.12375
  type: 'test'
  ...
# Subtest: fixture readers are optional screen seams and production readers remain the default
ok 1049 - fixture readers are optional screen seams and production readers remain the default
  ---
  duration_ms: 1.086292
  type: 'test'
  ...
# Subtest: fixture creates validator-approved fixed-50 canonical evidence without partial or persistence shortcuts
ok 1050 - fixture creates validator-approved fixed-50 canonical evidence without partial or persistence shortcuts
  ---
  duration_ms: 1584.706542
  type: 'test'
  ...
# Subtest: memory readers require the fixture session identity and preserve read-only evidence
ok 1051 - memory readers require the fixture session identity and preserve read-only evidence
  ---
  duration_ms: 6.32425
  type: 'test'
  ...
# Subtest: ready fixture calls the supplied opener with each exact projected source URL
ok 1052 - ready fixture calls the supplied opener with each exact projected source URL
  ---
  duration_ms: 86.065666
  type: 'test'
  ...
# Subtest: source-failure fixture records exact opener attempt but never calls external URL opening
ok 1053 - source-failure fixture records exact opener attempt but never calls external URL opening
  ---
  duration_ms: 6.88125
  type: 'test'
  ...
# Subtest: practice answer matrix exposes actual completed summary, five feedback previews, and full review
ok 1054 - practice answer matrix exposes actual completed summary, five feedback previews, and full review
  ---
  duration_ms: 44.685041
  type: 'test'
  ...
# Subtest: Metro disabled runtime is explicitly unavailable outside smoke
ok 1055 - Metro disabled runtime is explicitly unavailable outside smoke
  ---
  duration_ms: 0.158917
  type: 'test'
  ...
# Subtest: completed single-select review distinguishes the learner answer from the omitted correct answer
ok 1056 - completed single-select review distinguishes the learner answer from the omitted correct answer
  ---
  duration_ms: 1.969375
  type: 'test'
  ...
# Subtest: completed multi-select review preserves every selected, correct and omitted state
ok 1057 - completed multi-select review preserves every selected, correct and omitted state
  ---
  duration_ms: 0.375417
  type: 'test'
  ...
# Subtest: a request change makes an in-flight interval refresh stale before publication
ok 1058 - a request change makes an in-flight interval refresh stale before publication
  ---
  duration_ms: 1.838333
  type: 'test'
  ...
# Subtest: a newer same-request refresh wins over an older success
ok 1059 - a newer same-request refresh wins over an older success
  ---
  duration_ms: 0.157167
  type: 'test'
  ...
# Subtest: slow overlapping interval reads keep publishing when they complete in order
ok 1060 - slow overlapping interval reads keep publishing when they complete in order
  ---
  duration_ms: 0.216667
  type: 'test'
  ...
# Subtest: a newer successful refresh suppresses an older error
ok 1061 - a newer successful refresh suppresses an older error
  ---
  duration_ms: 0.172375
  type: 'test'
  ...
# Subtest: a newer successful refresh suppresses an older expiry
ok 1062 - a newer successful refresh suppresses an older expiry
  ---
  duration_ms: 0.067959
  type: 'test'
  ...
# Subtest: a newer same-request rejection wins over an older success
ok 1063 - a newer same-request rejection wins over an older success
  ---
  duration_ms: 0.107708
  type: 'test'
  ...
# Subtest: a newer same-request expiry wins over an older success
ok 1064 - a newer same-request expiry wins over an older success
  ---
  duration_ms: 0.229833
  type: 'test'
  ...
# Subtest: unmount cleanup invalidates an in-flight expiry read before publication
ok 1065 - unmount cleanup invalidates an in-flight expiry read before publication
  ---
  duration_ms: 0.167375
  type: 'test'
  ...
# Subtest: request change during start-on-miss prevents starting or rereading a replacement exam
ok 1066 - request change during start-on-miss prevents starting or rereading a replacement exam
  ---
  duration_ms: 0.333834
  type: 'test'
  ...
# Subtest: unmount cleanup during start-on-miss prevents the after-start interval read
ok 1067 - unmount cleanup during start-on-miss prevents the after-start interval read
  ---
  duration_ms: 0.438917
  type: 'test'
  ...
# Subtest: current start-on-miss refreshes after the new exam is started
ok 1068 - current start-on-miss refreshes after the new exam is started
  ---
  duration_ms: 0.126084
  type: 'test'
  ...
# Subtest: request change during expected resume prevents the old session from publishing
ok 1069 - request change during expected resume prevents the old session from publishing
  ---
  duration_ms: 0.083625
  type: 'test'
  ...
# Subtest: expected resume failure never falls back to starting a new exam
ok 1070 - expected resume failure never falls back to starting a new exam
  ---
  duration_ms: 0.105791
  type: 'test'
  ...
# Subtest: the current expiry outcome carries its session id for guarded navigation
ok 1071 - the current expiry outcome carries its session id for guarded navigation
  ---
  duration_ms: 0.060917
  type: 'test'
  ...
# Subtest: Exam Review has one local header owner and returns to the exact result session
ok 1072 - Exam Review has one local header owner and returns to the exact result session
  ---
  duration_ms: 0.832917
  type: 'test'
  ...
# Subtest: Previous and Next preserve their question navigation and boundary disabling
ok 1073 - Previous and Next preserve their question navigation and boundary disabling
  ---
  duration_ms: 0.233375
  type: 'test'
  ...
# Subtest: Unanswered uses shared feedback with complete details expanded and reporting unchanged
ok 1074 - Unanswered uses shared feedback with complete details expanded and reporting unchanged
  ---
  duration_ms: 0.146708
  type: 'test'
  ...
# Subtest: opaque result evidence preserves all answered outcomes including partial credit
ok 1075 - opaque result evidence preserves all answered outcomes including partial credit
  ---
  duration_ms: 1.786542
  type: 'test'
  ...
# Subtest: missing, malformed and inconsistent evidence does not invent zero scores
ok 1076 - missing, malformed and inconsistent evidence does not invent zero scores
  ---
  duration_ms: 0.151833
  type: 'test'
  ...
# Subtest: a real zero and an absent abandoned score remain distinct
ok 1077 - a real zero and an absent abandoned score remain distinct
  ---
  duration_ms: 0.17225
  type: 'test'
  ...
# Subtest: invalid points stay unavailable without clamping
ok 1078 - invalid points stay unavailable without clamping
  ---
  duration_ms: 0.092792
  type: 'test'
  ...
# Subtest: exact historical maximum corrects display without mutating durable evidence
ok 1079 - exact historical maximum corrects display without mutating durable evidence
  ---
  duration_ms: 0.1445
  type: 'test'
  ...
# Subtest: backend diagnostics records prerequisite and sync preparation failures before final status
ok 1080 - backend diagnostics records prerequisite and sync preparation failures before final status
  ---
  duration_ms: 0.9405
  type: 'test'
  ...
# Subtest: successful backend diagnostics still verify sync apply, deduplication, conflict, and read-after
ok 1081 - successful backend diagnostics still verify sync apply, deduplication, conflict, and read-after
  ---
  duration_ms: 0.223084
  type: 'test'
  ...
# Subtest: GoalCadenceScreen passes its selected app locale into the calendar
ok 1082 - GoalCadenceScreen passes its selected app locale into the calendar
  ---
  duration_ms: 1.473375
  type: 'test'
  ...
# Subtest: the rendered month, weekday headings and accessible dates all use that locale
ok 1083 - the rendered month, weekday headings and accessible dates all use that locale
  ---
  duration_ms: 68.553459
  type: 'test'
  ...
# Subtest: month boundaries, leap days and week starts build complete selectable grids
ok 1084 - month boundaries, leap days and week starts build complete selectable grids
  ---
  duration_ms: 0.420125
  type: 'test'
  ...
# Subtest: the selected date is exposed through button state and its press updates the pending date
ok 1085 - the selected date is exposed through button state and its press updates the pending date
  ---
  duration_ms: 0.286708
  type: 'test'
  ...
# Subtest: only English starts on Sunday and all other supported locales start on Monday
ok 1086 - only English starts on Sunday and all other supported locales start on Monday
  ---
  duration_ms: 0.080792
  type: 'test'
  ...
# Subtest: Activity opens only resolver-owned result destinations
ok 1087 - Activity opens only resolver-owned result destinations
  ---
  duration_ms: 1.595875
  type: 'test'
  ...
# Subtest: Activity result routing fails closed for inline-only records
ok 1088 - Activity result routing fails closed for inline-only records
  ---
  duration_ms: 0.355125
  type: 'test'
  ...
# Subtest: Activity navigation preserves the original session identity
ok 1089 - Activity navigation preserves the original session identity
  ---
  duration_ms: 0.234083
  type: 'test'
  ...
# Subtest: Activity renders unavailable history as an explicit detail surface without runtime navigation
ok 1090 - Activity renders unavailable history as an explicit detail surface without runtime navigation
  ---
  duration_ms: 0.679916
  type: 'test'
  ...
# Subtest: Activity detail disclosures are mutually exclusive and expose expanded state
ok 1091 - Activity detail disclosures are mutually exclusive and expose expanded state
  ---
  duration_ms: 0.297125
  type: 'test'
  ...
# Subtest: goal cadence is a reachable root route backed by the canonical repository
ok 1092 - goal cadence is a reachable root route backed by the canonical repository
  ---
  duration_ms: 15.423833
  type: 'test'
  ...
# Subtest: Progress owns the goal entry point for the active track
ok 1093 - Progress owns the goal entry point for the active track
  ---
  duration_ms: 0.152291
  type: 'test'
  ...
# Subtest: Settings opens the shared goal screen with its return context
ok 1094 - Settings opens the shared goal screen with its return context
  ---
  duration_ms: 0.180834
  type: 'test'
  ...
# Subtest: active goal summary only exposes Save while editing
ok 1095 - active goal summary only exposes Save while editing
  ---
  duration_ms: 0.12725
  type: 'test'
  ...
# Subtest: active goal summary keeps the reminder draft noninteractive
ok 1096 - active goal summary keeps the reminder draft noninteractive
  ---
  duration_ms: 0.23275
  type: 'test'
  ...
# Subtest: goal status and selected day labels use onPrimary on filled backgrounds
ok 1097 - goal status and selected day labels use onPrimary on filled backgrounds
  ---
  duration_ms: 0.11525
  type: 'test'
  ...
# Subtest: preferred-day shortcuts preserve domain ids and translate every EN/PL label
ok 1098 - preferred-day shortcuts preserve domain ids and translate every EN/PL label
  ---
  duration_ms: 1.656
  type: 'test'
  ...
# Subtest: goal reminders are a read-only preferred-day draft in both create and active summary
ok 1099 - goal reminders are a read-only preferred-day draft in both create and active summary
  ---
  duration_ms: 0.537083
  type: 'test'
  ...
# Subtest: target dates use the shared localized calendar with cancellable drafts and an explicit ISO commit
ok 1100 - target dates use the shared localized calendar with cancellable drafts and an explicit ISO commit
  ---
  duration_ms: 2.172166
  type: 'test'
  ...
# Subtest: goal editing uses local keyboard avoidance while preserving the shared sticky footer
ok 1101 - goal editing uses local keyboard avoidance while preserving the shared sticky footer
  ---
  duration_ms: 0.512209
  type: 'test'
  ...
# Subtest: goal loading keeps its back action separate from the busy content announcement
ok 1102 - goal loading keeps its back action separate from the busy content announcement
  ---
  duration_ms: 0.225042
  type: 'test'
  ...
# Subtest: goal templates are sourced from every canonical track descriptor
ok 1103 - goal templates are sourced from every canonical track descriptor
  ---
  duration_ms: 2.307791
  type: 'test'
  ...
# Subtest: default goal is valid and keeps optional date unset
ok 1104 - default goal is valid and keeps optional date unset
  ---
  duration_ms: 0.338959
  type: 'test'
  ...
# Subtest: goal persistence guard rejects invalid cadence, date, track template, and extra fields
ok 1105 - goal persistence guard rejects invalid cadence, date, track template, and extra fields
  ---
  duration_ms: 0.345375
  type: 'test'
  ...
# Subtest: goal normalizer derives ordered cadence from legacy targets and every day count
ok 1106 - goal normalizer derives ordered cadence from legacy targets and every day count
  ---
  duration_ms: 0.39375
  type: 'test'
  ...
# Subtest: goal repository normalizes legacy records on read without repairing storage
ok 1107 - goal repository normalizes legacy records on read without repairing storage
  ---
  duration_ms: 0.862958
  type: 'test'
  ...
# Subtest: empty legacy goals remain readable, but saving an empty selection is rejected without data loss
ok 1108 - empty legacy goals remain readable, but saving an empty selection is rejected without data loss
  ---
  duration_ms: 0.592709
  type: 'test'
  ...
# Subtest: goal repository rejects a zero target with selected days without repairing the record
ok 1109 - goal repository rejects a zero target with selected days without repairing the record
  ---
  duration_ms: 0.284958
  type: 'test'
  ...
# Subtest: saving a goal persists the normalized cadence while preserving other fields
ok 1110 - saving a goal persists the normalized cadence while preserving other fields
  ---
  duration_ms: 0.271
  type: 'test'
  ...
# Subtest: goal repository persists one canonical record per track
ok 1111 - goal repository persists one canonical record per track
  ---
  duration_ms: 0.776417
  type: 'test'
  ...
# Subtest: target-date projection follows goal type and explicit own-pace saves remove only legacy dates
ok 1112 - target-date projection follows goal type and explicit own-pace saves remove only legacy dates
  ---
  duration_ms: 0.47625
  type: 'test'
  ...
# Subtest: saved ISO dates initialize the native picker at local noon and preserve leap days
ok 1113 - saved ISO dates initialize the native picker at local noon and preserve leap days
  ---
  duration_ms: 2.098792
  type: 'test'
  ...
# Subtest: empty dates initialize to device-local today at noon
ok 1114 - empty dates initialize to device-local today at noon
  ---
  duration_ms: 0.107917
  type: 'test'
  ...
# Subtest: non-empty saved dates must satisfy the persisted ISO calendar-date contract
ok 1115 - non-empty saved dates must satisfy the persisted ISO calendar-date contract
  ---
  duration_ms: 0.304708
  type: 'test'
  ...
# Subtest: local calendar dates round-trip across a daylight-saving transition
ok 1116 - local calendar dates round-trip across a daylight-saving transition
  ---
  duration_ms: 0.680792
  type: 'test'
  ...
# Subtest: guest privacy request copy separates acceptance from unconfirmed email delivery
ok 1117 - guest privacy request copy separates acceptance from unconfirmed email delivery
  ---
  duration_ms: 1.579458
  type: 'test'
  ...
# Subtest: guest privacy retry identity survives restart without persisting a session token
ok 1118 - guest privacy retry identity survives restart without persisting a session token
  ---
  duration_ms: 38.92175
  type: 'test'
  ...
# Subtest: choosing the first track reloads Home data for that selected track
ok 1119 - choosing the first track reloads Home data for that selected track
  ---
  duration_ms: 4.033834
  type: 'test'
  ...
# Subtest: a failed Home shell read keeps the learner in a retryable state on the canonical load path
ok 1120 - a failed Home shell read keeps the learner in a retryable state on the canonical load path
  ---
  duration_ms: 0.196959
  type: 'test'
  ...
# Subtest: Home focus retries only eligible pending account data and clears route tab suppression on local navigation
ok 1121 - Home focus retries only eligible pending account data and clears route tab suppression on local navigation
  ---
  duration_ms: 0.225834
  type: 'test'
  ...
# Subtest: Home keeps resume-required handling internal instead of showing sync implementation details
ok 1122 - Home keeps resume-required handling internal instead of showing sync implementation details
  ---
  duration_ms: 0.121583
  type: 'test'
  ...
# Subtest: the first Home visit replaces repeated empty metrics with one honest next-step state
ok 1123 - the first Home visit replaces repeated empty metrics with one honest next-step state
  ---
  duration_ms: 0.634375
  type: 'test'
  ...
# Subtest: goal invitation stays optional for guest and healthy account, reloads after Goal, and persists dismissal per track
ok 1124 - goal invitation stays optional for guest and healthy account, reloads after Goal, and persists dismissal per track
  ---
  duration_ms: 0.321541
  type: 'test'
  ...
# Subtest: Home stacks quiet-layered context and decision metadata at large text sizes
ok 1125 - Home stacks quiet-layered context and decision metadata at large text sizes
  ---
  duration_ms: 1.294791
  type: 'test'
  ...
# Subtest: editor route carries only editor identity and never silently loads a plan
ok 1126 - editor route carries only editor identity and never silently loads a plan
  ---
  duration_ms: 0.792084
  type: 'test'
  ...
# Subtest: editor commits through the runtime wrapper and keeps reminder retry visible
ok 1127 - editor commits through the runtime wrapper and keeps reminder retry visible
  ---
  duration_ms: 0.271292
  type: 'test'
  ...
# Subtest: learning plan fixture URL accepts only the explicit development smoke case enum
ok 1128 - learning plan fixture URL accepts only the explicit development smoke case enum
  ---
  duration_ms: 1.648125
  type: 'test'
  ...
# Subtest: reopening the same fixture URL creates a fresh launch identity
ok 1129 - reopening the same fixture URL creates a fresh launch identity
  ---
  duration_ms: 0.131458
  type: 'test'
  ...
# Subtest: named proposal fixture cases produce domain-generated screen states with the declared schedule shape
ok 1130 - named proposal fixture cases produce domain-generated screen states with the declared schedule shape
  ---
  duration_ms: 3281.002291
  type: 'test'
  ...
# Subtest: fixture actions report one in-memory call and never report storage success
ok 1131 - fixture actions report one in-memory call and never report storage success
  ---
  duration_ms: 6006.201666
  type: 'test'
  ...
# Subtest: delayed loading remains pending before it resolves to the ready view
ok 1132 - delayed loading remains pending before it resolves to the ready view
  ---
  duration_ms: 3002.939042
  type: 'test'
  ...
# Subtest: disabled fixture peer is an explicit unavailable implementation
ok 1133 - disabled fixture peer is an explicit unavailable implementation
  ---
  duration_ms: 0.809916
  type: 'test'
  ...
# Subtest: proposal route carries only identity and resolves the in-memory proposal
ok 1134 - proposal route carries only identity and resolves the in-memory proposal
  ---
  duration_ms: 4.498167
  type: 'test'
  ...
# Subtest: proposal accepts through the plan/reminder runtime and preserves pending saves
ok 1135 - proposal accepts through the plan/reminder runtime and preserves pending saves
  ---
  duration_ms: 0.420791
  type: 'test'
  ...
# Subtest: proposal keeps explicit states, edit actions and localized copy
ok 1136 - proposal keeps explicit states, edit actions and localized copy
  ---
  duration_ms: 0.349083
  type: 'test'
  ...
# Subtest: every proposal screen branch leaves the top safe area to its stack header
ok 1137 - every proposal screen branch leaves the top safe area to its stack header
  ---
  duration_ms: 0.190583
  type: 'test'
  ...
# Subtest: ready and shortened proposals use the review title and a two-action footer
ok 1138 - ready and shortened proposals use the review title and a two-action footer
  ---
  duration_ms: 0.868166
  type: 'test'
  ...
# Subtest: goal type is the card heading while target and selected days remain visible
ok 1139 - goal type is the card heading while target and selected days remain visible
  ---
  duration_ms: 0.342333
  type: 'test'
  ...
# Subtest: review title is localized in all seven locales and removed goal-context copy is dead
ok 1140 - review title is localized in all seven locales and removed goal-context copy is dead
  ---
  duration_ms: 0.439625
  type: 'test'
  ...
# Subtest: shortfall and saved-plan actions retain their existing semantics
ok 1141 - shortfall and saved-plan actions retain their existing semantics
  ---
  duration_ms: 0.414625
  type: 'test'
  ...
# Subtest: goal save still opens a proposal only after its existing reminder reconciliation
ok 1142 - goal save still opens a proposal only after its existing reminder reconciliation
  ---
  duration_ms: 0.648958
  type: 'test'
  ...
# Subtest: target guidance retry performs a real canonical snapshot reload
ok 1143 - target guidance retry performs a real canonical snapshot reload
  ---
  duration_ms: 1.078333
  type: 'test'
  ...
# Subtest: authenticated required narrative validation returns inline error before either create command
ok 1144 - authenticated required narrative validation returns inline error before either create command
  ---
  duration_ms: 1.46725
  type: 'test'
  ...
# Subtest: guest invalid email validation returns field error before either create command
ok 1145 - guest invalid email validation returns field error before either create command
  ---
  duration_ms: 0.206834
  type: 'test'
  ...
# Subtest: valid submissions route exactly once and trim optional values
ok 1146 - valid submissions route exactly once and trim optional values
  ---
  duration_ms: 0.248125
  type: 'test'
  ...
# Subtest: Progress model preserves canonical guidance and completion without a volume ratio
ok 1147 - Progress model preserves canonical guidance and completion without a volume ratio
  ---
  duration_ms: 93.053
  type: 'test'
  ...
# Subtest: Progress model never creates a self-link for completed guidance
ok 1148 - Progress model never creates a self-link for completed guidance
  ---
  duration_ms: 11.3595
  type: 'test'
  ...
# Subtest: Progress model does not offer a new plan session while one is active
ok 1149 - Progress model does not offer a new plan session while one is active
  ---
  duration_ms: 21.368125
  type: 'test'
  ...
# Subtest: Progress model keeps none guidance explicit for no goal, paused goal and no plan
ok 1150 - Progress model keeps none guidance explicit for no goal, paused goal and no plan
  ---
  duration_ms: 3.308666
  type: 'test'
  ...
# Subtest: Progress model fails closed for a foreign active track or unavailable snapshot
ok 1151 - Progress model fails closed for a foreign active track or unavailable snapshot
  ---
  duration_ms: 19.411792
  type: 'test'
  ...
# Subtest: Progress rejects invalid count, minimum, window and quality rather than presenting false completion
ok 1152 - Progress rejects invalid count, minimum, window and quality rather than presenting false completion
  ---
  duration_ms: 4.283375
  type: 'test'
  ...
# Subtest: track selection turns an active-track read rejection into an explicit retryable unavailable state
ok 1153 - track selection turns an active-track read rejection into an explicit retryable unavailable state
  ---
  duration_ms: 0.779959
  type: 'test'
  ...
# Subtest: track selection retains the local choice and offers the same command again after a save rejection
ok 1154 - track selection retains the local choice and offers the same command again after a save rejection
  ---
  duration_ms: 0.295667
  type: 'test'
  ...
# Subtest: track selection waits for clean reminder reconciliation before completing
ok 1155 - track selection waits for clean reminder reconciliation before completing
  ---
  duration_ms: 0.22375
  type: 'test'
  ...
# Subtest: track selection stacks dense rows and actions instead of clipping large text
ok 1156 - track selection stacks dense rows and actions instead of clipping large text
  ---
  duration_ms: 2.843042
  type: 'test'
  ...
# Subtest: Algorithms bootstrap accepts a reachable large-text control without requiring full card visibility
ok 1157 - Algorithms bootstrap accepts a reachable large-text control without requiring full card visibility
  ---
  duration_ms: 0.1095
  type: 'test'
  ...
# Subtest: track cards use the canonical Figma icon mapping for every active track
ok 1158 - track cards use the canonical Figma icon mapping for every active track
  ---
  duration_ms: 0.188375
  type: 'test'
  ...
# Subtest: track selection mirrors the Figma returning and switching footer states
ok 1159 - track selection mirrors the Figma returning and switching footer states
  ---
  duration_ms: 0.448959
  type: 'test'
  ...
# Subtest: Activity groups durable terminal sessions and keeps the row projection truthful
ok 1160 - Activity groups durable terminal sessions and keeps the row projection truthful
  ---
  duration_ms: 113.404083
  type: 'test'
  ...
# Subtest: Activity identifies an absolute-deadline completion without relabeling manual abandonment
ok 1161 - Activity identifies an absolute-deadline completion without relabeling manual abandonment
  ---
  duration_ms: 0.436833
  type: 'test'
  ...
# Subtest: Activity interaction matrix opens only summaries supported by durable family evidence
ok 1162 - Activity interaction matrix opens only summaries supported by durable family evidence
  ---
  duration_ms: 0.74525
  type: 'test'
  ...
# Subtest: Activity track filter returns only records for the selected canonical track
ok 1163 - Activity track filter returns only records for the selected canonical track
  ---
  duration_ms: 0.127917
  type: 'test'
  ...
# Subtest: Activity uses local calendar days and Monday-based calendar weeks
ok 1164 - Activity uses local calendar days and Monday-based calendar weeks
  ---
  duration_ms: 0.393375
  type: 'test'
  ...
# Subtest: Activity keeps local midnight and relative labels correct across a DST boundary
ok 1165 - Activity keeps local midnight and relative labels correct across a DST boundary
  ---
  duration_ms: 0.134084
  type: 'test'
  ...
# Subtest: Activity date labels format relative words and month names from the selected locale
ok 1166 - Activity date labels format relative words and month names from the selected locale
  ---
  duration_ms: 16.517833
  type: 'test'
  ...
# Subtest: Activity keeps unavailable archival summaries separate from runtime navigation facts
ok 1167 - Activity keeps unavailable archival summaries separate from runtime navigation facts
  ---
  duration_ms: 0.983625
  type: 'test'
  ...
# Subtest: Activity never exposes an unknown archived track identity
ok 1168 - Activity never exposes an unknown archived track identity
  ---
  duration_ms: 0.534875
  type: 'test'
  ...
# Subtest: Claude Progress metadata exactly covers the seven blueprint-linked node IDs
ok 1169 - Claude Progress metadata exactly covers the seven blueprint-linked node IDs
  ---
  duration_ms: 5.988958
  type: 'test'
  ...
# Subtest: Google Cloud Progress metadata exactly covers the four scoring domains
ok 1170 - Google Cloud Progress metadata exactly covers the four scoring domains
  ---
  duration_ms: 0.524417
  type: 'test'
  ...
# Subtest: unknown, aliased, and cross-track IDs remain explicitly unavailable
ok 1171 - unknown, aliased, and cross-track IDs remain explicitly unavailable
  ---
  duration_ms: 0.221083
  type: 'test'
  ...
# Subtest: every authored title and description has exact EN and PL locale entries
ok 1172 - every authored title and description has exact EN and PL locale entries
  ---
  duration_ms: 2.709917
  type: 'test'
  ...
# Subtest: Progress renders authored meaning in Current focus and Performance evidence
ok 1173 - Progress renders authored meaning in Current focus and Performance evidence
  ---
  duration_ms: 0.871542
  type: 'test'
  ...
# Subtest: Claude Progress with zero attempts stays empty without inventing a score
ok 1174 - Claude Progress with zero attempts stays empty without inventing a score
  ---
  duration_ms: 1641.076125
  type: 'test'
  ...
# Subtest: home progress uses canonical tracks
ok 1175 - home progress uses canonical tracks
  ---
  duration_ms: 1649.996792
  type: 'test'
  ...
# Subtest: Coding Interview Home uses the canonical dashboard projection for guided practice
ok 1176 - Coding Interview Home uses the canonical dashboard projection for guided practice
  ---
  duration_ms: 1279.979125
  type: 'test'
  ...
# Subtest: Coding Interview Home recommends due review from canonical counts
ok 1177 - Coding Interview Home recommends due review from canonical counts
  ---
  duration_ms: 0.208958
  type: 'test'
  ...
# Subtest: track evidence rows stay informational while local show-more behavior remains
ok 1178 - track evidence rows stay informational while local show-more behavior remains
  ---
  duration_ms: 0.970583
  type: 'test'
  ...
# Subtest: empty progress keeps practice as the primary action and exposes global activity
ok 1179 - empty progress keeps practice as the primary action and exposes global activity
  ---
  duration_ms: 0.218792
  type: 'test'
  ...
# Subtest: the shared Home shell opens the track-aware Practice Hub from empty Progress
ok 1180 - the shared Home shell opens the track-aware Practice Hub from empty Progress
  ---
  duration_ms: 0.231833
  type: 'test'
  ...
# Subtest: Home passes canonical sessions and exact row navigation into Progress
ok 1181 - Home passes canonical sessions and exact row navigation into Progress
  ---
  duration_ms: 0.136
  type: 'test'
  ...
# Subtest: Progress receives the single canonical Home plan snapshot and guidance action owner
ok 1182 - Progress receives the single canonical Home plan snapshot and guidance action owner
  ---
  duration_ms: 0.269083
  type: 'test'
  ...
# Subtest: Completed guidance does not render a Progress self-link
ok 1183 - Completed guidance does not render a Progress self-link
  ---
  duration_ms: 0.106959
  type: 'test'
  ...
# Subtest: verified ready plan exposes existing edit action in all seven locales, independent of completion rule
ok 1184 - verified ready plan exposes existing edit action in all seven locales, independent of completion rule
  ---
  duration_ms: 103.560625
  type: 'test'
  ...
# Subtest: existing editor/resume guidance actions are never duplicated
ok 1185 - existing editor/resume guidance actions are never duplicated
  ---
  duration_ms: 7.305875
  type: 'test'
  ...
# Subtest: absent/unavailable plan or absent handler does not expose the editor entry
ok 1186 - absent/unavailable plan or absent handler does not expose the editor entry
  ---
  duration_ms: 12.958416
  type: 'test'
  ...
# Subtest: opening editor from Progress does not mutate model, active session or primary guidance
ok 1187 - opening editor from Progress does not mutate model, active session or primary guidance
  ---
  duration_ms: 55.232375
  type: 'test'
  ...
# Subtest: Settings names guest and signed-out entry honestly and never offers guest sign-out
ok 1188 - Settings names guest and signed-out entry honestly and never offers guest sign-out
  ---
  duration_ms: 1.734208
  type: 'test'
  ...
# Subtest: Settings preserves authenticated identity and distinguishes synchronized from repair states
ok 1189 - Settings preserves authenticated identity and distinguishes synchronized from repair states
  ---
  duration_ms: 0.204667
  type: 'test'
  ...
# Subtest: Settings treats synced account data with durable warnings as needing attention
ok 1190 - Settings treats synced account data with durable warnings as needing attention
  ---
  duration_ms: 0.110375
  type: 'test'
  ...
# Subtest: Settings maps only the resume-required sign-out pair to canonical localized copy
ok 1191 - Settings maps only the resume-required sign-out pair to canonical localized copy
  ---
  duration_ms: 1.483875
  type: 'test'
  ...
# Subtest: Settings blocks invalid actions while account lifecycle work is busy and keeps recovery states available
ok 1192 - Settings blocks invalid actions while account lifecycle work is busy and keeps recovery states available
  ---
  duration_ms: 0.225917
  type: 'test'
  ...
# Subtest: Your data presents an explicit action/details/privacy matrix for every account state
ok 1193 - Your data presents an explicit action/details/privacy matrix for every account state
  ---
  duration_ms: 2.045
  type: 'test'
  ...
# Subtest: Your data distinguishes the timeout recovery action from other unavailable reasons
ok 1194 - Your data distinguishes the timeout recovery action from other unavailable reasons
  ---
  duration_ms: 0.157042
  type: 'test'
  ...
# Subtest: Your data keeps details and privacy access exclusive to authenticated and exact guest states
ok 1195 - Your data keeps details and privacy access exclusive to authenticated and exact guest states
  ---
  duration_ms: 0.27525
  type: 'test'
  ...
# Subtest: Recovery-pending copy is translated in every supported data locale
ok 1196 - Recovery-pending copy is translated in every supported data locale
  ---
  duration_ms: 1.052333
  type: 'test'
  ...
# Subtest: Premium offer stacks copy and actions instead of squeezing copy beside the action
ok 1197 - Premium offer stacks copy and actions instead of squeezing copy beside the action
  ---
  duration_ms: 0.848375
  type: 'test'
  ...
# Subtest: certification exam premium admission maps each outcome explicitly
ok 1198 - certification exam premium admission maps each outcome explicitly
  ---
  duration_ms: 1.143083
  type: 'test'
  ...
# Subtest: Practice Hub keeps the exam offer visible and routes each admission outcome
ok 1199 - Practice Hub keeps the exam offer visible and routes each admission outcome
  ---
  duration_ms: 3.8815
  type: 'test'
  ...
# Subtest: answer cards show state through the card and letter without a redundant status row
ok 1200 - answer cards show state through the card and letter without a redundant status row
  ---
  duration_ms: 0.831791
  type: 'test'
  ...
# Subtest: practice and review keep correctness and selection in accessibility semantics
ok 1201 - practice and review keep correctness and selection in accessibility semantics
  ---
  duration_ms: 0.146458
  type: 'test'
  ...
# Subtest: practice completion handoff retains canonical question identity
ok 1202 - practice completion handoff retains canonical question identity
  ---
  duration_ms: 1822.477833
  type: 'test'
  ...
# Subtest: both practice JSX adapters pass authored message arrays through unchanged
ok 1203 - both practice JSX adapters pass authored message arrays through unchanged
  ---
  duration_ms: 150.311083
  type: 'test'
  ...
# Subtest: Design practice JSX adapter forwards optional choice and ordering messages only from existing feedback
ok 1204 - Design practice JSX adapter forwards optional choice and ordering messages only from existing feedback
  ---
  duration_ms: 52.524084
  type: 'test'
  ...
# Subtest: Details JSX gates authored messages on expansion and keeps their text scalable
ok 1205 - Details JSX gates authored messages on expansion and keeps their text scalable
  ---
  duration_ms: 163.595875
  type: 'test'
  ...
# Subtest: structured Claude feedback renders explanatory text without leaking block metadata
ok 1206 - structured Claude feedback renders explanatory text without leaking block metadata
  ---
  duration_ms: 5.163167
  type: 'test'
  ...
# Subtest: feedback detail projection keeps scalar and nested explanatory values
ok 1207 - feedback detail projection keeps scalar and nested explanatory values
  ---
  duration_ms: 0.152417
  type: 'test'
  ...
# Subtest: practice selects a canonical pool
ok 1208 - practice selects a canonical pool
  ---
  duration_ms: 1823.515791
  type: 'test'
  ...
# Subtest: GCP practice topic comes from its node mode after the diagnostic-first mode
ok 1209 - GCP practice topic comes from its node mode after the diagnostic-first mode
  ---
  duration_ms: 1501.468834
  type: 'test'
  ...
# Subtest: Certification Exam Simulation is offered only for a validated prepared profile
ok 1210 - Certification Exam Simulation is offered only for a validated prepared profile
  ---
  duration_ms: 1.354
  type: 'test'
  ...
# Subtest: Coding Mock is offered only for the validated Coding simulation profile without changing practice modes
ok 1211 - Coding Mock is offered only for the validated Coding simulation profile without changing practice modes
  ---
  duration_ms: 0.306958
  type: 'test'
  ...
# Subtest: Design Weak Area Review stays unavailable without review evidence
ok 1212 - Design Weak Area Review stays unavailable without review evidence
  ---
  duration_ms: 0.14625
  type: 'test'
  ...
# Subtest: practice session exit resets navigation above the closed session
ok 1213 - practice session exit resets navigation above the closed session
  ---
  duration_ms: 1.569
  type: 'test'
  ...
# Subtest: practice session exit can return to the hub without a topic override
ok 1214 - practice session exit can return to the hub without a topic override
  ---
  duration_ms: 0.155792
  type: 'test'
  ...
# Subtest: the canonical Custom Practice hero opens setup without a duplicate mode row
ok 1215 - the canonical Custom Practice hero opens setup without a duplicate mode row
  ---
  duration_ms: 0.583166
  type: 'test'
  ...
# Subtest: Design mode entries open setup so learners can select the configured session length
ok 1216 - Design mode entries open setup so learners can select the configured session length
  ---
  duration_ms: 0.160959
  type: 'test'
  ...
# Subtest: Claude structured question presentation is selected only from canonical track identity
ok 1217 - Claude structured question presentation is selected only from canonical track identity
  ---
  duration_ms: 0.771125
  type: 'test'
  ...
# Subtest: structured presentation preserves authored prompt and constraint strings
ok 1218 - structured presentation preserves authored prompt and constraint strings
  ---
  duration_ms: 0.137458
  type: 'test'
  ...
# Subtest: structured constraints have localized semantics and stable identity
ok 1219 - structured constraints have localized semantics and stable identity
  ---
  duration_ms: 0.109708
  type: 'test'
  ...
# Subtest: primary session CTA routes activations through the phase-identity carry-over guard
ok 1220 - primary session CTA routes activations through the phase-identity carry-over guard
  ---
  duration_ms: 0.24575
  type: 'test'
  ...
# Subtest: fixture chrome reuses the Practice shell slots without adding a nested scroll owner
ok 1221 - fixture chrome reuses the Practice shell slots without adding a nested scroll owner
  ---
  duration_ms: 0.615833
  type: 'test'
  ...
# Subtest: practice screens turn unsupported package, topic, and mode reads into exits
ok 1222 - practice screens turn unsupported package, topic, and mode reads into exits
  ---
  duration_ms: 2.258333
  type: 'test'
  ...
# Subtest: Design simulation uses its dedicated result and cannot enter objective setup
ok 1223 - Design simulation uses its dedicated result and cannot enter objective setup
  ---
  duration_ms: 0.662083
  type: 'test'
  ...
# Subtest: all selected Design modes require Premium admission before their canonical route
ok 1224 - all selected Design modes require Premium admission before their canonical route
  ---
  duration_ms: 0.440208
  type: 'test'
  ...
# Subtest: practice route changes cannot submit stale setup controls and preserve track identity
ok 1225 - practice route changes cannot submit stale setup controls and preserve track identity
  ---
  duration_ms: 0.461084
  type: 'test'
  ...
# Subtest: changing track returns through the Home root and drops practice route overrides
ok 1226 - changing track returns through the Home root and drops practice route overrides
  ---
  duration_ms: 0.156333
  type: 'test'
  ...
# Subtest: Hub uses its displayed primary mode and package length defaults
ok 1227 - Hub uses its displayed primary mode and package length defaults
  ---
  duration_ms: 0.148083
  type: 'test'
  ...
# Subtest: Home practice navigation preserves track identity and unavailable topics keep their context
ok 1228 - Home practice navigation preserves track identity and unavailable topics keep their context
  ---
  duration_ms: 0.474542
  type: 'test'
  ...
# Subtest: all practice runners prevent native removal and replay the exact action after leave confirmation
ok 1229 - all practice runners prevent native removal and replay the exact action after leave confirmation
  ---
  duration_ms: 0.593292
  type: 'test'
  ...
# Subtest: Certification and Design unlock actions only after the refreshed projection commits
ok 1230 - Certification and Design unlock actions only after the refreshed projection commits
  ---
  duration_ms: 0.924958
  type: 'test'
  ...
# Subtest: Custom Practice accepts its package-declared length and persists its selected feedback timing
ok 1231 - Custom Practice accepts its package-declared length and persists its selected feedback timing
  ---
  duration_ms: 1267.598375
  type: 'test'
  ...
# Subtest: Coding Interview simulation resume targets its durable profile route
ok 1232 - Coding Interview simulation resume targets its durable profile route
  ---
  duration_ms: 1.434
  type: 'test'
  ...
# Subtest: Custom Practice setup rejects every unsupported session length
ok 1233 - Custom Practice setup rejects every unsupported session length
  ---
  duration_ms: 0.72825
  type: 'test'
  ...
# Subtest: Custom Practice requires a selected timing while predefined Algorithms modes retain fixed timings
ok 1234 - Custom Practice requires a selected timing while predefined Algorithms modes retain fixed timings
  ---
  duration_ms: 0.435542
  type: 'test'
  ...
# Subtest: rejects an Algorithms session length that the selected mode does not declare
ok 1235 - rejects an Algorithms session length that the selected mode does not declare
  ---
  duration_ms: 0.311959
  type: 'test'
  ...
# Subtest: Independent Practice direct entry fails because it is excluded from the bundled Free package
ok 1236 - Independent Practice direct entry fails because it is excluded from the bundled Free package
  ---
  duration_ms: 0.373167
  type: 'test'
  ...
# Subtest: Certification resume routes preserve exact immutable configuration for package modes
ok 1237 - Certification resume routes preserve exact immutable configuration for package modes
  ---
  duration_ms: 1.525084
  type: 'test'
  ...
# Subtest: Certification resume rejects stale, cross-track, exam, and non-active sessions explicitly
ok 1238 - Certification resume rejects stale, cross-track, exam, and non-active sessions explicitly
  ---
  duration_ms: 1.0575
  type: 'test'
  ...
# Subtest: only Claude Focus exposes selectable feedback while other Certification setup stays fixed
ok 1239 - only Claude Focus exposes selectable feedback while other Certification setup stays fixed
  ---
  duration_ms: 1.27625
  type: 'test'
  ...
# Subtest: Practice Setup uses the package default until the learner or route selects a supported length
ok 1240 - Practice Setup uses the package default until the learner or route selects a supported length
  ---
  duration_ms: 0.759542
  type: 'test'
  ...
# Subtest: every active track has the contract-defined Practice exit copy
ok 1241 - every active track has the contract-defined Practice exit copy
  ---
  duration_ms: 1.871959
  type: 'test'
  ...
# Subtest: Practice exit rejects missing and unknown track identities without a fallback
ok 1242 - Practice exit rejects missing and unknown track identities without a fallback
  ---
  duration_ms: 0.327083
  type: 'test'
  ...
# Subtest: Practice presentation never discloses feedback before the durable feedback boundary
ok 1243 - Practice presentation never discloses feedback before the durable feedback boundary
  ---
  duration_ms: 0.933417
  type: 'test'
  ...
# Subtest: Practice presentation permits response edits before a journal exists
ok 1244 - Practice presentation permits response edits before a journal exists
  ---
  duration_ms: 0.114709
  type: 'test'
  ...
# Subtest: Practice action model separates final feedback from the durable Finish command
ok 1245 - Practice action model separates final feedback from the durable Finish command
  ---
  duration_ms: 1.156792
  type: 'test'
  ...
# Subtest: Deferred feedback keeps the submit CTA and saving status aligned
ok 1246 - Deferred feedback keeps the submit CTA and saving status aligned
  ---
  duration_ms: 0.14975
  type: 'test'
  ...
# Subtest: Practice pending phases retain a stable unsafe-action lock
ok 1247 - Practice pending phases retain a stable unsafe-action lock
  ---
  duration_ms: 0.084125
  type: 'test'
  ...
# Subtest: primary action carry-over guard blocks only fast phase changes and permits same-phase retries
ok 1248 - primary action carry-over guard blocks only fast phase changes and permits same-phase retries
  ---
  duration_ms: 0.165458
  type: 'test'
  ...
# Subtest: Practice operation notice mapping remains one family-neutral interpretation
ok 1249 - Practice operation notice mapping remains one family-neutral interpretation
  ---
  duration_ms: 0.251583
  type: 'test'
  ...
# Subtest: Durable recovery notices stay learner-facing in English and Polish
ok 1250 - Durable recovery notices stay learner-facing in English and Polish
  ---
  duration_ms: 2.411833
  type: 'test'
  ...
# Subtest: Premium session preparation failures map to localized next steps
ok 1251 - Premium session preparation failures map to localized next steps
  ---
  duration_ms: 1.1275
  type: 'test'
  ...
# Subtest: Practice local choice selection survives only the same editable occurrence
ok 1252 - Practice local choice selection survives only the same editable occurrence
  ---
  duration_ms: 0.494791
  type: 'test'
  ...
# Subtest: Scoped local response preserves all authored control types for the same editable occurrence
ok 1253 - Scoped local response preserves all authored control types for the same editable occurrence
  ---
  duration_ms: 0.136375
  type: 'test'
  ...
# Subtest: Scoped local response resets when the session or occurrence identity changes
ok 1254 - Scoped local response resets when the session or occurrence identity changes
  ---
  duration_ms: 0.072375
  type: 'test'
  ...
# Subtest: Scoped durable response is authoritative over an unsent local response
ok 1255 - Scoped durable response is authoritative over an unsent local response
  ---
  duration_ms: 0.0635
  type: 'test'
  ...
# Subtest: Practice durable choice response wins and response-less locked state clears
ok 1256 - Practice durable choice response wins and response-less locked state clears
  ---
  duration_ms: 0.065458
  type: 'test'
  ...
# Subtest: Practice response renderer consumes application feedback states without scoring in UI
ok 1257 - Practice response renderer consumes application feedback states without scoring in UI
  ---
  duration_ms: 11.031416
  type: 'test'
  ...
# Subtest: Single-select feedback projects selected-correct and every remaining disabled state
ok 1258 - Single-select feedback projects selected-correct and every remaining disabled state
  ---
  duration_ms: 0.107667
  type: 'test'
  ...
# Subtest: The visible ordering is a complete response before the learner moves an element
ok 1259 - The visible ordering is a complete response before the learner moves an element
  ---
  duration_ms: 0.26675
  type: 'test'
  ...
# Subtest: Practice feedback labels distinguish selection from correctness
ok 1260 - Practice feedback labels distinguish selection from correctness
  ---
  duration_ms: 0.076625
  type: 'test'
  ...
# Subtest: Practice checked semantics include only answers the learner selected
ok 1261 - Practice checked semantics include only answers the learner selected
  ---
  duration_ms: 17.711625
  type: 'test'
  ...
# Subtest: source links expose exact targets and unavailable has no press handler
ok 1262 - source links expose exact targets and unavailable has no press handler
  ---
  duration_ms: 0.880416
  type: 'test'
  ...
# Subtest: source open failure is explicit and never changes answer or report state
ok 1263 - source open failure is explicit and never changes answer or report state
  ---
  duration_ms: 0.211125
  type: 'test'
  ...
# Subtest: every canonical practice session preserves projected sources at the shared feedback boundary
ok 1264 - every canonical practice session preserves projected sources at the shared feedback boundary
  ---
  duration_ms: 0.099209
  type: 'test'
  ...
# Subtest: fresh response requires exactly one matching provider-backed item with strict UTC dates
ok 1265 - fresh response requires exactly one matching provider-backed item with strict UTC dates
  ---
  duration_ms: 67.082667
  type: 'test'
  ...
# Subtest: confirmed account change removes the previous account cache and fails closed if removal fails
ok 1266 - confirmed account change removes the previous account cache and fails closed if removal fails
  ---
  duration_ms: 0.677208
  type: 'test'
  ...
# Subtest: active and grace expire exactly at their provider dates; negative states deny
ok 1267 - active and grace expire exactly at their provider dates; negative states deny
  ---
  duration_ms: 0.401208
  type: 'test'
  ...
# Subtest: clock rollback and account switch deny, and a fresh response cannot reduce observed wall time
ok 1268 - clock rollback and account switch deny, and a fresh response cannot reduce observed wall time
  ---
  duration_ms: 0.14375
  type: 'test'
  ...
# Subtest: cache writes before offline authorization; failed writes, invalid refresh and account change fail closed
ok 1269 - cache writes before offline authorization; failed writes, invalid refresh and account change fail closed
  ---
  duration_ms: 1.366458
  type: 'test'
  ...
# Subtest: content reports are reachable from canonical practice details
ok 1270 - content reports are reachable from canonical practice details
  ---
  duration_ms: 0.925292
  type: 'test'
  ...
# Subtest: report affordance uses the canonical bounded button without changing its open-only action
ok 1271 - report affordance uses the canonical bounded button without changing its open-only action
  ---
  duration_ms: 0.984
  type: 'test'
  ...
# Subtest: report input is intentionally content-free beyond bounded item context
ok 1272 - report input is intentionally content-free beyond bounded item context
  ---
  duration_ms: 0.242666
  type: 'test'
  ...
# Subtest: guest report disclosure is short by default and exposes accessible details
ok 1273 - guest report disclosure is short by default and exposes accessible details
  ---
  duration_ms: 0.177958
  type: 'test'
  ...
# Subtest: Review presents unavailable entries in a separate section with scoped removal confirmation
ok 1274 - Review presents unavailable entries in a separate section with scoped removal confirmation
  ---
  duration_ms: 0.760667
  type: 'test'
  ...
# Subtest: review screen keeps unavailable rows out of due and upcoming sections
ok 1275 - review screen keeps unavailable rows out of due and upcoming sections
  ---
  duration_ms: 1.908541
  type: 'test'
  ...
# Subtest: track presentation exposes only the concrete Google Cloud track
ok 1276 - track presentation exposes only the concrete Google Cloud track
  ---
  duration_ms: 1.803583
  type: 'test'
  ...
# Subtest: active track naming is complete in the Polish presentation dictionary
ok 1277 - active track naming is complete in the Polish presentation dictionary
  ---
  duration_ms: 3.058083
  type: 'test'
  ...
# Subtest: review presentation uses the concrete track title when taxonomy context is absent
ok 1278 - review presentation uses the concrete track title when taxonomy context is absent
  ---
  duration_ms: 1.533084
  type: 'test'
  ...
# Subtest: review translates known track and cloud taxonomy labels while preserving authored taxonomy
ok 1279 - review translates known track and cloud taxonomy labels while preserving authored taxonomy
  ---
  duration_ms: 0.449541
  type: 'test'
  ...
# Subtest: dynamic track titles cross the translation boundary and long header copy can shrink
ok 1280 - dynamic track titles cross the translation boundary and long header copy can shrink
  ---
  duration_ms: 1.460125
  type: 'test'
  ...
# Subtest: rapid typing coalesces to the latest value
ok 1281 - rapid typing coalesces to the latest value
  ---
  duration_ms: 184.14725
  type: 'test'
  ...
# Subtest: an edit arriving during a write is persisted after it
ok 1282 - an edit arriving during a write is persisted after it
  ---
  duration_ms: 0.333875
  type: 'test'
  ...
# Subtest: one drain preserves dirty values for multiple stages
ok 1283 - one drain preserves dirty values for multiple stages
  ---
  duration_ms: 180.821875
  type: 'test'
  ...
# Subtest: failure retains dirty data and a later flush retries it
ok 1284 - failure retains dirty data and a later flush retries it
  ---
  duration_ms: 183.001916
  type: 'test'
  ...
# Subtest: flush waits for the latest in-flight edit before resolving
ok 1285 - flush waits for the latest in-flight edit before resolving
  ---
  duration_ms: 0.34975
  type: 'test'
  ...
# Subtest: a local response draft is visible only for its own occurrence
ok 1286 - a local response draft is visible only for its own occurrence
  ---
  duration_ms: 0.653875
  type: 'test'
  ...
# Subtest: save transition clears before projection refresh and restores the keyed draft on failure
ok 1287 - save transition clears before projection refresh and restores the keyed draft on failure
  ---
  duration_ms: 0.98
  type: 'test'
  ...
# Subtest: practice SessionShell uses natural action geometry while simulation keeps its fixed footer
ok 1288 - practice SessionShell uses natural action geometry while simulation keeps its fixed footer
  ---
  duration_ms: 2.090334
  type: 'test'
  ...
# Subtest: SessionShell keeps the Figma top bar in one row at large text
ok 1289 - SessionShell keeps the Figma top bar in one row at large text
  ---
  duration_ms: 26.384125
  type: 'test'
  ...
# Subtest: SessionShell keeps chrome readable without allowing it to crowd out authored content
ok 1290 - SessionShell keeps chrome readable without allowing it to crowd out authored content
  ---
  duration_ms: 0.189417
  type: 'test'
  ...
# Subtest: session timers keep the Figma value-only visual label while retaining spoken context
ok 1291 - session timers keep the Figma value-only visual label while retaining spoken context
  ---
  duration_ms: 0.930709
  type: 'test'
  ...
# Subtest: Practice sessions reset their scroll viewport when the canonical item changes
ok 1292 - Practice sessions reset their scroll viewport when the canonical item changes
  ---
  duration_ms: 0.476292
  type: 'test'
  ...
# Subtest: Button chrome remains usable while supporting up to 200 percent text
ok 1293 - Button chrome remains usable while supporting up to 200 percent text
  ---
  duration_ms: 0.154709
  type: 'test'
  ...
# Subtest: final simulation action saves an answered response before finish and lets an unanswered final occurrence finish
ok 1294 - final simulation action saves an answered response before finish and lets an unanswered final occurrence finish
  ---
  duration_ms: 1.61325
  type: 'test'
  ...
# Subtest: simulation question navigator has the approved states, accessible labels, and large-text grid adaptation
ok 1295 - simulation question navigator has the approved states, accessible labels, and large-text grid adaptation
  ---
  duration_ms: 1.283958
  type: 'test'
  ...
# Subtest: simulation operation surface renders only declared state actions and never a generic retry
ok 1296 - simulation operation surface renders only declared state actions and never a generic retry
  ---
  duration_ms: 1.872625
  type: 'test'
  ...
# Subtest: navigator jumps retain the current question in an explicit locked presentation
ok 1297 - navigator jumps retain the current question in an explicit locked presentation
  ---
  duration_ms: 0.193459
  type: 'test'
  ...
# Subtest: button loading decoration stays outside the accessible busy control
ok 1298 - button loading decoration stays outside the accessible busy control
  ---
  duration_ms: 0.203542
  type: 'test'
  ...
# Subtest: simulation pause/end uses one Figma action sheet and keeps the destructive command reachable
ok 1299 - simulation pause/end uses one Figma action sheet and keeps the destructive command reachable
  ---
  duration_ms: 0.314417
  type: 'test'
  ...
# Subtest: simulation finish confirmation uses the Figma action-required copy and review dismissal
ok 1300 - simulation finish confirmation uses the Figma action-required copy and review dismissal
  ---
  duration_ms: 0.264208
  type: 'test'
  ...
# Subtest: simulation result presentation distinguishes pending, verified, scoreless, and rejected reads
ok 1301 - simulation result presentation distinguishes pending, verified, scoreless, and rejected reads
  ---
  duration_ms: 0.687167
  type: 'test'
  ...
# Subtest: keyed result reads discard a previous request after the session changes
ok 1302 - keyed result reads discard a previous request after the session changes
  ---
  duration_ms: 1.514709
  type: 'test'
  ...
# Subtest: focus loss and unmount invalidation prevent late read errors from publishing
ok 1303 - focus loss and unmount invalidation prevent late read errors from publishing
  ---
  duration_ms: 0.143334
  type: 'test'
  ...
# Subtest: retry starts a new generation and publishes only its successful result
ok 1304 - retry starts a new generation and publishes only its successful result
  ---
  duration_ms: 0.133541
  type: 'test'
  ...
# Subtest: blur or unmount invalidates the latest retry token
ok 1305 - blur or unmount invalidates the latest retry token
  ---
  duration_ms: 0.193792
  type: 'test'
  ...
# Subtest: the current rejected result read stays an explicit error
ok 1306 - the current rejected result read stays an explicit error
  ---
  duration_ms: 0.121
  type: 'test'
  ...
# Subtest: non-final simulation CTA labels, disables, and invokes only save-and-continue
ok 1307 - non-final simulation CTA labels, disables, and invokes only save-and-continue
  ---
  duration_ms: 1.649125
  type: 'test'
  ...
# Subtest: an unanswered non-final simulation occurrence keeps the Figma Save and continue CTA disabled
ok 1308 - an unanswered non-final simulation occurrence keeps the Figma Save and continue CTA disabled
  ---
  duration_ms: 0.11875
  type: 'test'
  ...
# Subtest: simulation result and review are exposed only through the verified result reader
ok 1309 - simulation result and review are exposed only through the verified result reader
  ---
  duration_ms: 12.161125
  type: 'test'
  ...
# Subtest: active simulation surface fills the viewport and keeps navigator presentation outside the approved active screen
ok 1310 - active simulation surface fills the viewport and keeps navigator presentation outside the approved active screen
  ---
  duration_ms: 0.327417
  type: 'test'
  ...
# Subtest: simulation confirmation reuses the session chrome owner with its Figma frozen-state geometry
ok 1311 - simulation confirmation reuses the session chrome owner with its Figma frozen-state geometry
  ---
  duration_ms: 0.306583
  type: 'test'
  ...
# Subtest: simulation preparation owns neutral question and response geometry
ok 1312 - simulation preparation owns neutral question and response geometry
  ---
  duration_ms: 0.199
  type: 'test'
  ...
# Subtest: simulation statuses localize their projection copy and expose pending operation semantics
ok 1313 - simulation statuses localize their projection copy and expose pending operation semantics
  ---
  duration_ms: 0.15225
  type: 'test'
  ...
# Subtest: Simulation navigator accepts complete unique projections for each supported session length
ok 1314 - Simulation navigator accepts complete unique projections for each supported session length
  ---
  duration_ms: 0.834708
  type: 'test'
  ...
# Subtest: Simulation completion metrics are withheld before the verified completed projection
ok 1315 - Simulation completion metrics are withheld before the verified completed projection
  ---
  duration_ms: 0.120916
  type: 'test'
  ...
# Subtest: all seven locales preserve namespace, key, leaf, array and token contracts
ok 1316 - all seven locales preserve namespace, key, leaf, array and token contracts
  ---
  duration_ms: 113.955417
  type: 'test'
  ...
# Subtest: plural suffix groups match the English source
ok 1317 - plural suffix groups match the English source
  ---
  duration_ms: 153.998916
  type: 'test'
  ...
# Subtest: identical English values stay within the reviewed exception list
ok 1318 - identical English values stay within the reviewed exception list
  ---
  duration_ms: 51.199458
  type: 'test'
  ...
# Subtest: i18next has no language or namespace fallback
ok 1319 - i18next has no language or namespace fallback
  ---
  duration_ms: 3.092458
  type: 'test'
  ...
# Subtest: translation AST collection stays on literal first arguments
ok 1320 - translation AST collection stays on literal first arguments
  ---
  duration_ms: 1252.307583
  type: 'test'
  ...
# Subtest: scoped Practice, result, review, and session-shell literals exist in both locales
ok 1321 - scoped Practice, result, review, and session-shell literals exist in both locales
  ---
  duration_ms: 335.150125
  type: 'test'
  ...
# Subtest: practice presentation output strings are keys in both locales
ok 1322 - practice presentation output strings are keys in both locales
  ---
  duration_ms: 0.767916
  type: 'test'
  ...
# Subtest: admitted practice mode titles, details, and unavailable reasons are locale keys
ok 1323 - admitted practice mode titles, details, and unavailable reasons are locale keys
  ---
  duration_ms: 1.040292
  type: 'test'
  ...
# Subtest: local remote-client boundary is explicit and has no implicit endpoint
ok 1324 - local remote-client boundary is explicit and has no implicit endpoint
  ---
  duration_ms: 2.1615
  type: 'test'
  ...
# Subtest: public environment accepts the complete sandbox-only Firebase domain configuration
ok 1325 - public environment accepts the complete sandbox-only Firebase domain configuration
  ---
  duration_ms: 0.478208
  type: 'test'
  ...
# Subtest: public environment rejects extra keys, incomplete values, unsafe URLs, and production Firebase defaults
ok 1326 - public environment rejects extra keys, incomplete values, unsafe URLs, and production Firebase defaults
  ---
  duration_ms: 0.450541
  type: 'test'
  ...
# Subtest: runtime privacy keeps console and raw errors forbidden inside adapters and rejects sibling client paths
ok 1327 - runtime privacy keeps console and raw errors forbidden inside adapters and rejects sibling client paths
  ---
  duration_ms: 1025.1315
  type: 'test'
  ...
# Subtest: explicit local fixture works only inside the development smoke boundary
ok 1328 - explicit local fixture works only inside the development smoke boundary
  ---
  duration_ms: 0.962667
  type: 'test'
  ...
# Subtest: client rejects an unconfigured environment and missing authentication
ok 1329 - client rejects an unconfigured environment and missing authentication
  ---
  duration_ms: 3.833459
  type: 'test'
  ...
# Subtest: account session exchange sends an empty authenticated request and parses its custom token
ok 1330 - account session exchange sends an empty authenticated request and parses its custom token
  ---
  duration_ms: 144.188125
  type: 'test'
  ...
# Subtest: account session exchange rejects a missing custom token
ok 1331 - account session exchange rejects a missing custom token
  ---
  duration_ms: 0.488291
  type: 'test'
  ...
# Subtest: account registration validates and preserves distinct Terms and Privacy evidence
ok 1332 - account registration validates and preserves distinct Terms and Privacy evidence
  ---
  duration_ms: 1.480667
  type: 'test'
  ...
# Subtest: session revocation accepts only the exact operation and a nonempty replacement token
ok 1333 - session revocation accepts only the exact operation and a nonempty replacement token
  ---
  duration_ms: 2.311166
  type: 'test'
  ...
# Subtest: recovery operation methods use the canonical paths, proof body, and authentication modes
ok 1334 - recovery operation methods use the canonical paths, proof body, and authentication modes
  ---
  duration_ms: 2.21725
  type: 'test'
  ...
# Subtest: recovery operation parsers reject malformed, mismatched, and extended server results
ok 1335 - recovery operation parsers reject malformed, mismatched, and extended server results
  ---
  duration_ms: 2.271959
  type: 'test'
  ...
# Subtest: recovery calls reject invalid operation IDs and proofs before token acquisition or network use
ok 1336 - recovery calls reject invalid operation IDs and proofs before token acquisition or network use
  ---
  duration_ms: 0.248625
  type: 'test'
  ...
# Subtest: recovery calls preserve typed server failures and Retry-After
ok 1337 - recovery calls preserve typed server failures and Retry-After
  ---
  duration_ms: 18.052625
  type: 'test'
  ...
# Subtest: content package transport uses the authenticated App Check API and returns binary response headers
ok 1338 - content package transport uses the authenticated App Check API and returns binary response headers
  ---
  duration_ms: 16.441458
  type: 'test'
  ...
# Subtest: content package transport caps streamed response bodies at two MiB
ok 1339 - content package transport caps streamed response bodies at two MiB
  ---
  duration_ms: 0.553916
  type: 'test'
  ...
# Subtest: content package transport preserves typed backend admission codes
ok 1340 - content package transport preserves typed backend admission codes
  ---
  duration_ms: 0.832833
  type: 'test'
  ...
# Subtest: mobile requests fail before transport when App Check is unavailable
ok 1341 - mobile requests fail before transport when App Check is unavailable
  ---
  duration_ms: 0.179459
  type: 'test'
  ...
# Subtest: canonical progress transport has no protocol query or version labels
ok 1342 - canonical progress transport has no protocol query or version labels
  ---
  duration_ms: 1.198792
  type: 'test'
  ...
# Subtest: client rejects removed protocol fields before sending a sync request
ok 1343 - client rejects removed protocol fields before sending a sync request
  ---
  duration_ms: 0.1325
  type: 'test'
  ...
# Subtest: client accepts canonical identity lengths supported by content
ok 1344 - client accepts canonical identity lengths supported by content
  ---
  duration_ms: 0.563459
  type: 'test'
  ...
# Subtest: client turns removed identity metadata in a response into a schema conflict
ok 1345 - client turns removed identity metadata in a response into a schema conflict
  ---
  duration_ms: 29.314875
  type: 'test'
  ...
# Subtest: Apple nonce boundary hashes the Expo request and preserves the Firebase raw nonce
ok 1346 - Apple nonce boundary hashes the Expo request and preserves the Firebase raw nonce
  ---
  duration_ms: 1.481458
  type: 'test'
  ...
# Subtest: authorization generation claim identifies exchanged sessions and rejects malformed values
ok 1347 - authorization generation claim identifies exchanged sessions and rejects malformed values
  ---
  duration_ms: 0.39375
  type: 'test'
  ...
# Subtest: authorization generation reads force-refresh claims for the same current Firebase identity
ok 1348 - authorization generation reads force-refresh claims for the same current Firebase identity
  ---
  duration_ms: 1.106417
  type: 'test'
  ...
# Subtest: authorization generation refresh rejects a result after the Firebase identity changes
ok 1349 - authorization generation refresh rejects a result after the Firebase identity changes
  ---
  duration_ms: 0.175
  type: 'test'
  ...
# Subtest: local Firebase sign-out retries and verifies persisted-user removal after SDK persistence rejection
ok 1350 - local Firebase sign-out retries and verifies persisted-user removal after SDK persistence rejection
  ---
  duration_ms: 22.776208
  type: 'test'
  ...
# Subtest: local Firebase sign-out stays failed if Auth still has a user or persistence cannot be verified
ok 1351 - local Firebase sign-out stays failed if Auth still has a user or persistence cannot be verified
  ---
  duration_ms: 36.970208
  type: 'test'
  ...
# Subtest: Firebase configuration exposes the deny-all rules and the one semantic account-record index
ok 1352 - Firebase configuration exposes the deny-all rules and the one semantic account-record index
  ---
  duration_ms: 2.575333
  type: 'test'
  ...
# Subtest: keeps pre-market Firebase Hosting unpublished and loopback-only
ok 1353 - keeps pre-market Firebase Hosting unpublished and loopback-only
  ---
  duration_ms: 293.203334
  type: 'test'
  ...
# Subtest: provider fixture URL accepts only the strict local emulator command and opaque identity
ok 1354 - provider fixture URL accepts only the strict local emulator command and opaque identity
  ---
  duration_ms: 29.815292
  type: 'test'
  ...
# Subtest: provider fixture URL rejects extra, duplicate, reordered, malformed, and credential-bearing parameters
ok 1355 - provider fixture URL rejects extra, duplicate, reordered, malformed, and credential-bearing parameters
  ---
  duration_ms: 0.590833
  type: 'test'
  ...
# Subtest: provider fixture guard requires explicit development smoke and loopback emulator/API project
ok 1356 - provider fixture guard requires explicit development smoke and loopback emulator/API project
  ---
  duration_ms: 0.203541
  type: 'test'
  ...
# Subtest: Google mock OIDC token uses a stable synthetic subject and no real account fields
ok 1357 - Google mock OIDC token uses a stable synthetic subject and no real account fields
  ---
  duration_ms: 1.83075
  type: 'test'
  ...
# Subtest: Apple fixture feeds a fresh raw nonce through the production OAuthCredential builder
ok 1358 - Apple fixture feeds a fresh raw nonce through the production OAuthCredential builder
  ---
  duration_ms: 0.865917
  type: 'test'
  ...
# Subtest: Firebase Auth Emulator is unavailable outside explicit development E2E
ok 1359 - Firebase Auth Emulator is unavailable outside explicit development E2E
  ---
  duration_ms: 0.989125
  type: 'test'
  ...
# Subtest: Firebase Auth Emulator requires the canonical local development origin
ok 1360 - Firebase Auth Emulator requires the canonical local development origin
  ---
  duration_ms: 0.243625
  type: 'test'
  ...
# Subtest: local builds keep public legal links explicitly unavailable without configuration
ok 1361 - local builds keep public legal links explicitly unavailable without configuration
  ---
  duration_ms: 1.210833
  type: 'test'
  ...
# Subtest: missing public URL fails closed instead of inferring a destination
ok 1362 - missing public URL fails closed instead of inferring a destination
  ---
  duration_ms: 1.204333
  type: 'test'
  ...
# Subtest: configured public legal links preserve the validated contract destinations
ok 1363 - configured public legal links preserve the validated contract destinations
  ---
  duration_ms: 0.696333
  type: 'test'
  ...
# Subtest: canonical serialization sorts object keys without changing array order
ok 1364 - canonical serialization sorts object keys without changing array order
  ---
  duration_ms: 0.910042
  type: 'test'
  ...
# Subtest: fingerprint payload carries the canonical serializer version
ok 1365 - fingerprint payload carries the canonical serializer version
  ---
  duration_ms: 0.172333
  type: 'test'
  ...
# Subtest: canonical-json-v1 is NFC-normalized, rejects duplicate keys, and counts UTF-8 bytes
ok 1366 - canonical-json-v1 is NFC-normalized, rejects duplicate keys, and counts UTF-8 bytes
  ---
  duration_ms: 0.74725
  type: 'test'
  ...
# Subtest: SHA-256 identities are stable, opaque, and response-sensitive
ok 1367 - SHA-256 identities are stable, opaque, and response-sensitive
  ---
  duration_ms: 0.445125
  type: 'test'
  ...
# Subtest: native byte hashing passes an owned TypedArray to expo-crypto
ok 1368 - native byte hashing passes an owned TypedArray to expo-crypto
  ---
  duration_ms: 0.734833
  type: 'test'
  ...
# Subtest: platform-neutral SHA-256 matches standard UTF-8 vectors
ok 1369 - platform-neutral SHA-256 matches standard UTF-8 vectors
  ---
  duration_ms: 5.541584
  type: 'test'
  ...
# Subtest: session identity is anchored to canonical track, version, and artifact SHA
ok 1370 - session identity is anchored to canonical track, version, and artifact SHA
  ---
  duration_ms: 1603.218333
  type: 'test'
  ...
# Subtest: goal days map to Expo weekly weekdays where Sunday is one
ok 1371 - goal days map to Expo weekly weekdays where Sunday is one
  ---
  duration_ms: 0.97375
  type: 'test'
  ...
# Subtest: config requires non-empty key and authenticated account
ok 1372 - config requires non-empty key and authenticated account
  ---
  duration_ms: 2.732833
  type: 'test'
  ...
# Subtest: adapter is iOS-only and validates monthly product terms
ok 1373 - adapter is iOS-only and validates monthly product terms
  ---
  duration_ms: 0.448542
  type: 'test'
  ...
# Subtest: purchase cancellation and failures are explicit
ok 1374 - purchase cancellation and failures are explicit
  ---
  duration_ms: 0.269
  type: 'test'
  ...
# Subtest: configuration is single-flight across concurrent actions
ok 1375 - configuration is single-flight across concurrent actions
  ---
  duration_ms: 16.029458
  type: 'test'
  ...
# Subtest: copy stores only a digest and schedules cleanup for five minutes
ok 1376 - copy stores only a digest and schedules cleanup for five minutes
  ---
  duration_ms: 1.274708
  type: 'test'
  ...
# Subtest: expired unchanged recovery codes are cleared
ok 1377 - expired unchanged recovery codes are cleared
  ---
  duration_ms: 0.281041
  type: 'test'
  ...
# Subtest: scheduled timer callback performs the due cleanup
ok 1378 - scheduled timer callback performs the due cleanup
  ---
  duration_ms: 2.758208
  type: 'test'
  ...
# Subtest: later clipboard content is never removed
ok 1379 - later clipboard content is never removed
  ---
  duration_ms: 0.367083
  type: 'test'
  ...
# Subtest: restart reconciliation schedules a pending cleanup without reading the clipboard early
ok 1380 - restart reconciliation schedules a pending cleanup without reading the clipboard early
  ---
  duration_ms: 0.226042
  type: 'test'
  ...
# Subtest: copy failure rolls back unchanged clipboard content instead of leaving an unmanaged secret
ok 1381 - copy failure rolls back unchanged clipboard content instead of leaving an unmanaged secret
  ---
  duration_ms: 0.380583
  type: 'test'
  ...
# Subtest: durable marker is written before recovery codes reach the clipboard
ok 1382 - durable marker is written before recovery codes reach the clipboard
  ---
  duration_ms: 1.149208
  type: 'test'
  ...
# Subtest: failed system cleanup keeps the marker and schedules a retry
ok 1383 - failed system cleanup keeps the marker and schedules a retry
  ---
  duration_ms: 0.361666
  type: 'test'
  ...
# Subtest: an uncertain rejected clipboard write preserves recovery when the written value cannot be cleared
ok 1384 - an uncertain rejected clipboard write preserves recovery when the written value cannot be cleared
  ---
  duration_ms: 0.43675
  type: 'test'
  ...
# Subtest: vault round-trips only the versioned recovery record and clears it
ok 1385 - vault round-trips only the versioned recovery record and clears it
  ---
  duration_ms: 2.398041
  type: 'test'
  ...
# Subtest: vault persists a strict current-account defer marker in the retained issue record
ok 1386 - vault persists a strict current-account defer marker in the retained issue record
  ---
  duration_ms: 0.764042
  type: 'test'
  ...
# Subtest: vault rejects malformed records without leaking parser errors or deleting evidence
ok 1387 - vault rejects malformed records without leaking parser errors or deleting evidence
  ---
  duration_ms: 0.189541
  type: 'test'
  ...
# Subtest: vault rejects duplicate or malformed recovery codes before storage
ok 1388 - vault rejects duplicate or malformed recovery codes before storage
  ---
  duration_ms: 0.12175
  type: 'test'
  ...
# Subtest: vault round-trips exactly one same-account replacement backup without recursive lineage
ok 1389 - vault round-trips exactly one same-account replacement backup without recursive lineage
  ---
  duration_ms: 0.175
  type: 'test'
  ...
# Subtest: vault rejects replacement backups with mismatched identity, operation ID, or recursive/extended shape
ok 1390 - vault rejects replacement backups with mismatched identity, operation ID, or recursive/extended shape
  ---
  duration_ms: 0.657583
  type: 'test'
  ...
# Subtest: vault reports write and clear failures explicitly
ok 1391 - vault reports write and clear failures explicitly
  ---
  duration_ms: 0.183
  type: 'test'
  ...
# Subtest: a fresh install creates only an encrypted canonical slot
ok 1392 - a fresh install creates only an encrypted canonical slot
  ---
  duration_ms: 33.297666
  type: 'test'
  ...
# Subtest: legacy data is copied, verified and encrypted before ready, then purged after a cold reopen
ok 1393 - legacy data is copied, verified and encrypted before ready, then purged after a cold reopen
  ---
  duration_ms: 25.246333
  type: 'test'
  ...
# Subtest: every interrupted manifest transition resumes without losing the legacy source
ok 1394 - every interrupted manifest transition resumes without losing the legacy source
  ---
  duration_ms: 13.597667
  type: 'test'
  ...
# Subtest: requested key rotation switches slots without losing data and removes the old key after a cold reopen
ok 1395 - requested key rotation switches slots without losing data and removes the old key after a cold reopen
  ---
  duration_ms: 1.348584
  type: 'test'
  ...
# Subtest: missing keys and corrupt manifests fail closed
ok 1396 - missing keys and corrupt manifests fail closed
  ---
  duration_ms: 1.696833
  type: 'test'
  ...
# Subtest: closed storage failure codes survive a native module realm boundary without message parsing
ok 1397 - closed storage failure codes survive a native module realm boundary without message parsing
  ---
  duration_ms: 0.136666
  type: 'test'
  ...
# Subtest: a completed store still requires its immutable transfer marker
ok 1398 - a completed store still requires its immutable transfer marker
  ---
  duration_ms: 0.623667
  type: 'test'
  ...
# Subtest: explicit unavailable-data reset removes slots, manifests and keys
ok 1399 - explicit unavailable-data reset removes slots, manifests and keys
  ---
  duration_ms: 0.585333
  type: 'test'
  ...
# Subtest: failed unavailable-data reset reports the error and a repeated reset completes partial removal
ok 1400 - failed unavailable-data reset reports the error and a repeated reset completes partial removal
  ---
  duration_ms: 1.127542
  type: 'test'
  ...
# Subtest: stores one strict, versioned record with only operation identity metadata
ok 1401 - stores one strict, versioned record with only operation identity metadata
  ---
  duration_ms: 2.45675
  type: 'test'
  ...
# Subtest: duplicate UID and operation ID remains one pending entry and verified state
ok 1402 - duplicate UID and operation ID remains one pending entry and verified state
  ---
  duration_ms: 0.310375
  type: 'test'
  ...
# Subtest: operation IDs must be UUIDv4 both on writes and when loading persisted records
ok 1403 - operation IDs must be UUIDv4 both on writes and when loading persisted records
  ---
  duration_ms: 0.424958
  type: 'test'
  ...
# Subtest: a version-one pending record is rejected instead of migrated
ok 1404 - a version-one pending record is rejected instead of migrated
  ---
  duration_ms: 0.206541
  type: 'test'
  ...
# Subtest: a stale UID or operation cannot clear a newer block
ok 1405 - a stale UID or operation cannot clear a newer block
  ---
  duration_ms: 35.092042
  type: 'test'
  ...
# Subtest: verified UID or null Auth can clear the matching block while retaining pending work
ok 1406 - verified UID or null Auth can clear the matching block while retaining pending work
  ---
  duration_ms: 0.606875
  type: 'test'
  ...
# Subtest: a queued null-Auth clear rechecks its guard inside the serialized mutation
ok 1407 - a queued null-Auth clear rechecks its guard inside the serialized mutation
  ---
  duration_ms: 0.287208
  type: 'test'
  ...
# Subtest: another UID cannot alter a different UID's pending operation
ok 1408 - another UID cannot alter a different UID's pending operation
  ---
  duration_ms: 0.211333
  type: 'test'
  ...
# Subtest: verified remote completion removes only the exact UID and operation pair
ok 1409 - verified remote completion removes only the exact UID and operation pair
  ---
  duration_ms: 0.599041
  type: 'test'
  ...
# Subtest: completion rechecks its guard after the async read and keeps the pending marker when stale
ok 1410 - completion rechecks its guard after the async read and keeps the pending marker when stale
  ---
  duration_ms: 5.830042
  type: 'test'
  ...
# Subtest: completion records a durable tombstone when read-back cannot verify pending removal
ok 1411 - completion records a durable tombstone when read-back cannot verify pending removal
  ---
  duration_ms: 0.352334
  type: 'test'
  ...
# Subtest: an unavailable confirmation read still leaves pending or an exact completed tombstone
ok 1412 - an unavailable confirmation read still leaves pending or an exact completed tombstone
  ---
  duration_ms: 0.290625
  type: 'test'
  ...
# Subtest: corrupt or unknown-version records fail closed without being overwritten
ok 1413 - corrupt or unknown-version records fail closed without being overwritten
  ---
  duration_ms: 0.670417
  type: 'test'
  ...
# Subtest: read and write errors fail closed; an interrupted persisted write is safe to retry
ok 1414 - read and write errors fail closed; an interrupted persisted write is safe to retry
  ---
  duration_ms: 0.296709
  type: 'test'
  ...
# Subtest: a write is not accepted until read-back matches exactly
ok 1415 - a write is not accepted until read-back matches exactly
  ---
  duration_ms: 0.106625
  type: 'test'
  ...
# Subtest: snapshots are deeply immutable and independent of later mutations
ok 1416 - snapshots are deeply immutable and independent of later mutations
  ---
  duration_ms: 0.187166
  type: 'test'
  ...
# Subtest: transactions serialize across control instances in the JavaScript runtime
ok 1417 - transactions serialize across control instances in the JavaScript runtime
  ---
  duration_ms: 0.168667
  type: 'test'
  ...
# Subtest: prepare opens the router without publishing or reading a scoped key
ok 1418 - prepare opens the router without publishing or reading a scoped key
  ---
  duration_ms: 11.272541
  type: 'test'
  ...
# Subtest: prepared inspection exposes registry metadata and freshness without opening profile storage
ok 1419 - prepared inspection exposes registry metadata and freshness without opening profile storage
  ---
  duration_ms: 1.870792
  type: 'test'
  ...
# Subtest: prepared guest validation reads only access markers without publishing storage
ok 1420 - prepared guest validation reads only access markers without publishing storage
  ---
  duration_ms: 1.219125
  type: 'test'
  ...
# Subtest: prepared authenticated recovery promotes only a matching bound guest
ok 1421 - prepared authenticated recovery promotes only a matching bound guest
  ---
  duration_ms: 29.219708
  type: 'test'
  ...
# Subtest: closing an active profile revokes returned clients and preserves prepared metadata
ok 1422 - closing an active profile revokes returned clients and preserves prepared metadata
  ---
  duration_ms: 0.567834
  type: 'test'
  ...
# Subtest: deferred activation does not wake preferences until the caller approves the profile scope
ok 1423 - deferred activation does not wake preferences until the caller approves the profile scope
  ---
  duration_ms: 0.511166
  type: 'test'
  ...
# Subtest: prepared account selection commits and reloads while keeping scoped storage closed
ok 1424 - prepared account selection commits and reloads while keeping scoped storage closed
  ---
  duration_ms: 2.966042
  type: 'test'
  ...
# Subtest: changed prepared account selection can activate the refreshed profile without app reload
ok 1425 - changed prepared account selection can activate the refreshed profile without app reload
  ---
  duration_ms: 1.252834
  type: 'test'
  ...
# Subtest: prepared account selection refuses Auth that becomes stale before the registry commit
ok 1426 - prepared account selection refuses Auth that becomes stale before the registry commit
  ---
  duration_ms: 0.691167
  type: 'test'
  ...
# Subtest: prepared guest selection refreshes metadata and activates after commit without app reload
ok 1427 - prepared guest selection refreshes metadata and activates after commit without app reload
  ---
  duration_ms: 3.041208
  type: 'test'
  ...
# Subtest: implicit prepared guest selection fails closed when multiple preserved guests exist
ok 1428 - implicit prepared guest selection fails closed when multiple preserved guests exist
  ---
  duration_ms: 1.395375
  type: 'test'
  ...
# Subtest: prepare for an existing legacy owner reads only migration metadata
ok 1429 - prepare for an existing legacy owner reads only migration metadata
  ---
  duration_ms: 0.54825
  type: 'test'
  ...
# Subtest: prepare for an existing legacy guest reads only migration metadata
ok 1430 - prepare for an existing legacy guest reads only migration metadata
  ---
  duration_ms: 0.360583
  type: 'test'
  ...
# Subtest: activation is required and publishes only matching prepared profile metadata
ok 1431 - activation is required and publishes only matching prepared profile metadata
  ---
  duration_ms: 0.345458
  type: 'test'
  ...
# Subtest: mismatched activation fails closed
ok 1432 - mismatched activation fails closed
  ---
  duration_ms: 1.391791
  type: 'test'
  ...
# Subtest: prepare failure clears any previously published scoped client
ok 1433 - prepare failure clears any previously published scoped client
  ---
  duration_ms: 0.890083
  type: 'test'
  ...
# Subtest: prepare revokes previously returned scoped storage references
ok 1434 - prepare revokes previously returned scoped storage references
  ---
  duration_ms: 1.303375
  type: 'test'
  ...
# Subtest: legacy owner remains byte-for-byte visible only through its own logical scope
ok 1435 - legacy owner remains byte-for-byte visible only through its own logical scope
  ---
  duration_ms: 25.730125
  type: 'test'
  ...
# Subtest: an unchosen empty welcome profile stays fresh across restarts until guest markers are written
ok 1436 - an unchosen empty welcome profile stays fresh across restarts until guest markers are written
  ---
  duration_ms: 1.385459
  type: 'test'
  ...
# Subtest: an existing storage key prevents missing registry metadata from being classified as fresh
ok 1437 - an existing storage key prevents missing registry metadata from being classified as fresh
  ---
  duration_ms: 0.414042
  type: 'test'
  ...
# Subtest: explicit selection of the initial guest provisions its unbound access markers
ok 1438 - explicit selection of the initial guest provisions its unbound access markers
  ---
  duration_ms: 0.662334
  type: 'test'
  ...
# Subtest: a selected modern guest keeps its earlier independent dataset identity and scoped data
ok 1439 - a selected modern guest keeps its earlier independent dataset identity and scoped data
  ---
  duration_ms: 0.694833
  type: 'test'
  ...
# Subtest: a completed modern guest adoption promotes only its matching account and permits a new guest
ok 1440 - a completed modern guest adoption promotes only its matching account and permits a new guest
  ---
  duration_ms: 29.759416
  type: 'test'
  ...
# Subtest: valid adoption-pending legacy guest marker remains readable during profile registry migration
ok 1441 - valid adoption-pending legacy guest marker remains readable during profile registry migration
  ---
  duration_ms: 0.638417
  type: 'test'
  ...
# Subtest: legacy guest migration keeps the verified marker dataset ID despite a different generated identity
ok 1442 - legacy guest migration keeps the verified marker dataset ID despite a different generated identity
  ---
  duration_ms: 0.401292
  type: 'test'
  ...
# Subtest: a persisted mismatched legacy guest ID still validates its raw unbound guest markers
ok 1443 - a persisted mismatched legacy guest ID still validates its raw unbound guest markers
  ---
  duration_ms: 0.674417
  type: 'test'
  ...
# Subtest: a selected guest receives an isolated, durable namespace without changing legacy bytes
ok 1444 - a selected guest receives an isolated, durable namespace without changing legacy bytes
  ---
  duration_ms: 1.75125
  type: 'test'
  ...
# Subtest: a later exact owner login selects the unchanged legacy scope before local reads
ok 1445 - a later exact owner login selects the unchanged legacy scope before local reads
  ---
  duration_ms: 2.325083
  type: 'test'
  ...
# Subtest: switching away from a modern account never reads its scoped payload
ok 1446 - switching away from a modern account never reads its scoped payload
  ---
  duration_ms: 2.68925
  type: 'test'
  ...
# Subtest: malformed profile registry blocks instead of choosing a storage namespace
ok 1447 - malformed profile registry blocks instead of choosing a storage namespace
  ---
  duration_ms: 0.176875
  type: 'test'
  ...
# Subtest: concurrent guest selections claim one transition and cannot commit competing profiles
ok 1448 - concurrent guest selections claim one transition and cannot commit competing profiles
  ---
  duration_ms: 1.762208
  type: 'test'
  ...
# Subtest: selectGuest reuses the selected guest with the same profile ID and stored data
ok 1449 - selectGuest reuses the selected guest with the same profile ID and stored data
  ---
  duration_ms: 1.447625
  type: 'test'
  ...
# Subtest: selectGuest fails closed when the selected guest marker cannot be verified
ok 1450 - selectGuest fails closed when the selected guest marker cannot be verified
  ---
  duration_ms: 0.50875
  type: 'test'
  ...
# Subtest: selectGuest returns a typed ambiguity error without writing when multiple guests are preserved
ok 1451 - selectGuest returns a typed ambiguity error without writing when multiple guests are preserved
  ---
  duration_ms: 2.8845
  type: 'test'
  ...
# Subtest: one canonical guest and two account scopes survive restart without cross-scope access
ok 1452 - one canonical guest and two account scopes survive restart without cross-scope access
  ---
  duration_ms: 7.7025
  type: 'test'
  ...
# Subtest: existing guest reselection rejects non-guest IDs without changing the registry
ok 1453 - existing guest reselection rejects non-guest IDs without changing the registry
  ---
  duration_ms: 0.445583
  type: 'test'
  ...
# Subtest: failed existing guest registry commit leaves the current scope closed
ok 1454 - failed existing guest registry commit leaves the current scope closed
  ---
  duration_ms: 2.572167
  type: 'test'
  ...
# Subtest: visible legal documents index all seven locales directly
ok 1455 - visible legal documents index all seven locales directly
  ---
  duration_ms: 1.771
  type: 'test'
  ...
# Subtest: unapproved locale documents fail closed in release and never fall back to English
ok 1456 - unapproved locale documents fail closed in release and never fall back to English
  ---
  duration_ms: 0.2475
  type: 'test'
  ...
# Subtest: visible legal screens request the selected locale directly
ok 1457 - visible legal screens request the selected locale directly
  ---
  duration_ms: 0.730917
  type: 'test'
  ...
# Subtest: accepts the current legal variable shape in test mode and preserves checkout flag boolean
ok 1458 - accepts the current legal variable shape in test mode and preserves checkout flag boolean
  ---
  duration_ms: 4.585291
  type: 'test'
  ...
# Subtest: seven-locale legal drafts require all locales and explicit unapproved test-only markers
ok 1459 - seven-locale legal drafts require all locales and explicit unapproved test-only markers
  ---
  duration_ms: 1.7625
  type: 'test'
  ...
# Subtest: legal variables select the local fixture for local mode and the checked-in JSON for release mode
ok 1460 - legal variables select the local fixture for local mode and the checked-in JSON for release mode
  ---
  duration_ms: 1295.506042
  type: 'test'
  ...
# Subtest: legal variable CLI resolver uses distinct sources and never falls back for missing or invalid release JSON
ok 1461 - legal variable CLI resolver uses distinct sources and never falls back for missing or invalid release JSON
  ---
  duration_ms: 4.843542
  type: 'test'
  ...
# Subtest: reports missing keys, locales and unexpected keys by field path
ok 1462 - reports missing keys, locales and unexpected keys by field path
  ---
  duration_ms: 1.342125
  type: 'test'
  ...
# Subtest: rejects empty, whitespace-only and padded localized values
ok 1463 - rejects empty, whitespace-only and padded localized values
  ---
  duration_ms: 1.3915
  type: 'test'
  ...
# Subtest: release mode rejects recognized placeholders and test mode allows them
ok 1464 - release mode rejects recognized placeholders and test mode allows them
  ---
  duration_ms: 1.616041
  type: 'test'
  ...
# Subtest: public privacy and terms links require canonical HTTPS paths without query or fragment
ok 1465 - public privacy and terms links require canonical HTTPS paths without query or fragment
  ---
  duration_ms: 4.203916
  type: 'test'
  ...
# Subtest: accepts complete production-like legal values in release mode
ok 1466 - accepts complete production-like legal values in release mode
  ---
  duration_ms: 1.256667
  type: 'test'
  ...
# Subtest: CLI passes test mode and release mode rejects placeholders with field paths
ok 1467 - CLI passes test mode and release mode rejects placeholders with field paths
  ---
  duration_ms: 739.052542
  type: 'test'
  ...
# Subtest: provider registration binds the complete canonical English and Polish documents to their loaded versions
ok 1468 - provider registration binds the complete canonical English and Polish documents to their loaded versions
  ---
  duration_ms: 5.42125
  type: 'test'
  ...
# Subtest: provider registration fails closed for draft locales and incomplete release legal configuration
ok 1469 - provider registration fails closed for draft locales and incomplete release legal configuration
  ---
  duration_ms: 0.439292
  type: 'test'
  ...
# Subtest: language settings audit command is exact and development-smoke only
ok 1470 - language settings audit command is exact and development-smoke only
  ---
  duration_ms: 2.719625
  type: 'test'
  ...
# Subtest: language settings audit route renders the production screen without account or preference commands
ok 1471 - language settings audit route renders the production screen without account or preference commands
  ---
  duration_ms: 0.397583
  type: 'test'
  ...
# Subtest: the loading-state inventory stays complete as pending surfaces evolve
ok 1472 - the loading-state inventory stays complete as pending surfaces evolve
  ---
  duration_ms: 30.363791
  type: 'test'
  ...
# Subtest: LoadingState is the compact accessible generic pending status
ok 1473 - LoadingState is the compact accessible generic pending status
  ---
  duration_ms: 0.718416
  type: 'test'
  ...
# Subtest: EmptyState is the centered retained-content/unavailable status primitive
ok 1474 - EmptyState is the centered retained-content/unavailable status primitive
  ---
  duration_ms: 0.24125
  type: 'test'
  ...
# Subtest: exactly the one remaining generic pending branch uses LoadingState
ok 1475 - exactly the one remaining generic pending branch uses LoadingState
  ---
  duration_ms: 26.59775
  type: 'test'
  ...
# Subtest: C1 screens own local review and exam loading geometry
ok 1476 - C1 screens own local review and exam loading geometry
  ---
  duration_ms: 0.61025
  type: 'test'
  ...
# Subtest: bootstrap, roadmap, and setup own their phase or screen loading geometry
ok 1477 - bootstrap, roadmap, and setup own their phase or screen loading geometry
  ---
  duration_ms: 1.867208
  type: 'test'
  ...
# Subtest: Home shell owns tab-specific glass loading geometry and keeps navigation usable
ok 1478 - Home shell owns tab-specific glass loading geometry and keeps navigation usable
  ---
  duration_ms: 1.110083
  type: 'test'
  ...
# Subtest: Practice Hub keeps its local pending geometry while the scoped read model owns state
ok 1479 - Practice Hub keeps its local pending geometry while the scoped read model owns state
  ---
  duration_ms: 0.482334
  type: 'test'
  ...
# Subtest: specialized practice sessions share one neutral question and response loading skeleton
ok 1480 - specialized practice sessions share one neutral question and response loading skeleton
  ---
  duration_ms: 0.695791
  type: 'test'
  ...
# Subtest: Activity owns its glass loading skeleton
ok 1481 - Activity owns its glass loading skeleton
  ---
  duration_ms: 0.870583
  type: 'test'
  ...
# Subtest: Coding Interview scope owns its glass loading skeleton
ok 1482 - Coding Interview scope owns its glass loading skeleton
  ---
  duration_ms: 0.294417
  type: 'test'
  ...
# Subtest: exam review owns its glass loading skeleton
ok 1483 - exam review owns its glass loading skeleton
  ---
  duration_ms: 0.103292
  type: 'test'
  ...
# Subtest: exam result owns its glass loading skeleton
ok 1484 - exam result owns its glass loading skeleton
  ---
  duration_ms: 0.342667
  type: 'test'
  ...
# Subtest: coding practice result owns its glass loading skeleton
ok 1485 - coding practice result owns its glass loading skeleton
  ---
  duration_ms: 0.340459
  type: 'test'
  ...
# Subtest: mistakes review owns its glass loading skeleton
ok 1486 - mistakes review owns its glass loading skeleton
  ---
  duration_ms: 0.326875
  type: 'test'
  ...
# Subtest: SkeletonShape owns the shared clipped glass primitive
ok 1487 - SkeletonShape owns the shared clipped glass primitive
  ---
  duration_ms: 0.282
  type: 'test'
  ...
# Subtest: Skeleton glass motion uses one native driver loop and resets on lifecycle changes
ok 1488 - Skeleton glass motion uses one native driver loop and resets on lifecycle changes
  ---
  duration_ms: 0.225583
  type: 'test'
  ...
# Subtest: Skeleton glass motion stays static while Reduce Motion is unresolved or fails
ok 1489 - Skeleton glass motion stays static while Reduce Motion is unresolved or fails
  ---
  duration_ms: 0.1285
  type: 'test'
  ...
# Subtest: pending data is distinct from true empty and onboarding outcomes
ok 1490 - pending data is distinct from true empty and onboarding outcomes
  ---
  duration_ms: 0.659708
  type: 'test'
  ...
# Subtest: the six read owners end rejected reads in explicit unavailable EmptyStates
ok 1491 - the six read owners end rejected reads in explicit unavailable EmptyStates
  ---
  duration_ms: 0.923167
  type: 'test'
  ...
# Subtest: scoped practice reads honor explicit route identity and only load reviews on Hub
ok 1492 - scoped practice reads honor explicit route identity and only load reviews on Hub
  ---
  duration_ms: 0.690958
  type: 'test'
  ...
# Subtest: route-keyed read states block A under B and publish only their captured request
ok 1493 - route-keyed read states block A under B and publish only their captured request
  ---
  duration_ms: 0.197208
  type: 'test'
  ...
# Subtest: queue reads clear stale resolved data before pending or unavailable
ok 1494 - queue reads clear stale resolved data before pending or unavailable
  ---
  duration_ms: 0.164834
  type: 'test'
  ...
# Subtest: specialized session preparation stays local while completion uses the generic status
ok 1495 - specialized session preparation stays local while completion uses the generic status
  ---
  duration_ms: 0.344083
  type: 'test'
  ...
# Subtest: Interview Simulation result reads stay pending until the verified 40-item projection
ok 1496 - Interview Simulation result reads stay pending until the verified 40-item projection
  ---
  duration_ms: 0.290875
  type: 'test'
  ...
# Subtest: navigation screens do not re-enter the public navigation barrel at runtime
ok 1497 - navigation screens do not re-enter the public navigation barrel at runtime
  ---
  duration_ms: 2.191292
  type: 'test'
  ...
# Subtest: bottom navigation labels stay canonical
ok 1498 - bottom navigation labels stay canonical
  ---
  duration_ms: 1.524916
  type: 'test'
  ...
# Subtest: primary Home and Practice CTAs route to Practice Hub
ok 1499 - primary Home and Practice CTAs route to Practice Hub
  ---
  duration_ms: 0.11025
  type: 'test'
  ...
# Subtest: Home change track CTA routes to track selection
ok 1500 - Home change track CTA routes to track selection
  ---
  duration_ms: 0.069625
  type: 'test'
  ...
# Subtest: shell safety model exposes no gamified status fields
ok 1501 - shell safety model exposes no gamified status fields
  ---
  duration_ms: 0.093125
  type: 'test'
  ...
# Subtest: Practice review weak items routes to canonical review queue
ok 1502 - Practice review weak items routes to canonical review queue
  ---
  duration_ms: 0.131958
  type: 'test'
  ...
# Subtest: bootstrap owns one branded phase-aware loading surface with no synthetic completion
ok 1503 - bootstrap owns one branded phase-aware loading surface with no synthetic completion
  ---
  duration_ms: 1.338792
  type: 'test'
  ...
# Subtest: generic LoadingState no longer carries the startup animation variant
ok 1504 - generic LoadingState no longer carries the startup animation variant
  ---
  duration_ms: 0.232083
  type: 'test'
  ...
# Subtest: app preferences default to English content locale and device appearance
ok 1505 - app preferences default to English content locale and device appearance
  ---
  duration_ms: 1.757125
  type: 'test'
  ...
# Subtest: app preferences retain an explicitly selected Polish locale
ok 1506 - app preferences retain an explicitly selected Polish locale
  ---
  duration_ms: 0.696667
  type: 'test'
  ...
# Subtest: settings storage retains every supported manual language
ok 1507 - settings storage retains every supported manual language
  ---
  duration_ms: 0.5805
  type: 'test'
  ...
# Subtest: translations resolve common UI copy through i18next
ok 1508 - translations resolve common UI copy through i18next
  ---
  duration_ms: 1.661041
  type: 'test'
  ...
# Subtest: all seven runtime locales expose translated settings, nested legal and data copy
ok 1509 - all seven runtime locales expose translated settings, nested legal and data copy
  ---
  duration_ms: 2.042625
  type: 'test'
  ...
# Subtest: nested legal and data translations resolve and interpolate in English and Polish
ok 1510 - nested legal and data translations resolve and interpolate in English and Polish
  ---
  duration_ms: 18.744417
  type: 'test'
  ...
# Subtest: Legal information distinguishes device storage, account sync, local reset, account deletion, and retained deletion evidence
ok 1511 - Legal information distinguishes device storage, account sync, local reset, account deletion, and retained deletion evidence
  ---
  duration_ms: 0.666583
  type: 'test'
  ...
# Subtest: Legal hub keeps full rules in local documents and presents only proven request timeframes
ok 1512 - Legal hub keeps full rules in local documents and presents only proven request timeframes
  ---
  duration_ms: 0.602875
  type: 'test'
  ...
# Subtest: sentence keys containing dots remain literal in common
ok 1513 - sentence keys containing dots remain literal in common
  ---
  duration_ms: 0.266917
  type: 'test'
  ...
# Subtest: flat common labels containing colons remain literal keys
ok 1514 - flat common labels containing colons remain literal keys
  ---
  duration_ms: 0.324542
  type: 'test'
  ...
# Subtest: flat learningPlan plural resources remain addressable and mutable
ok 1515 - flat learningPlan plural resources remain addressable and mutable
  ---
  duration_ms: 1.096625
  type: 'test'
  ...
# Subtest: namespace normalization rejects dotted-key collisions atomically regardless of source order
ok 1516 - namespace normalization rejects dotted-key collisions atomically regardless of source order
  ---
  duration_ms: 0.36525
  type: 'test'
  ...
# Subtest: language changes persist all supported choices without changing appearance
ok 1517 - language changes persist all supported choices without changing appearance
  ---
  duration_ms: 0.312209
  type: 'test'
  ...
# Subtest: a failed language write rejects and preserves the previous saved choice for retry
ok 1518 - a failed language write rejects and preserves the previous saved choice for retry
  ---
  duration_ms: 0.351625
  type: 'test'
  ...
# Subtest: system locale resolver recognizes all supported targets and regional/case variants
ok 1519 - system locale resolver recognizes all supported targets and regional/case variants
  ---
  duration_ms: 2.964791
  type: 'test'
  ...
# Subtest: unknown and malformed system locale values resolve explicitly to temporary English
ok 1520 - unknown and malformed system locale values resolve explicitly to temporary English
  ---
  duration_ms: 0.249625
  type: 'test'
  ...
# Subtest: all manual choices remain authoritative and settings offer seven languages
ok 1521 - all manual choices remain authoritative and settings offer seven languages
  ---
  duration_ms: 0.206375
  type: 'test'
  ...
# Subtest: i18next does not silently fill missing keys from another locale
ok 1522 - i18next does not silently fill missing keys from another locale
  ---
  duration_ms: 1.520167
  type: 'test'
  ...
# Subtest: notification settings renders only the accepted plan slots and follows the stored settings entry
ok 1523 - notification settings renders only the accepted plan slots and follows the stored settings entry
  ---
  duration_ms: 1.038333
  type: 'test'
  ...
# Subtest: hook proves readiness only from accepted plan and at least one slot
ok 1524 - hook proves readiness only from accepted plan and at least one slot
  ---
  duration_ms: 0.155375
  type: 'test'
  ...
# Subtest: structural failures and absent plans expose no permission or activation controls
ok 1525 - structural failures and absent plans expose no permission or activation controls
  ---
  duration_ms: 1.309042
  type: 'test'
  ...
# Subtest: accepted disabled plan may show permission and enable action
ok 1526 - accepted disabled plan may show permission and enable action
  ---
  duration_ms: 0.0775
  type: 'test'
  ...
# Subtest: only a synced result is presented as active with a turn-off action
ok 1527 - only a synced result is presented as active with a turn-off action
  ---
  duration_ms: 0.065583
  type: 'test'
  ...
# Subtest: durable pending failures expose retry and neutral cancel, never active wording
ok 1528 - durable pending failures expose retry and neutral cancel, never active wording
  ---
  duration_ms: 0.089666
  type: 'test'
  ...
# Subtest: pending retry and cancel actions call the existing retry and disable paths
ok 1529 - pending retry and cancel actions call the existing retry and disable paths
  ---
  duration_ms: 0.135875
  type: 'test'
  ...
# Subtest: seven locales have distinct reminder-draft and cancellation copy with no goal return copy
ok 1530 - seven locales have distinct reminder-draft and cancellation copy with no goal return copy
  ---
  duration_ms: 0.369584
  type: 'test'
  ...
# Subtest: notification settings keeps lifecycle-safe request coordination
ok 1531 - notification settings keeps lifecycle-safe request coordination
  ---
  duration_ms: 0.288791
  type: 'test'
  ...
# Subtest: notification settings mutations are single-flight before asynchronous work starts
ok 1532 - notification settings mutations are single-flight before asynchronous work starts
  ---
  duration_ms: 0.753792
  type: 'test'
  ...
# Subtest: a read that started before a mutation cannot overwrite the completed mutation
ok 1533 - a read that started before a mutation cannot overwrite the completed mutation
  ---
  duration_ms: 0.127084
  type: 'test'
  ...
# Subtest: a read started during a mutation stays stale while a later idle read can commit
ok 1534 - a read started during a mutation stays stale while a later idle read can commit
  ---
  duration_ms: 0.0785
  type: 'test'
  ...
# Subtest: a foreground read during a mutation is skipped before it can leave loading asserted
ok 1535 - a foreground read during a mutation is skipped before it can leave loading asserted
  ---
  duration_ms: 0.070208
  type: 'test'
  ...
# Subtest: Settings exposes account and participant navigation actions plus conditional developer verification actions
ok 1536 - Settings exposes account and participant navigation actions plus conditional developer verification actions
  ---
  duration_ms: 1.617666
  type: 'test'
  ...
# Subtest: Legal information exposes distinct personal-rights and non-personal-recovery entries
ok 1537 - Legal information exposes distinct personal-rights and non-personal-recovery entries
  ---
  duration_ms: 0.25
  type: 'test'
  ...
# Subtest: Legal information scopes missing public configuration to external support and keeps local documents available
ok 1538 - Legal information scopes missing public configuration to external support and keeps local documents available
  ---
  duration_ms: 0.42275
  type: 'test'
  ...
# Subtest: Legal request form keeps validation inline, field-specific, and API-free
ok 1539 - Legal request form keeps validation inline, field-specific, and API-free
  ---
  duration_ms: 0.392375
  type: 'test'
  ...
# Subtest: Settings account presentation names guest, authenticated, and unavailable states and keeps sign-out provider-owned
ok 1540 - Settings account presentation names guest, authenticated, and unavailable states and keeps sign-out provider-owned
  ---
  duration_ms: 1.04725
  type: 'test'
  ...
# Subtest: Settings keeps the backend verification group explicitly development-only
ok 1541 - Settings keeps the backend verification group explicitly development-only
  ---
  duration_ms: 0.157083
  type: 'test'
  ...
# Subtest: grouped settings rows follow the Figma 200% text geometry
ok 1542 - grouped settings rows follow the Figma 200% text geometry
  ---
  duration_ms: 0.310833
  type: 'test'
  ...
# Subtest: InfoBlock and ListRow remount native text when live Dynamic Type scale changes
ok 1543 - InfoBlock and ListRow remount native text when live Dynamic Type scale changes
  ---
  duration_ms: 0.221459
  type: 'test'
  ...
# Subtest: Settings heading has no redundant description and locale keeps goal copy
ok 1544 - Settings heading has no redundant description and locale keeps goal copy
  ---
  duration_ms: 0.441916
  type: 'test'
  ...
# Subtest: Premium keeps a localized Settings context while retaining the back action
ok 1545 - Premium keeps a localized Settings context while retaining the back action
  ---
  duration_ms: 0.650875
  type: 'test'
  ...
# Subtest: Your data keeps the Settings entry label and names its local header consistently
ok 1546 - Your data keeps the Settings entry label and names its local header consistently
  ---
  duration_ms: 0.372417
  type: 'test'
  ...
# Subtest: Your data owns an exhaustive account-state action matrix and wires the mapped controls
ok 1547 - Your data owns an exhaustive account-state action matrix and wires the mapped controls
  ---
  duration_ms: 1.012334
  type: 'test'
  ...
# Subtest: Your data export copy matches the complete JSON scope and the system share or save action
ok 1548 - Your data export copy matches the complete JSON scope and the system share or save action
  ---
  duration_ms: 0.384458
  type: 'test'
  ...
# Subtest: Settings app identity follows the Figma footer geometry
ok 1549 - Settings app identity follows the Figma footer geometry
  ---
  duration_ms: 0.284292
  type: 'test'
  ...
# Subtest: Settings keeps appearance values readable at large text
ok 1550 - Settings keeps appearance values readable at large text
  ---
  duration_ms: 0.078083
  type: 'test'
  ...
# Subtest: shared supporting list-row text uses the Figma fractional line height
ok 1551 - shared supporting list-row text uses the Figma fractional line height
  ---
  duration_ms: 0.410458
  type: 'test'
  ...
# Subtest: appearance selection owns the typed accessible radio choice flow
ok 1552 - appearance selection owns the typed accessible radio choice flow
  ---
  duration_ms: 0.3135
  type: 'test'
  ...
# Subtest: language selection owns the typed accessible radio choice flow
ok 1553 - language selection owns the typed accessible radio choice flow
  ---
  duration_ms: 0.262292
  type: 'test'
  ...
# Subtest: System language detail follows the device locale independently from the selected app locale
ok 1554 - System language detail follows the device locale independently from the selected app locale
  ---
  duration_ms: 0.312042
  type: 'test'
  ...
# Subtest: InfoBlock exposes opt-in alert semantics for dynamic settings errors
ok 1555 - InfoBlock exposes opt-in alert semantics for dynamic settings errors
  ---
  duration_ms: 0.138
  type: 'test'
  ...
# Subtest: appearance choices use the Figma preview variants without changing language choices
ok 1556 - appearance choices use the Figma preview variants without changing language choices
  ---
  duration_ms: 0.105792
  type: 'test'
  ...
# Subtest: settings bottom sheets use the Figma elevated shell and modal accessibility boundary
ok 1557 - settings bottom sheets use the Figma elevated shell and modal accessibility boundary
  ---
  duration_ms: 0.312375
  type: 'test'
  ...
# Subtest: information topics keep a stable locale-independent selection and explicit next-page affordance
ok 1558 - information topics keep a stable locale-independent selection and explicit next-page affordance
  ---
  duration_ms: 0.360834
  type: 'test'
  ...
# Subtest: active sessions stay local and block account snapshot export
ok 1559 - active sessions stay local and block account snapshot export
  ---
  duration_ms: 25.572166
  type: 'test'
  ...
# Subtest: canonical account records round trip through remote materialization
ok 1560 - canonical account records round trip through remote materialization
  ---
  duration_ms: 29.497125
  type: 'test'
  ...
# Subtest: remote materialization keeps the newest active track independent of input order and acknowledges both records
ok 1561 - remote materialization keeps the newest active track independent of input order and acknowledges both records
  ---
  duration_ms: 60.888333
  type: 'test'
  ...
# Subtest: remote materialization rejects missing or invalid updatedAt
ok 1562 - remote materialization rejects missing or invalid updatedAt
  ---
  duration_ms: 0.846541
  type: 'test'
  ...
# Subtest: equal updatedAt selects the same active track using canonical identity
ok 1563 - equal updatedAt selects the same active track using canonical identity
  ---
  duration_ms: 2.393625
  type: 'test'
  ...
# Subtest: snapshot and materialization preserve one exact goal-plan bundle
ok 1564 - snapshot and materialization preserve one exact goal-plan bundle
  ---
  duration_ms: 44.914709
  type: 'test'
  ...
# Subtest: bound account sync validates a goal and learning plan as one sync-plan bundle
ok 1565 - bound account sync validates a goal and learning plan as one sync-plan bundle
  ---
  duration_ms: 60.535208
  type: 'test'
  ...
# Subtest: bound account sync builds one retryable canonical outbox and acknowledges it
ok 1566 - bound account sync builds one retryable canonical outbox and acknowledges it
  ---
  duration_ms: 5.177875
  type: 'test'
  ...
# Subtest: bound account outbox creates an explicit tombstone for a deleted acknowledged record
ok 1567 - bound account outbox creates an explicit tombstone for a deleted acknowledged record
  ---
  duration_ms: 2.111167
  type: 'test'
  ...
# Subtest: reselecting an acknowledged active track tombstones the previously acknowledged track
ok 1568 - reselecting an acknowledged active track tombstones the previously acknowledged track
  ---
  duration_ms: 12.912583
  type: 'test'
  ...
# Subtest: pending mutation IDs stay stable across an uncertain retry
ok 1569 - pending mutation IDs stay stable across an uncertain retry
  ---
  duration_ms: 3.168791
  type: 'test'
  ...
# Subtest: removed identity metadata is rejected before persistence
ok 1570 - removed identity metadata is rejected before persistence
  ---
  duration_ms: 0.302959
  type: 'test'
  ...
# Subtest: deleted records keep their exact durable identity and tombstone state
ok 1571 - deleted records keep their exact durable identity and tombstone state
  ---
  duration_ms: 0.2105
  type: 'test'
  ...
# Subtest: canonical repository bootstrap requires an already active storage scope
ok 1572 - canonical repository bootstrap requires an already active storage scope
  ---
  duration_ms: 2.03575
  type: 'test'
  ...
# Subtest: canonical repositories use individual immutable records and one active session
ok 1573 - canonical repositories use individual immutable records and one active session
  ---
  duration_ms: 2.482542
  type: 'test'
  ...
# Subtest: training sessions permit free navigation while rejecting regressing foreground time and missing active records
ok 1574 - training sessions permit free navigation while rejecting regressing foreground time and missing active records
  ---
  duration_ms: 3.59925
  type: 'test'
  ...
# Subtest: active sessions persist only preallocated conditional reinsert resolutions
ok 1575 - active sessions persist only preallocated conditional reinsert resolutions
  ---
  duration_ms: 4.072
  type: 'test'
  ...
# Subtest: terminal sessions are immutable except for identical recovery replay
ok 1576 - terminal sessions are immutable except for identical recovery replay
  ---
  duration_ms: 0.882875
  type: 'test'
  ...
# Subtest: strict guards accept resolved identities and reject mismatches, tombstones, and legacy identity fields
ok 1577 - strict guards accept resolved identities and reject mismatches, tombstones, and legacy identity fields
  ---
  duration_ms: 0.567041
  type: 'test'
  ...
# Subtest: strict session reads reject a legacy-shaped stored record without inference
ok 1578 - strict session reads reject a legacy-shaped stored record without inference
  ---
  duration_ms: 0.310542
  type: 'test'
  ...
# Subtest: canonical repository bootstrap reports the exact six steps in order
ok 1579 - canonical repository bootstrap reports the exact six steps in order
  ---
  duration_ms: 0.838125
  type: 'test'
  ...
# Subtest: canonical repository bootstrap isolates a throwing step observer without wrapping failures
ok 1580 - canonical repository bootstrap isolates a throwing step observer without wrapping failures
  ---
  duration_ms: 0.452
  type: 'test'
  ...
# Subtest: typed stores keep unavailable records outside strict runtime keys and reject legacy identity fields
ok 1581 - typed stores keep unavailable records outside strict runtime keys and reject legacy identity fields
  ---
  duration_ms: 4.649833
  type: 'test'
  ...
# Subtest: abandon unavailable active writes terminal archival history before removing the tombstone
ok 1582 - abandon unavailable active writes terminal archival history before removing the tombstone
  ---
  duration_ms: 1.451042
  type: 'test'
  ...
# Subtest: removing an unavailable review removes only that entry
ok 1583 - removing an unavailable review removes only that entry
  ---
  duration_ms: 1.410792
  type: 'test'
  ...
# Subtest: stored unavailable indexes fail closed when a record is malformed
ok 1584 - stored unavailable indexes fail closed when a record is malformed
  ---
  duration_ms: 0.363667
  type: 'test'
  ...
# Subtest: committed unavailable-active repair preserves active order and removes only archive IDs from the index
ok 1585 - committed unavailable-active repair preserves active order and removes only archive IDs from the index
  ---
  duration_ms: 6.446125
  type: 'test'
  ...
# Subtest: committed unavailable-active repair is an idempotent no-op for an already exact active index
ok 1586 - committed unavailable-active repair is an idempotent no-op for an already exact active index
  ---
  duration_ms: 0.299834
  type: 'test'
  ...
# Subtest: committed unavailable-active repair treats an expected-revision race as a typed conflict without retry or partial write
ok 1587 - committed unavailable-active repair treats an expected-revision race as a typed conflict without retry or partial write
  ---
  duration_ms: 0.5335
  type: 'test'
  ...
# Subtest: committed unavailable-active repair reports a verification mismatch after one index write without retry
ok 1588 - committed unavailable-active repair reports a verification mismatch after one index write without retry
  ---
  duration_ms: 0.480459
  type: 'test'
  ...
# Subtest: committed unavailable-active repair fails typed and makes no partial write for invalid index or record state
ok 1589 - committed unavailable-active repair fails typed and makes no partial write for invalid index or record state
  ---
  duration_ms: 1.530292
  type: 'test'
  ...
# Subtest: committed unavailable-active repair removes archive-only IDs while preserving their records
ok 1590 - committed unavailable-active repair removes archive-only IDs while preserving their records
  ---
  duration_ms: 0.462
  type: 'test'
  ...
# Subtest: learning-state reset clears all three private content-identity stores
ok 1591 - learning-state reset clears all three private content-identity stores
  ---
  duration_ms: 2.109708
  type: 'test'
  ...
# Subtest: report form submission persists a queued local outbox entry when backend is unavailable
ok 1592 - report form submission persists a queued local outbox entry when backend is unavailable
  ---
  duration_ms: 5.90825
  type: 'test'
  ...
# Subtest: report outbox normalizes an omitted note and rejects obvious private data before persistence
ok 1593 - report outbox normalizes an omitted note and rejects obvious private data before persistence
  ---
  duration_ms: 0.664667
  type: 'test'
  ...
# Subtest: report outbox requires App Check, then accepts with the same idempotency key
ok 1594 - report outbox requires App Check, then accepts with the same idempotency key
  ---
  duration_ms: 1.307708
  type: 'test'
  ...
# Subtest: throwing native App Check provider leaves a report failed and retryable
ok 1595 - throwing native App Check provider leaves a report failed and retryable
  ---
  duration_ms: 0.649625
  type: 'test'
  ...
# Subtest: failed transport is retryable without creating a new report identity
ok 1596 - failed transport is retryable without creating a new report identity
  ---
  duration_ms: 0.995708
  type: 'test'
  ...
# Subtest: a lost response keeps the original report identity and accepts duplicate confirmation
ok 1597 - a lost response keeps the original report identity and accepts duplicate confirmation
  ---
  duration_ms: 0.534875
  type: 'test'
  ...
# Subtest: cleanup failure never claims accepted and preserves the retrying record
ok 1598 - cleanup failure never claims accepted and preserves the retrying record
  ---
  duration_ms: 0.531709
  type: 'test'
  ...
# Subtest: canonical bootstrap purges legacy accepted entries but preserves uncertain reports
ok 1599 - canonical bootstrap purges legacy accepted entries but preserves uncertain reports
  ---
  duration_ms: 127.749625
  type: 'test'
  ...
# Subtest: local outbox removes unconfirmed reports after 30 days and preserves newer retries
ok 1600 - local outbox removes unconfirmed reports after 30 days and preserves newer retries
  ---
  duration_ms: 1.6925
  type: 'test'
  ...
# Subtest: canonical runtime transport flushes once after readiness and is torn down without fallback
ok 1601 - canonical runtime transport flushes once after readiness and is torn down without fallback
  ---
  duration_ms: 1.778125
  type: 'test'
  ...
# Subtest: restart readiness replays queued, retrying, and failed records with their original identities
ok 1602 - restart readiness replays queued, retrying, and failed records with their original identities
  ---
  duration_ms: 4.939625
  type: 'test'
  ...
# Subtest: readiness flush and a concurrent submit share one in-flight send and one cleanup
ok 1603 - readiness flush and a concurrent submit share one in-flight send and one cleanup
  ---
  duration_ms: 10.369792
  type: 'test'
  ...
# Subtest: teardown during an in-flight response leaves the entry retryable for duplicate reconciliation
ok 1604 - teardown during an in-flight response leaves the entry retryable for duplicate reconciliation
  ---
  duration_ms: 0.601208
  type: 'test'
  ...
# Subtest: goal onboarding dismissal is durable, idempotent, and scoped per track
ok 1605 - goal onboarding dismissal is durable, idempotent, and scoped per track
  ---
  duration_ms: 1.232208
  type: 'test'
  ...
# Subtest: goal onboarding dismissal rejects unsupported stored records
ok 1606 - goal onboarding dismissal rejects unsupported stored records
  ---
  duration_ms: 0.464042
  type: 'test'
  ...
# Subtest: goal snapshots expose canonical revisions and CAS advances them
ok 1607 - goal snapshots expose canonical revisions and CAS advances them
  ---
  duration_ms: 8.566375
  type: 'test'
  ...
# Subtest: goal snapshot CAS rejects stale create and update without changing durable data
ok 1608 - goal snapshot CAS rejects stale create and update without changing durable data
  ---
  duration_ms: 5.115958
  type: 'test'
  ...
# Subtest: legacy goal access stays compatible and snapshot writes keep goal validation
ok 1609 - legacy goal access stays compatible and snapshot writes keep goal validation
  ---
  duration_ms: 0.393125
  type: 'test'
  ...
# Subtest: goal snapshot CAS rejects a reentrant create for the same canonical key
ok 1610 - goal snapshot CAS rejects a reentrant create for the same canonical key
  ---
  duration_ms: 0.438917
  type: 'test'
  ...
# Subtest: guest access is an explicit durable decision and can be cleared for account entry
ok 1611 - guest access is an explicit durable decision and can be cleared for account entry
  ---
  duration_ms: 1.279083
  type: 'test'
  ...
# Subtest: provisions one validated guest installation and preserves it across repeated bootstrap
ok 1612 - provisions one validated guest installation and preserves it across repeated bootstrap
  ---
  duration_ms: 78.532125
  type: 'test'
  ...
# Subtest: guest access requires an existing unbound installation and rejects retained account data
ok 1613 - guest access requires an existing unbound installation and rejects retained account data
  ---
  duration_ms: 1.054042
  type: 'test'
  ...
# Subtest: corrupt or unsupported guest installation records block without replacement
ok 1614 - corrupt or unsupported guest installation records block without replacement
  ---
  duration_ms: 1.763833
  type: 'test'
  ...
# Subtest: guest installation blocks coercible identifiers and non-v4 UUID records
ok 1615 - guest installation blocks coercible identifiers and non-v4 UUID records
  ---
  duration_ms: 1.074375
  type: 'test'
  ...
# Subtest: valid later binding states are preserved without adopting or regenerating an installation
ok 1616 - valid later binding states are preserved without adopting or regenerating an installation
  ---
  duration_ms: 21.520291
  type: 'test'
  ...
# Subtest: identity or write failure blocks before recovery/content and leaves no partial guest record
ok 1617 - identity or write failure blocks before recovery/content and leaves no partial guest record
  ---
  duration_ms: 2.024167
  type: 'test'
  ...
# Subtest: guest installation rejects malformed generated identities without writing
ok 1618 - guest installation rejects malformed generated identities without writing
  ---
  duration_ms: 0.243541
  type: 'test'
  ...
# Subtest: bootstrap blocks corrupt guest access before content without replacing it
ok 1619 - bootstrap blocks corrupt guest access before content without replacing it
  ---
  duration_ms: 0.273333
  type: 'test'
  ...
# Subtest: inconsistent installation bindings block bootstrap and guest access without replacement
ok 1620 - inconsistent installation bindings block bootstrap and guest access without replacement
  ---
  duration_ms: 0.477666
  type: 'test'
  ...
# Subtest: persistent plan read returns its canonical envelope revision
ok 1621 - persistent plan read returns its canonical envelope revision
  ---
  duration_ms: 29.543833
  type: 'test'
  ...
# Subtest: dual-key CAS rejects stale goal and plan revisions and accepts one idempotent command retry
ok 1622 - dual-key CAS rejects stale goal and plan revisions and accepts one idempotent command retry
  ---
  duration_ms: 2.058334
  type: 'test'
  ...
# Subtest: compound lock sorts and deduplicates keys and rejects reentrant acquisition
ok 1623 - compound lock sorts and deduplicates keys and rejects reentrant acquisition
  ---
  duration_ms: 0.35
  type: 'test'
  ...
# Subtest: write uncertainty can be retried by command id, while a failure before persistence is not a false success
ok 1624 - write uncertainty can be retried by command id, while a failure before persistence is not a false success
  ---
  duration_ms: 0.870209
  type: 'test'
  ...
# Subtest: accepts a journal whose scope and writes use one exact resolved artifact
ok 1625 - accepts a journal whose scope and writes use one exact resolved artifact
  ---
  duration_ms: 23.581416
  type: 'test'
  ...
# Subtest: uses the complete resolved reference when validating attempt and session relationships
ok 1626 - uses the complete resolved reference when validating attempt and session relationships
  ---
  duration_ms: 3.913042
  type: 'test'
  ...
# Subtest: requires an exact lowercase artifact SHA and rejects legacy top-level identity fields
ok 1627 - requires an exact lowercase artifact SHA and rejects legacy top-level identity fields
  ---
  duration_ms: 1.505459
  type: 'test'
  ...
# Subtest: permits a reset journal only with a null artifact scope
ok 1628 - permits a reset journal only with a null artifact scope
  ---
  duration_ms: 0.827292
  type: 'test'
  ...
# Subtest: stores and reads the complete plan identity, slot identity, and envelope revision
ok 1629 - stores and reads the complete plan identity, slot identity, and envelope revision
  ---
  duration_ms: 31.792417
  type: 'test'
  ...
# Subtest: legacy settings migrate to enabled-only state while retaining every native notification id
ok 1630 - legacy settings migrate to enabled-only state while retaining every native notification id
  ---
  duration_ms: 0.509042
  type: 'test'
  ...
# Subtest: legacy daily settings retain the one native id during migration
ok 1631 - legacy daily settings retain the one native id during migration
  ---
  duration_ms: 0.187
  type: 'test'
  ...
# Subtest: legacy journals become cancellation-only journals and cannot restore their old desired slots
ok 1632 - legacy journals become cancellation-only journals and cannot restore their old desired slots
  ---
  duration_ms: 0.62375
  type: 'test'
  ...
# Subtest: rejects duplicate days or slot IDs in a canonical settings record
ok 1633 - rejects duplicate days or slot IDs in a canonical settings record
  ---
  duration_ms: 1.05275
  type: 'test'
  ...
# Subtest: rejects identity without commandId, contentVersion, or a valid artifact SHA
ok 1634 - rejects identity without commandId, contentVersion, or a valid artifact SHA
  ---
  duration_ms: 0.465417
  type: 'test'
  ...
# Subtest: Premium testing override is unavailable outside sandbox and local development runtimes
ok 1635 - Premium testing override is unavailable outside sandbox and local development runtimes
  ---
  duration_ms: 1.133083
  type: 'test'
  ...
# Subtest: Premium testing override persists only for a sandbox or local development runtime
ok 1636 - Premium testing override persists only for a sandbox or local development runtime
  ---
  duration_ms: 0.218167
  type: 'test'
  ...
# Subtest: keeps the same question distinct across immutable artifact SHA-256 values
ok 1637 - keeps the same question distinct across immutable artifact SHA-256 values
  ---
  duration_ms: 5.231917
  type: 'test'
  ...
# Subtest: preserves durable identity conflicts for one resolved content reference
ok 1638 - preserves durable identity conflicts for one resolved content reference
  ---
  duration_ms: 1.058583
  type: 'test'
  ...
# Subtest: rejects a durable ID rewrite across artifact identities before writing either entry
ok 1639 - rejects a durable ID rewrite across artifact identities before writing either entry
  ---
  duration_ms: 0.351625
  type: 'test'
  ...
# Subtest: preserves index order while updating and removing canonical entries
ok 1640 - preserves index order while updating and removing canonical entries
  ---
  duration_ms: 30.204791
  type: 'test'
  ...
# Subtest: rejects legacy identity fields, mixed records, tombstones, and non-lowercase artifact hashes
ok 1641 - rejects legacy identity fields, mixed records, tombstones, and non-lowercase artifact hashes
  ---
  duration_ms: 0.816375
  type: 'test'
  ...
# Subtest: reads only strict canonical entries from durable storage
ok 1642 - reads only strict canonical entries from durable storage
  ---
  duration_ms: 0.377375
  type: 'test'
  ...
# Subtest: clears all canonical review records and the index
ok 1643 - clears all canonical review records and the index
  ---
  duration_ms: 0.825667
  type: 'test'
  ...
# Subtest: repository codec distinguishes absence and corrupt JSON
ok 1644 - repository codec distinguishes absence and corrupt JSON
  ---
  duration_ms: 1.364334
  type: 'test'
  ...
# Subtest: canonical storage uses envelopes and rejects an unsupported schema identity
ok 1645 - canonical storage uses envelopes and rejects an unsupported schema identity
  ---
  duration_ms: 1.503458
  type: 'test'
  ...
# Subtest: the atomic track cutover rejects every persisted former track identity without translating it
ok 1646 - the atomic track cutover rejects every persisted former track identity without translating it
  ---
  duration_ms: 1.682833
  type: 'test'
  ...
# Subtest: draft replacement verifies its expected revision
ok 1647 - draft replacement verifies its expected revision
  ---
  duration_ms: 3.853584
  type: 'test'
  ...
# Subtest: bootstrap blocks an inconsistent active-session reference and a missing required draft
ok 1648 - bootstrap blocks an inconsistent active-session reference and a missing required draft
  ---
  duration_ms: 102.189708
  type: 'test'
  ...
# Subtest: bootstrap runs resolution only after recovery/content validation and exposes profile/content mismatch as blocking
ok 1649 - bootstrap runs resolution only after recovery/content validation and exposes profile/content mismatch as blocking
  ---
  duration_ms: 26.1455
  type: 'test'
  ...
# Subtest: one MMKV native adapter is infrastructure-owned and runtime access stays bounded
ok 1650 - one MMKV native adapter is infrastructure-owned and runtime access stays bounded
  ---
  duration_ms: 82.8585
  type: 'test'
  ...
# Subtest: cutover removes old storage and remote content paths
ok 1651 - cutover removes old storage and remote content paths
  ---
  duration_ms: 694.692916
  type: 'test'
  ...
# Subtest: canonical keys use the one Patternly namespace
ok 1652 - canonical keys use the one Patternly namespace
  ---
  duration_ms: 0.6925
  type: 'test'
  ...
# Subtest: initializes and reuses the exact canonical metadata payload
ok 1653 - initializes and reuses the exact canonical metadata payload
  ---
  duration_ms: 2.308667
  type: 'test'
  ...
# Subtest: fails closed when stored metadata has an unknown shape or newer schema
ok 1654 - fails closed when stored metadata has an unknown shape or newer schema
  ---
  duration_ms: 0.5515
  type: 'test'
  ...
# Subtest: practice answer fixture completes ten canonical submissions with the exact mixed interaction outcomes
ok 1655 - practice answer fixture completes ten canonical submissions with the exact mixed interaction outcomes
  ---
  duration_ms: 1193.955958
  type: 'test'
  ...
# Subtest: fixture construction uses canonical runtime methods and has no persistence path
ok 1656 - fixture construction uses canonical runtime methods and has no persistence path
  ---
  duration_ms: 0.462459
  type: 'test'
  ...
# Subtest: runtime selectors are deterministic and use the canonical grammar
ok 1657 - runtime selectors are deterministic and use the canonical grammar
  ---
  duration_ms: 2.273875
  type: 'test'
  ...
# Subtest: Premium offer setup selectors are deterministic and valid
ok 1658 - Premium offer setup selectors are deterministic and valid
  ---
  duration_ms: 0.500708
  type: 'test'
  ...
# Subtest: Design Interview save selectors distinguish persistence status and retry
ok 1659 - Design Interview save selectors distinguish persistence status and retry
  ---
  duration_ms: 0.264042
  type: 'test'
  ...
# Subtest: runtime selectors preserve canonical identities without learner-visible copy
ok 1660 - runtime selectors preserve canonical identities without learner-visible copy
  ---
  duration_ms: 0.460167
  type: 'test'
  ...
# Subtest: runtime selectors preserve case-sensitive authored item identities
ok 1661 - runtime selectors preserve case-sensitive authored item identities
  ---
  duration_ms: 0.409875
  type: 'test'
  ...
# Subtest: session metadata selectors expose validated lifecycle values without learner copy
ok 1662 - session metadata selectors expose validated lifecycle values without learner copy
  ---
  duration_ms: 0.323167
  type: 'test'
  ...
# Subtest: complexity selectors encode authored notation without weakening the selector grammar
ok 1663 - complexity selectors encode authored notation without weakening the selector grammar
  ---
  duration_ms: 0.56825
  type: 'test'
  ...
# Subtest: runtime selectors keep distinct runtime entities distinct
ok 1664 - runtime selectors keep distinct runtime entities distinct
  ---
  duration_ms: 0.322292
  type: 'test'
  ...
# Subtest: unavailable recovery and review selectors remain stable and distinct
ok 1665 - unavailable recovery and review selectors remain stable and distinct
  ---
  duration_ms: 0.508708
  type: 'test'
  ...
# Subtest: runtime selector factories reject values that cannot be represented in the contract
ok 1666 - runtime selector factories reject values that cannot be represented in the contract
  ---
  duration_ms: 0.558167
  type: 'test'
  ...
# Subtest: goal selectors expose stable target-date input and field-error identities
ok 1667 - goal selectors expose stable target-date input and field-error identities
  ---
  duration_ms: 0.094291
  type: 'test'
  ...
# Subtest: learning plan selectors use the closed primary states and stable slot identities
ok 1668 - learning plan selectors use the closed primary states and stable slot identities
  ---
  duration_ms: 0.310333
  type: 'test'
  ...
# Subtest: learning plan editor retry selectors distinguish save from start-existing
ok 1669 - learning plan editor retry selectors distinguish save from start-existing
  ---
  duration_ms: 0.085459
  type: 'test'
  ...
# Subtest: notification selectors keep plan slots and closed error states typed
ok 1670 - notification selectors keep plan slots and closed error states typed
  ---
  duration_ms: 0.189541
  type: 'test'
  ...
# Subtest: target date guidance selectors expose every closed state and reason
ok 1671 - target date guidance selectors expose every closed state and reason
  ---
  duration_ms: 0.895709
  type: 'test'
  ...
# Subtest: Home plan selectors expose every closed unavailable reason
ok 1672 - Home plan selectors expose every closed unavailable reason
  ---
  duration_ms: 0.147666
  type: 'test'
  ...
# Subtest: Progress plan selectors expose typed completion, day and unavailable identities
ok 1673 - Progress plan selectors expose typed completion, day and unavailable identities
  ---
  duration_ms: 0.175292
  type: 'test'
  ...
# Subtest: journey resolves canonical track mode and pool
ok 1674 - journey resolves canonical track mode and pool
  ---
  duration_ms: 1040.545375
  type: 'test'
  ...
# Subtest: onDanger keeps destructive button text above normal-text contrast in both themes
ok 1675 - onDanger keeps destructive button text above normal-text contrast in both themes
  ---
  duration_ms: 0.793583
  type: 'test'
  ...
# Subtest: onPrimary keeps goal status and selected day labels above normal-text contrast in both themes
ok 1676 - onPrimary keeps goal status and selected day labels above normal-text contrast in both themes
  ---
  duration_ms: 0.129125
  type: 'test'
  ...
# Subtest: RC Certification Maestro flows change, restore, persist, resume, finish, and review the 50-item exam
ok 1677 - RC Certification Maestro flows change, restore, persist, resume, finish, and review the 50-item exam
  ---
  duration_ms: 3.210084
  type: 'test'
  ...
# Subtest: RC Android runner requires the explicit current dev-client and evidence destination
ok 1678 - RC Android runner requires the explicit current dev-client and evidence destination
  ---
  duration_ms: 0.2075
  type: 'test'
  ...
# Subtest: RC iOS runner requires one booted simulator and the same explicit evidence contract
ok 1679 - RC iOS runner requires one booted simulator and the same explicit evidence contract
  ---
  duration_ms: 0.153542
  type: 'test'
  ...
# Subtest: RC iOS certification smoke requires local credentials and authenticates only when Settings offers account entry
ok 1680 - RC iOS certification smoke requires local credentials and authenticates only when Settings offers account entry
  ---
  duration_ms: 0.9575
  type: 'test'
  ...
# Subtest: Free Certification Exam flow resets once, reaches the Premium paywall, and retries after a cold restart without reset
ok 1681 - Free Certification Exam flow resets once, reaches the Premium paywall, and retries after a cold restart without reset
  ---
  duration_ms: 0.895
  type: 'test'
  ...
# Subtest: RC iOS timeout runner prepares one local exam, advances the audit clock, and captures timeout review evidence
ok 1682 - RC iOS timeout runner prepares one local exam, advances the audit clock, and captures timeout review evidence
  ---
  duration_ms: 0.545917
  type: 'test'
  ...
# Subtest: Certification progress derives practice, exam, outcome, taxonomy, review, and repeated-mistake signals
ok 1683 - Certification progress derives practice, exam, outcome, taxonomy, review, and repeated-mistake signals
  ---
  duration_ms: 25.133375
  type: 'test'
  ...
# Subtest: Certification progress has explicit empty state and no synthetic learning metrics
ok 1684 - Certification progress has explicit empty state and no synthetic learning metrics
  ---
  duration_ms: 2.23725
  type: 'test'
  ...
# Subtest: Certification progress ignores same-version evidence from another exact content package
ok 1685 - Certification progress ignores same-version evidence from another exact content package
  ---
  duration_ms: 0.318208
  type: 'test'
  ...
# Subtest: Certification result keeps truthful session metrics and routes Focus domains through the canonical formatter
ok 1686 - Certification result keeps truthful session metrics and routes Focus domains through the canonical formatter
  ---
  duration_ms: 0.913458
  type: 'test'
  ...
# Subtest: Certification Focus domain formatter resolves only a canonical roadmap node
ok 1687 - Certification Focus domain formatter resolves only a canonical roadmap node
  ---
  duration_ms: 0.915208
  type: 'test'
  ...
# Subtest: direct entry to excluded Algorithms declared-scope modes fails without substitution
ok 1688 - direct entry to excluded Algorithms declared-scope modes fails without substitution
  ---
  duration_ms: 1478.436917
  type: 'test'
  ...
# Subtest: completed Algorithms practice replaces its runner with the session-keyed summary route
ok 1689 - completed Algorithms practice replaces its runner with the session-keyed summary route
  ---
  duration_ms: 1.973584
  type: 'test'
  ...
# Subtest: practice summary reloads the immutable result and runner navigation requires verified completion
ok 1690 - practice summary reloads the immutable result and runner navigation requires verified completion
  ---
  duration_ms: 0.900833
  type: 'test'
  ...
# Subtest: practice question review is a readonly session surface with bounded navigation and a return to its result
ok 1691 - practice question review is a readonly session surface with bounded navigation and a return to its result
  ---
  duration_ms: 0.328584
  type: 'test'
  ...
# Subtest: session control labels identify the dimension, ordering position, and command
ok 1692 - session control labels identify the dimension, ordering position, and command
  ---
  duration_ms: 2.828875
  type: 'test'
  ...
# Subtest: coding review pending keeps SessionShell navigation while using neutral response anatomy
ok 1693 - coding review pending keeps SessionShell navigation while using neutral response anatomy
  ---
  duration_ms: 0.357916
  type: 'test'
  ...
# Subtest: interactive Algorithms session controls use real 48-point minimum geometry without hit-area substitutes
ok 1694 - interactive Algorithms session controls use real 48-point minimum geometry without hit-area substitutes
  ---
  duration_ms: 1.014417
  type: 'test'
  ...
# Subtest: simulation accessibility respects motion, focus, and touch-target constraints
ok 1695 - simulation accessibility respects motion, focus, and touch-target constraints
  ---
  duration_ms: 0.209709
  type: 'test'
  ...
# Subtest: canonical session surfaces expose deterministic state and do not group interactive descendants
ok 1696 - canonical session surfaces expose deterministic state and do not group interactive descendants
  ---
  duration_ms: 25.948792
  type: 'test'
  ...
# Subtest: practice exit makes abandonment a single explicit decision in a modal
ok 1697 - practice exit makes abandonment a single explicit decision in a modal
  ---
  duration_ms: 15.840958
  type: 'test'
  ...
# Subtest: standalone practice conflict and unavailable states respect both safe-area edges
ok 1698 - standalone practice conflict and unavailable states respect both safe-area edges
  ---
  duration_ms: 0.825208
  type: 'test'
  ...
# Subtest: large text can grow session chrome and controls without fixed interactive heights
ok 1699 - large text can grow session chrome and controls without fixed interactive heights
  ---
  duration_ms: 0.98175
  type: 'test'
  ...
# Subtest: bottom navigation preserves one-line visual labels while keeping every tab semantically named
ok 1700 - bottom navigation preserves one-line visual labels while keeping every tab semantically named
  ---
  duration_ms: 1.19475
  type: 'test'
  ...
# Subtest: bottom navigation uses theme-appropriate separators without altering the light overlay
ok 1701 - bottom navigation uses theme-appropriate separators without altering the light overlay
  ---
  duration_ms: 7.292041
  type: 'test'
  ...
# Subtest: Practice Hub keeps the quiet-layered recommendation readable at large text and removes the competing stats card
ok 1702 - Practice Hub keeps the quiet-layered recommendation readable at large text and removes the competing stats card
  ---
  duration_ms: 0.31875
  type: 'test'
  ...
# Subtest: Practice Hub retains its mode layout and canonical ownership
ok 1703 - Practice Hub retains its mode layout and canonical ownership
  ---
  duration_ms: 1.579291
  type: 'test'
  ...
# Subtest: Practice Question Shell keeps the Figma prompt-to-answer rhythm
ok 1704 - Practice Question Shell keeps the Figma prompt-to-answer rhythm
  ---
  duration_ms: 0.286167
  type: 'test'
  ...
# Subtest: certification exam stacks descriptive actions so large text cannot clip flagging or navigation
ok 1705 - certification exam stacks descriptive actions so large text cannot clip flagging or navigation
  ---
  duration_ms: 0.312125
  type: 'test'
  ...
# Subtest: practice runtime selectors are derived from the canonical session projection without entering speech labels
ok 1706 - practice runtime selectors are derived from the canonical session projection without entering speech labels
  ---
  duration_ms: 0.643792
  type: 'test'
  ...
# Subtest: dry-run regression starts the recommended session directly and proves its live timer
ok 1707 - dry-run regression starts the recommended session directly and proves its live timer
  ---
  duration_ms: 1.007709
  type: 'test'
  ...
# Subtest: dry-run regression ends early into a truthful partial summary
ok 1708 - dry-run regression ends early into a truthful partial summary
  ---
  duration_ms: 0.261708
  type: 'test'
  ...
# Subtest: Algorithms presentation metadata covers exactly the generated structural roadmap
ok 1709 - Algorithms presentation metadata covers exactly the generated structural roadmap
  ---
  duration_ms: 8.034208
  type: 'test'
  ...
# Subtest: Algorithms runtime derives roadmap parent relationships and mental units from the generated SOT
ok 1710 - Algorithms runtime derives roadmap parent relationships and mental units from the generated SOT
  ---
  duration_ms: 0.367542
  type: 'test'
  ...
# Subtest: AUD-02B runner fails closed outside the existing booted iPhone 17 app and local evidence setup
ok 1711 - AUD-02B runner fails closed outside the existing booted iPhone 17 app and local evidence setup
  ---
  duration_ms: 1.576542
  type: 'test'
  ...
# Subtest: AUD-02B executes authenticated Free, Premium, and expiry phases in order with the exact audit URL
ok 1712 - AUD-02B executes authenticated Free, Premium, and expiry phases in order with the exact audit URL
  ---
  duration_ms: 0.430167
  type: 'test'
  ...
# Subtest: AUD-02B owns only its local backend process and gates both entitlement phases on readiness
ok 1713 - AUD-02B owns only its local backend process and gates both entitlement phases on readiness
  ---
  duration_ms: 0.810291
  type: 'test'
  ...
# Subtest: AUD-02B Free evidence selects Coding Mock and repeats the paywall after clearState:false relaunch
ok 1714 - AUD-02B Free evidence selects Coding Mock and repeats the paywall after clearState:false relaunch
  ---
  duration_ms: 0.746583
  type: 'test'
  ...
# Subtest: AUD-02B Premium evidence restores the same 40-question draft before manual finalization and endpoint review
ok 1715 - AUD-02B Premium evidence restores the same 40-question draft before manual finalization and endpoint review
  ---
  duration_ms: 0.656125
  type: 'test'
  ...
# Subtest: AUD-02B expiry invokes only the exact Coding Mock command and captures finalized unanswered review
ok 1716 - AUD-02B expiry invokes only the exact Coding Mock command and captures finalized unanswered review
  ---
  duration_ms: 0.176083
  type: 'test'
  ...
# Subtest: Custom Practice resume preserves the selected durable at-session-end timing
ok 1717 - Custom Practice resume preserves the selected durable at-session-end timing
  ---
  duration_ms: 364.54875
  type: 'test'
  ...
# Subtest: resume rejects an active session that lacks a canonical feedback timing
ok 1718 - resume rejects an active session that lacks a canonical feedback timing
  ---
  duration_ms: 0.370209
  type: 'test'
  ...
# Subtest: M3 keeps the same Custom Practice session and withholds feedback across leave, kill, and resume
ok 1719 - M3 keeps the same Custom Practice session and withholds feedback across leave, kill, and resume
  ---
  duration_ms: 1.249583
  type: 'test'
  ...
# Subtest: M4 restores the exact Custom Practice durable feedback after leave, kill, and resume
ok 1720 - M4 restores the exact Custom Practice durable feedback after leave, kill, and resume
  ---
  duration_ms: 0.2355
  type: 'test'
  ...
# Subtest: M5 reuses the complete M1 flow and proves a terminal session has no active resume path after relaunch
ok 1721 - M5 reuses the complete M1 flow and proves a terminal session has no active resume path after relaunch
  ---
  duration_ms: 0.117334
  type: 'test'
  ...
# Subtest: RC Algorithms bootstrap resets learning data and explicitly selects the Algorithms track
ok 1722 - RC Algorithms bootstrap resets learning data and explicitly selects the Algorithms track
  ---
  duration_ms: 2.936833
  type: 'test'
  ...
# Subtest: RC Algorithms iOS runner validates and passes explicit capture inputs only to the final Maestro flow
ok 1723 - RC Algorithms iOS runner validates and passes explicit capture inputs only to the final Maestro flow
  ---
  duration_ms: 0.311542
  type: 'test'
  ...
# Subtest: AUD-02C runner is pinned to one existing iPhone 17 and ordered local entitlement phases
ok 1724 - AUD-02C runner is pinned to one existing iPhone 17 and ordered local entitlement phases
  ---
  duration_ms: 1.011
  type: 'test'
  ...
# Subtest: AUD-02C flows prove Free denial, durable resume, manual result, timeout result, and rubric review
ok 1725 - AUD-02C flows prove Free denial, durable resume, manual result, timeout result, and rubric review
  ---
  duration_ms: 0.585834
  type: 'test'
  ...
# Subtest: AUD-02C premium and timeout flows preserve each response before saved status without keyboard commands
ok 1726 - AUD-02C premium and timeout flows preserve each response before saved status without keyboard commands
  ---
  duration_ms: 0.296625
  type: 'test'
  ...
# Subtest: Design session mode titles match the learner-facing journey
ok 1727 - Design session mode titles match the learner-facing journey
  ---
  duration_ms: 1.425959
  type: 'test'
  ...
# Subtest: Design result names its exact package topic and exposes missing mapping
ok 1728 - Design result names its exact package topic and exposes missing mapping
  ---
  duration_ms: 0.843959
  type: 'test'
  ...
1..1728
# tests 1779
# suites 0
# pass 1771
# fail 4
# cancelled 0
# skipped 4
# todo 0
# duration_ms 90688.059875
